Home_Team,Away_Team,Result,Link,Season,Round,League
Bayern München,Hamburger SV,2-2,https://www.besoccer.com/match/bayern-munchen/hamburger-sv/20098990,2009,1,bundesliga
B. Leverkusen,B. Dortmund,2-3,https://www.besoccer.com/match/bayer-leverkusen/borussia-dortmund/20098991,2009,1,bundesliga
Energie Cottbus,Hoffenheim,0-3,https://www.besoccer.com/match/energie-cottbus/tsg-1899-hoffenheim/20098992,2009,1,bundesliga
Wolfsburg,Köln,2-1,https://www.besoccer.com/match/wolfsburg/1-fc-koln/20098993,2009,1,bundesliga
Karlsruher SC,VfL Bochum,1-0,https://www.besoccer.com/match/karlsruher-sc/bochum/20098994,2009,1,bundesliga
Schalke 04,Hannover 96,3-0,https://www.besoccer.com/match/schalke-04/hannover-96/20098995,2009,1,bundesliga
Arminia Bielefeld,Werder Bremen,2-2,https://www.besoccer.com/match/arminia-bielefeld/werder-bremen/20098996,2009,1,bundesliga
B. Mönchengladbach,Stuttgart,1-3,https://www.besoccer.com/match/borussia-monchengla/stuttgart/20098997,2009,1,bundesliga
Eintracht Frankfurt,Hertha BSC,0-2,https://www.besoccer.com/match/eintracht-frankfurt/hertha-bsc/20098998,2009,1,bundesliga
Hannover 96,Energie Cottbus,0-0,https://www.besoccer.com/match/hannover-96/energie-cottbus/20099007,2009,2,bundesliga
Hamburger SV,Karlsruher SC,2-1,https://www.besoccer.com/match/hamburger-sv/karlsruher-sc/20099000,2009,2,bundesliga
Stuttgart,B. Leverkusen,0-2,https://www.besoccer.com/match/stuttgart/bayer-leverkusen/20099001,2009,2,bundesliga
Hertha BSC,Arminia Bielefeld,1-1,https://www.besoccer.com/match/hertha-bsc/arminia-bielefeld/20099002,2009,2,bundesliga
Werder Bremen,Schalke 04,1-1,https://www.besoccer.com/match/werder-bremen/schalke-04/20099003,2009,2,bundesliga
B. Dortmund,Bayern München,1-1,https://www.besoccer.com/match/borussia-dortmund/bayern-munchen/20099005,2009,2,bundesliga
Hoffenheim,B. Mönchengladbach,1-0,https://www.besoccer.com/match/tsg-1899-hoffenheim/borussia-monchengla/20099006,2009,2,bundesliga
Köln,Eintracht Frankfurt,1-1,https://www.besoccer.com/match/1-fc-koln/eintracht-frankfurt/20098999,2009,2,bundesliga
VfL Bochum,Wolfsburg,2-2,https://www.besoccer.com/match/bochum/wolfsburg/20099004,2009,2,bundesliga
Karlsruher SC,Köln,0-2,https://www.besoccer.com/match/karlsruher-sc/1-fc-koln/20099009,2009,3,bundesliga
B. Mönchengladbach,Werder Bremen,3-2,https://www.besoccer.com/match/borussia-monchengla/werder-bremen/20099008,2009,3,bundesliga
Wolfsburg,Eintracht Frankfurt,2-2,https://www.besoccer.com/match/wolfsburg/eintracht-frankfurt/20099010,2009,3,bundesliga
Arminia Bielefeld,Hamburger SV,2-4,https://www.besoccer.com/match/arminia-bielefeld/hamburger-sv/20099011,2009,3,bundesliga
B. Leverkusen,Hoffenheim,5-2,https://www.besoccer.com/match/bayer-leverkusen/tsg-1899-hoffenheim/20099012,2009,3,bundesliga
Schalke 04,VfL Bochum,1-0,https://www.besoccer.com/match/schalke-04/bochum/20099013,2009,3,bundesliga
Energie Cottbus,B. Dortmund,0-1,https://www.besoccer.com/match/energie-cottbus/borussia-dortmund/20099014,2009,3,bundesliga
Stuttgart,Hannover 96,2-0,https://www.besoccer.com/match/stuttgart/hannover-96/20099015,2009,3,bundesliga
Bayern München,Hertha BSC,4-1,https://www.besoccer.com/match/bayern-munchen/hertha-bsc/20099016,2009,3,bundesliga
Hoffenheim,Stuttgart,0-0,https://www.besoccer.com/match/tsg-1899-hoffenheim/stuttgart/20099017,2009,4,bundesliga
Hertha BSC,Wolfsburg,2-2,https://www.besoccer.com/match/hertha-bsc/wolfsburg/20099018,2009,4,bundesliga
Hamburger SV,B. Leverkusen,3-2,https://www.besoccer.com/match/hamburger-sv/bayer-leverkusen/20099019,2009,4,bundesliga
B. Dortmund,Schalke 04,3-3,https://www.besoccer.com/match/borussia-dortmund/schalke-04/20099020,2009,4,bundesliga
Werder Bremen,Energie Cottbus,3-0,https://www.besoccer.com/match/werder-bremen/energie-cottbus/20099022,2009,4,bundesliga
Köln,Bayern München,0-3,https://www.besoccer.com/match/1-fc-koln/bayern-munchen/20099023,2009,4,bundesliga
VfL Bochum,Arminia Bielefeld,2-0,https://www.besoccer.com/match/bochum/arminia-bielefeld/20099024,2009,4,bundesliga
Hannover 96,B. Mönchengladbach,5-1,https://www.besoccer.com/match/hannover-96/borussia-monchengla/20099025,2009,4,bundesliga
Eintracht Frankfurt,Karlsruher SC,2-1,https://www.besoccer.com/match/eintracht-frankfurt/karlsruher-sc/20099021,2009,4,bundesliga
B. Leverkusen,Hannover 96,4-0,https://www.besoccer.com/match/bayer-leverkusen/hannover-96/20099027,2009,5,bundesliga
B. Mönchengladbach,Hertha BSC,0-1,https://www.besoccer.com/match/borussia-monchengla/hertha-bsc/20099026,2009,5,bundesliga
Schalke 04,Eintracht Frankfurt,1-0,https://www.besoccer.com/match/schalke-04/eintracht-frankfurt/20099028,2009,5,bundesliga
Arminia Bielefeld,Köln,2-0,https://www.besoccer.com/match/arminia-bielefeld/1-fc-koln/20099029,2009,5,bundesliga
Bayern München,Werder Bremen,2-5,https://www.besoccer.com/match/bayern-munchen/werder-bremen/20099031,2009,5,bundesliga
Energie Cottbus,VfL Bochum,1-1,https://www.besoccer.com/match/energie-cottbus/bochum/20099033,2009,5,bundesliga
Stuttgart,Karlsruher SC,3-1,https://www.besoccer.com/match/stuttgart/karlsruher-sc/20099030,2009,5,bundesliga
Hoffenheim,B. Dortmund,4-1,https://www.besoccer.com/match/tsg-1899-hoffenheim/borussia-dortmund/20099032,2009,5,bundesliga
Wolfsburg,Hamburger SV,3-0,https://www.besoccer.com/match/wolfsburg/hamburger-sv/20099034,2009,5,bundesliga
Köln,Schalke 04,1-0,https://www.besoccer.com/match/1-fc-koln/schalke-04/20099041,2009,6,bundesliga
B. Dortmund,Stuttgart,3-0,https://www.besoccer.com/match/borussia-dortmund/stuttgart/20099035,2009,6,bundesliga
Hertha BSC,Energie Cottbus,0-1,https://www.besoccer.com/match/hertha-bsc/energie-cottbus/20099036,2009,6,bundesliga
Hamburger SV,B. Mönchengladbach,1-0,https://www.besoccer.com/match/hamburger-sv/borussia-monchengla/20099037,2009,6,bundesliga
VfL Bochum,B. Leverkusen,2-3,https://www.besoccer.com/match/bochum/bayer-leverkusen/20099038,2009,6,bundesliga
Werder Bremen,Hoffenheim,5-4,https://www.besoccer.com/match/werder-bremen/tsg-1899-hoffenheim/20099040,2009,6,bundesliga
Hannover 96,Bayern München,1-0,https://www.besoccer.com/match/hannover-96/bayern-munchen/20099043,2009,6,bundesliga
Eintracht Frankfurt,Arminia Bielefeld,1-1,https://www.besoccer.com/match/eintracht-frankfurt/arminia-bielefeld/20099039,2009,6,bundesliga
Karlsruher SC,Wolfsburg,2-1,https://www.besoccer.com/match/karlsruher-sc/wolfsburg/20099042,2009,6,bundesliga
Arminia Bielefeld,Karlsruher SC,1-2,https://www.besoccer.com/match/arminia-bielefeld/karlsruher-sc/20099045,2009,7,bundesliga
B. Leverkusen,Hertha BSC,0-1,https://www.besoccer.com/match/bayer-leverkusen/hertha-bsc/20099046,2009,7,bundesliga
Bayern München,VfL Bochum,3-3,https://www.besoccer.com/match/bayern-munchen/bochum/20099047,2009,7,bundesliga
Hoffenheim,Eintracht Frankfurt,2-1,https://www.besoccer.com/match/tsg-1899-hoffenheim/eintracht-frankfurt/20099048,2009,7,bundesliga
Stuttgart,Werder Bremen,4-1,https://www.besoccer.com/match/stuttgart/werder-bremen/20099050,2009,7,bundesliga
B. Mönchengladbach,Köln,1-2,https://www.besoccer.com/match/borussia-monchengla/1-fc-koln/20099051,2009,7,bundesliga
Schalke 04,Wolfsburg,2-2,https://www.besoccer.com/match/schalke-04/wolfsburg/20099044,2009,7,bundesliga
Energie Cottbus,Hamburger SV,1-2,https://www.besoccer.com/match/energie-cottbus/hamburger-sv/20099049,2009,7,bundesliga
B. Dortmund,Hannover 96,1-1,https://www.besoccer.com/match/borussia-dortmund/hannover-96/20099052,2009,7,bundesliga
VfL Bochum,B. Mönchengladbach,2-2,https://www.besoccer.com/match/bochum/borussia-monchengla/20099059,2009,8,bundesliga
Karlsruher SC,Bayern München,0-1,https://www.besoccer.com/match/karlsruher-sc/bayern-munchen/20099053,2009,8,bundesliga
Hannover 96,Hoffenheim,2-5,https://www.besoccer.com/match/hannover-96/tsg-1899-hoffenheim/20099054,2009,8,bundesliga
Werder Bremen,B. Dortmund,3-3,https://www.besoccer.com/match/werder-bremen/borussia-dortmund/20099055,2009,8,bundesliga
Köln,Energie Cottbus,1-0,https://www.besoccer.com/match/1-fc-koln/energie-cottbus/20099056,2009,8,bundesliga
Hertha BSC,Stuttgart,2-1,https://www.besoccer.com/match/hertha-bsc/stuttgart/20099057,2009,8,bundesliga
Wolfsburg,Arminia Bielefeld,4-1,https://www.besoccer.com/match/wolfsburg/arminia-bielefeld/20099058,2009,8,bundesliga
Eintracht Frankfurt,B. Leverkusen,0-2,https://www.besoccer.com/match/eintracht-frankfurt/bayer-leverkusen/20099060,2009,8,bundesliga
Hamburger SV,Schalke 04,1-1,https://www.besoccer.com/match/hamburger-sv/schalke-04/20099061,2009,8,bundesliga
B. Leverkusen,Köln,2-0,https://www.besoccer.com/match/bayer-leverkusen/1-fc-koln/20099063,2009,9,bundesliga
Energie Cottbus,Eintracht Frankfurt,2-3,https://www.besoccer.com/match/energie-cottbus/eintracht-frankfurt/20099062,2009,9,bundesliga
Bayern München,Wolfsburg,4-2,https://www.besoccer.com/match/bayern-munchen/wolfsburg/20099064,2009,9,bundesliga
B. Mönchengladbach,Karlsruher SC,1-0,https://www.besoccer.com/match/borussia-monchengla/karlsruher-sc/20099068,2009,9,bundesliga
Hannover 96,Werder Bremen,1-1,https://www.besoccer.com/match/hannover-96/werder-bremen/20099069,2009,9,bundesliga
Schalke 04,Arminia Bielefeld,0-0,https://www.besoccer.com/match/schalke-04/arminia-bielefeld/20099070,2009,9,bundesliga
Hoffenheim,Hamburger SV,3-0,https://www.besoccer.com/match/tsg-1899-hoffenheim/hamburger-sv/20099065,2009,9,bundesliga
B. Dortmund,Hertha BSC,1-1,https://www.besoccer.com/match/borussia-dortmund/hertha-bsc/20099066,2009,9,bundesliga
Stuttgart,VfL Bochum,2-0,https://www.besoccer.com/match/stuttgart/bochum/20099067,2009,9,bundesliga
Werder Bremen,B. Leverkusen,0-2,https://www.besoccer.com/match/werder-bremen/bayer-leverkusen/20099073,2009,10,bundesliga
Karlsruher SC,Schalke 04,0-3,https://www.besoccer.com/match/karlsruher-sc/schalke-04/20099075,2009,10,bundesliga
Wolfsburg,B. Mönchengladbach,3-0,https://www.besoccer.com/match/wolfsburg/borussia-monchengla/20099076,2009,10,bundesliga
Arminia Bielefeld,Energie Cottbus,1-1,https://www.besoccer.com/match/arminia-bielefeld/energie-cottbus/20099077,2009,10,bundesliga
VfL Bochum,Hoffenheim,1-3,https://www.besoccer.com/match/bochum/tsg-1899-hoffenheim/20099071,2009,10,bundesliga
Eintracht Frankfurt,Bayern München,1-2,https://www.besoccer.com/match/eintracht-frankfurt/bayern-munchen/20099072,2009,10,bundesliga
Köln,B. Dortmund,0-1,https://www.besoccer.com/match/1-fc-koln/borussia-dortmund/20099074,2009,10,bundesliga
Hertha BSC,Hannover 96,3-0,https://www.besoccer.com/match/hertha-bsc/hannover-96/20099078,2009,10,bundesliga
Hamburger SV,Stuttgart,2-0,https://www.besoccer.com/match/hamburger-sv/stuttgart/20099079,2009,10,bundesliga
B. Leverkusen,Wolfsburg,2-0,https://www.besoccer.com/match/bayer-leverkusen/wolfsburg/20099087,2009,11,bundesliga
Hoffenheim,Karlsruher SC,4-1,https://www.besoccer.com/match/tsg-1899-hoffenheim/karlsruher-sc/20099080,2009,11,bundesliga
Stuttgart,Köln,1-3,https://www.besoccer.com/match/stuttgart/1-fc-koln/20099082,2009,11,bundesliga
Hannover 96,Hamburger SV,3-0,https://www.besoccer.com/match/hannover-96/hamburger-sv/20099084,2009,11,bundesliga
Werder Bremen,Hertha BSC,5-1,https://www.besoccer.com/match/werder-bremen/hertha-bsc/20099085,2009,11,bundesliga
Energie Cottbus,Schalke 04,0-2,https://www.besoccer.com/match/energie-cottbus/schalke-04/20099086,2009,11,bundesliga
Bayern München,Arminia Bielefeld,3-1,https://www.besoccer.com/match/bayern-munchen/arminia-bielefeld/20099088,2009,11,bundesliga
B. Dortmund,VfL Bochum,1-1,https://www.besoccer.com/match/borussia-dortmund/bochum/20099081,2009,11,bundesliga
B. Mönchengladbach,Eintracht Frankfurt,1-2,https://www.besoccer.com/match/borussia-monchengla/eintracht-frankfurt/20099083,2009,11,bundesliga
Köln,Hannover 96,2-1,https://www.besoccer.com/match/1-fc-koln/hannover-96/20099089,2009,12,bundesliga
Karlsruher SC,B. Leverkusen,3-3,https://www.besoccer.com/match/karlsruher-sc/bayer-leverkusen/20099090,2009,12,bundesliga
Wolfsburg,Energie Cottbus,3-0,https://www.besoccer.com/match/wolfsburg/energie-cottbus/20099091,2009,12,bundesliga
Arminia Bielefeld,B. Mönchengladbach,0-2,https://www.besoccer.com/match/arminia-bielefeld/borussia-monchengla/20099092,2009,12,bundesliga
Hamburger SV,B. Dortmund,2-1,https://www.besoccer.com/match/hamburger-sv/borussia-dortmund/20099094,2009,12,bundesliga
VfL Bochum,Werder Bremen,0-0,https://www.besoccer.com/match/bochum/werder-bremen/20099095,2009,12,bundesliga
Hertha BSC,Hoffenheim,1-0,https://www.besoccer.com/match/hertha-bsc/tsg-1899-hoffenheim/20099093,2009,12,bundesliga
Eintracht Frankfurt,Stuttgart,2-2,https://www.besoccer.com/match/eintracht-frankfurt/stuttgart/20099096,2009,12,bundesliga
Schalke 04,Bayern München,1-2,https://www.besoccer.com/match/schalke-04/bayern-munchen/20099097,2009,12,bundesliga
Hannover 96,VfL Bochum,1-1,https://www.besoccer.com/match/hannover-96/bochum/20099105,2009,13,bundesliga
Hoffenheim,Wolfsburg,3-2,https://www.besoccer.com/match/tsg-1899-hoffenheim/wolfsburg/20099098,2009,13,bundesliga
B. Dortmund,Eintracht Frankfurt,4-0,https://www.besoccer.com/match/borussia-dortmund/eintracht-frankfurt/20099099,2009,13,bundesliga
B. Leverkusen,Schalke 04,2-1,https://www.besoccer.com/match/bayer-leverkusen/schalke-04/20099100,2009,13,bundesliga
B. Mönchengladbach,Bayern München,2-2,https://www.besoccer.com/match/borussia-monchengla/bayern-munchen/20099101,2009,13,bundesliga
Hertha BSC,Hamburger SV,2-1,https://www.besoccer.com/match/hertha-bsc/hamburger-sv/20099102,2009,13,bundesliga
Stuttgart,Arminia Bielefeld,0-0,https://www.besoccer.com/match/stuttgart/arminia-bielefeld/20099103,2009,13,bundesliga
Energie Cottbus,Karlsruher SC,1-0,https://www.besoccer.com/match/energie-cottbus/karlsruher-sc/20099104,2009,13,bundesliga
Werder Bremen,Köln,3-1,https://www.besoccer.com/match/werder-bremen/1-fc-koln/20099106,2009,13,bundesliga
Karlsruher SC,B. Dortmund,0-1,https://www.besoccer.com/match/karlsruher-sc/borussia-dortmund/20099115,2009,14,bundesliga
Arminia Bielefeld,B. Leverkusen,2-1,https://www.besoccer.com/match/arminia-bielefeld/bayer-leverkusen/20099108,2009,14,bundesliga
Eintracht Frankfurt,Hannover 96,4-0,https://www.besoccer.com/match/eintracht-frankfurt/hannover-96/20099109,2009,14,bundesliga
Schalke 04,B. Mönchengladbach,3-1,https://www.besoccer.com/match/schalke-04/borussia-monchengla/20099110,2009,14,bundesliga
VfL Bochum,Hertha BSC,2-3,https://www.besoccer.com/match/bochum/hertha-bsc/20099111,2009,14,bundesliga
Wolfsburg,Stuttgart,4-1,https://www.besoccer.com/match/wolfsburg/stuttgart/20099112,2009,14,bundesliga
Bayern München,Energie Cottbus,4-1,https://www.besoccer.com/match/bayern-munchen/energie-cottbus/20099113,2009,14,bundesliga
Köln,Hoffenheim,1-3,https://www.besoccer.com/match/1-fc-koln/tsg-1899-hoffenheim/20099114,2009,14,bundesliga
Hamburger SV,Werder Bremen,2-1,https://www.besoccer.com/match/hamburger-sv/werder-bremen/20099107,2009,14,bundesliga
Hertha BSC,Köln,2-1,https://www.besoccer.com/match/hertha-bsc/1-fc-koln/20099117,2009,15,bundesliga
B. Mönchengladbach,Energie Cottbus,1-3,https://www.besoccer.com/match/borussia-monchengla/energie-cottbus/20099116,2009,15,bundesliga
Hannover 96,Karlsruher SC,3-2,https://www.besoccer.com/match/hannover-96/karlsruher-sc/20099120,2009,15,bundesliga
Werder Bremen,Eintracht Frankfurt,5-0,https://www.besoccer.com/match/werder-bremen/eintracht-frankfurt/20099121,2009,15,bundesliga
Hoffenheim,Arminia Bielefeld,3-0,https://www.besoccer.com/match/tsg-1899-hoffenheim/arminia-bielefeld/20099122,2009,15,bundesliga
B. Leverkusen,Bayern München,0-2,https://www.besoccer.com/match/bayer-leverkusen/bayern-munchen/20099124,2009,15,bundesliga
Stuttgart,Schalke 04,2-0,https://www.besoccer.com/match/stuttgart/schalke-04/20099118,2009,15,bundesliga
B. Dortmund,Wolfsburg,0-0,https://www.besoccer.com/match/borussia-dortmund/wolfsburg/20099119,2009,15,bundesliga
VfL Bochum,Hamburger SV,1-1,https://www.besoccer.com/match/bochum/hamburger-sv/20099123,2009,15,bundesliga
Bayern München,Hoffenheim,2-1,https://www.besoccer.com/match/bayern-munchen/tsg-1899-hoffenheim/20099130,2009,16,bundesliga
B. Mönchengladbach,B. Leverkusen,1-3,https://www.besoccer.com/match/borussia-monchengla/bayer-leverkusen/20099125,2009,16,bundesliga
Karlsruher SC,Werder Bremen,1-0,https://www.besoccer.com/match/karlsruher-sc/werder-bremen/20099126,2009,16,bundesliga
Schalke 04,Hertha BSC,1-0,https://www.besoccer.com/match/schalke-04/hertha-bsc/20099127,2009,16,bundesliga
Arminia Bielefeld,B. Dortmund,0-0,https://www.besoccer.com/match/arminia-bielefeld/borussia-dortmund/20099128,2009,16,bundesliga
Eintracht Frankfurt,VfL Bochum,4-0,https://www.besoccer.com/match/eintracht-frankfurt/bochum/20099129,2009,16,bundesliga
Energie Cottbus,Stuttgart,0-3,https://www.besoccer.com/match/energie-cottbus/stuttgart/20099132,2009,16,bundesliga
Köln,Hamburger SV,1-2,https://www.besoccer.com/match/1-fc-koln/hamburger-sv/20099131,2009,16,bundesliga
Wolfsburg,Hannover 96,2-1,https://www.besoccer.com/match/wolfsburg/hannover-96/20099133,2009,16,bundesliga
B. Dortmund,B. Mönchengladbach,2-1,https://www.besoccer.com/match/borussia-dortmund/borussia-monchengla/20099134,2009,17,bundesliga
Hannover 96,Arminia Bielefeld,1-1,https://www.besoccer.com/match/hannover-96/arminia-bielefeld/20099135,2009,17,bundesliga
Hamburger SV,Eintracht Frankfurt,1-0,https://www.besoccer.com/match/hamburger-sv/eintracht-frankfurt/20099136,2009,17,bundesliga
VfL Bochum,Köln,1-2,https://www.besoccer.com/match/bochum/1-fc-koln/20099137,2009,17,bundesliga
B. Leverkusen,Energie Cottbus,1-1,https://www.besoccer.com/match/bayer-leverkusen/energie-cottbus/20099138,2009,17,bundesliga
Werder Bremen,Wolfsburg,2-1,https://www.besoccer.com/match/werder-bremen/wolfsburg/20099139,2009,17,bundesliga
Hertha BSC,Karlsruher SC,4-0,https://www.besoccer.com/match/hertha-bsc/karlsruher-sc/20099141,2009,17,bundesliga
Stuttgart,Bayern München,2-2,https://www.besoccer.com/match/stuttgart/bayern-munchen/20099142,2009,17,bundesliga
Hoffenheim,Schalke 04,1-1,https://www.besoccer.com/match/tsg-1899-hoffenheim/schalke-04/20099140,2009,17,bundesliga
Hamburger SV,Bayern München,1-0,https://www.besoccer.com/match/hamburger-sv/bayern-munchen/20099145,2009,18,bundesliga
Hoffenheim,Energie Cottbus,2-0,https://www.besoccer.com/match/tsg-1899-hoffenheim/energie-cottbus/20099143,2009,18,bundesliga
B. Dortmund,B. Leverkusen,1-1,https://www.besoccer.com/match/borussia-dortmund/bayer-leverkusen/20099144,2009,18,bundesliga
Stuttgart,B. Mönchengladbach,2-0,https://www.besoccer.com/match/stuttgart/borussia-monchengla/20099146,2009,18,bundesliga
Köln,Wolfsburg,1-1,https://www.besoccer.com/match/1-fc-koln/wolfsburg/20099148,2009,18,bundesliga
Hertha BSC,Eintracht Frankfurt,2-1,https://www.besoccer.com/match/hertha-bsc/eintracht-frankfurt/20099150,2009,18,bundesliga
Hannover 96,Schalke 04,1-0,https://www.besoccer.com/match/hannover-96/schalke-04/20099151,2009,18,bundesliga
VfL Bochum,Karlsruher SC,2-0,https://www.besoccer.com/match/bochum/karlsruher-sc/20099147,2009,18,bundesliga
Werder Bremen,Arminia Bielefeld,1-2,https://www.besoccer.com/match/werder-bremen/arminia-bielefeld/20099149,2009,18,bundesliga
Arminia Bielefeld,Hertha BSC,1-1,https://www.besoccer.com/match/arminia-bielefeld/hertha-bsc/20099159,2009,19,bundesliga
Schalke 04,Werder Bremen,1-0,https://www.besoccer.com/match/schalke-04/werder-bremen/20099154,2009,19,bundesliga
Eintracht Frankfurt,Köln,2-2,https://www.besoccer.com/match/eintracht-frankfurt/1-fc-koln/20099155,2009,19,bundesliga
Wolfsburg,VfL Bochum,2-0,https://www.besoccer.com/match/wolfsburg/bochum/20099156,2009,19,bundesliga
B. Leverkusen,Stuttgart,2-4,https://www.besoccer.com/match/bayer-leverkusen/stuttgart/20099157,2009,19,bundesliga
B. Mönchengladbach,Hoffenheim,1-1,https://www.besoccer.com/match/borussia-monchengla/tsg-1899-hoffenheim/20099158,2009,19,bundesliga
Karlsruher SC,Hamburger SV,3-2,https://www.besoccer.com/match/karlsruher-sc/hamburger-sv/20099160,2009,19,bundesliga
Bayern München,B. Dortmund,3-1,https://www.besoccer.com/match/bayern-munchen/borussia-dortmund/20099152,2009,19,bundesliga
Energie Cottbus,Hannover 96,3-1,https://www.besoccer.com/match/energie-cottbus/hannover-96/20099153,2009,19,bundesliga
Hoffenheim,B. Leverkusen,1-4,https://www.besoccer.com/match/tsg-1899-hoffenheim/bayer-leverkusen/20099168,2009,20,bundesliga
Hannover 96,Stuttgart,3-3,https://www.besoccer.com/match/hannover-96/stuttgart/20099162,2009,20,bundesliga
Hertha BSC,Bayern München,2-1,https://www.besoccer.com/match/hertha-bsc/bayern-munchen/20099163,2009,20,bundesliga
Werder Bremen,B. Mönchengladbach,1-1,https://www.besoccer.com/match/werder-bremen/borussia-monchengla/20099164,2009,20,bundesliga
Köln,Karlsruher SC,0-0,https://www.besoccer.com/match/1-fc-koln/karlsruher-sc/20099165,2009,20,bundesliga
Eintracht Frankfurt,Wolfsburg,0-2,https://www.besoccer.com/match/eintracht-frankfurt/wolfsburg/20099166,2009,20,bundesliga
VfL Bochum,Schalke 04,2-1,https://www.besoccer.com/match/bochum/schalke-04/20099169,2009,20,bundesliga
B. Dortmund,Energie Cottbus,1-1,https://www.besoccer.com/match/borussia-dortmund/energie-cottbus/20099161,2009,20,bundesliga
Hamburger SV,Arminia Bielefeld,2-0,https://www.besoccer.com/match/hamburger-sv/arminia-bielefeld/20099167,2009,20,bundesliga
Schalke 04,B. Dortmund,1-1,https://www.besoccer.com/match/schalke-04/borussia-dortmund/20099178,2009,21,bundesliga
Karlsruher SC,Eintracht Frankfurt,0-1,https://www.besoccer.com/match/karlsruher-sc/eintracht-frankfurt/20099170,2009,21,bundesliga
Energie Cottbus,Werder Bremen,2-1,https://www.besoccer.com/match/energie-cottbus/werder-bremen/20099171,2009,21,bundesliga
Bayern München,Köln,1-2,https://www.besoccer.com/match/bayern-munchen/1-fc-koln/20099172,2009,21,bundesliga
Arminia Bielefeld,VfL Bochum,1-1,https://www.besoccer.com/match/arminia-bielefeld/bochum/20099173,2009,21,bundesliga
B. Mönchengladbach,Hannover 96,3-2,https://www.besoccer.com/match/borussia-monchengla/hannover-96/20099174,2009,21,bundesliga
Stuttgart,Hoffenheim,3-3,https://www.besoccer.com/match/stuttgart/tsg-1899-hoffenheim/20099175,2009,21,bundesliga
Wolfsburg,Hertha BSC,2-1,https://www.besoccer.com/match/wolfsburg/hertha-bsc/20099176,2009,21,bundesliga
B. Leverkusen,Hamburger SV,1-2,https://www.besoccer.com/match/bayer-leverkusen/hamburger-sv/20099177,2009,21,bundesliga
Köln,Arminia Bielefeld,1-1,https://www.besoccer.com/match/1-fc-koln/arminia-bielefeld/20099185,2009,22,bundesliga
B. Dortmund,Hoffenheim,0-0,https://www.besoccer.com/match/borussia-dortmund/tsg-1899-hoffenheim/20099179,2009,22,bundesliga
VfL Bochum,Energie Cottbus,3-2,https://www.besoccer.com/match/bochum/energie-cottbus/20099180,2009,22,bundesliga
Hertha BSC,B. Mönchengladbach,2-1,https://www.besoccer.com/match/hertha-bsc/borussia-monchengla/20099182,2009,22,bundesliga
Hannover 96,B. Leverkusen,1-0,https://www.besoccer.com/match/hannover-96/bayer-leverkusen/20099183,2009,22,bundesliga
Eintracht Frankfurt,Schalke 04,1-2,https://www.besoccer.com/match/eintracht-frankfurt/schalke-04/20099184,2009,22,bundesliga
Hamburger SV,Wolfsburg,1-3,https://www.besoccer.com/match/hamburger-sv/wolfsburg/20099181,2009,22,bundesliga
Karlsruher SC,Stuttgart,0-2,https://www.besoccer.com/match/karlsruher-sc/stuttgart/20099186,2009,22,bundesliga
Werder Bremen,Bayern München,0-0,https://www.besoccer.com/match/werder-bremen/bayern-munchen/20099187,2009,22,bundesliga
Schalke 04,Köln,1-0,https://www.besoccer.com/match/schalke-04/1-fc-koln/20099188,2009,23,bundesliga
Wolfsburg,Karlsruher SC,1-0,https://www.besoccer.com/match/wolfsburg/karlsruher-sc/20099189,2009,23,bundesliga
Bayern München,Hannover 96,5-1,https://www.besoccer.com/match/bayern-munchen/hannover-96/20099190,2009,23,bundesliga
Stuttgart,B. Dortmund,2-1,https://www.besoccer.com/match/stuttgart/borussia-dortmund/20099191,2009,23,bundesliga
Energie Cottbus,Hertha BSC,1-3,https://www.besoccer.com/match/energie-cottbus/hertha-bsc/20099192,2009,23,bundesliga
B. Mönchengladbach,Hamburger SV,4-1,https://www.besoccer.com/match/borussia-monchengla/hamburger-sv/20099193,2009,23,bundesliga
Hoffenheim,Werder Bremen,0-0,https://www.besoccer.com/match/tsg-1899-hoffenheim/werder-bremen/20099196,2009,23,bundesliga
B. Leverkusen,VfL Bochum,1-1,https://www.besoccer.com/match/bayer-leverkusen/bochum/20099194,2009,23,bundesliga
Arminia Bielefeld,Eintracht Frankfurt,0-0,https://www.besoccer.com/match/arminia-bielefeld/eintracht-frankfurt/20099195,2009,23,bundesliga
Wolfsburg,Schalke 04,4-3,https://www.besoccer.com/match/wolfsburg/schalke-04/20099202,2009,24,bundesliga
Eintracht Frankfurt,Hoffenheim,1-1,https://www.besoccer.com/match/eintracht-frankfurt/tsg-1899-hoffenheim/20099197,2009,24,bundesliga
Köln,B. Mönchengladbach,2-4,https://www.besoccer.com/match/1-fc-koln/borussia-monchengla/20099200,2009,24,bundesliga
Hannover 96,B. Dortmund,4-4,https://www.besoccer.com/match/hannover-96/borussia-dortmund/20099201,2009,24,bundesliga
Karlsruher SC,Arminia Bielefeld,0-1,https://www.besoccer.com/match/karlsruher-sc/arminia-bielefeld/20099203,2009,24,bundesliga
Hertha BSC,B. Leverkusen,1-0,https://www.besoccer.com/match/hertha-bsc/bayer-leverkusen/20099204,2009,24,bundesliga
VfL Bochum,Bayern München,0-3,https://www.besoccer.com/match/bochum/bayern-munchen/20099205,2009,24,bundesliga
Hamburger SV,Energie Cottbus,2-0,https://www.besoccer.com/match/hamburger-sv/energie-cottbus/20099198,2009,24,bundesliga
Werder Bremen,Stuttgart,4-0,https://www.besoccer.com/match/werder-bremen/stuttgart/20099199,2009,24,bundesliga
B. Mönchengladbach,VfL Bochum,0-1,https://www.besoccer.com/match/borussia-monchengla/bochum/20099206,2009,25,bundesliga
B. Leverkusen,Eintracht Frankfurt,1-1,https://www.besoccer.com/match/bayer-leverkusen/eintracht-frankfurt/20099207,2009,25,bundesliga
Bayern München,Karlsruher SC,1-0,https://www.besoccer.com/match/bayern-munchen/karlsruher-sc/20099209,2009,25,bundesliga
Hoffenheim,Hannover 96,2-2,https://www.besoccer.com/match/tsg-1899-hoffenheim/hannover-96/20099210,2009,25,bundesliga
B. Dortmund,Werder Bremen,1-0,https://www.besoccer.com/match/borussia-dortmund/werder-bremen/20099211,2009,25,bundesliga
Energie Cottbus,Köln,0-2,https://www.besoccer.com/match/energie-cottbus/1-fc-koln/20099212,2009,25,bundesliga
Stuttgart,Hertha BSC,2-0,https://www.besoccer.com/match/stuttgart/hertha-bsc/20099213,2009,25,bundesliga
Arminia Bielefeld,Wolfsburg,0-3,https://www.besoccer.com/match/arminia-bielefeld/wolfsburg/20099214,2009,25,bundesliga
Schalke 04,Hamburger SV,1-2,https://www.besoccer.com/match/schalke-04/hamburger-sv/20099208,2009,25,bundesliga
Arminia Bielefeld,Schalke 04,0-2,https://www.besoccer.com/match/arminia-bielefeld/schalke-04/20099217,2009,26,bundesliga
Eintracht Frankfurt,Energie Cottbus,2-1,https://www.besoccer.com/match/eintracht-frankfurt/energie-cottbus/20099218,2009,26,bundesliga
Wolfsburg,Bayern München,5-1,https://www.besoccer.com/match/wolfsburg/bayern-munchen/20099220,2009,26,bundesliga
Hamburger SV,Hoffenheim,1-0,https://www.besoccer.com/match/hamburger-sv/tsg-1899-hoffenheim/20099221,2009,26,bundesliga
Hertha BSC,B. Dortmund,1-3,https://www.besoccer.com/match/hertha-bsc/borussia-dortmund/20099222,2009,26,bundesliga
VfL Bochum,Stuttgart,1-2,https://www.besoccer.com/match/bochum/stuttgart/20099223,2009,26,bundesliga
Karlsruher SC,B. Mönchengladbach,0-0,https://www.besoccer.com/match/karlsruher-sc/borussia-monchengla/20099215,2009,26,bundesliga
Werder Bremen,Hannover 96,4-1,https://www.besoccer.com/match/werder-bremen/hannover-96/20099216,2009,26,bundesliga
Köln,B. Leverkusen,0-2,https://www.besoccer.com/match/1-fc-koln/bayer-leverkusen/20099219,2009,26,bundesliga
Energie Cottbus,Arminia Bielefeld,2-1,https://www.besoccer.com/match/energie-cottbus/arminia-bielefeld/20099224,2009,27,bundesliga
Hannover 96,Hertha BSC,2-0,https://www.besoccer.com/match/hannover-96/hertha-bsc/20099225,2009,27,bundesliga
Hoffenheim,VfL Bochum,0-3,https://www.besoccer.com/match/tsg-1899-hoffenheim/bochum/20099227,2009,27,bundesliga
Bayern München,Eintracht Frankfurt,4-0,https://www.besoccer.com/match/bayern-munchen/eintracht-frankfurt/20099228,2009,27,bundesliga
B. Dortmund,Köln,3-1,https://www.besoccer.com/match/borussia-dortmund/1-fc-koln/20099230,2009,27,bundesliga
Schalke 04,Karlsruher SC,2-0,https://www.besoccer.com/match/schalke-04/karlsruher-sc/20099231,2009,27,bundesliga
B. Mönchengladbach,Wolfsburg,1-2,https://www.besoccer.com/match/borussia-monchengla/wolfsburg/20099232,2009,27,bundesliga
Stuttgart,Hamburger SV,1-0,https://www.besoccer.com/match/stuttgart/hamburger-sv/20099226,2009,27,bundesliga
B. Leverkusen,Werder Bremen,1-1,https://www.besoccer.com/match/bayer-leverkusen/werder-bremen/20099229,2009,27,bundesliga
Schalke 04,Energie Cottbus,4-0,https://www.besoccer.com/match/schalke-04/energie-cottbus/20099235,2009,28,bundesliga
Wolfsburg,B. Leverkusen,2-1,https://www.besoccer.com/match/wolfsburg/bayer-leverkusen/20099236,2009,28,bundesliga
Arminia Bielefeld,Bayern München,0-1,https://www.besoccer.com/match/arminia-bielefeld/bayern-munchen/20099237,2009,28,bundesliga
Karlsruher SC,Hoffenheim,2-2,https://www.besoccer.com/match/karlsruher-sc/tsg-1899-hoffenheim/20099238,2009,28,bundesliga
VfL Bochum,B. Dortmund,0-2,https://www.besoccer.com/match/bochum/borussia-dortmund/20099239,2009,28,bundesliga
Köln,Stuttgart,0-3,https://www.besoccer.com/match/1-fc-koln/stuttgart/20099240,2009,28,bundesliga
Eintracht Frankfurt,B. Mönchengladbach,4-1,https://www.besoccer.com/match/eintracht-frankfurt/borussia-monchengla/20099241,2009,28,bundesliga
Hamburger SV,Hannover 96,2-1,https://www.besoccer.com/match/hamburger-sv/hannover-96/20099233,2009,28,bundesliga
Hertha BSC,Werder Bremen,2-1,https://www.besoccer.com/match/hertha-bsc/werder-bremen/20099234,2009,28,bundesliga
Hoffenheim,Hertha BSC,0-1,https://www.besoccer.com/match/tsg-1899-hoffenheim/hertha-bsc/20099249,2009,29,bundesliga
Werder Bremen,VfL Bochum,3-2,https://www.besoccer.com/match/werder-bremen/bochum/20099242,2009,29,bundesliga
Stuttgart,Eintracht Frankfurt,2-0,https://www.besoccer.com/match/stuttgart/eintracht-frankfurt/20099243,2009,29,bundesliga
Bayern München,Schalke 04,0-1,https://www.besoccer.com/match/bayern-munchen/schalke-04/20099244,2009,29,bundesliga
Hannover 96,Köln,2-1,https://www.besoccer.com/match/hannover-96/1-fc-koln/20099245,2009,29,bundesliga
B. Leverkusen,Karlsruher SC,0-1,https://www.besoccer.com/match/bayer-leverkusen/karlsruher-sc/20099246,2009,29,bundesliga
B. Dortmund,Hamburger SV,2-0,https://www.besoccer.com/match/borussia-dortmund/hamburger-sv/20099250,2009,29,bundesliga
Energie Cottbus,Wolfsburg,2-0,https://www.besoccer.com/match/energie-cottbus/wolfsburg/20099247,2009,29,bundesliga
B. Mönchengladbach,Arminia Bielefeld,1-1,https://www.besoccer.com/match/borussia-monchengla/arminia-bielefeld/20099248,2009,29,bundesliga
VfL Bochum,Hannover 96,0-2,https://www.besoccer.com/match/bochum/hannover-96/20099252,2009,30,bundesliga
Karlsruher SC,Energie Cottbus,0-0,https://www.besoccer.com/match/karlsruher-sc/energie-cottbus/20099251,2009,30,bundesliga
Wolfsburg,Hoffenheim,4-0,https://www.besoccer.com/match/wolfsburg/tsg-1899-hoffenheim/20099254,2009,30,bundesliga
Eintracht Frankfurt,B. Dortmund,0-2,https://www.besoccer.com/match/eintracht-frankfurt/borussia-dortmund/20099255,2009,30,bundesliga
Schalke 04,B. Leverkusen,1-2,https://www.besoccer.com/match/schalke-04/bayer-leverkusen/20099256,2009,30,bundesliga
Bayern München,B. Mönchengladbach,2-1,https://www.besoccer.com/match/bayern-munchen/borussia-monchengla/20099257,2009,30,bundesliga
Arminia Bielefeld,Stuttgart,2-2,https://www.besoccer.com/match/arminia-bielefeld/stuttgart/20099259,2009,30,bundesliga
Köln,Werder Bremen,1-0,https://www.besoccer.com/match/1-fc-koln/werder-bremen/20099253,2009,30,bundesliga
Hamburger SV,Hertha BSC,1-1,https://www.besoccer.com/match/hamburger-sv/hertha-bsc/20099258,2009,30,bundesliga
B. Leverkusen,Arminia Bielefeld,2-2,https://www.besoccer.com/match/bayer-leverkusen/arminia-bielefeld/20099266,2009,31,bundesliga
Hertha BSC,VfL Bochum,2-0,https://www.besoccer.com/match/hertha-bsc/bochum/20099260,2009,31,bundesliga
Stuttgart,Wolfsburg,4-1,https://www.besoccer.com/match/stuttgart/wolfsburg/20099261,2009,31,bundesliga
Energie Cottbus,Bayern München,1-3,https://www.besoccer.com/match/energie-cottbus/bayern-munchen/20099262,2009,31,bundesliga
Hoffenheim,Köln,2-0,https://www.besoccer.com/match/tsg-1899-hoffenheim/1-fc-koln/20099263,2009,31,bundesliga
B. Dortmund,Karlsruher SC,4-0,https://www.besoccer.com/match/borussia-dortmund/karlsruher-sc/20099264,2009,31,bundesliga
Hannover 96,Eintracht Frankfurt,1-1,https://www.besoccer.com/match/hannover-96/eintracht-frankfurt/20099267,2009,31,bundesliga
Werder Bremen,Hamburger SV,2-0,https://www.besoccer.com/match/werder-bremen/hamburger-sv/20099265,2009,31,bundesliga
B. Mönchengladbach,Schalke 04,1-0,https://www.besoccer.com/match/borussia-monchengla/schalke-04/20099268,2009,31,bundesliga
Bayern München,B. Leverkusen,3-0,https://www.besoccer.com/match/bayern-munchen/bayer-leverkusen/20099272,2009,32,bundesliga
Köln,Hertha BSC,1-2,https://www.besoccer.com/match/1-fc-koln/hertha-bsc/20099274,2009,32,bundesliga
Wolfsburg,B. Dortmund,3-0,https://www.besoccer.com/match/wolfsburg/borussia-dortmund/20099276,2009,32,bundesliga
Karlsruher SC,Hannover 96,2-3,https://www.besoccer.com/match/karlsruher-sc/hannover-96/20099277,2009,32,bundesliga
Eintracht Frankfurt,Werder Bremen,0-5,https://www.besoccer.com/match/eintracht-frankfurt/werder-bremen/20099269,2009,32,bundesliga
Arminia Bielefeld,Hoffenheim,0-2,https://www.besoccer.com/match/arminia-bielefeld/tsg-1899-hoffenheim/20099270,2009,32,bundesliga
Hamburger SV,VfL Bochum,3-1,https://www.besoccer.com/match/hamburger-sv/bochum/20099271,2009,32,bundesliga
Energie Cottbus,B. Mönchengladbach,0-1,https://www.besoccer.com/match/energie-cottbus/borussia-monchengla/20099273,2009,32,bundesliga
Schalke 04,Stuttgart,1-2,https://www.besoccer.com/match/schalke-04/stuttgart/20099275,2009,32,bundesliga
Hamburger SV,Köln,0-1,https://www.besoccer.com/match/hamburger-sv/1-fc-koln/20099278,2009,33,bundesliga
Stuttgart,Energie Cottbus,2-0,https://www.besoccer.com/match/stuttgart/energie-cottbus/20099279,2009,33,bundesliga
Hannover 96,Wolfsburg,0-5,https://www.besoccer.com/match/hannover-96/wolfsburg/20099280,2009,33,bundesliga
B. Leverkusen,B. Mönchengladbach,5-0,https://www.besoccer.com/match/bayer-leverkusen/borussia-monchengla/20099281,2009,33,bundesliga
Werder Bremen,Karlsruher SC,1-3,https://www.besoccer.com/match/werder-bremen/karlsruher-sc/20099282,2009,33,bundesliga
Hertha BSC,Schalke 04,0-0,https://www.besoccer.com/match/hertha-bsc/schalke-04/20099283,2009,33,bundesliga
B. Dortmund,Arminia Bielefeld,6-0,https://www.besoccer.com/match/borussia-dortmund/arminia-bielefeld/20099284,2009,33,bundesliga
VfL Bochum,Eintracht Frankfurt,2-0,https://www.besoccer.com/match/bochum/eintracht-frankfurt/20099285,2009,33,bundesliga
Hoffenheim,Bayern München,2-2,https://www.besoccer.com/match/tsg-1899-hoffenheim/bayern-munchen/20099286,2009,33,bundesliga
Schalke 04,Hoffenheim,2-3,https://www.besoccer.com/match/schalke-04/tsg-1899-hoffenheim/20099287,2009,34,bundesliga
Karlsruher SC,Hertha BSC,4-0,https://www.besoccer.com/match/karlsruher-sc/hertha-bsc/20099288,2009,34,bundesliga
Bayern München,Stuttgart,2-1,https://www.besoccer.com/match/bayern-munchen/stuttgart/20099289,2009,34,bundesliga
B. Mönchengladbach,B. Dortmund,1-1,https://www.besoccer.com/match/borussia-monchengla/borussia-dortmund/20099290,2009,34,bundesliga
Arminia Bielefeld,Hannover 96,2-2,https://www.besoccer.com/match/arminia-bielefeld/hannover-96/20099291,2009,34,bundesliga
Eintracht Frankfurt,Hamburger SV,2-3,https://www.besoccer.com/match/eintracht-frankfurt/hamburger-sv/20099292,2009,34,bundesliga
Köln,VfL Bochum,1-1,https://www.besoccer.com/match/1-fc-koln/bochum/20099293,2009,34,bundesliga
Energie Cottbus,B. Leverkusen,3-0,https://www.besoccer.com/match/energie-cottbus/bayer-leverkusen/20099294,2009,34,bundesliga
Wolfsburg,Werder Bremen,5-1,https://www.besoccer.com/match/wolfsburg/werder-bremen/20099295,2009,34,bundesliga
