Home_Team,Away_Team,Result,Link,Season,Round,League
Watford,Middlesbrough,1-0,https://www.besoccer.com/match/watford-fc/middlesbrough-fc/202175607,2021,1,championship
Birmingham City,Brentford,1-0,https://www.besoccer.com/match/birmingham-city-fc/brentford/202175599,2021,1,championship
Wycombe Wanderers,Rotherham United,0-1,https://www.besoccer.com/match/wycombe-wanderers/rotherham-united/202175608,2021,1,championship
AFC Bournemouth,Blackburn Rovers,3-2,https://www.besoccer.com/match/afc-bournemouth/blackburn-rovers-fc/202175597,2021,1,championship
Barnsley,Luton Town,0-1,https://www.besoccer.com/match/barnsley-fc/luton-town-fc/202175598,2021,1,championship
Bristol City,Coventry City,2-1,https://www.besoccer.com/match/bristol-city-fc/coventry-city/202175600,2021,1,championship
Cardiff City,Sheffield Wednesday,0-2,https://www.besoccer.com/match/cardiff-city-fc/sheffield-wednesday-fc/202175601,2021,1,championship
Derby County,Reading,0-2,https://www.besoccer.com/match/derby-county-fc/reading-fc/202175602,2021,1,championship
Huddersfield Town,Norwich City,0-1,https://www.besoccer.com/match/huddersfield-town-fc/norwich-city-fc/202175603,2021,1,championship
Millwall,Stoke City,0-0,https://www.besoccer.com/match/millwall-fc/stoke-city/202175604,2021,1,championship
Preston North End,Swansea City,0-1,https://www.besoccer.com/match/preston-north-end/swansea-city-afc/202175605,2021,1,championship
Queens Park Rangers,Nottingham Forest,2-0,https://www.besoccer.com/match/queens-park-rangers-fc/nottingham-forest-fc/202175606,2021,1,championship
Coventry City,Queens Park Rangers,3-2,https://www.besoccer.com/match/coventry-city/queens-park-rangers-fc/202175611,2021,2,championship
Nottingham Forest,Cardiff City,0-2,https://www.besoccer.com/match/nottingham-forest-fc/cardiff-city-fc/202175615,2021,2,championship
Blackburn Rovers,Wycombe Wanderers,5-0,https://www.besoccer.com/match/blackburn-rovers-fc/wycombe-wanderers/202175609,2021,2,championship
Brentford,Huddersfield Town,3-0,https://www.besoccer.com/match/brentford/huddersfield-town-fc/202175610,2021,2,championship
Luton Town,Derby County,2-1,https://www.besoccer.com/match/luton-town-fc/derby-county-fc/202175612,2021,2,championship
Middlesbrough,AFC Bournemouth,1-1,https://www.besoccer.com/match/middlesbrough-fc/afc-bournemouth/202175613,2021,2,championship
Norwich City,Preston North End,2-2,https://www.besoccer.com/match/norwich-city-fc/preston-north-end/202175614,2021,2,championship
Reading,Barnsley,2-0,https://www.besoccer.com/match/reading-fc/barnsley-fc/202175616,2021,2,championship
Rotherham United,Millwall,0-1,https://www.besoccer.com/match/rotherham-united/millwall-fc/202175617,2021,2,championship
Sheffield Wednesday,Watford,0-0,https://www.besoccer.com/match/sheffield-wednesday-fc/watford-fc/202175618,2021,2,championship
Swansea City,Birmingham City,0-0,https://www.besoccer.com/match/swansea-city-afc/birmingham-city-fc/202175620,2021,2,championship
Stoke City,Bristol City,0-2,https://www.besoccer.com/match/stoke-city/bristol-city-fc/202175619,2021,2,championship
Huddersfield Town,Nottingham Forest,1-0,https://www.besoccer.com/match/huddersfield-town-fc/nottingham-forest-fc/202175627,2021,3,championship
Watford,Luton Town,1-0,https://www.besoccer.com/match/watford-fc/luton-town-fc/202175631,2021,3,championship
Wycombe Wanderers,Swansea City,0-2,https://www.besoccer.com/match/wycombe-wanderers/swansea-city-afc/202175632,2021,3,championship
Barnsley,Coventry City,0-0,https://www.besoccer.com/match/barnsley-fc/coventry-city/202175622,2021,3,championship
Birmingham City,Rotherham United,1-1,https://www.besoccer.com/match/birmingham-city-fc/rotherham-united/202175623,2021,3,championship
Cardiff City,Reading,1-2,https://www.besoccer.com/match/cardiff-city-fc/reading-fc/202175625,2021,3,championship
Derby County,Blackburn Rovers,0-4,https://www.besoccer.com/match/derby-county-fc/blackburn-rovers-fc/202175626,2021,3,championship
Millwall,Brentford,1-1,https://www.besoccer.com/match/millwall-fc/brentford/202175628,2021,3,championship
Preston North End,Stoke City,0-1,https://www.besoccer.com/match/preston-north-end/stoke-city/202175629,2021,3,championship
Queens Park Rangers,Middlesbrough,1-1,https://www.besoccer.com/match/queens-park-rangers-fc/middlesbrough-fc/202175630,2021,3,championship
Bristol City,Sheffield Wednesday,2-0,https://www.besoccer.com/match/bristol-city-fc/sheffield-wednesday-fc/202175624,2021,3,championship
AFC Bournemouth,Norwich City,1-0,https://www.besoccer.com/match/afc-bournemouth/norwich-city-fc/202175621,2021,3,championship
Coventry City,AFC Bournemouth,1-3,https://www.besoccer.com/match/coventry-city/afc-bournemouth/202175635,2021,4,championship
Norwich City,Derby County,0-1,https://www.besoccer.com/match/norwich-city-fc/derby-county-fc/202175638,2021,4,championship
Blackburn Rovers,Cardiff City,0-0,https://www.besoccer.com/match/blackburn-rovers-fc/cardiff-city-fc/202175633,2021,4,championship
Luton Town,Wycombe Wanderers,2-0,https://www.besoccer.com/match/luton-town-fc/wycombe-wanderers/202175636,2021,4,championship
Middlesbrough,Barnsley,2-1,https://www.besoccer.com/match/middlesbrough-fc/barnsley-fc/202175637,2021,4,championship
Nottingham Forest,Bristol City,1-2,https://www.besoccer.com/match/nottingham-forest-fc/bristol-city-fc/202175639,2021,4,championship
Reading,Watford,1-0,https://www.besoccer.com/match/reading-fc/watford-fc/202175640,2021,4,championship
Rotherham United,Huddersfield Town,1-1,https://www.besoccer.com/match/rotherham-united/huddersfield-town-fc/202175641,2021,4,championship
Sheffield Wednesday,Queens Park Rangers,1-1,https://www.besoccer.com/match/sheffield-wednesday-fc/queens-park-rangers-fc/202175642,2021,4,championship
Swansea City,Millwall,2-1,https://www.besoccer.com/match/swansea-city-afc/millwall-fc/202175644,2021,4,championship
Brentford,Preston North End,2-4,https://www.besoccer.com/match/brentford/preston-north-end/202175634,2021,4,championship
Stoke City,Birmingham City,1-1,https://www.besoccer.com/match/stoke-city/birmingham-city-fc/202175643,2021,4,championship
Derby County,Watford,0-1,https://www.besoccer.com/match/derby-county-fc/watford-fc/202175650,2021,5,championship
AFC Bournemouth,Queens Park Rangers,0-0,https://www.besoccer.com/match/afc-bournemouth/queens-park-rangers-fc/202175645,2021,5,championship
Barnsley,Bristol City,2-2,https://www.besoccer.com/match/barnsley-fc/bristol-city-fc/202175646,2021,5,championship
Birmingham City,Sheffield Wednesday,0-1,https://www.besoccer.com/match/birmingham-city-fc/sheffield-wednesday-fc/202175647,2021,5,championship
Blackburn Rovers,Nottingham Forest,0-1,https://www.besoccer.com/match/blackburn-rovers-fc/nottingham-forest-fc/202175648,2021,5,championship
Brentford,Coventry City,2-0,https://www.besoccer.com/match/brentford/coventry-city/202175649,2021,5,championship
Luton Town,Stoke City,0-2,https://www.besoccer.com/match/luton-town-fc/stoke-city/202175651,2021,5,championship
Middlesbrough,Reading,0-0,https://www.besoccer.com/match/middlesbrough-fc/reading-fc/202175652,2021,5,championship
Rotherham United,Norwich City,1-2,https://www.besoccer.com/match/rotherham-united/norwich-city-fc/202175654,2021,5,championship
Swansea City,Huddersfield Town,1-2,https://www.besoccer.com/match/swansea-city-afc/huddersfield-town-fc/202175655,2021,5,championship
Wycombe Wanderers,Millwall,1-2,https://www.besoccer.com/match/wycombe-wanderers/millwall-fc/202175656,2021,5,championship
Preston North End,Cardiff City,0-1,https://www.besoccer.com/match/preston-north-end/cardiff-city-fc/202175653,2021,5,championship
Bristol City,Middlesbrough,0-1,https://www.besoccer.com/match/bristol-city-fc/middlesbrough-fc/202175657,2021,6,championship
Coventry City,Swansea City,1-1,https://www.besoccer.com/match/coventry-city/swansea-city-afc/202175658,2021,6,championship
Millwall,Luton Town,2-0,https://www.besoccer.com/match/millwall-fc/luton-town-fc/202175659,2021,6,championship
Norwich City,Birmingham City,1-0,https://www.besoccer.com/match/norwich-city-fc/birmingham-city-fc/202175660,2021,6,championship
Nottingham Forest,Rotherham United,1-1,https://www.besoccer.com/match/nottingham-forest-fc/rotherham-united/202175661,2021,6,championship
Huddersfield Town,Derby County,1-0,https://www.besoccer.com/match/huddersfield-town-fc/derby-county-fc/202175664,2021,6,championship
Reading,Wycombe Wanderers,1-0,https://www.besoccer.com/match/reading-fc/wycombe-wanderers/202175662,2021,6,championship
Cardiff City,AFC Bournemouth,1-1,https://www.besoccer.com/match/cardiff-city-fc/afc-bournemouth/202175663,2021,6,championship
Queens Park Rangers,Preston North End,0-2,https://www.besoccer.com/match/queens-park-rangers-fc/preston-north-end/202175665,2021,6,championship
Sheffield Wednesday,Brentford,1-2,https://www.besoccer.com/match/sheffield-wednesday-fc/brentford/202175666,2021,6,championship
Watford,Blackburn Rovers,3-1,https://www.besoccer.com/match/watford-fc/blackburn-rovers-fc/202175667,2021,6,championship
Stoke City,Barnsley,2-2,https://www.besoccer.com/match/stoke-city/barnsley-fc/202175668,2021,6,championship
Nottingham Forest,Derby County,1-1,https://www.besoccer.com/match/nottingham-forest-fc/derby-county-fc/202175675,2021,7,championship
Watford,AFC Bournemouth,1-1,https://www.besoccer.com/match/watford-fc/afc-bournemouth/202175680,2021,7,championship
Bristol City,Swansea City,1-1,https://www.besoccer.com/match/bristol-city-fc/swansea-city-afc/202175669,2021,7,championship
Cardiff City,Middlesbrough,1-1,https://www.besoccer.com/match/cardiff-city-fc/middlesbrough-fc/202175670,2021,7,championship
Coventry City,Blackburn Rovers,0-4,https://www.besoccer.com/match/coventry-city/blackburn-rovers-fc/202175671,2021,7,championship
Huddersfield Town,Preston North End,1-2,https://www.besoccer.com/match/huddersfield-town-fc/preston-north-end/202175672,2021,7,championship
Millwall,Barnsley,1-1,https://www.besoccer.com/match/millwall-fc/barnsley-fc/202175673,2021,7,championship
Norwich City,Wycombe Wanderers,2-1,https://www.besoccer.com/match/norwich-city-fc/wycombe-wanderers/202175674,2021,7,championship
Queens Park Rangers,Birmingham City,0-0,https://www.besoccer.com/match/queens-park-rangers-fc/birmingham-city-fc/202175676,2021,7,championship
Reading,Rotherham United,3-0,https://www.besoccer.com/match/reading-fc/rotherham-united/202175677,2021,7,championship
Sheffield Wednesday,Luton Town,0-1,https://www.besoccer.com/match/sheffield-wednesday-fc/luton-town-fc/202175678,2021,7,championship
Stoke City,Brentford,3-2,https://www.besoccer.com/match/stoke-city/brentford/202175679,2021,7,championship
Barnsley,Queens Park Rangers,3-0,https://www.besoccer.com/match/barnsley-fc/queens-park-rangers-fc/202175681,2021,8,championship
Blackburn Rovers,Reading,2-4,https://www.besoccer.com/match/blackburn-rovers-fc/reading-fc/202175682,2021,8,championship
Brentford,Norwich City,1-1,https://www.besoccer.com/match/brentford/norwich-city-fc/202175683,2021,8,championship
Middlesbrough,Coventry City,2-0,https://www.besoccer.com/match/middlesbrough-fc/coventry-city/202175684,2021,8,championship
Swansea City,Stoke City,2-0,https://www.besoccer.com/match/swansea-city-afc/stoke-city/202175685,2021,8,championship
Wycombe Wanderers,Watford,1-1,https://www.besoccer.com/match/wycombe-wanderers/watford-fc/202175686,2021,8,championship
Preston North End,Millwall,0-2,https://www.besoccer.com/match/preston-north-end/millwall-fc/202175691,2021,8,championship
AFC Bournemouth,Bristol City,1-0,https://www.besoccer.com/match/afc-bournemouth/bristol-city-fc/202175687,2021,8,championship
Birmingham City,Huddersfield Town,2-1,https://www.besoccer.com/match/birmingham-city-fc/huddersfield-town-fc/202175688,2021,8,championship
Derby County,Cardiff City,1-1,https://www.besoccer.com/match/derby-county-fc/cardiff-city-fc/202175689,2021,8,championship
Luton Town,Nottingham Forest,1-1,https://www.besoccer.com/match/luton-town-fc/nottingham-forest-fc/202175690,2021,8,championship
Rotherham United,Sheffield Wednesday,3-0,https://www.besoccer.com/match/rotherham-united/sheffield-wednesday-fc/202175692,2021,8,championship
Coventry City,Reading,3-2,https://www.besoccer.com/match/coventry-city/reading-fc/202175696,2021,9,championship
Bristol City,Norwich City,1-3,https://www.besoccer.com/match/bristol-city-fc/norwich-city-fc/202175695,2021,9,championship
AFC Bournemouth,Derby County,1-1,https://www.besoccer.com/match/afc-bournemouth/derby-county-fc/202175693,2021,9,championship
Barnsley,Watford,1-0,https://www.besoccer.com/match/barnsley-fc/watford-fc/202175694,2021,9,championship
Luton Town,Brentford,0-3,https://www.besoccer.com/match/luton-town-fc/brentford/202175697,2021,9,championship
Middlesbrough,Nottingham Forest,1-0,https://www.besoccer.com/match/middlesbrough-fc/nottingham-forest-fc/202175698,2021,9,championship
Millwall,Huddersfield Town,0-3,https://www.besoccer.com/match/millwall-fc/huddersfield-town-fc/202175699,2021,9,championship
Preston North End,Birmingham City,1-2,https://www.besoccer.com/match/preston-north-end/birmingham-city-fc/202175700,2021,9,championship
Queens Park Rangers,Cardiff City,3-2,https://www.besoccer.com/match/queens-park-rangers-fc/cardiff-city-fc/202175701,2021,9,championship
Stoke City,Rotherham United,1-0,https://www.besoccer.com/match/stoke-city/rotherham-united/202175702,2021,9,championship
Swansea City,Blackburn Rovers,2-0,https://www.besoccer.com/match/swansea-city-afc/blackburn-rovers-fc/202175703,2021,9,championship
Wycombe Wanderers,Sheffield Wednesday,1-0,https://www.besoccer.com/match/wycombe-wanderers/sheffield-wednesday-fc/202175704,2021,9,championship
Brentford,Swansea City,1-1,https://www.besoccer.com/match/brentford/swansea-city-afc/202175706,2021,10,championship
Huddersfield Town,Bristol City,1-2,https://www.besoccer.com/match/huddersfield-town-fc/bristol-city-fc/202175708,2021,10,championship
Norwich City,Millwall,0-0,https://www.besoccer.com/match/norwich-city-fc/millwall-fc/202175709,2021,10,championship
Sheffield Wednesday,AFC Bournemouth,1-0,https://www.besoccer.com/match/sheffield-wednesday-fc/afc-bournemouth/202175710,2021,10,championship
Blackburn Rovers,Middlesbrough,0-0,https://www.besoccer.com/match/blackburn-rovers-fc/middlesbrough-fc/202175705,2021,10,championship
Cardiff City,Barnsley,3-0,https://www.besoccer.com/match/cardiff-city-fc/barnsley-fc/202175707,2021,10,championship
Watford,Stoke City,3-2,https://www.besoccer.com/match/watford-fc/stoke-city/202175715,2021,10,championship
Reading,Preston North End,0-3,https://www.besoccer.com/match/reading-fc/preston-north-end/202175716,2021,10,championship
Birmingham City,Wycombe Wanderers,1-2,https://www.besoccer.com/match/birmingham-city-fc/wycombe-wanderers/202175711,2021,10,championship
Derby County,Queens Park Rangers,0-1,https://www.besoccer.com/match/derby-county-fc/queens-park-rangers-fc/202175712,2021,10,championship
Nottingham Forest,Coventry City,2-1,https://www.besoccer.com/match/nottingham-forest-fc/coventry-city/202175713,2021,10,championship
Rotherham United,Luton Town,0-1,https://www.besoccer.com/match/rotherham-united/luton-town-fc/202175714,2021,10,championship
Cardiff City,Bristol City,0-1,https://www.besoccer.com/match/cardiff-city-fc/bristol-city-fc/202175720,2021,11,championship
Reading,Stoke City,0-3,https://www.besoccer.com/match/reading-fc/stoke-city/202175725,2021,11,championship
Birmingham City,AFC Bournemouth,1-3,https://www.besoccer.com/match/birmingham-city-fc/afc-bournemouth/202175717,2021,11,championship
Blackburn Rovers,Queens Park Rangers,3-1,https://www.besoccer.com/match/blackburn-rovers-fc/queens-park-rangers-fc/202175718,2021,11,championship
Brentford,Middlesbrough,0-0,https://www.besoccer.com/match/brentford/middlesbrough-fc/202175719,2021,11,championship
Derby County,Barnsley,0-2,https://www.besoccer.com/match/derby-county-fc/barnsley-fc/202175721,2021,11,championship
Huddersfield Town,Luton Town,1-1,https://www.besoccer.com/match/huddersfield-town-fc/luton-town-fc/202175722,2021,11,championship
Norwich City,Swansea City,1-0,https://www.besoccer.com/match/norwich-city-fc/swansea-city-afc/202175723,2021,11,championship
Nottingham Forest,Wycombe Wanderers,2-0,https://www.besoccer.com/match/nottingham-forest-fc/wycombe-wanderers/202175724,2021,11,championship
Rotherham United,Preston North End,2-1,https://www.besoccer.com/match/rotherham-united/preston-north-end/202175726,2021,11,championship
Sheffield Wednesday,Millwall,0-0,https://www.besoccer.com/match/sheffield-wednesday-fc/millwall-fc/202175727,2021,11,championship
Watford,Coventry City,3-2,https://www.besoccer.com/match/watford-fc/coventry-city/202175728,2021,11,championship
Coventry City,Birmingham City,0-0,https://www.besoccer.com/match/coventry-city/birmingham-city-fc/202175732,2021,12,championship
AFC Bournemouth,Reading,4-2,https://www.besoccer.com/match/afc-bournemouth/reading-fc/202175729,2021,12,championship
Barnsley,Nottingham Forest,2-0,https://www.besoccer.com/match/barnsley-fc/nottingham-forest-fc/202175730,2021,12,championship
Bristol City,Derby County,1-0,https://www.besoccer.com/match/bristol-city-fc/derby-county-fc/202175731,2021,12,championship
Luton Town,Blackburn Rovers,1-1,https://www.besoccer.com/match/luton-town-fc/blackburn-rovers-fc/202175733,2021,12,championship
Middlesbrough,Norwich City,0-1,https://www.besoccer.com/match/middlesbrough-fc/norwich-city-fc/202175734,2021,12,championship
Millwall,Cardiff City,1-1,https://www.besoccer.com/match/millwall-fc/cardiff-city-fc/202175735,2021,12,championship
Preston North End,Sheffield Wednesday,1-0,https://www.besoccer.com/match/preston-north-end/sheffield-wednesday-fc/202175736,2021,12,championship
Queens Park Rangers,Watford,1-1,https://www.besoccer.com/match/queens-park-rangers-fc/watford-fc/202175737,2021,12,championship
Stoke City,Huddersfield Town,4-3,https://www.besoccer.com/match/stoke-city/huddersfield-town-fc/202175738,2021,12,championship
Swansea City,Rotherham United,1-0,https://www.besoccer.com/match/swansea-city-afc/rotherham-united/202175739,2021,12,championship
Wycombe Wanderers,Brentford,0-0,https://www.besoccer.com/match/wycombe-wanderers/brentford/202175740,2021,12,championship
Luton Town,Birmingham City,1-1,https://www.besoccer.com/match/luton-town-fc/birmingham-city-fc/202175743,2021,13,championship
Queens Park Rangers,Rotherham United,3-2,https://www.besoccer.com/match/queens-park-rangers-fc/rotherham-united/202175745,2021,13,championship
Stoke City,Norwich City,2-3,https://www.besoccer.com/match/stoke-city/norwich-city-fc/202175746,2021,13,championship
Wycombe Wanderers,Huddersfield Town,0-0,https://www.besoccer.com/match/wycombe-wanderers/huddersfield-town-fc/202175752,2021,13,championship
Barnsley,Brentford,0-1,https://www.besoccer.com/match/barnsley-fc/brentford/202175742,2021,13,championship
Preston North End,Blackburn Rovers,0-3,https://www.besoccer.com/match/preston-north-end/blackburn-rovers-fc/202175744,2021,13,championship
AFC Bournemouth,Nottingham Forest,2-0,https://www.besoccer.com/match/afc-bournemouth/nottingham-forest-fc/202175741,2021,13,championship
Middlesbrough,Derby County,3-0,https://www.besoccer.com/match/middlesbrough-fc/derby-county-fc/202175749,2021,13,championship
Millwall,Reading,1-1,https://www.besoccer.com/match/millwall-fc/reading-fc/202175750,2021,13,championship
Bristol City,Watford,0-0,https://www.besoccer.com/match/bristol-city-fc/watford-fc/202175747,2021,13,championship
Coventry City,Cardiff City,1-0,https://www.besoccer.com/match/coventry-city/cardiff-city-fc/202175748,2021,13,championship
Swansea City,Sheffield Wednesday,1-1,https://www.besoccer.com/match/swansea-city-afc/sheffield-wednesday-fc/202175751,2021,13,championship
Brentford,Queens Park Rangers,2-1,https://www.besoccer.com/match/brentford/queens-park-rangers-fc/202175755,2021,14,championship
Reading,Bristol City,3-1,https://www.besoccer.com/match/reading-fc/bristol-city-fc/202175761,2021,14,championship
Birmingham City,Millwall,0-0,https://www.besoccer.com/match/birmingham-city-fc/millwall-fc/202175753,2021,14,championship
Blackburn Rovers,Barnsley,2-1,https://www.besoccer.com/match/blackburn-rovers-fc/barnsley-fc/202175754,2021,14,championship
Cardiff City,Luton Town,4-0,https://www.besoccer.com/match/cardiff-city-fc/luton-town-fc/202175756,2021,14,championship
Derby County,Wycombe Wanderers,1-1,https://www.besoccer.com/match/derby-county-fc/wycombe-wanderers/202175757,2021,14,championship
Huddersfield Town,Middlesbrough,3-2,https://www.besoccer.com/match/huddersfield-town-fc/middlesbrough-fc/202175758,2021,14,championship
Norwich City,Coventry City,1-1,https://www.besoccer.com/match/norwich-city-fc/coventry-city/202175759,2021,14,championship
Rotherham United,AFC Bournemouth,2-2,https://www.besoccer.com/match/rotherham-united/afc-bournemouth/202175762,2021,14,championship
Sheffield Wednesday,Stoke City,0-0,https://www.besoccer.com/match/sheffield-wednesday-fc/stoke-city/202175763,2021,14,championship
Watford,Preston North End,4-1,https://www.besoccer.com/match/watford-fc/preston-north-end/202175764,2021,14,championship
Nottingham Forest,Swansea City,0-1,https://www.besoccer.com/match/nottingham-forest-fc/swansea-city-afc/202175760,2021,14,championship
Cardiff City,Huddersfield Town,3-0,https://www.besoccer.com/match/cardiff-city-fc/huddersfield-town-fc/202175767,2021,15,championship
AFC Bournemouth,Preston North End,2-3,https://www.besoccer.com/match/afc-bournemouth/preston-north-end/202175765,2021,15,championship
Birmingham City,Barnsley,1-2,https://www.besoccer.com/match/birmingham-city-fc/barnsley-fc/202175766,2021,15,championship
Derby County,Coventry City,1-1,https://www.besoccer.com/match/derby-county-fc/coventry-city/202175768,2021,15,championship
Queens Park Rangers,Bristol City,1-2,https://www.besoccer.com/match/queens-park-rangers-fc/bristol-city-fc/202175769,2021,15,championship
Rotherham United,Brentford,0-2,https://www.besoccer.com/match/rotherham-united/brentford/202175770,2021,15,championship
Middlesbrough,Swansea City,2-1,https://www.besoccer.com/match/middlesbrough-fc/swansea-city-afc/202175773,2021,15,championship
Blackburn Rovers,Millwall,2-1,https://www.besoccer.com/match/blackburn-rovers-fc/millwall-fc/202175771,2021,15,championship
Luton Town,Norwich City,3-1,https://www.besoccer.com/match/luton-town-fc/norwich-city-fc/202175772,2021,15,championship
Nottingham Forest,Watford,0-0,https://www.besoccer.com/match/nottingham-forest-fc/watford-fc/202175774,2021,15,championship
Sheffield Wednesday,Reading,1-1,https://www.besoccer.com/match/sheffield-wednesday-fc/reading-fc/202175775,2021,15,championship
Wycombe Wanderers,Stoke City,0-1,https://www.besoccer.com/match/wycombe-wanderers/stoke-city/202175776,2021,15,championship
Barnsley,AFC Bournemouth,0-4,https://www.besoccer.com/match/barnsley-fc/afc-bournemouth/202175777,2021,16,championship
Reading,Nottingham Forest,2-0,https://www.besoccer.com/match/reading-fc/nottingham-forest-fc/202175785,2021,16,championship
Brentford,Blackburn Rovers,2-2,https://www.besoccer.com/match/brentford/blackburn-rovers-fc/202175778,2021,16,championship
Bristol City,Birmingham City,0-1,https://www.besoccer.com/match/bristol-city-fc/birmingham-city-fc/202175779,2021,16,championship
Coventry City,Rotherham United,3-1,https://www.besoccer.com/match/coventry-city/rotherham-united/202175780,2021,16,championship
Huddersfield Town,Queens Park Rangers,2-0,https://www.besoccer.com/match/huddersfield-town-fc/queens-park-rangers-fc/202175781,2021,16,championship
Millwall,Derby County,0-1,https://www.besoccer.com/match/millwall-fc/derby-county-fc/202175782,2021,16,championship
Norwich City,Sheffield Wednesday,2-1,https://www.besoccer.com/match/norwich-city-fc/sheffield-wednesday-fc/202175783,2021,16,championship
Preston North End,Wycombe Wanderers,2-2,https://www.besoccer.com/match/preston-north-end/wycombe-wanderers/202175784,2021,16,championship
Stoke City,Middlesbrough,1-0,https://www.besoccer.com/match/stoke-city/middlesbrough-fc/202175786,2021,16,championship
Swansea City,Luton Town,2-0,https://www.besoccer.com/match/swansea-city-afc/luton-town-fc/202175787,2021,16,championship
Watford,Cardiff City,0-1,https://www.besoccer.com/match/watford-fc/cardiff-city-fc/202175788,2021,16,championship
Coventry City,Luton Town,0-0,https://www.besoccer.com/match/coventry-city/luton-town-fc/202175789,2021,17,championship
Huddersfield Town,Sheffield Wednesday,2-0,https://www.besoccer.com/match/huddersfield-town-fc/sheffield-wednesday-fc/202175790,2021,17,championship
Millwall,Queens Park Rangers,1-1,https://www.besoccer.com/match/millwall-fc/queens-park-rangers-fc/202175791,2021,17,championship
Swansea City,AFC Bournemouth,0-0,https://www.besoccer.com/match/swansea-city-afc/afc-bournemouth/202175792,2021,17,championship
Watford,Rotherham United,2-0,https://www.besoccer.com/match/watford-fc/rotherham-united/202175793,2021,17,championship
Stoke City,Cardiff City,1-2,https://www.besoccer.com/match/stoke-city/cardiff-city-fc/202175794,2021,17,championship
Preston North End,Middlesbrough,3-0,https://www.besoccer.com/match/preston-north-end/middlesbrough-fc/202175799,2021,17,championship
Barnsley,Wycombe Wanderers,2-1,https://www.besoccer.com/match/barnsley-fc/wycombe-wanderers/202175795,2021,17,championship
Brentford,Derby County,0-0,https://www.besoccer.com/match/brentford/derby-county-fc/202175796,2021,17,championship
Bristol City,Blackburn Rovers,1-0,https://www.besoccer.com/match/bristol-city-fc/blackburn-rovers-fc/202175797,2021,17,championship
Norwich City,Nottingham Forest,2-1,https://www.besoccer.com/match/norwich-city-fc/nottingham-forest-fc/202175798,2021,17,championship
Reading,Birmingham City,1-2,https://www.besoccer.com/match/reading-fc/birmingham-city-fc/202175800,2021,17,championship
Cardiff City,Swansea City,0-2,https://www.besoccer.com/match/cardiff-city-fc/swansea-city-afc/202175804,2021,18,championship
AFC Bournemouth,Huddersfield Town,5-0,https://www.besoccer.com/match/afc-bournemouth/huddersfield-town-fc/202175801,2021,18,championship
Birmingham City,Watford,0-1,https://www.besoccer.com/match/birmingham-city-fc/watford-fc/202175802,2021,18,championship
Blackburn Rovers,Norwich City,1-2,https://www.besoccer.com/match/blackburn-rovers-fc/norwich-city-fc/202175803,2021,18,championship
Derby County,Stoke City,0-0,https://www.besoccer.com/match/derby-county-fc/stoke-city/202175805,2021,18,championship
Luton Town,Preston North End,3-0,https://www.besoccer.com/match/luton-town-fc/preston-north-end/202175806,2021,18,championship
Middlesbrough,Millwall,3-0,https://www.besoccer.com/match/middlesbrough-fc/millwall-fc/202175807,2021,18,championship
Nottingham Forest,Brentford,1-3,https://www.besoccer.com/match/nottingham-forest-fc/brentford/202175808,2021,18,championship
Queens Park Rangers,Reading,0-1,https://www.besoccer.com/match/queens-park-rangers-fc/reading-fc/202175809,2021,18,championship
Rotherham United,Bristol City,2-0,https://www.besoccer.com/match/rotherham-united/bristol-city-fc/202175810,2021,18,championship
Sheffield Wednesday,Barnsley,1-2,https://www.besoccer.com/match/sheffield-wednesday-fc/barnsley-fc/202175811,2021,18,championship
Wycombe Wanderers,Coventry City,1-2,https://www.besoccer.com/match/wycombe-wanderers/coventry-city/202175812,2021,18,championship
Queens Park Rangers,Stoke City,0-0,https://www.besoccer.com/match/queens-park-rangers-fc/stoke-city/202175817,2021,19,championship
AFC Bournemouth,Wycombe Wanderers,1-0,https://www.besoccer.com/match/afc-bournemouth/wycombe-wanderers/202175813,2021,19,championship
Barnsley,Preston North End,2-1,https://www.besoccer.com/match/barnsley-fc/preston-north-end/202175814,2021,19,championship
Bristol City,Millwall,0-2,https://www.besoccer.com/match/bristol-city-fc/millwall-fc/202175815,2021,19,championship
Nottingham Forest,Sheffield Wednesday,2-0,https://www.besoccer.com/match/nottingham-forest-fc/sheffield-wednesday-fc/202175816,2021,19,championship
Watford,Brentford,1-1,https://www.besoccer.com/match/watford-fc/brentford/202175818,2021,19,championship
Derby County,Swansea City,2-0,https://www.besoccer.com/match/derby-county-fc/swansea-city-afc/202175822,2021,19,championship
Cardiff City,Birmingham City,3-2,https://www.besoccer.com/match/cardiff-city-fc/birmingham-city-fc/202175820,2021,19,championship
Middlesbrough,Luton Town,1-0,https://www.besoccer.com/match/middlesbrough-fc/luton-town-fc/202175823,2021,19,championship
Blackburn Rovers,Rotherham United,2-1,https://www.besoccer.com/match/blackburn-rovers-fc/rotherham-united/202175819,2021,19,championship
Coventry City,Huddersfield Town,0-0,https://www.besoccer.com/match/coventry-city/huddersfield-town-fc/202175821,2021,19,championship
Reading,Norwich City,1-2,https://www.besoccer.com/match/reading-fc/norwich-city-fc/202175824,2021,19,championship
Preston North End,Bristol City,1-0,https://www.besoccer.com/match/preston-north-end/bristol-city-fc/202175831,2021,20,championship
Norwich City,Cardiff City,2-0,https://www.besoccer.com/match/norwich-city-fc/cardiff-city-fc/202175830,2021,20,championship
Birmingham City,Middlesbrough,1-4,https://www.besoccer.com/match/birmingham-city-fc/middlesbrough-fc/202175825,2021,20,championship
Brentford,Reading,3-1,https://www.besoccer.com/match/brentford/reading-fc/202175826,2021,20,championship
Huddersfield Town,Watford,2-0,https://www.besoccer.com/match/huddersfield-town-fc/watford-fc/202175827,2021,20,championship
Luton Town,AFC Bournemouth,0-0,https://www.besoccer.com/match/luton-town-fc/afc-bournemouth/202175828,2021,20,championship
Millwall,Nottingham Forest,1-1,https://www.besoccer.com/match/millwall-fc/nottingham-forest-fc/202175829,2021,20,championship
Sheffield Wednesday,Coventry City,1-0,https://www.besoccer.com/match/sheffield-wednesday-fc/coventry-city/202175833,2021,20,championship
Stoke City,Blackburn Rovers,1-0,https://www.besoccer.com/match/stoke-city/blackburn-rovers-fc/202175834,2021,20,championship
Swansea City,Barnsley,2-0,https://www.besoccer.com/match/swansea-city-afc/barnsley-fc/202175835,2021,20,championship
Wycombe Wanderers,Queens Park Rangers,1-1,https://www.besoccer.com/match/wycombe-wanderers/queens-park-rangers-fc/202175836,2021,20,championship
Rotherham United,Derby County,3-0,https://www.besoccer.com/match/rotherham-united/derby-county-fc/202175832,2021,20,championship
Barnsley,Huddersfield Town,2-1,https://www.besoccer.com/match/barnsley-fc/huddersfield-town-fc/202175838,2021,21,championship
Blackburn Rovers,Sheffield Wednesday,1-1,https://www.besoccer.com/match/blackburn-rovers-fc/sheffield-wednesday-fc/202175839,2021,21,championship
Bristol City,Wycombe Wanderers,2-1,https://www.besoccer.com/match/bristol-city-fc/wycombe-wanderers/202175840,2021,21,championship
Cardiff City,Brentford,2-3,https://www.besoccer.com/match/cardiff-city-fc/brentford/202175841,2021,21,championship
Coventry City,Stoke City,0-0,https://www.besoccer.com/match/coventry-city/stoke-city/202175842,2021,21,championship
Derby County,Preston North End,0-1,https://www.besoccer.com/match/derby-county-fc/preston-north-end/202175843,2021,21,championship
Nottingham Forest,Birmingham City,0-0,https://www.besoccer.com/match/nottingham-forest-fc/birmingham-city-fc/202175845,2021,21,championship
Queens Park Rangers,Swansea City,0-2,https://www.besoccer.com/match/queens-park-rangers-fc/swansea-city-afc/202175846,2021,21,championship
Reading,Luton Town,2-1,https://www.besoccer.com/match/reading-fc/luton-town-fc/202175847,2021,21,championship
Watford,Norwich City,1-0,https://www.besoccer.com/match/watford-fc/norwich-city-fc/202175848,2021,21,championship
AFC Bournemouth,Millwall,1-1,https://www.besoccer.com/match/afc-bournemouth/millwall-fc/202175837,2021,21,championship
Middlesbrough,Rotherham United,0-3,https://www.besoccer.com/match/middlesbrough-fc/rotherham-united/202175844,2021,21,championship
Birmingham City,Derby County,0-4,https://www.besoccer.com/match/birmingham-city-fc/derby-county-fc/202175849,2021,22,championship
Sheffield Wednesday,Middlesbrough,2-1,https://www.besoccer.com/match/sheffield-wednesday-fc/middlesbrough-fc/202175857,2021,22,championship
Huddersfield Town,Blackburn Rovers,2-1,https://www.besoccer.com/match/huddersfield-town-fc/blackburn-rovers-fc/202175851,2021,22,championship
Luton Town,Bristol City,2-1,https://www.besoccer.com/match/luton-town-fc/bristol-city-fc/202175852,2021,22,championship
Norwich City,Queens Park Rangers,1-1,https://www.besoccer.com/match/norwich-city-fc/queens-park-rangers-fc/202175854,2021,22,championship
Preston North End,Coventry City,2-0,https://www.besoccer.com/match/preston-north-end/coventry-city/202175855,2021,22,championship
Rotherham United,Barnsley,1-2,https://www.besoccer.com/match/rotherham-united/barnsley-fc/202175856,2021,22,championship
Wycombe Wanderers,Cardiff City,2-1,https://www.besoccer.com/match/wycombe-wanderers/cardiff-city-fc/202175859,2021,22,championship
Stoke City,Nottingham Forest,1-1,https://www.besoccer.com/match/stoke-city/nottingham-forest-fc/202175860,2021,22,championship
Brentford,AFC Bournemouth,2-1,https://www.besoccer.com/match/brentford/afc-bournemouth/202175850,2021,22,championship
Swansea City,Reading,0-0,https://www.besoccer.com/match/swansea-city-afc/reading-fc/202175858,2021,22,championship
Millwall,Watford,0-0,https://www.besoccer.com/match/millwall-fc/watford-fc/202175853,2021,22,championship
Sheffield Wednesday,Derby County,1-0,https://www.besoccer.com/match/sheffield-wednesday-fc/derby-county-fc/202175869,2021,23,championship
Birmingham City,Blackburn Rovers,0-2,https://www.besoccer.com/match/birmingham-city-fc/blackburn-rovers-fc/202175861,2021,23,championship
Huddersfield Town,Reading,1-2,https://www.besoccer.com/match/huddersfield-town-fc/reading-fc/202175863,2021,23,championship
Millwall,Coventry City,1-2,https://www.besoccer.com/match/millwall-fc/coventry-city/202175865,2021,23,championship
Norwich City,Barnsley,1-0,https://www.besoccer.com/match/norwich-city-fc/barnsley-fc/202175866,2021,23,championship
Preston North End,Nottingham Forest,0-1,https://www.besoccer.com/match/preston-north-end/nottingham-forest-fc/202175867,2021,23,championship
Swansea City,Watford,2-1,https://www.besoccer.com/match/swansea-city-afc/watford-fc/202175871,2021,23,championship
Wycombe Wanderers,Middlesbrough,1-3,https://www.besoccer.com/match/wycombe-wanderers/middlesbrough-fc/202175872,2021,23,championship
Stoke City,AFC Bournemouth,0-1,https://www.besoccer.com/match/stoke-city/afc-bournemouth/202175870,2021,23,championship
Luton Town,Queens Park Rangers,0-2,https://www.besoccer.com/match/luton-town-fc/queens-park-rangers-fc/202175864,2021,23,championship
Brentford,Bristol City,3-2,https://www.besoccer.com/match/brentford/bristol-city-fc/202175862,2021,23,championship
Rotherham United,Cardiff City,1-2,https://www.besoccer.com/match/rotherham-united/cardiff-city-fc/202175868,2021,23,championship
Middlesbrough,Birmingham City,0-1,https://www.besoccer.com/match/middlesbrough-fc/birmingham-city-fc/202175880,2021,24,championship
AFC Bournemouth,Luton Town,0-1,https://www.besoccer.com/match/afc-bournemouth/luton-town-fc/202175873,2021,24,championship
Blackburn Rovers,Stoke City,1-1,https://www.besoccer.com/match/blackburn-rovers-fc/stoke-city/202175875,2021,24,championship
Bristol City,Preston North End,2-0,https://www.besoccer.com/match/bristol-city-fc/preston-north-end/202175876,2021,24,championship
Cardiff City,Norwich City,1-2,https://www.besoccer.com/match/cardiff-city-fc/norwich-city-fc/202175877,2021,24,championship
Derby County,Rotherham United,0-1,https://www.besoccer.com/match/derby-county-fc/rotherham-united/202175879,2021,24,championship
Nottingham Forest,Millwall,3-1,https://www.besoccer.com/match/nottingham-forest-fc/millwall-fc/202175881,2021,24,championship
Watford,Huddersfield Town,2-0,https://www.besoccer.com/match/watford-fc/huddersfield-town-fc/202175884,2021,24,championship
Barnsley,Swansea City,0-2,https://www.besoccer.com/match/barnsley-fc/swansea-city-afc/202175874,2021,24,championship
Coventry City,Sheffield Wednesday,2-0,https://www.besoccer.com/match/coventry-city/sheffield-wednesday-fc/202175878,2021,24,championship
Reading,Brentford,1-3,https://www.besoccer.com/match/reading-fc/brentford/202175883,2021,24,championship
Queens Park Rangers,Wycombe Wanderers,1-0,https://www.besoccer.com/match/queens-park-rangers-fc/wycombe-wanderers/202175882,2021,24,championship
Derby County,AFC Bournemouth,1-0,https://www.besoccer.com/match/derby-county-fc/afc-bournemouth/202175886,2021,25,championship
Reading,Coventry City,3-0,https://www.besoccer.com/match/reading-fc/coventry-city/202175890,2021,25,championship
Rotherham United,Stoke City,3-3,https://www.besoccer.com/match/rotherham-united/stoke-city/202175887,2021,25,championship
Watford,Barnsley,1-0,https://www.besoccer.com/match/watford-fc/barnsley-fc/202175889,2021,25,championship
Norwich City,Bristol City,2-0,https://www.besoccer.com/match/norwich-city-fc/bristol-city-fc/202175895,2021,25,championship
Brentford,Luton Town,1-0,https://www.besoccer.com/match/brentford/luton-town-fc/202175892,2021,25,championship
Cardiff City,Queens Park Rangers,0-1,https://www.besoccer.com/match/cardiff-city-fc/queens-park-rangers-fc/202175893,2021,25,championship
Huddersfield Town,Millwall,0-1,https://www.besoccer.com/match/huddersfield-town-fc/millwall-fc/202175894,2021,25,championship
Nottingham Forest,Middlesbrough,1-2,https://www.besoccer.com/match/nottingham-forest-fc/middlesbrough-fc/202175896,2021,25,championship
Birmingham City,Preston North End,0-1,https://www.besoccer.com/match/birmingham-city-fc/preston-north-end/202175891,2021,25,championship
Sheffield Wednesday,Wycombe Wanderers,2-0,https://www.besoccer.com/match/sheffield-wednesday-fc/wycombe-wanderers/202175888,2021,25,championship
Blackburn Rovers,Swansea City,1-1,https://www.besoccer.com/match/blackburn-rovers-fc/swansea-city-afc/202175885,2021,25,championship
Stoke City,Watford,1-2,https://www.besoccer.com/match/stoke-city/watford-fc/202175906,2021,26,championship
Queens Park Rangers,Derby County,0-1,https://www.besoccer.com/match/queens-park-rangers-fc/derby-county-fc/202175905,2021,26,championship
Preston North End,Reading,0-0,https://www.besoccer.com/match/preston-north-end/reading-fc/202175904,2021,26,championship
Middlesbrough,Blackburn Rovers,0-1,https://www.besoccer.com/match/middlesbrough-fc/blackburn-rovers-fc/202175902,2021,26,championship
Bristol City,Huddersfield Town,2-1,https://www.besoccer.com/match/bristol-city-fc/huddersfield-town-fc/202175899,2021,26,championship
Barnsley,Cardiff City,2-2,https://www.besoccer.com/match/barnsley-fc/cardiff-city-fc/202175898,2021,26,championship
Swansea City,Brentford,1-1,https://www.besoccer.com/match/swansea-city-afc/brentford/202175907,2021,26,championship
Millwall,Norwich City,0-0,https://www.besoccer.com/match/millwall-fc/norwich-city-fc/202175903,2021,26,championship
AFC Bournemouth,Sheffield Wednesday,1-2,https://www.besoccer.com/match/afc-bournemouth/sheffield-wednesday-fc/202175897,2021,26,championship
Coventry City,Nottingham Forest,1-2,https://www.besoccer.com/match/coventry-city/nottingham-forest-fc/202175900,2021,26,championship
Wycombe Wanderers,Birmingham City,0-0,https://www.besoccer.com/match/wycombe-wanderers/birmingham-city-fc/202175908,2021,26,championship
Reading,AFC Bournemouth,3-1,https://www.besoccer.com/match/reading-fc/afc-bournemouth/202175917,2021,27,championship
Norwich City,Middlesbrough,0-0,https://www.besoccer.com/match/norwich-city-fc/middlesbrough-fc/202175915,2021,27,championship
Birmingham City,Coventry City,1-1,https://www.besoccer.com/match/birmingham-city-fc/coventry-city/202175909,2021,27,championship
Blackburn Rovers,Luton Town,1-0,https://www.besoccer.com/match/blackburn-rovers-fc/luton-town-fc/202175910,2021,27,championship
Brentford,Wycombe Wanderers,7-2,https://www.besoccer.com/match/brentford/wycombe-wanderers/202175911,2021,27,championship
Cardiff City,Millwall,1-1,https://www.besoccer.com/match/cardiff-city-fc/millwall-fc/202175912,2021,27,championship
Derby County,Bristol City,1-0,https://www.besoccer.com/match/derby-county-fc/bristol-city-fc/202175913,2021,27,championship
Huddersfield Town,Stoke City,1-1,https://www.besoccer.com/match/huddersfield-town-fc/stoke-city/202175914,2021,27,championship
Nottingham Forest,Barnsley,0-0,https://www.besoccer.com/match/nottingham-forest-fc/barnsley-fc/202175916,2021,27,championship
Rotherham United,Swansea City,1-3,https://www.besoccer.com/match/rotherham-united/swansea-city-afc/202175918,2021,27,championship
Sheffield Wednesday,Preston North End,1-0,https://www.besoccer.com/match/sheffield-wednesday-fc/preston-north-end/202175919,2021,27,championship
Watford,Queens Park Rangers,1-2,https://www.besoccer.com/match/watford-fc/queens-park-rangers-fc/202175920,2021,27,championship
Swansea City,Norwich City,2-0,https://www.besoccer.com/match/swansea-city-afc/norwich-city-fc/202175931,2021,28,championship
Coventry City,Watford,0-0,https://www.besoccer.com/match/coventry-city/watford-fc/202175924,2021,28,championship
AFC Bournemouth,Birmingham City,3-2,https://www.besoccer.com/match/afc-bournemouth/birmingham-city-fc/202175921,2021,28,championship
Bristol City,Cardiff City,0-2,https://www.besoccer.com/match/bristol-city-fc/cardiff-city-fc/202175923,2021,28,championship
Luton Town,Huddersfield Town,1-1,https://www.besoccer.com/match/luton-town-fc/huddersfield-town-fc/202175925,2021,28,championship
Middlesbrough,Brentford,1-4,https://www.besoccer.com/match/middlesbrough-fc/brentford/202175926,2021,28,championship
Millwall,Sheffield Wednesday,4-1,https://www.besoccer.com/match/millwall-fc/sheffield-wednesday-fc/202175927,2021,28,championship
Preston North End,Rotherham United,1-2,https://www.besoccer.com/match/preston-north-end/rotherham-united/202175928,2021,28,championship
Queens Park Rangers,Blackburn Rovers,1-0,https://www.besoccer.com/match/queens-park-rangers-fc/blackburn-rovers-fc/202175929,2021,28,championship
Stoke City,Reading,0-0,https://www.besoccer.com/match/stoke-city/reading-fc/202175930,2021,28,championship
Wycombe Wanderers,Nottingham Forest,0-3,https://www.besoccer.com/match/wycombe-wanderers/nottingham-forest-fc/202175932,2021,28,championship
Barnsley,Derby County,0-0,https://www.besoccer.com/match/barnsley-fc/derby-county-fc/202175922,2021,28,championship
Blackburn Rovers,Preston North End,1-2,https://www.besoccer.com/match/blackburn-rovers-fc/preston-north-end/202175934,2021,29,championship
Nottingham Forest,AFC Bournemouth,0-0,https://www.besoccer.com/match/nottingham-forest-fc/afc-bournemouth/202175940,2021,29,championship
Birmingham City,Luton Town,0-1,https://www.besoccer.com/match/birmingham-city-fc/luton-town-fc/202175933,2021,29,championship
Cardiff City,Coventry City,3-1,https://www.besoccer.com/match/cardiff-city-fc/coventry-city/202175936,2021,29,championship
Derby County,Middlesbrough,2-1,https://www.besoccer.com/match/derby-county-fc/middlesbrough-fc/202175937,2021,29,championship
Huddersfield Town,Wycombe Wanderers,2-3,https://www.besoccer.com/match/huddersfield-town-fc/wycombe-wanderers/202175938,2021,29,championship
Norwich City,Stoke City,4-1,https://www.besoccer.com/match/norwich-city-fc/stoke-city/202175939,2021,29,championship
Reading,Millwall,1-2,https://www.besoccer.com/match/reading-fc/millwall-fc/202175941,2021,29,championship
Watford,Bristol City,6-0,https://www.besoccer.com/match/watford-fc/bristol-city-fc/202175944,2021,29,championship
Brentford,Barnsley,0-2,https://www.besoccer.com/match/brentford/barnsley-fc/202175935,2021,29,championship
Sheffield Wednesday,Swansea City,0-2,https://www.besoccer.com/match/sheffield-wednesday-fc/swansea-city-afc/202175943,2021,29,championship
Rotherham United,Queens Park Rangers,3-1,https://www.besoccer.com/match/rotherham-united/queens-park-rangers-fc/202175942,2021,29,championship
Preston North End,Watford,0-1,https://www.besoccer.com/match/preston-north-end/watford-fc/202175948,2021,30,championship
Stoke City,Sheffield Wednesday,1-0,https://www.besoccer.com/match/stoke-city/sheffield-wednesday-fc/202175950,2021,30,championship
Bristol City,Reading,0-2,https://www.besoccer.com/match/bristol-city-fc/reading-fc/202175945,2021,30,championship
Middlesbrough,Huddersfield Town,2-1,https://www.besoccer.com/match/middlesbrough-fc/huddersfield-town-fc/202175947,2021,30,championship
Wycombe Wanderers,Derby County,1-2,https://www.besoccer.com/match/wycombe-wanderers/derby-county-fc/202175949,2021,30,championship
Luton Town,Cardiff City,0-2,https://www.besoccer.com/match/luton-town-fc/cardiff-city-fc/202175946,2021,30,championship
Coventry City,Norwich City,0-2,https://www.besoccer.com/match/coventry-city/norwich-city-fc/202175953,2021,30,championship
Millwall,Birmingham City,2-0,https://www.besoccer.com/match/millwall-fc/birmingham-city-fc/202175954,2021,30,championship
Queens Park Rangers,Brentford,2-1,https://www.besoccer.com/match/queens-park-rangers-fc/brentford/202175955,2021,30,championship
Swansea City,Nottingham Forest,1-0,https://www.besoccer.com/match/swansea-city-afc/nottingham-forest-fc/202175956,2021,30,championship
Barnsley,Blackburn Rovers,2-1,https://www.besoccer.com/match/barnsley-fc/blackburn-rovers-fc/202175952,2021,30,championship
AFC Bournemouth,Rotherham United,1-0,https://www.besoccer.com/match/afc-bournemouth/rotherham-united/202175951,2021,30,championship
Watford,Derby County,2-1,https://www.besoccer.com/match/watford-fc/derby-county-fc/202175968,2021,31,championship
Coventry City,Brentford,2-0,https://www.besoccer.com/match/coventry-city/brentford/202175959,2021,31,championship
Bristol City,Barnsley,0-1,https://www.besoccer.com/match/bristol-city-fc/barnsley-fc/202175957,2021,31,championship
Cardiff City,Preston North End,4-0,https://www.besoccer.com/match/cardiff-city-fc/preston-north-end/202175958,2021,31,championship
Huddersfield Town,Swansea City,4-1,https://www.besoccer.com/match/huddersfield-town-fc/swansea-city-afc/202175960,2021,31,championship
Millwall,Wycombe Wanderers,0-0,https://www.besoccer.com/match/millwall-fc/wycombe-wanderers/202175961,2021,31,championship
Norwich City,Rotherham United,1-0,https://www.besoccer.com/match/norwich-city-fc/rotherham-united/202175962,2021,31,championship
Nottingham Forest,Blackburn Rovers,1-0,https://www.besoccer.com/match/nottingham-forest-fc/blackburn-rovers-fc/202175963,2021,31,championship
Queens Park Rangers,AFC Bournemouth,2-1,https://www.besoccer.com/match/queens-park-rangers-fc/afc-bournemouth/202175964,2021,31,championship
Reading,Middlesbrough,0-2,https://www.besoccer.com/match/reading-fc/middlesbrough-fc/202175965,2021,31,championship
Sheffield Wednesday,Birmingham City,0-1,https://www.besoccer.com/match/sheffield-wednesday-fc/birmingham-city-fc/202175966,2021,31,championship
Stoke City,Luton Town,3-0,https://www.besoccer.com/match/stoke-city/luton-town-fc/202175967,2021,31,championship
Birmingham City,Norwich City,1-3,https://www.besoccer.com/match/birmingham-city-fc/norwich-city-fc/202175969,2021,32,championship
Derby County,Huddersfield Town,2-0,https://www.besoccer.com/match/derby-county-fc/huddersfield-town-fc/202175970,2021,32,championship
Middlesbrough,Bristol City,1-3,https://www.besoccer.com/match/middlesbrough-fc/bristol-city-fc/202175972,2021,32,championship
Luton Town,Millwall,1-1,https://www.besoccer.com/match/luton-town-fc/millwall-fc/202175971,2021,32,championship
Rotherham United,Nottingham Forest,0-1,https://www.besoccer.com/match/rotherham-united/nottingham-forest-fc/202175973,2021,32,championship
Wycombe Wanderers,Reading,1-0,https://www.besoccer.com/match/wycombe-wanderers/reading-fc/202175974,2021,32,championship
Barnsley,Stoke City,2-0,https://www.besoccer.com/match/barnsley-fc/stoke-city/202175976,2021,32,championship
Brentford,Sheffield Wednesday,3-0,https://www.besoccer.com/match/brentford/sheffield-wednesday-fc/202175978,2021,32,championship
Swansea City,Coventry City,1-0,https://www.besoccer.com/match/swansea-city-afc/coventry-city/202175980,2021,32,championship
AFC Bournemouth,Cardiff City,1-2,https://www.besoccer.com/match/afc-bournemouth/cardiff-city-fc/202175975,2021,32,championship
Blackburn Rovers,Watford,2-3,https://www.besoccer.com/match/blackburn-rovers-fc/watford-fc/202175977,2021,32,championship
Preston North End,Queens Park Rangers,0-0,https://www.besoccer.com/match/preston-north-end/queens-park-rangers-fc/202175979,2021,32,championship
Derby County,Nottingham Forest,1-1,https://www.besoccer.com/match/derby-county-fc/nottingham-forest-fc/202175986,2021,33,championship
AFC Bournemouth,Watford,1-0,https://www.besoccer.com/match/afc-bournemouth/watford-fc/202175981,2021,33,championship
Barnsley,Millwall,2-1,https://www.besoccer.com/match/barnsley-fc/millwall-fc/202175982,2021,33,championship
Birmingham City,Queens Park Rangers,2-1,https://www.besoccer.com/match/birmingham-city-fc/queens-park-rangers-fc/202175983,2021,33,championship
Blackburn Rovers,Coventry City,1-1,https://www.besoccer.com/match/blackburn-rovers-fc/coventry-city/202175984,2021,33,championship
Brentford,Stoke City,2-1,https://www.besoccer.com/match/brentford/stoke-city/202175985,2021,33,championship
Luton Town,Sheffield Wednesday,3-2,https://www.besoccer.com/match/luton-town-fc/sheffield-wednesday-fc/202175987,2021,33,championship
Middlesbrough,Cardiff City,1-1,https://www.besoccer.com/match/middlesbrough-fc/cardiff-city-fc/202175988,2021,33,championship
Preston North End,Huddersfield Town,3-0,https://www.besoccer.com/match/preston-north-end/huddersfield-town-fc/202175989,2021,33,championship
Rotherham United,Reading,0-1,https://www.besoccer.com/match/rotherham-united/reading-fc/202175990,2021,33,championship
Swansea City,Bristol City,1-3,https://www.besoccer.com/match/swansea-city-afc/bristol-city-fc/202175991,2021,33,championship
Wycombe Wanderers,Norwich City,0-2,https://www.besoccer.com/match/wycombe-wanderers/norwich-city-fc/202175992,2021,33,championship
Cardiff City,Derby County,4-0,https://www.besoccer.com/match/cardiff-city-fc/derby-county-fc/202175993,2021,34,championship
Coventry City,Middlesbrough,1-2,https://www.besoccer.com/match/coventry-city/middlesbrough-fc/202175994,2021,34,championship
Huddersfield Town,Birmingham City,1-1,https://www.besoccer.com/match/huddersfield-town-fc/birmingham-city-fc/202175995,2021,34,championship
Millwall,Preston North End,2-1,https://www.besoccer.com/match/millwall-fc/preston-north-end/202175996,2021,34,championship
Nottingham Forest,Luton Town,0-1,https://www.besoccer.com/match/nottingham-forest-fc/luton-town-fc/202175997,2021,34,championship
Reading,Blackburn Rovers,1-0,https://www.besoccer.com/match/reading-fc/blackburn-rovers-fc/202175998,2021,34,championship
Norwich City,Brentford,1-0,https://www.besoccer.com/match/norwich-city-fc/brentford/202176000,2021,34,championship
Queens Park Rangers,Barnsley,1-3,https://www.besoccer.com/match/queens-park-rangers-fc/barnsley-fc/202176001,2021,34,championship
Watford,Wycombe Wanderers,2-0,https://www.besoccer.com/match/watford-fc/wycombe-wanderers/202176003,2021,34,championship
Bristol City,AFC Bournemouth,1-2,https://www.besoccer.com/match/bristol-city-fc/afc-bournemouth/202175999,2021,34,championship
Sheffield Wednesday,Rotherham United,1-2,https://www.besoccer.com/match/sheffield-wednesday-fc/rotherham-united/202176002,2021,34,championship
Stoke City,Swansea City,1-2,https://www.besoccer.com/match/stoke-city/swansea-city-afc/202176004,2021,34,championship
Huddersfield Town,Cardiff City,0-0,https://www.besoccer.com/match/huddersfield-town-fc/cardiff-city-fc/202176009,2021,35,championship
Watford,Nottingham Forest,1-0,https://www.besoccer.com/match/watford-fc/nottingham-forest-fc/202176016,2021,35,championship
Barnsley,Birmingham City,1-0,https://www.besoccer.com/match/barnsley-fc/birmingham-city-fc/202176005,2021,35,championship
Bristol City,Queens Park Rangers,0-2,https://www.besoccer.com/match/bristol-city-fc/queens-park-rangers-fc/202176007,2021,35,championship
Coventry City,Derby County,1-0,https://www.besoccer.com/match/coventry-city/derby-county-fc/202176008,2021,35,championship
Millwall,Blackburn Rovers,0-2,https://www.besoccer.com/match/millwall-fc/blackburn-rovers-fc/202176010,2021,35,championship
Norwich City,Luton Town,3-0,https://www.besoccer.com/match/norwich-city-fc/luton-town-fc/202176011,2021,35,championship
Preston North End,AFC Bournemouth,1-1,https://www.besoccer.com/match/preston-north-end/afc-bournemouth/202176012,2021,35,championship
Reading,Sheffield Wednesday,3-0,https://www.besoccer.com/match/reading-fc/sheffield-wednesday-fc/202176013,2021,35,championship
Stoke City,Wycombe Wanderers,2-0,https://www.besoccer.com/match/stoke-city/wycombe-wanderers/202176014,2021,35,championship
Swansea City,Middlesbrough,2-1,https://www.besoccer.com/match/swansea-city-afc/middlesbrough-fc/202176015,2021,35,championship
Blackburn Rovers,Brentford,0-1,https://www.besoccer.com/match/blackburn-rovers-fc/brentford/202176019,2021,36,championship
Luton Town,Swansea City,0-1,https://www.besoccer.com/match/luton-town-fc/swansea-city-afc/202176022,2021,36,championship
AFC Bournemouth,Barnsley,2-3,https://www.besoccer.com/match/afc-bournemouth/barnsley-fc/202176017,2021,36,championship
Birmingham City,Bristol City,0-3,https://www.besoccer.com/match/birmingham-city-fc/bristol-city-fc/202176018,2021,36,championship
Cardiff City,Watford,1-2,https://www.besoccer.com/match/cardiff-city-fc/watford-fc/202176020,2021,36,championship
Derby County,Millwall,0-1,https://www.besoccer.com/match/derby-county-fc/millwall-fc/202176021,2021,36,championship
Middlesbrough,Stoke City,3-0,https://www.besoccer.com/match/middlesbrough-fc/stoke-city/202176023,2021,36,championship
Nottingham Forest,Reading,1-1,https://www.besoccer.com/match/nottingham-forest-fc/reading-fc/202176024,2021,36,championship
Queens Park Rangers,Huddersfield Town,0-1,https://www.besoccer.com/match/queens-park-rangers-fc/huddersfield-town-fc/202176025,2021,36,championship
Wycombe Wanderers,Preston North End,1-0,https://www.besoccer.com/match/wycombe-wanderers/preston-north-end/202176028,2021,36,championship
Sheffield Wednesday,Norwich City,1-2,https://www.besoccer.com/match/sheffield-wednesday-fc/norwich-city-fc/202176027,2021,36,championship
Cardiff City,Stoke City,0-0,https://www.besoccer.com/match/cardiff-city-fc/stoke-city/202176030,2021,37,championship
Derby County,Brentford,2-2,https://www.besoccer.com/match/derby-county-fc/brentford/202176031,2021,37,championship
Luton Town,Coventry City,2-0,https://www.besoccer.com/match/luton-town-fc/coventry-city/202176032,2021,37,championship
Middlesbrough,Preston North End,2-0,https://www.besoccer.com/match/middlesbrough-fc/preston-north-end/202176033,2021,37,championship
Rotherham United,Watford,1-4,https://www.besoccer.com/match/rotherham-united/watford-fc/202176034,2021,37,championship
AFC Bournemouth,Swansea City,3-0,https://www.besoccer.com/match/afc-bournemouth/swansea-city-afc/202176029,2021,37,championship
Nottingham Forest,Norwich City,0-2,https://www.besoccer.com/match/nottingham-forest-fc/norwich-city-fc/202176037,2021,37,championship
Queens Park Rangers,Millwall,3-2,https://www.besoccer.com/match/queens-park-rangers-fc/millwall-fc/202176038,2021,37,championship
Wycombe Wanderers,Barnsley,1-3,https://www.besoccer.com/match/wycombe-wanderers/barnsley-fc/202176040,2021,37,championship
Birmingham City,Reading,2-1,https://www.besoccer.com/match/birmingham-city-fc/reading-fc/202176035,2021,37,championship
Blackburn Rovers,Bristol City,0-0,https://www.besoccer.com/match/blackburn-rovers-fc/bristol-city-fc/202176036,2021,37,championship
Sheffield Wednesday,Huddersfield Town,1-1,https://www.besoccer.com/match/sheffield-wednesday-fc/huddersfield-town-fc/202176039,2021,37,championship
Brentford,Nottingham Forest,1-1,https://www.besoccer.com/match/brentford/nottingham-forest-fc/202176042,2021,38,championship
Barnsley,Sheffield Wednesday,1-2,https://www.besoccer.com/match/barnsley-fc/sheffield-wednesday-fc/202176041,2021,38,championship
Bristol City,Rotherham United,0-2,https://www.besoccer.com/match/bristol-city-fc/rotherham-united/202176043,2021,38,championship
Coventry City,Wycombe Wanderers,0-0,https://www.besoccer.com/match/coventry-city/wycombe-wanderers/202176044,2021,38,championship
Millwall,Middlesbrough,1-0,https://www.besoccer.com/match/millwall-fc/middlesbrough-fc/202176046,2021,38,championship
Norwich City,Blackburn Rovers,1-1,https://www.besoccer.com/match/norwich-city-fc/blackburn-rovers-fc/202176047,2021,38,championship
Preston North End,Luton Town,0-1,https://www.besoccer.com/match/preston-north-end/luton-town-fc/202176048,2021,38,championship
Reading,Queens Park Rangers,1-1,https://www.besoccer.com/match/reading-fc/queens-park-rangers-fc/202176049,2021,38,championship
Stoke City,Derby County,1-0,https://www.besoccer.com/match/stoke-city/derby-county-fc/202176050,2021,38,championship
Watford,Birmingham City,3-0,https://www.besoccer.com/match/watford-fc/birmingham-city-fc/202176052,2021,38,championship
Swansea City,Cardiff City,0-1,https://www.besoccer.com/match/swansea-city-afc/cardiff-city-fc/202176051,2021,38,championship
Huddersfield Town,AFC Bournemouth,1-2,https://www.besoccer.com/match/huddersfield-town-fc/afc-bournemouth/202176045,2021,38,championship
AFC Bournemouth,Middlesbrough,3-1,https://www.besoccer.com/match/afc-bournemouth/middlesbrough-fc/202176053,2021,39,championship
Bristol City,Stoke City,0-2,https://www.besoccer.com/match/bristol-city-fc/stoke-city/202176056,2021,39,championship
Cardiff City,Nottingham Forest,0-1,https://www.besoccer.com/match/cardiff-city-fc/nottingham-forest-fc/202176057,2021,39,championship
Derby County,Luton Town,2-0,https://www.besoccer.com/match/derby-county-fc/luton-town-fc/202176058,2021,39,championship
Millwall,Rotherham United,1-0,https://www.besoccer.com/match/millwall-fc/rotherham-united/202176060,2021,39,championship
Preston North End,Norwich City,1-1,https://www.besoccer.com/match/preston-north-end/norwich-city-fc/202176061,2021,39,championship
Queens Park Rangers,Coventry City,3-0,https://www.besoccer.com/match/queens-park-rangers-fc/coventry-city/202176062,2021,39,championship
Watford,Sheffield Wednesday,1-0,https://www.besoccer.com/match/watford-fc/sheffield-wednesday-fc/202176063,2021,39,championship
Wycombe Wanderers,Blackburn Rovers,1-0,https://www.besoccer.com/match/wycombe-wanderers/blackburn-rovers-fc/202176064,2021,39,championship
Barnsley,Reading,1-1,https://www.besoccer.com/match/barnsley-fc/reading-fc/202176054,2021,39,championship
Birmingham City,Swansea City,1-0,https://www.besoccer.com/match/birmingham-city-fc/swansea-city-afc/202176055,2021,39,championship
Huddersfield Town,Brentford,1-1,https://www.besoccer.com/match/huddersfield-town-fc/brentford/202176059,2021,39,championship
Middlesbrough,Watford,1-1,https://www.besoccer.com/match/middlesbrough-fc/watford-fc/202176069,2021,40,championship
Blackburn Rovers,AFC Bournemouth,0-2,https://www.besoccer.com/match/blackburn-rovers-fc/afc-bournemouth/202176065,2021,40,championship
Coventry City,Bristol City,3-1,https://www.besoccer.com/match/coventry-city/bristol-city-fc/202176067,2021,40,championship
Luton Town,Barnsley,1-2,https://www.besoccer.com/match/luton-town-fc/barnsley-fc/202176068,2021,40,championship
Nottingham Forest,Queens Park Rangers,3-1,https://www.besoccer.com/match/nottingham-forest-fc/queens-park-rangers-fc/202176071,2021,40,championship
Reading,Derby County,3-1,https://www.besoccer.com/match/reading-fc/derby-county-fc/202176072,2021,40,championship
Rotherham United,Wycombe Wanderers,0-3,https://www.besoccer.com/match/rotherham-united/wycombe-wanderers/202176073,2021,40,championship
Stoke City,Millwall,1-2,https://www.besoccer.com/match/stoke-city/millwall-fc/202176075,2021,40,championship
Swansea City,Preston North End,0-1,https://www.besoccer.com/match/swansea-city-afc/preston-north-end/202176076,2021,40,championship
Sheffield Wednesday,Cardiff City,5-0,https://www.besoccer.com/match/sheffield-wednesday-fc/cardiff-city-fc/202176074,2021,40,championship
Brentford,Birmingham City,0-0,https://www.besoccer.com/match/brentford/birmingham-city-fc/202176066,2021,40,championship
Norwich City,Huddersfield Town,7-0,https://www.besoccer.com/match/norwich-city-fc/huddersfield-town-fc/202176070,2021,40,championship
Watford,Reading,2-0,https://www.besoccer.com/match/watford-fc/reading-fc/202176087,2021,41,championship
Millwall,Swansea City,0-3,https://www.besoccer.com/match/millwall-fc/swansea-city-afc/202176084,2021,41,championship
AFC Bournemouth,Coventry City,4-1,https://www.besoccer.com/match/afc-bournemouth/coventry-city/202176077,2021,41,championship
Barnsley,Middlesbrough,2-0,https://www.besoccer.com/match/barnsley-fc/middlesbrough-fc/202176078,2021,41,championship
Birmingham City,Stoke City,2-0,https://www.besoccer.com/match/birmingham-city-fc/stoke-city/202176079,2021,41,championship
Bristol City,Nottingham Forest,0-0,https://www.besoccer.com/match/bristol-city-fc/nottingham-forest-fc/202176080,2021,41,championship
Cardiff City,Blackburn Rovers,2-2,https://www.besoccer.com/match/cardiff-city-fc/blackburn-rovers-fc/202176081,2021,41,championship
Derby County,Norwich City,0-1,https://www.besoccer.com/match/derby-county-fc/norwich-city-fc/202176082,2021,41,championship
Huddersfield Town,Rotherham United,0-0,https://www.besoccer.com/match/huddersfield-town-fc/rotherham-united/202176083,2021,41,championship
Preston North End,Brentford,0-5,https://www.besoccer.com/match/preston-north-end/brentford/202176085,2021,41,championship
Queens Park Rangers,Sheffield Wednesday,4-1,https://www.besoccer.com/match/queens-park-rangers-fc/sheffield-wednesday-fc/202176086,2021,41,championship
Wycombe Wanderers,Luton Town,1-3,https://www.besoccer.com/match/wycombe-wanderers/luton-town-fc/202176088,2021,41,championship
