Home_Team,Away_Team,Result,Link,Season,Round,League
Leeds United,Derby County,1-0,https://www.besoccer.com/match/leeds-united-afc/derby-county-fc/200597477,2005,1,championship
Burnley,Sheffield United,1-1,https://www.besoccer.com/match/burnley-fc/sheffield-united/200597478,2005,1,championship
Reading,Brighton & Hove Albion,3-2,https://www.besoccer.com/match/reading-fc/brighton-amp-hov/200597479,2005,1,championship
Wigan Athletic,Nottingham Forest,1-1,https://www.besoccer.com/match/wigan-athletic/nottingham-forest-fc/200597480,2005,1,championship
Ipswich Town,Gillingham,2-1,https://www.besoccer.com/match/ipswich-town-fc/gillingham/200597481,2005,1,championship
Leicester,West Ham,0-0,https://www.besoccer.com/match/leicester-city-fc/west-ham-united/200597482,2005,1,championship
Plymouth Argyle,Millwall,0-0,https://www.besoccer.com/match/plymouth-argyle/millwall-fc/200597483,2005,1,championship
Preston North End,Watford,2-1,https://www.besoccer.com/match/preston-north-end/watford-fc/200597484,2005,1,championship
Queens Park Rangers,Rotherham United,1-1,https://www.besoccer.com/match/queens-park-rangers-fc/rotherham-united/200597485,2005,1,championship
Crewe Alexandra,Cardiff City,2-2,https://www.besoccer.com/match/crewe-alexandra/cardiff-city-fc/200597486,2005,1,championship
Coventry City,Sunderland,2-0,https://www.besoccer.com/match/coventry-city/sunderland-afc/200597487,2005,1,championship
Stoke City,Wolves,2-1,https://www.besoccer.com/match/stoke-city/wolverhampton/200597488,2005,1,championship
Watford,Queens Park Rangers,3-0,https://www.besoccer.com/match/watford-fc/queens-park-rangers-fc/200597489,2005,2,championship
Brighton & Hove Albion,Plymouth Argyle,0-2,https://www.besoccer.com/match/brighton-amp-hov/plymouth-argyle/200597490,2005,2,championship
Gillingham,Leeds United,2-1,https://www.besoccer.com/match/gillingham/leeds-united-afc/200597491,2005,2,championship
Millwall,Wigan Athletic,0-2,https://www.besoccer.com/match/millwall-fc/wigan-athletic/200597492,2005,2,championship
Rotherham United,Burnley,0-0,https://www.besoccer.com/match/rotherham-united/burnley-fc/200597493,2005,2,championship
Sheffield United,Stoke City,0-0,https://www.besoccer.com/match/sheffield-united/stoke-city/200597494,2005,2,championship
Cardiff City,Coventry City,2-1,https://www.besoccer.com/match/cardiff-city-fc/coventry-city/200597495,2005,2,championship
Sunderland,Crewe Alexandra,3-1,https://www.besoccer.com/match/sunderland-afc/crewe-alexandra/200597496,2005,2,championship
West Ham,Reading,1-0,https://www.besoccer.com/match/west-ham-united/reading-fc/200597497,2005,2,championship
Wolves,Preston North End,2-2,https://www.besoccer.com/match/wolverhampton/preston-north-end/200597498,2005,2,championship
Derby County,Leicester,1-2,https://www.besoccer.com/match/derby-county-fc/leicester-city-fc/200597499,2005,2,championship
Nottingham Forest,Ipswich Town,1-1,https://www.besoccer.com/match/nottingham-forest-fc/ipswich-town-fc/200597500,2005,2,championship
Cardiff City,Plymouth Argyle,0-1,https://www.besoccer.com/match/cardiff-city-fc/plymouth-argyle/200597501,2005,3,championship
Brighton & Hove Albion,Coventry City,1-1,https://www.besoccer.com/match/brighton-amp-hov/coventry-city/200597502,2005,3,championship
Derby County,Ipswich Town,3-2,https://www.besoccer.com/match/derby-county-fc/ipswich-town-fc/200597503,2005,3,championship
Gillingham,Preston North End,2-1,https://www.besoccer.com/match/gillingham/preston-north-end/200597504,2005,3,championship
Millwall,Leicester,2-0,https://www.besoccer.com/match/millwall-fc/leicester-city-fc/200597505,2005,3,championship
Nottingham Forest,Crewe Alexandra,2-2,https://www.besoccer.com/match/nottingham-forest-fc/crewe-alexandra/200597506,2005,3,championship
Rotherham United,Stoke City,1-1,https://www.besoccer.com/match/rotherham-united/stoke-city/200597507,2005,3,championship
Sheffield United,Reading,0-1,https://www.besoccer.com/match/sheffield-united/reading-fc/200597508,2005,3,championship
Sunderland,Queens Park Rangers,2-2,https://www.besoccer.com/match/sunderland-afc/queens-park-rangers-fc/200597509,2005,3,championship
Watford,Burnley,0-1,https://www.besoccer.com/match/watford-fc/burnley-fc/200597510,2005,3,championship
Wolves,Leeds United,0-0,https://www.besoccer.com/match/wolverhampton/leeds-united-afc/200597511,2005,3,championship
West Ham,Wigan Athletic,1-3,https://www.besoccer.com/match/west-ham-united/wigan-athletic/200597512,2005,3,championship
Preston North End,Sheffield United,0-1,https://www.besoccer.com/match/preston-north-end/sheffield-united/200597513,2005,4,championship
Burnley,Wolves,1-1,https://www.besoccer.com/match/burnley-fc/wolverhampton/200597514,2005,4,championship
Coventry City,Millwall,0-1,https://www.besoccer.com/match/coventry-city/millwall-fc/200597515,2005,4,championship
Crewe Alexandra,West Ham,2-3,https://www.besoccer.com/match/crewe-alexandra/west-ham-united/200597516,2005,4,championship
Leeds United,Nottingham Forest,1-1,https://www.besoccer.com/match/leeds-united-afc/nottingham-forest-fc/200597517,2005,4,championship
Leicester,Watford,0-1,https://www.besoccer.com/match/leicester-city-fc/watford-fc/200597518,2005,4,championship
Plymouth Argyle,Sunderland,2-1,https://www.besoccer.com/match/plymouth-argyle/sunderland-afc/200597519,2005,4,championship
Queens Park Rangers,Derby County,0-2,https://www.besoccer.com/match/queens-park-rangers-fc/derby-county-fc/200597520,2005,4,championship
Reading,Rotherham United,1-0,https://www.besoccer.com/match/reading-fc/rotherham-united/200597521,2005,4,championship
Stoke City,Gillingham,2-0,https://www.besoccer.com/match/stoke-city/gillingham/200597522,2005,4,championship
Wigan Athletic,Brighton & Hove Albion,3-0,https://www.besoccer.com/match/wigan-athletic/brighton-amp-hov/200597523,2005,4,championship
Ipswich Town,Cardiff City,3-1,https://www.besoccer.com/match/ipswich-town-fc/cardiff-city-fc/200597524,2005,4,championship
Gillingham,Queens Park Rangers,0-1,https://www.besoccer.com/match/gillingham/queens-park-rangers-fc/200597525,2005,5,championship
Brighton & Hove Albion,Preston North End,1-0,https://www.besoccer.com/match/brighton-amp-hov/preston-north-end/200597526,2005,5,championship
Derby County,Crewe Alexandra,2-4,https://www.besoccer.com/match/derby-county-fc/crewe-alexandra/200597527,2005,5,championship
Millwall,Reading,1-0,https://www.besoccer.com/match/millwall-fc/reading-fc/200597528,2005,5,championship
Nottingham Forest,Coventry City,1-4,https://www.besoccer.com/match/nottingham-forest-fc/coventry-city/200597529,2005,5,championship
Rotherham United,Ipswich Town,0-2,https://www.besoccer.com/match/rotherham-united/ipswich-town-fc/200597530,2005,5,championship
Sunderland,Wigan Athletic,1-1,https://www.besoccer.com/match/sunderland-afc/wigan-athletic/200597531,2005,5,championship
Watford,Plymouth Argyle,3-1,https://www.besoccer.com/match/watford-fc/plymouth-argyle/200597532,2005,5,championship
West Ham,Burnley,1-0,https://www.besoccer.com/match/west-ham-united/burnley-fc/200597533,2005,5,championship
Wolves,Leicester,1-1,https://www.besoccer.com/match/wolverhampton/leicester-city-fc/200597534,2005,5,championship
Cardiff City,Stoke City,0-1,https://www.besoccer.com/match/cardiff-city-fc/stoke-city/200597535,2005,5,championship
Sheffield United,Leeds United,2-0,https://www.besoccer.com/match/sheffield-united/leeds-united-afc/200597536,2005,5,championship
Leicester,Brighton & Hove Albion,0-1,https://www.besoccer.com/match/leicester-city-fc/brighton-amp-hov/200597537,2005,6,championship
Burnley,Gillingham,1-2,https://www.besoccer.com/match/burnley-fc/gillingham/200597538,2005,6,championship
Ipswich Town,Wolves,2-1,https://www.besoccer.com/match/ipswich-town-fc/wolverhampton/200597539,2005,6,championship
Preston North End,Rotherham United,2-0,https://www.besoccer.com/match/preston-north-end/rotherham-united/200597540,2005,6,championship
Wigan Athletic,Cardiff City,2-1,https://www.besoccer.com/match/wigan-athletic/cardiff-city-fc/200597541,2005,6,championship
Stoke City,Derby County,1-0,https://www.besoccer.com/match/stoke-city/derby-county-fc/200597542,2005,6,championship
Coventry City,West Ham,2-1,https://www.besoccer.com/match/coventry-city/west-ham-united/200597543,2005,6,championship
Plymouth Argyle,Nottingham Forest,3-2,https://www.besoccer.com/match/plymouth-argyle/nottingham-forest-fc/200597544,2005,6,championship
Queens Park Rangers,Sheffield United,0-1,https://www.besoccer.com/match/queens-park-rangers-fc/sheffield-united/200597545,2005,6,championship
Reading,Sunderland,1-0,https://www.besoccer.com/match/reading-fc/sunderland-afc/200597546,2005,6,championship
Leeds United,Watford,2-2,https://www.besoccer.com/match/leeds-united-afc/watford-fc/200597547,2005,6,championship
Crewe Alexandra,Millwall,2-1,https://www.besoccer.com/match/crewe-alexandra/millwall-fc/200597548,2005,6,championship
Burnley,Crewe Alexandra,3-0,https://www.besoccer.com/match/burnley-fc/crewe-alexandra/200597549,2005,7,championship
Derby County,Reading,2-1,https://www.besoccer.com/match/derby-county-fc/reading-fc/200597550,2005,7,championship
Gillingham,Sunderland,0-4,https://www.besoccer.com/match/gillingham/sunderland-afc/200597551,2005,7,championship
Leeds United,Coventry City,3-0,https://www.besoccer.com/match/leeds-united-afc/coventry-city/200597552,2005,7,championship
Preston North End,Stoke City,3-0,https://www.besoccer.com/match/preston-north-end/stoke-city/200597553,2005,7,championship
Queens Park Rangers,Plymouth Argyle,3-2,https://www.besoccer.com/match/queens-park-rangers-fc/plymouth-argyle/200597554,2005,7,championship
Rotherham United,Leicester,0-2,https://www.besoccer.com/match/rotherham-united/leicester-city-fc/200597555,2005,7,championship
Sheffield United,West Ham,1-2,https://www.besoccer.com/match/sheffield-united/west-ham-united/200597556,2005,7,championship
Watford,Brighton & Hove Albion,1-1,https://www.besoccer.com/match/watford-fc/brighton-amp-hov/200597557,2005,7,championship
Wolves,Wigan Athletic,3-3,https://www.besoccer.com/match/wolverhampton/wigan-athletic/200597558,2005,7,championship
Nottingham Forest,Cardiff City,0-0,https://www.besoccer.com/match/nottingham-forest-fc/cardiff-city-fc/200597559,2005,7,championship
Ipswich Town,Millwall,2-0,https://www.besoccer.com/match/ipswich-town-fc/millwall-fc/200597560,2005,7,championship
Brighton & Hove Albion,Wolves,0-1,https://www.besoccer.com/match/brighton-amp-hov/wolverhampton/200597561,2005,8,championship
West Ham,Rotherham United,1-0,https://www.besoccer.com/match/west-ham-united/rotherham-united/200597562,2005,8,championship
Crewe Alexandra,Queens Park Rangers,0-2,https://www.besoccer.com/match/crewe-alexandra/queens-park-rangers-fc/200597563,2005,8,championship
Leicester,Sheffield United,3-2,https://www.besoccer.com/match/leicester-city-fc/sheffield-united/200597564,2005,8,championship
Plymouth Argyle,Leeds United,0-1,https://www.besoccer.com/match/plymouth-argyle/leeds-united-afc/200597565,2005,8,championship
Stoke City,Ipswich Town,3-2,https://www.besoccer.com/match/stoke-city/ipswich-town-fc/200597566,2005,8,championship
Cardiff City,Watford,0-3,https://www.besoccer.com/match/cardiff-city-fc/watford-fc/200597567,2005,8,championship
Wigan Athletic,Burnley,0-0,https://www.besoccer.com/match/wigan-athletic/burnley-fc/200597568,2005,8,championship
Reading,Preston North End,3-1,https://www.besoccer.com/match/reading-fc/preston-north-end/200597569,2005,8,championship
Sunderland,Nottingham Forest,2-0,https://www.besoccer.com/match/sunderland-afc/nottingham-forest-fc/200597570,2005,8,championship
Coventry City,Gillingham,2-2,https://www.besoccer.com/match/coventry-city/gillingham/200597571,2005,8,championship
Millwall,Derby County,3-1,https://www.besoccer.com/match/millwall-fc/derby-county-fc/200597572,2005,8,championship
Brighton & Hove Albion,Queens Park Rangers,2-3,https://www.besoccer.com/match/brighton-amp-hov/queens-park-rangers-fc/200597573,2005,9,championship
Coventry City,Rotherham United,0-0,https://www.besoccer.com/match/coventry-city/rotherham-united/200597574,2005,9,championship
Crewe Alexandra,Leeds United,2-2,https://www.besoccer.com/match/crewe-alexandra/leeds-united-afc/200597575,2005,9,championship
Leicester,Burnley,0-0,https://www.besoccer.com/match/leicester-city-fc/burnley-fc/200597576,2005,9,championship
Plymouth Argyle,Wolves,1-2,https://www.besoccer.com/match/plymouth-argyle/wolverhampton/200597577,2005,9,championship
Reading,Gillingham,3-1,https://www.besoccer.com/match/reading-fc/gillingham/200597578,2005,9,championship
Stoke City,Nottingham Forest,0-0,https://www.besoccer.com/match/stoke-city/nottingham-forest-fc/200597579,2005,9,championship
Sunderland,Preston North End,3-1,https://www.besoccer.com/match/sunderland-afc/preston-north-end/200597580,2005,9,championship
West Ham,Ipswich Town,1-1,https://www.besoccer.com/match/west-ham-united/ipswich-town-fc/200597581,2005,9,championship
Wigan Athletic,Sheffield United,4-0,https://www.besoccer.com/match/wigan-athletic/sheffield-united/200597582,2005,9,championship
Cardiff City,Derby County,0-2,https://www.besoccer.com/match/cardiff-city-fc/derby-county-fc/200597583,2005,9,championship
Millwall,Watford,0-2,https://www.besoccer.com/match/millwall-fc/watford-fc/200597584,2005,9,championship
Leeds United,Sunderland,0-1,https://www.besoccer.com/match/leeds-united-afc/sunderland-afc/200597585,2005,10,championship
Burnley,Stoke City,2-2,https://www.besoccer.com/match/burnley-fc/stoke-city/200597586,2005,10,championship
Derby County,Wigan Athletic,1-1,https://www.besoccer.com/match/derby-county-fc/wigan-athletic/200597587,2005,10,championship
Gillingham,Brighton & Hove Albion,0-1,https://www.besoccer.com/match/gillingham/brighton-amp-hov/200597588,2005,10,championship
Ipswich Town,Plymouth Argyle,3-2,https://www.besoccer.com/match/ipswich-town-fc/plymouth-argyle/200597589,2005,10,championship
Preston North End,Crewe Alexandra,1-0,https://www.besoccer.com/match/preston-north-end/crewe-alexandra/200597590,2005,10,championship
Queens Park Rangers,Leicester,3-2,https://www.besoccer.com/match/queens-park-rangers-fc/leicester-city-fc/200597591,2005,10,championship
Rotherham United,Millwall,1-1,https://www.besoccer.com/match/rotherham-united/millwall-fc/200597592,2005,10,championship
Sheffield United,Coventry City,1-1,https://www.besoccer.com/match/sheffield-united/coventry-city/200597593,2005,10,championship
Watford,Reading,0-1,https://www.besoccer.com/match/watford-fc/reading-fc/200597594,2005,10,championship
Wolves,Cardiff City,2-3,https://www.besoccer.com/match/wolverhampton/cardiff-city-fc/200597595,2005,10,championship
Nottingham Forest,West Ham,2-1,https://www.besoccer.com/match/nottingham-forest-fc/west-ham-united/200597596,2005,10,championship
Gillingham,Leicester,0-2,https://www.besoccer.com/match/gillingham/leicester-city-fc/200597597,2005,11,championship
Ipswich Town,Reading,1-1,https://www.besoccer.com/match/ipswich-town-fc/reading-fc/200597598,2005,11,championship
Leeds United,Stoke City,0-0,https://www.besoccer.com/match/leeds-united-afc/stoke-city/200597599,2005,11,championship
Preston North End,Plymouth Argyle,1-1,https://www.besoccer.com/match/preston-north-end/plymouth-argyle/200597600,2005,11,championship
Rotherham United,Crewe Alexandra,2-3,https://www.besoccer.com/match/rotherham-united/crewe-alexandra/200597601,2005,11,championship
Sheffield United,Sunderland,1-0,https://www.besoccer.com/match/sheffield-united/sunderland-afc/200597602,2005,11,championship
Watford,Wigan Athletic,0-0,https://www.besoccer.com/match/watford-fc/wigan-athletic/200597603,2005,11,championship
Burnley,Cardiff City,1-0,https://www.besoccer.com/match/burnley-fc/cardiff-city-fc/200597604,2005,11,championship
Queens Park Rangers,Coventry City,4-1,https://www.besoccer.com/match/queens-park-rangers-fc/coventry-city/200597605,2005,11,championship
Derby County,West Ham,1-1,https://www.besoccer.com/match/derby-county-fc/west-ham-united/200597606,2005,11,championship
Nottingham Forest,Brighton & Hove Albion,0-1,https://www.besoccer.com/match/nottingham-forest-fc/brighton-amp-hov/200597607,2005,11,championship
Wolves,Millwall,1-2,https://www.besoccer.com/match/wolverhampton/millwall-fc/200597608,2005,11,championship
Brighton & Hove Albion,Sheffield United,1-1,https://www.besoccer.com/match/brighton-amp-hov/sheffield-united/200597609,2005,12,championship
Crewe Alexandra,Watford,3-0,https://www.besoccer.com/match/crewe-alexandra/watford-fc/200597610,2005,12,championship
Leicester,Preston North End,1-1,https://www.besoccer.com/match/leicester-city-fc/preston-north-end/200597611,2005,12,championship
Plymouth Argyle,Gillingham,2-1,https://www.besoccer.com/match/plymouth-argyle/gillingham/200597612,2005,12,championship
Reading,Burnley,0-0,https://www.besoccer.com/match/reading-fc/burnley-fc/200597613,2005,12,championship
Stoke City,Queens Park Rangers,0-1,https://www.besoccer.com/match/stoke-city/queens-park-rangers-fc/200597614,2005,12,championship
Sunderland,Derby County,0-0,https://www.besoccer.com/match/sunderland-afc/derby-county-fc/200597615,2005,12,championship
West Ham,Wolves,1-0,https://www.besoccer.com/match/west-ham-united/wolverhampton/200597616,2005,12,championship
Wigan Athletic,Rotherham United,2-0,https://www.besoccer.com/match/wigan-athletic/rotherham-united/200597617,2005,12,championship
Cardiff City,Leeds United,0-0,https://www.besoccer.com/match/cardiff-city-fc/leeds-united-afc/200597618,2005,12,championship
Coventry City,Ipswich Town,1-2,https://www.besoccer.com/match/coventry-city/ipswich-town-fc/200597619,2005,12,championship
Millwall,Nottingham Forest,1-0,https://www.besoccer.com/match/millwall-fc/nottingham-forest-fc/200597620,2005,12,championship
Nottingham Forest,Wolves,1-0,https://www.besoccer.com/match/nottingham-forest-fc/wolverhampton/200597621,2005,13,championship
Coventry City,Leicester,1-1,https://www.besoccer.com/match/coventry-city/leicester-city-fc/200597622,2005,13,championship
Crewe Alexandra,Brighton & Hove Albion,3-1,https://www.besoccer.com/match/crewe-alexandra/brighton-amp-hov/200597623,2005,13,championship
Derby County,Watford,2-2,https://www.besoccer.com/match/derby-county-fc/watford-fc/200597624,2005,13,championship
Ipswich Town,Burnley,1-1,https://www.besoccer.com/match/ipswich-town-fc/burnley-fc/200597625,2005,13,championship
Leeds United,Preston North End,1-0,https://www.besoccer.com/match/leeds-united-afc/preston-north-end/200597626,2005,13,championship
Queens Park Rangers,West Ham,1-0,https://www.besoccer.com/match/queens-park-rangers-fc/west-ham-united/200597627,2005,13,championship
Stoke City,Reading,0-1,https://www.besoccer.com/match/stoke-city/reading-fc/200597628,2005,13,championship
Sunderland,Millwall,1-0,https://www.besoccer.com/match/sunderland-afc/millwall-fc/200597629,2005,13,championship
Cardiff City,Rotherham United,2-0,https://www.besoccer.com/match/cardiff-city-fc/rotherham-united/200597630,2005,13,championship
Plymouth Argyle,Wigan Athletic,1-2,https://www.besoccer.com/match/plymouth-argyle/wigan-athletic/200597631,2005,13,championship
Gillingham,Sheffield United,1-3,https://www.besoccer.com/match/gillingham/sheffield-united/200597632,2005,13,championship
West Ham,Stoke City,2-0,https://www.besoccer.com/match/west-ham-united/stoke-city/200597633,2005,14,championship
Wolves,Derby County,2-0,https://www.besoccer.com/match/wolverhampton/derby-county-fc/200597634,2005,14,championship
Burnley,Coventry City,2-2,https://www.besoccer.com/match/burnley-fc/coventry-city/200597635,2005,14,championship
Leicester,Ipswich Town,2-2,https://www.besoccer.com/match/leicester-city-fc/ipswich-town-fc/200597636,2005,14,championship
Millwall,Gillingham,2-1,https://www.besoccer.com/match/millwall-fc/gillingham/200597637,2005,14,championship
Preston North End,Queens Park Rangers,2-1,https://www.besoccer.com/match/preston-north-end/queens-park-rangers-fc/200597638,2005,14,championship
Rotherham United,Plymouth Argyle,0-1,https://www.besoccer.com/match/rotherham-united/plymouth-argyle/200597639,2005,14,championship
Sheffield United,Nottingham Forest,1-1,https://www.besoccer.com/match/sheffield-united/nottingham-forest-fc/200597640,2005,14,championship
Watford,Sunderland,1-1,https://www.besoccer.com/match/watford-fc/sunderland-afc/200597641,2005,14,championship
Brighton & Hove Albion,Cardiff City,1-1,https://www.besoccer.com/match/brighton-amp-hov/cardiff-city-fc/200597642,2005,14,championship
Wigan Athletic,Crewe Alexandra,4-1,https://www.besoccer.com/match/wigan-athletic/crewe-alexandra/200597643,2005,14,championship
Reading,Leeds United,1-1,https://www.besoccer.com/match/reading-fc/leeds-united-afc/200597644,2005,14,championship
Burnley,Derby County,0-2,https://www.besoccer.com/match/burnley-fc/derby-county-fc/200597645,2005,15,championship
Brighton & Hove Albion,Leeds United,1-0,https://www.besoccer.com/match/brighton-amp-hov/leeds-united-afc/200597646,2005,15,championship
Leicester,Stoke City,1-1,https://www.besoccer.com/match/leicester-city-fc/stoke-city/200597647,2005,15,championship
Preston North End,Nottingham Forest,3-2,https://www.besoccer.com/match/preston-north-end/nottingham-forest-fc/200597648,2005,15,championship
Reading,Crewe Alexandra,4-0,https://www.besoccer.com/match/reading-fc/crewe-alexandra/200597649,2005,15,championship
Sheffield United,Plymouth Argyle,2-1,https://www.besoccer.com/match/sheffield-united/plymouth-argyle/200597650,2005,15,championship
Watford,Ipswich Town,2-2,https://www.besoccer.com/match/watford-fc/ipswich-town-fc/200597651,2005,15,championship
West Ham,Gillingham,3-1,https://www.besoccer.com/match/west-ham-united/gillingham/200597652,2005,15,championship
Wigan Athletic,Coventry City,4-1,https://www.besoccer.com/match/wigan-athletic/coventry-city/200597653,2005,15,championship
Wolves,Queens Park Rangers,2-1,https://www.besoccer.com/match/wolverhampton/queens-park-rangers-fc/200597654,2005,15,championship
Millwall,Cardiff City,2-2,https://www.besoccer.com/match/millwall-fc/cardiff-city-fc/200597655,2005,15,championship
Rotherham United,Sunderland,0-1,https://www.besoccer.com/match/rotherham-united/sunderland-afc/200597656,2005,15,championship
Crewe Alexandra,Sheffield United,2-3,https://www.besoccer.com/match/crewe-alexandra/sheffield-united/200597657,2005,16,championship
Coventry City,Reading,3-2,https://www.besoccer.com/match/coventry-city/reading-fc/200597658,2005,16,championship
Derby County,Rotherham United,3-2,https://www.besoccer.com/match/derby-county-fc/rotherham-united/200597659,2005,16,championship
Gillingham,Wolves,1-0,https://www.besoccer.com/match/gillingham/wolverhampton/200597660,2005,16,championship
Ipswich Town,Preston North End,3-0,https://www.besoccer.com/match/ipswich-town-fc/preston-north-end/200597661,2005,16,championship
Nottingham Forest,Watford,1-2,https://www.besoccer.com/match/nottingham-forest-fc/watford-fc/200597662,2005,16,championship
Plymouth Argyle,West Ham,1-1,https://www.besoccer.com/match/plymouth-argyle/west-ham-united/200597663,2005,16,championship
Queens Park Rangers,Burnley,3-0,https://www.besoccer.com/match/queens-park-rangers-fc/burnley-fc/200597664,2005,16,championship
Stoke City,Millwall,1-0,https://www.besoccer.com/match/stoke-city/millwall-fc/200597665,2005,16,championship
Sunderland,Brighton & Hove Albion,2-0,https://www.besoccer.com/match/sunderland-afc/brighton-amp-hov/200597666,2005,16,championship
Cardiff City,Leicester,0-0,https://www.besoccer.com/match/cardiff-city-fc/leicester-city-fc/200597667,2005,16,championship
Leeds United,Wigan Athletic,0-2,https://www.besoccer.com/match/leeds-united-afc/wigan-athletic/200597668,2005,16,championship
Crewe Alexandra,Leicester,2-2,https://www.besoccer.com/match/crewe-alexandra/leicester-city-fc/200597669,2005,17,championship
Gillingham,Watford,0-0,https://www.besoccer.com/match/gillingham/watford-fc/200597670,2005,17,championship
Ipswich Town,Sheffield United,5-1,https://www.besoccer.com/match/ipswich-town-fc/sheffield-united/200597671,2005,17,championship
Plymouth Argyle,Reading,2-2,https://www.besoccer.com/match/plymouth-argyle/reading-fc/200597672,2005,17,championship
Queens Park Rangers,Millwall,1-1,https://www.besoccer.com/match/queens-park-rangers-fc/millwall-fc/200597673,2005,17,championship
Stoke City,Wigan Athletic,0-1,https://www.besoccer.com/match/stoke-city/wigan-athletic/200597674,2005,17,championship
Cardiff City,West Ham,4-1,https://www.besoccer.com/match/cardiff-city-fc/west-ham-united/200597675,2005,17,championship
Sunderland,Wolves,3-1,https://www.besoccer.com/match/sunderland-afc/wolverhampton/200597676,2005,17,championship
Leeds United,Burnley,1-2,https://www.besoccer.com/match/leeds-united-afc/burnley-fc/200597677,2005,17,championship
Coventry City,Preston North End,1-1,https://www.besoccer.com/match/coventry-city/preston-north-end/200597678,2005,17,championship
Derby County,Brighton & Hove Albion,3-0,https://www.besoccer.com/match/derby-county-fc/brighton-amp-hov/200597679,2005,17,championship
Nottingham Forest,Rotherham United,2-2,https://www.besoccer.com/match/nottingham-forest-fc/rotherham-united/200597680,2005,17,championship
Millwall,Sunderland,2-0,https://www.besoccer.com/match/millwall-fc/sunderland-afc/200597681,2005,18,championship
Brighton & Hove Albion,Crewe Alexandra,1-3,https://www.besoccer.com/match/brighton-amp-hov/crewe-alexandra/200597682,2005,18,championship
Burnley,Ipswich Town,0-2,https://www.besoccer.com/match/burnley-fc/ipswich-town-fc/200597683,2005,18,championship
Preston North End,Leeds United,2-4,https://www.besoccer.com/match/preston-north-end/leeds-united-afc/200597684,2005,18,championship
Reading,Stoke City,1-0,https://www.besoccer.com/match/reading-fc/stoke-city/200597685,2005,18,championship
Sheffield United,Gillingham,0-0,https://www.besoccer.com/match/sheffield-united/gillingham/200597686,2005,18,championship
Watford,Derby County,2-2,https://www.besoccer.com/match/watford-fc/derby-county-fc/200597687,2005,18,championship
West Ham,Queens Park Rangers,2-1,https://www.besoccer.com/match/west-ham-united/queens-park-rangers-fc/200597688,2005,18,championship
Wigan Athletic,Plymouth Argyle,0-2,https://www.besoccer.com/match/wigan-athletic/plymouth-argyle/200597689,2005,18,championship
Wolves,Nottingham Forest,2-1,https://www.besoccer.com/match/wolverhampton/nottingham-forest-fc/200597690,2005,18,championship
Rotherham United,Cardiff City,2-2,https://www.besoccer.com/match/rotherham-united/cardiff-city-fc/200597691,2005,18,championship
Leicester,Coventry City,3-0,https://www.besoccer.com/match/leicester-city-fc/coventry-city/200597692,2005,18,championship
Burnley,Nottingham Forest,1-0,https://www.besoccer.com/match/burnley-fc/nottingham-forest-fc/200597693,2005,19,championship
Coventry City,Plymouth Argyle,2-1,https://www.besoccer.com/match/coventry-city/plymouth-argyle/200597694,2005,19,championship
Gillingham,Derby County,0-2,https://www.besoccer.com/match/gillingham/derby-county-fc/200597695,2005,19,championship
Ipswich Town,Leeds United,1-0,https://www.besoccer.com/match/ipswich-town-fc/leeds-united-afc/200597696,2005,19,championship
Leicester,Sunderland,0-1,https://www.besoccer.com/match/leicester-city-fc/sunderland-afc/200597697,2005,19,championship
Preston North End,Millwall,1-1,https://www.besoccer.com/match/preston-north-end/millwall-fc/200597698,2005,19,championship
Queens Park Rangers,Wigan Athletic,1-0,https://www.besoccer.com/match/queens-park-rangers-fc/wigan-athletic/200597699,2005,19,championship
Rotherham United,Wolves,1-2,https://www.besoccer.com/match/rotherham-united/wolverhampton/200597700,2005,19,championship
Sheffield United,Watford,1-1,https://www.besoccer.com/match/sheffield-united/watford-fc/200597701,2005,19,championship
Stoke City,Crewe Alexandra,1-0,https://www.besoccer.com/match/stoke-city/crewe-alexandra/200597702,2005,19,championship
West Ham,Brighton & Hove Albion,0-1,https://www.besoccer.com/match/west-ham-united/brighton-amp-hov/200597703,2005,19,championship
Reading,Cardiff City,2-1,https://www.besoccer.com/match/reading-fc/cardiff-city-fc/200597704,2005,19,championship
Cardiff City,Preston North End,0-1,https://www.besoccer.com/match/cardiff-city-fc/preston-north-end/200597705,2005,20,championship
Wolves,Coventry City,0-1,https://www.besoccer.com/match/wolverhampton/coventry-city/200597706,2005,20,championship
Brighton & Hove Albion,Burnley,0-1,https://www.besoccer.com/match/brighton-amp-hov/burnley-fc/200597707,2005,20,championship
Crewe Alexandra,Gillingham,4-1,https://www.besoccer.com/match/crewe-alexandra/gillingham/200597708,2005,20,championship
Derby County,Sheffield United,0-1,https://www.besoccer.com/match/derby-county-fc/sheffield-united/200597709,2005,20,championship
Leeds United,Queens Park Rangers,6-1,https://www.besoccer.com/match/leeds-united-afc/queens-park-rangers-fc/200597710,2005,20,championship
Nottingham Forest,Reading,1-0,https://www.besoccer.com/match/nottingham-forest-fc/reading-fc/200597711,2005,20,championship
Plymouth Argyle,Stoke City,0-0,https://www.besoccer.com/match/plymouth-argyle/stoke-city/200597712,2005,20,championship
Watford,Rotherham United,0-0,https://www.besoccer.com/match/watford-fc/rotherham-united/200597713,2005,20,championship
Wigan Athletic,Leicester,0-0,https://www.besoccer.com/match/wigan-athletic/leicester-city-fc/200597714,2005,20,championship
Millwall,West Ham,1-0,https://www.besoccer.com/match/millwall-fc/west-ham-united/200597715,2005,20,championship
Sunderland,Ipswich Town,2-0,https://www.besoccer.com/match/sunderland-afc/ipswich-town-fc/200597716,2005,20,championship
Queens Park Rangers,Cardiff City,1-0,https://www.besoccer.com/match/queens-park-rangers-fc/cardiff-city-fc/200597717,2005,21,championship
Burnley,Millwall,1-0,https://www.besoccer.com/match/burnley-fc/millwall-fc/200597718,2005,21,championship
Coventry City,Crewe Alexandra,0-1,https://www.besoccer.com/match/coventry-city/crewe-alexandra/200597719,2005,21,championship
Gillingham,Nottingham Forest,2-1,https://www.besoccer.com/match/gillingham/nottingham-forest-fc/200597720,2005,21,championship
Ipswich Town,Brighton & Hove Albion,1-0,https://www.besoccer.com/match/ipswich-town-fc/brighton-amp-hov/200597721,2005,21,championship
Leicester,Plymouth Argyle,2-1,https://www.besoccer.com/match/leicester-city-fc/plymouth-argyle/200597722,2005,21,championship
Preston North End,Derby County,3-0,https://www.besoccer.com/match/preston-north-end/derby-county-fc/200597723,2005,21,championship
Reading,Wigan Athletic,1-1,https://www.besoccer.com/match/reading-fc/wigan-athletic/200597724,2005,21,championship
Sheffield United,Wolves,3-3,https://www.besoccer.com/match/sheffield-united/wolverhampton/200597725,2005,21,championship
Stoke City,Sunderland,0-1,https://www.besoccer.com/match/stoke-city/sunderland-afc/200597726,2005,21,championship
West Ham,Watford,3-2,https://www.besoccer.com/match/west-ham-united/watford-fc/200597727,2005,21,championship
Rotherham United,Leeds United,1-0,https://www.besoccer.com/match/rotherham-united/leeds-united-afc/200597728,2005,21,championship
Brighton & Hove Albion,Rotherham United,1-0,https://www.besoccer.com/match/brighton-amp-hov/rotherham-united/200597729,2005,22,championship
Crewe Alexandra,Ipswich Town,2-2,https://www.besoccer.com/match/crewe-alexandra/ipswich-town-fc/200597730,2005,22,championship
Derby County,Coventry City,2-2,https://www.besoccer.com/match/derby-county-fc/coventry-city/200597731,2005,22,championship
Leeds United,Leicester,0-2,https://www.besoccer.com/match/leeds-united-afc/leicester-city-fc/200597732,2005,22,championship
Millwall,Sheffield United,1-2,https://www.besoccer.com/match/millwall-fc/sheffield-united/200597733,2005,22,championship
Nottingham Forest,Queens Park Rangers,2-1,https://www.besoccer.com/match/nottingham-forest-fc/queens-park-rangers-fc/200597734,2005,22,championship
Plymouth Argyle,Burnley,1-0,https://www.besoccer.com/match/plymouth-argyle/burnley-fc/200597735,2005,22,championship
Sunderland,West Ham,0-2,https://www.besoccer.com/match/sunderland-afc/west-ham-united/200597736,2005,22,championship
Watford,Stoke City,0-1,https://www.besoccer.com/match/watford-fc/stoke-city/200597737,2005,22,championship
Wolves,Reading,4-1,https://www.besoccer.com/match/wolverhampton/reading-fc/200597738,2005,22,championship
Cardiff City,Gillingham,3-1,https://www.besoccer.com/match/cardiff-city-fc/gillingham/200597739,2005,22,championship
Wigan Athletic,Preston North End,5-0,https://www.besoccer.com/match/wigan-athletic/preston-north-end/200597740,2005,22,championship
West Ham,Leeds United,1-1,https://www.besoccer.com/match/west-ham-united/leeds-united-afc/200597741,2005,23,championship
Derby County,Nottingham Forest,3-0,https://www.besoccer.com/match/derby-county-fc/nottingham-forest-fc/200597742,2005,23,championship
Burnley,Preston North End,2-0,https://www.besoccer.com/match/burnley-fc/preston-north-end/200597743,2005,23,championship
Crewe Alexandra,Plymouth Argyle,3-0,https://www.besoccer.com/match/crewe-alexandra/plymouth-argyle/200597744,2005,23,championship
Leicester,Reading,0-2,https://www.besoccer.com/match/leicester-city-fc/reading-fc/200597745,2005,23,championship
Millwall,Brighton & Hove Albion,2-0,https://www.besoccer.com/match/millwall-fc/brighton-amp-hov/200597746,2005,23,championship
Queens Park Rangers,Ipswich Town,2-4,https://www.besoccer.com/match/queens-park-rangers-fc/ipswich-town-fc/200597747,2005,23,championship
Stoke City,Coventry City,1-0,https://www.besoccer.com/match/stoke-city/coventry-city/200597748,2005,23,championship
Watford,Wolves,1-1,https://www.besoccer.com/match/watford-fc/wolverhampton/200597749,2005,23,championship
Wigan Athletic,Gillingham,2-0,https://www.besoccer.com/match/wigan-athletic/gillingham/200597750,2005,23,championship
Cardiff City,Sunderland,0-2,https://www.besoccer.com/match/cardiff-city-fc/sunderland-afc/200597751,2005,23,championship
Rotherham United,Sheffield United,2-2,https://www.besoccer.com/match/rotherham-united/sheffield-united/200597752,2005,23,championship
Brighton & Hove Albion,Stoke City,0-1,https://www.besoccer.com/match/brighton-amp-hov/stoke-city/200597753,2005,24,championship
Nottingham Forest,Leicester,1-1,https://www.besoccer.com/match/nottingham-forest-fc/leicester-city-fc/200597754,2005,24,championship
Sheffield United,Cardiff City,2-1,https://www.besoccer.com/match/sheffield-united/cardiff-city-fc/200597755,2005,24,championship
Reading,Queens Park Rangers,1-0,https://www.besoccer.com/match/reading-fc/queens-park-rangers-fc/200597756,2005,24,championship
Coventry City,Watford,1-0,https://www.besoccer.com/match/coventry-city/watford-fc/200597757,2005,24,championship
Gillingham,Rotherham United,3-1,https://www.besoccer.com/match/gillingham/rotherham-united/200597758,2005,24,championship
Plymouth Argyle,Derby County,0-2,https://www.besoccer.com/match/plymouth-argyle/derby-county-fc/200597759,2005,24,championship
Preston North End,West Ham,2-1,https://www.besoccer.com/match/preston-north-end/west-ham-united/200597760,2005,24,championship
Sunderland,Burnley,2-1,https://www.besoccer.com/match/sunderland-afc/burnley-fc/200597761,2005,24,championship
Wolves,Crewe Alexandra,1-1,https://www.besoccer.com/match/wolverhampton/crewe-alexandra/200597762,2005,24,championship
Leeds United,Millwall,1-1,https://www.besoccer.com/match/leeds-united-afc/millwall-fc/200597763,2005,24,championship
Ipswich Town,Wigan Athletic,2-1,https://www.besoccer.com/match/ipswich-town-fc/wigan-athletic/200597764,2005,24,championship
Reading,Watford,3-0,https://www.besoccer.com/match/reading-fc/watford-fc/200597765,2005,25,championship
Brighton & Hove Albion,Gillingham,2-1,https://www.besoccer.com/match/brighton-amp-hov/gillingham/200597766,2005,25,championship
Millwall,Ipswich Town,3-1,https://www.besoccer.com/match/millwall-fc/ipswich-town-fc/200597767,2005,25,championship
West Ham,Nottingham Forest,3-2,https://www.besoccer.com/match/west-ham-united/nottingham-forest-fc/200597768,2005,25,championship
Cardiff City,Wolves,1-1,https://www.besoccer.com/match/cardiff-city-fc/wolverhampton/200597769,2005,25,championship
Coventry City,Sheffield United,1-2,https://www.besoccer.com/match/coventry-city/sheffield-united/200597770,2005,25,championship
Leicester,Rotherham United,0-1,https://www.besoccer.com/match/leicester-city-fc/rotherham-united/200597771,2005,25,championship
Plymouth Argyle,Queens Park Rangers,2-1,https://www.besoccer.com/match/plymouth-argyle/queens-park-rangers-fc/200597772,2005,25,championship
Stoke City,Preston North End,0-0,https://www.besoccer.com/match/stoke-city/preston-north-end/200597773,2005,25,championship
Sunderland,Leeds United,2-3,https://www.besoccer.com/match/sunderland-afc/leeds-united-afc/200597774,2005,25,championship
Wigan Athletic,Derby County,1-2,https://www.besoccer.com/match/wigan-athletic/derby-county-fc/200597775,2005,25,championship
Crewe Alexandra,Burnley,1-1,https://www.besoccer.com/match/crewe-alexandra/burnley-fc/200597776,2005,25,championship
Ipswich Town,Stoke City,1-0,https://www.besoccer.com/match/ipswich-town-fc/stoke-city/200597777,2005,26,championship
Burnley,Wigan Athletic,1-0,https://www.besoccer.com/match/burnley-fc/wigan-athletic/200597778,2005,26,championship
Derby County,Millwall,0-3,https://www.besoccer.com/match/derby-county-fc/millwall-fc/200597779,2005,26,championship
Gillingham,Coventry City,3-1,https://www.besoccer.com/match/gillingham/coventry-city/200597780,2005,26,championship
Leeds United,Plymouth Argyle,2-1,https://www.besoccer.com/match/leeds-united-afc/plymouth-argyle/200597781,2005,26,championship
Nottingham Forest,Sunderland,1-2,https://www.besoccer.com/match/nottingham-forest-fc/sunderland-afc/200597782,2005,26,championship
Preston North End,Reading,3-0,https://www.besoccer.com/match/preston-north-end/reading-fc/200597783,2005,26,championship
Queens Park Rangers,Crewe Alexandra,1-2,https://www.besoccer.com/match/queens-park-rangers-fc/crewe-alexandra/200597784,2005,26,championship
Rotherham United,West Ham,2-2,https://www.besoccer.com/match/rotherham-united/west-ham-united/200597785,2005,26,championship
Wolves,Brighton & Hove Albion,1-1,https://www.besoccer.com/match/wolverhampton/brighton-amp-hov/200597786,2005,26,championship
Watford,Cardiff City,0-0,https://www.besoccer.com/match/watford-fc/cardiff-city-fc/200597787,2005,26,championship
Sheffield United,Leicester,2-0,https://www.besoccer.com/match/sheffield-united/leicester-city-fc/200597788,2005,26,championship
Derby County,Cardiff City,0-1,https://www.besoccer.com/match/derby-county-fc/cardiff-city-fc/200597789,2005,27,championship
Ipswich Town,West Ham,0-2,https://www.besoccer.com/match/ipswich-town-fc/west-ham-united/200597790,2005,27,championship
Gillingham,Reading,0-0,https://www.besoccer.com/match/gillingham/reading-fc/200597791,2005,27,championship
Leeds United,Crewe Alexandra,0-2,https://www.besoccer.com/match/leeds-united-afc/crewe-alexandra/200597792,2005,27,championship
Nottingham Forest,Stoke City,1-0,https://www.besoccer.com/match/nottingham-forest-fc/stoke-city/200597793,2005,27,championship
Preston North End,Sunderland,3-2,https://www.besoccer.com/match/preston-north-end/sunderland-afc/200597794,2005,27,championship
Queens Park Rangers,Brighton & Hove Albion,0-0,https://www.besoccer.com/match/queens-park-rangers-fc/brighton-amp-hov/200597795,2005,27,championship
Rotherham United,Coventry City,1-2,https://www.besoccer.com/match/rotherham-united/coventry-city/200597796,2005,27,championship
Sheffield United,Wigan Athletic,0-2,https://www.besoccer.com/match/sheffield-united/wigan-athletic/200597797,2005,27,championship
Watford,Millwall,1-0,https://www.besoccer.com/match/watford-fc/millwall-fc/200597798,2005,27,championship
Wolves,Plymouth Argyle,1-1,https://www.besoccer.com/match/wolverhampton/plymouth-argyle/200597799,2005,27,championship
Burnley,Leicester,0-0,https://www.besoccer.com/match/burnley-fc/leicester-city-fc/200597800,2005,27,championship
Cardiff City,Nottingham Forest,3-0,https://www.besoccer.com/match/cardiff-city-fc/nottingham-forest-fc/200597801,2005,28,championship
Brighton & Hove Albion,Watford,2-1,https://www.besoccer.com/match/brighton-amp-hov/watford-fc/200597802,2005,28,championship
Coventry City,Leeds United,1-2,https://www.besoccer.com/match/coventry-city/leeds-united-afc/200597803,2005,28,championship
Leicester,Queens Park Rangers,1-0,https://www.besoccer.com/match/leicester-city-fc/queens-park-rangers-fc/200597804,2005,28,championship
Millwall,Rotherham United,1-2,https://www.besoccer.com/match/millwall-fc/rotherham-united/200597805,2005,28,championship
Plymouth Argyle,Ipswich Town,1-2,https://www.besoccer.com/match/plymouth-argyle/ipswich-town-fc/200597806,2005,28,championship
Stoke City,Burnley,0-1,https://www.besoccer.com/match/stoke-city/burnley-fc/200597807,2005,28,championship
Sunderland,Gillingham,1-1,https://www.besoccer.com/match/sunderland-afc/gillingham/200597808,2005,28,championship
West Ham,Sheffield United,0-2,https://www.besoccer.com/match/west-ham-united/sheffield-united/200597809,2005,28,championship
Reading,Derby County,0-1,https://www.besoccer.com/match/reading-fc/derby-county-fc/200597810,2005,28,championship
Crewe Alexandra,Preston North End,1-2,https://www.besoccer.com/match/crewe-alexandra/preston-north-end/200597811,2005,28,championship
Wigan Athletic,Wolves,2-0,https://www.besoccer.com/match/wigan-athletic/wolverhampton/200597812,2005,28,championship
Queens Park Rangers,Stoke City,1-0,https://www.besoccer.com/match/queens-park-rangers-fc/stoke-city/200597813,2005,29,championship
Burnley,Reading,0-0,https://www.besoccer.com/match/burnley-fc/reading-fc/200597814,2005,29,championship
Gillingham,Plymouth Argyle,1-0,https://www.besoccer.com/match/gillingham/plymouth-argyle/200597815,2005,29,championship
Ipswich Town,Coventry City,3-2,https://www.besoccer.com/match/ipswich-town-fc/coventry-city/200597816,2005,29,championship
Nottingham Forest,Millwall,1-2,https://www.besoccer.com/match/nottingham-forest-fc/millwall-fc/200597817,2005,29,championship
Preston North End,Leicester,1-1,https://www.besoccer.com/match/preston-north-end/leicester-city-fc/200597818,2005,29,championship
Rotherham United,Wigan Athletic,0-2,https://www.besoccer.com/match/rotherham-united/wigan-athletic/200597819,2005,29,championship
Sheffield United,Brighton & Hove Albion,1-2,https://www.besoccer.com/match/sheffield-united/brighton-amp-hov/200597820,2005,29,championship
Watford,Crewe Alexandra,3-1,https://www.besoccer.com/match/watford-fc/crewe-alexandra/200597821,2005,29,championship
Wolves,West Ham,4-2,https://www.besoccer.com/match/wolverhampton/west-ham-united/200597822,2005,29,championship
Leeds United,Cardiff City,1-1,https://www.besoccer.com/match/leeds-united-afc/cardiff-city-fc/200597823,2005,29,championship
Derby County,Sunderland,0-2,https://www.besoccer.com/match/derby-county-fc/sunderland-afc/200597824,2005,29,championship
Brighton & Hove Albion,Nottingham Forest,0-0,https://www.besoccer.com/match/brighton-amp-hov/nottingham-forest-fc/200597825,2005,30,championship
Coventry City,Queens Park Rangers,1-2,https://www.besoccer.com/match/coventry-city/queens-park-rangers-fc/200597826,2005,30,championship
Crewe Alexandra,Rotherham United,1-1,https://www.besoccer.com/match/crewe-alexandra/rotherham-united/200597827,2005,30,championship
Leicester,Gillingham,2-0,https://www.besoccer.com/match/leicester-city-fc/gillingham/200597828,2005,30,championship
Millwall,Wolves,1-2,https://www.besoccer.com/match/millwall-fc/wolverhampton/200597829,2005,30,championship
Plymouth Argyle,Preston North End,0-2,https://www.besoccer.com/match/plymouth-argyle/preston-north-end/200597830,2005,30,championship
Reading,Ipswich Town,1-1,https://www.besoccer.com/match/reading-fc/ipswich-town-fc/200597831,2005,30,championship
Stoke City,Leeds United,0-1,https://www.besoccer.com/match/stoke-city/leeds-united-afc/200597832,2005,30,championship
Sunderland,Sheffield United,1-0,https://www.besoccer.com/match/sunderland-afc/sheffield-united/200597833,2005,30,championship
Wigan Athletic,Watford,2-2,https://www.besoccer.com/match/wigan-athletic/watford-fc/200597834,2005,30,championship
Cardiff City,Burnley,2-0,https://www.besoccer.com/match/cardiff-city-fc/burnley-fc/200597835,2005,30,championship
West Ham,Derby County,1-2,https://www.besoccer.com/match/west-ham-united/derby-county-fc/200597836,2005,30,championship
Wolves,Sunderland,1-1,https://www.besoccer.com/match/wolverhampton/sunderland-afc/200597837,2005,31,championship
Burnley,Leeds United,0-1,https://www.besoccer.com/match/burnley-fc/leeds-united-afc/200597838,2005,31,championship
Brighton & Hove Albion,Derby County,2-3,https://www.besoccer.com/match/brighton-amp-hov/derby-county-fc/200597839,2005,31,championship
Leicester,Crewe Alexandra,1-1,https://www.besoccer.com/match/leicester-city-fc/crewe-alexandra/200597840,2005,31,championship
Millwall,Queens Park Rangers,0-0,https://www.besoccer.com/match/millwall-fc/queens-park-rangers-fc/200597841,2005,31,championship
Preston North End,Coventry City,3-2,https://www.besoccer.com/match/preston-north-end/coventry-city/200597842,2005,31,championship
Reading,Plymouth Argyle,0-0,https://www.besoccer.com/match/reading-fc/plymouth-argyle/200597843,2005,31,championship
Rotherham United,Nottingham Forest,0-0,https://www.besoccer.com/match/rotherham-united/nottingham-forest-fc/200597844,2005,31,championship
Sheffield United,Ipswich Town,0-2,https://www.besoccer.com/match/sheffield-united/ipswich-town-fc/200597845,2005,31,championship
Watford,Gillingham,2-0,https://www.besoccer.com/match/watford-fc/gillingham/200597846,2005,31,championship
Wigan Athletic,Stoke City,0-1,https://www.besoccer.com/match/wigan-athletic/stoke-city/200597847,2005,31,championship
West Ham,Cardiff City,1-0,https://www.besoccer.com/match/west-ham-united/cardiff-city-fc/200597848,2005,31,championship
Coventry City,Burnley,0-2,https://www.besoccer.com/match/coventry-city/burnley-fc/200597849,2005,32,championship
Crewe Alexandra,Wigan Athletic,1-3,https://www.besoccer.com/match/crewe-alexandra/wigan-athletic/200597850,2005,32,championship
Gillingham,Millwall,0-0,https://www.besoccer.com/match/gillingham/millwall-fc/200597851,2005,32,championship
Ipswich Town,Leicester,2-1,https://www.besoccer.com/match/ipswich-town-fc/leicester-city-fc/200597852,2005,32,championship
Leeds United,Reading,3-1,https://www.besoccer.com/match/leeds-united-afc/reading-fc/200597853,2005,32,championship
Plymouth Argyle,Rotherham United,1-1,https://www.besoccer.com/match/plymouth-argyle/rotherham-united/200597854,2005,32,championship
Queens Park Rangers,Preston North End,1-2,https://www.besoccer.com/match/queens-park-rangers-fc/preston-north-end/200597855,2005,32,championship
Sunderland,Watford,4-2,https://www.besoccer.com/match/sunderland-afc/watford-fc/200597856,2005,32,championship
Cardiff City,Brighton & Hove Albion,2-0,https://www.besoccer.com/match/cardiff-city-fc/brighton-amp-hov/200597857,2005,32,championship
Derby County,Wolves,3-3,https://www.besoccer.com/match/derby-county-fc/wolverhampton/200597858,2005,32,championship
Nottingham Forest,Sheffield United,1-1,https://www.besoccer.com/match/nottingham-forest-fc/sheffield-united/200597859,2005,32,championship
Stoke City,West Ham,0-1,https://www.besoccer.com/match/stoke-city/west-ham-united/200597860,2005,32,championship
Preston North End,Ipswich Town,1-1,https://www.besoccer.com/match/preston-north-end/ipswich-town-fc/200597861,2005,33,championship
Brighton & Hove Albion,Sunderland,2-1,https://www.besoccer.com/match/brighton-amp-hov/sunderland-afc/200597862,2005,33,championship
West Ham,Plymouth Argyle,5-0,https://www.besoccer.com/match/west-ham-united/plymouth-argyle/200597863,2005,33,championship
Wigan Athletic,Leeds United,3-0,https://www.besoccer.com/match/wigan-athletic/leeds-united-afc/200597864,2005,33,championship
Wolves,Gillingham,2-2,https://www.besoccer.com/match/wolverhampton/gillingham/200597865,2005,33,championship
Millwall,Stoke City,0-1,https://www.besoccer.com/match/millwall-fc/stoke-city/200597866,2005,33,championship
Reading,Coventry City,1-2,https://www.besoccer.com/match/reading-fc/coventry-city/200597867,2005,33,championship
Rotherham United,Derby County,1-3,https://www.besoccer.com/match/rotherham-united/derby-county-fc/200597868,2005,33,championship
Sheffield United,Crewe Alexandra,4-0,https://www.besoccer.com/match/sheffield-united/crewe-alexandra/200597869,2005,33,championship
Watford,Nottingham Forest,0-2,https://www.besoccer.com/match/watford-fc/nottingham-forest-fc/200597870,2005,33,championship
Burnley,Queens Park Rangers,2-0,https://www.besoccer.com/match/burnley-fc/queens-park-rangers-fc/200597871,2005,33,championship
Leicester,Cardiff City,1-1,https://www.besoccer.com/match/leicester-city-fc/cardiff-city-fc/200597872,2005,33,championship
Leeds United,Brighton & Hove Albion,1-1,https://www.besoccer.com/match/leeds-united-afc/brighton-amp-hov/200597873,2005,34,championship
Crewe Alexandra,Reading,1-1,https://www.besoccer.com/match/crewe-alexandra/reading-fc/200597874,2005,34,championship
Gillingham,West Ham,0-1,https://www.besoccer.com/match/gillingham/west-ham-united/200597875,2005,34,championship
Ipswich Town,Watford,1-2,https://www.besoccer.com/match/ipswich-town-fc/watford-fc/200597876,2005,34,championship
Plymouth Argyle,Sheffield United,3-0,https://www.besoccer.com/match/plymouth-argyle/sheffield-united/200597877,2005,34,championship
Queens Park Rangers,Wolves,1-1,https://www.besoccer.com/match/queens-park-rangers-fc/wolverhampton/200597878,2005,34,championship
Stoke City,Leicester,3-2,https://www.besoccer.com/match/stoke-city/leicester-city-fc/200597879,2005,34,championship
Cardiff City,Millwall,0-1,https://www.besoccer.com/match/cardiff-city-fc/millwall-fc/200597880,2005,34,championship
Sunderland,Rotherham United,4-1,https://www.besoccer.com/match/sunderland-afc/rotherham-united/200597881,2005,34,championship
Coventry City,Wigan Athletic,1-2,https://www.besoccer.com/match/coventry-city/wigan-athletic/200597882,2005,34,championship
Derby County,Burnley,1-1,https://www.besoccer.com/match/derby-county-fc/burnley-fc/200597883,2005,34,championship
Nottingham Forest,Preston North End,2-0,https://www.besoccer.com/match/nottingham-forest-fc/preston-north-end/200597884,2005,34,championship
Brighton & Hove Albion,Millwall,1-0,https://www.besoccer.com/match/brighton-amp-hov/millwall-fc/200597885,2005,35,championship
Coventry City,Stoke City,0-0,https://www.besoccer.com/match/coventry-city/stoke-city/200597886,2005,35,championship
Gillingham,Wigan Athletic,2-1,https://www.besoccer.com/match/gillingham/wigan-athletic/200597887,2005,35,championship
Ipswich Town,Queens Park Rangers,0-2,https://www.besoccer.com/match/ipswich-town-fc/queens-park-rangers-fc/200597888,2005,35,championship
Leeds United,West Ham,2-1,https://www.besoccer.com/match/leeds-united-afc/west-ham-united/200597889,2005,35,championship
Nottingham Forest,Derby County,2-2,https://www.besoccer.com/match/nottingham-forest-fc/derby-county-fc/200597890,2005,35,championship
Plymouth Argyle,Crewe Alexandra,3-0,https://www.besoccer.com/match/plymouth-argyle/crewe-alexandra/200597891,2005,35,championship
Preston North End,Burnley,1-0,https://www.besoccer.com/match/preston-north-end/burnley-fc/200597892,2005,35,championship
Reading,Leicester,0-0,https://www.besoccer.com/match/reading-fc/leicester-city-fc/200597893,2005,35,championship
Sheffield United,Rotherham United,1-0,https://www.besoccer.com/match/sheffield-united/rotherham-united/200597894,2005,35,championship
Wolves,Watford,0-0,https://www.besoccer.com/match/wolverhampton/watford-fc/200597895,2005,35,championship
Sunderland,Cardiff City,2-1,https://www.besoccer.com/match/sunderland-afc/cardiff-city-fc/200597896,2005,35,championship
Burnley,Sunderland,0-2,https://www.besoccer.com/match/burnley-fc/sunderland-afc/200597897,2005,36,championship
Crewe Alexandra,Wolves,1-4,https://www.besoccer.com/match/crewe-alexandra/wolverhampton/200597898,2005,36,championship
Derby County,Plymouth Argyle,1-0,https://www.besoccer.com/match/derby-county-fc/plymouth-argyle/200597899,2005,36,championship
Leicester,Nottingham Forest,0-1,https://www.besoccer.com/match/leicester-city-fc/nottingham-forest-fc/200597900,2005,36,championship
Queens Park Rangers,Reading,0-0,https://www.besoccer.com/match/queens-park-rangers-fc/reading-fc/200597901,2005,36,championship
Rotherham United,Gillingham,1-3,https://www.besoccer.com/match/rotherham-united/gillingham/200597902,2005,36,championship
Stoke City,Brighton & Hove Albion,2-0,https://www.besoccer.com/match/stoke-city/brighton-amp-hov/200597903,2005,36,championship
Watford,Coventry City,2-3,https://www.besoccer.com/match/watford-fc/coventry-city/200597904,2005,36,championship
West Ham,Preston North End,1-2,https://www.besoccer.com/match/west-ham-united/preston-north-end/200597905,2005,36,championship
Wigan Athletic,Ipswich Town,1-0,https://www.besoccer.com/match/wigan-athletic/ipswich-town-fc/200597906,2005,36,championship
Cardiff City,Sheffield United,1-0,https://www.besoccer.com/match/cardiff-city-fc/sheffield-united/200597907,2005,36,championship
Millwall,Leeds United,1-1,https://www.besoccer.com/match/millwall-fc/leeds-united-afc/200597908,2005,36,championship
Burnley,Rotherham United,2-1,https://www.besoccer.com/match/burnley-fc/rotherham-united/200597909,2005,37,championship
Reading,West Ham,3-1,https://www.besoccer.com/match/reading-fc/west-ham-united/200597910,2005,37,championship
Stoke City,Sheffield United,2-0,https://www.besoccer.com/match/stoke-city/sheffield-united/200597911,2005,37,championship
Wigan Athletic,Millwall,2-0,https://www.besoccer.com/match/wigan-athletic/millwall-fc/200597912,2005,37,championship
Crewe Alexandra,Sunderland,0-1,https://www.besoccer.com/match/crewe-alexandra/sunderland-afc/200597913,2005,37,championship
Ipswich Town,Nottingham Forest,6-0,https://www.besoccer.com/match/ipswich-town-fc/nottingham-forest-fc/200597914,2005,37,championship
Leeds United,Gillingham,1-1,https://www.besoccer.com/match/leeds-united-afc/gillingham/200597915,2005,37,championship
Plymouth Argyle,Brighton & Hove Albion,5-1,https://www.besoccer.com/match/plymouth-argyle/brighton-amp-hov/200597916,2005,37,championship
Preston North End,Wolves,2-2,https://www.besoccer.com/match/preston-north-end/wolverhampton/200597917,2005,37,championship
Queens Park Rangers,Watford,3-1,https://www.besoccer.com/match/queens-park-rangers-fc/watford-fc/200597918,2005,37,championship
Coventry City,Cardiff City,1-1,https://www.besoccer.com/match/coventry-city/cardiff-city-fc/200597919,2005,37,championship
Leicester,Derby County,1-0,https://www.besoccer.com/match/leicester-city-fc/derby-county-fc/200597920,2005,37,championship
Brighton & Hove Albion,Wigan Athletic,2-4,https://www.besoccer.com/match/brighton-amp-hov/wigan-athletic/200597921,2005,38,championship
Wolves,Burnley,2-0,https://www.besoccer.com/match/wolverhampton/burnley-fc/200597922,2005,38,championship
Gillingham,Stoke City,2-1,https://www.besoccer.com/match/gillingham/stoke-city/200597923,2005,38,championship
Millwall,Coventry City,1-1,https://www.besoccer.com/match/millwall-fc/coventry-city/200597924,2005,38,championship
Rotherham United,Reading,1-0,https://www.besoccer.com/match/rotherham-united/reading-fc/200597925,2005,38,championship
Sheffield United,Preston North End,1-1,https://www.besoccer.com/match/sheffield-united/preston-north-end/200597926,2005,38,championship
Watford,Leicester,2-2,https://www.besoccer.com/match/watford-fc/leicester-city-fc/200597927,2005,38,championship
West Ham,Crewe Alexandra,1-1,https://www.besoccer.com/match/west-ham-united/crewe-alexandra/200597928,2005,38,championship
Cardiff City,Ipswich Town,0-1,https://www.besoccer.com/match/cardiff-city-fc/ipswich-town-fc/200597929,2005,38,championship
Sunderland,Plymouth Argyle,5-1,https://www.besoccer.com/match/sunderland-afc/plymouth-argyle/200597930,2005,38,championship
Derby County,Queens Park Rangers,0-0,https://www.besoccer.com/match/derby-county-fc/queens-park-rangers-fc/200597931,2005,38,championship
Nottingham Forest,Leeds United,0-0,https://www.besoccer.com/match/nottingham-forest-fc/leeds-united-afc/200597932,2005,38,championship
Derby County,Leeds United,2-0,https://www.besoccer.com/match/derby-county-fc/leeds-united-afc/200597933,2005,39,championship
West Ham,Leicester,2-2,https://www.besoccer.com/match/west-ham-united/leicester-city-fc/200597934,2005,39,championship
Cardiff City,Crewe Alexandra,1-1,https://www.besoccer.com/match/cardiff-city-fc/crewe-alexandra/200597935,2005,39,championship
Gillingham,Ipswich Town,0-0,https://www.besoccer.com/match/gillingham/ipswich-town-fc/200597936,2005,39,championship
Nottingham Forest,Wigan Athletic,1-1,https://www.besoccer.com/match/nottingham-forest-fc/wigan-athletic/200597937,2005,39,championship
Rotherham United,Queens Park Rangers,0-1,https://www.besoccer.com/match/rotherham-united/queens-park-rangers-fc/200597938,2005,39,championship
Sheffield United,Burnley,2-1,https://www.besoccer.com/match/sheffield-united/burnley-fc/200597939,2005,39,championship
Sunderland,Coventry City,1-0,https://www.besoccer.com/match/sunderland-afc/coventry-city/200597940,2005,39,championship
Watford,Preston North End,0-2,https://www.besoccer.com/match/watford-fc/preston-north-end/200597941,2005,39,championship
Wolves,Stoke City,1-1,https://www.besoccer.com/match/wolverhampton/stoke-city/200597942,2005,39,championship
Millwall,Plymouth Argyle,3-0,https://www.besoccer.com/match/millwall-fc/plymouth-argyle/200597943,2005,39,championship
Brighton & Hove Albion,Reading,0-1,https://www.besoccer.com/match/brighton-amp-hov/reading-fc/200597944,2005,39,championship
Burnley,Watford,3-1,https://www.besoccer.com/match/burnley-fc/watford-fc/200597945,2005,40,championship
Coventry City,Brighton & Hove Albion,2-1,https://www.besoccer.com/match/coventry-city/brighton-amp-hov/200597946,2005,40,championship
Crewe Alexandra,Nottingham Forest,1-1,https://www.besoccer.com/match/crewe-alexandra/nottingham-forest-fc/200597947,2005,40,championship
Ipswich Town,Derby County,3-2,https://www.besoccer.com/match/ipswich-town-fc/derby-county-fc/200597948,2005,40,championship
Leeds United,Wolves,1-1,https://www.besoccer.com/match/leeds-united-afc/wolverhampton/200597949,2005,40,championship
Leicester,Millwall,3-1,https://www.besoccer.com/match/leicester-city-fc/millwall-fc/200597950,2005,40,championship
Preston North End,Gillingham,1-1,https://www.besoccer.com/match/preston-north-end/gillingham/200597951,2005,40,championship
Queens Park Rangers,Sunderland,1-3,https://www.besoccer.com/match/queens-park-rangers-fc/sunderland-afc/200597952,2005,40,championship
Reading,Sheffield United,0-0,https://www.besoccer.com/match/reading-fc/sheffield-united/200597953,2005,40,championship
Stoke City,Rotherham United,1-2,https://www.besoccer.com/match/stoke-city/rotherham-united/200597954,2005,40,championship
Wigan Athletic,West Ham,1-2,https://www.besoccer.com/match/wigan-athletic/west-ham-united/200597955,2005,40,championship
Plymouth Argyle,Cardiff City,1-1,https://www.besoccer.com/match/plymouth-argyle/cardiff-city-fc/200597956,2005,40,championship
Burnley,West Ham,0-1,https://www.besoccer.com/match/burnley-fc/west-ham-united/200597957,2005,41,championship
Crewe Alexandra,Derby County,1-2,https://www.besoccer.com/match/crewe-alexandra/derby-county-fc/200597958,2005,41,championship
Ipswich Town,Rotherham United,4-3,https://www.besoccer.com/match/ipswich-town-fc/rotherham-united/200597959,2005,41,championship
Leeds United,Sheffield United,0-4,https://www.besoccer.com/match/leeds-united-afc/sheffield-united/200597960,2005,41,championship
Leicester,Wolves,1-1,https://www.besoccer.com/match/leicester-city-fc/wolverhampton/200597961,2005,41,championship
Plymouth Argyle,Watford,1-0,https://www.besoccer.com/match/plymouth-argyle/watford-fc/200597962,2005,41,championship
Preston North End,Brighton & Hove Albion,3-0,https://www.besoccer.com/match/preston-north-end/brighton-amp-hov/200597963,2005,41,championship
Queens Park Rangers,Gillingham,1-1,https://www.besoccer.com/match/queens-park-rangers-fc/gillingham/200597964,2005,41,championship
Stoke City,Cardiff City,1-3,https://www.besoccer.com/match/stoke-city/cardiff-city-fc/200597965,2005,41,championship
Wigan Athletic,Sunderland,0-1,https://www.besoccer.com/match/wigan-athletic/sunderland-afc/200597966,2005,41,championship
Reading,Millwall,2-1,https://www.besoccer.com/match/reading-fc/millwall-fc/200597967,2005,41,championship
Coventry City,Nottingham Forest,2-0,https://www.besoccer.com/match/coventry-city/nottingham-forest-fc/200597968,2005,41,championship
Sunderland,Reading,1-2,https://www.besoccer.com/match/sunderland-afc/reading-fc/200597969,2005,42,championship
Brighton & Hove Albion,Leicester,1-1,https://www.besoccer.com/match/brighton-amp-hov/leicester-city-fc/200597970,2005,42,championship
Derby County,Stoke City,3-1,https://www.besoccer.com/match/derby-county-fc/stoke-city/200597971,2005,42,championship
Gillingham,Burnley,1-0,https://www.besoccer.com/match/gillingham/burnley-fc/200597972,2005,42,championship
Millwall,Crewe Alexandra,4-3,https://www.besoccer.com/match/millwall-fc/crewe-alexandra/200597973,2005,42,championship
Nottingham Forest,Plymouth Argyle,0-3,https://www.besoccer.com/match/nottingham-forest-fc/plymouth-argyle/200597974,2005,42,championship
Rotherham United,Preston North End,1-2,https://www.besoccer.com/match/rotherham-united/preston-north-end/200597975,2005,42,championship
Sheffield United,Queens Park Rangers,3-2,https://www.besoccer.com/match/sheffield-united/queens-park-rangers-fc/200597976,2005,42,championship
Watford,Leeds United,1-2,https://www.besoccer.com/match/watford-fc/leeds-united-afc/200597977,2005,42,championship
West Ham,Coventry City,3-0,https://www.besoccer.com/match/west-ham-united/coventry-city/200597978,2005,42,championship
Cardiff City,Wigan Athletic,0-2,https://www.besoccer.com/match/cardiff-city-fc/wigan-athletic/200597979,2005,42,championship
Wolves,Ipswich Town,2-0,https://www.besoccer.com/match/wolverhampton/ipswich-town-fc/200597980,2005,42,championship
Sheffield United,Derby County,0-1,https://www.besoccer.com/match/sheffield-united/derby-county-fc/200597981,2005,43,championship
West Ham,Millwall,1-1,https://www.besoccer.com/match/west-ham-united/millwall-fc/200597982,2005,43,championship
Burnley,Brighton & Hove Albion,1-1,https://www.besoccer.com/match/burnley-fc/brighton-amp-hov/200597983,2005,43,championship
Coventry City,Wolves,2-2,https://www.besoccer.com/match/coventry-city/wolverhampton/200597984,2005,43,championship
Gillingham,Crewe Alexandra,1-1,https://www.besoccer.com/match/gillingham/crewe-alexandra/200597985,2005,43,championship
Leicester,Wigan Athletic,0-2,https://www.besoccer.com/match/leicester-city-fc/wigan-athletic/200597986,2005,43,championship
Queens Park Rangers,Leeds United,1-1,https://www.besoccer.com/match/queens-park-rangers-fc/leeds-united-afc/200597987,2005,43,championship
Reading,Nottingham Forest,1-0,https://www.besoccer.com/match/reading-fc/nottingham-forest-fc/200597988,2005,43,championship
Rotherham United,Watford,0-1,https://www.besoccer.com/match/rotherham-united/watford-fc/200597989,2005,43,championship
Stoke City,Plymouth Argyle,2-0,https://www.besoccer.com/match/stoke-city/plymouth-argyle/200597990,2005,43,championship
Preston North End,Cardiff City,3-0,https://www.besoccer.com/match/preston-north-end/cardiff-city-fc/200597991,2005,43,championship
Ipswich Town,Sunderland,2-2,https://www.besoccer.com/match/ipswich-town-fc/sunderland-afc/200597992,2005,43,championship
Brighton & Hove Albion,West Ham,2-2,https://www.besoccer.com/match/brighton-amp-hov/west-ham-united/200597993,2005,44,championship
Crewe Alexandra,Stoke City,0-2,https://www.besoccer.com/match/crewe-alexandra/stoke-city/200597994,2005,44,championship
Derby County,Gillingham,2-0,https://www.besoccer.com/match/derby-county-fc/gillingham/200597995,2005,44,championship
Leeds United,Ipswich Town,1-1,https://www.besoccer.com/match/leeds-united-afc/ipswich-town-fc/200597996,2005,44,championship
Nottingham Forest,Burnley,1-0,https://www.besoccer.com/match/nottingham-forest-fc/burnley-fc/200597997,2005,44,championship
Plymouth Argyle,Coventry City,1-1,https://www.besoccer.com/match/plymouth-argyle/coventry-city/200597998,2005,44,championship
Sunderland,Leicester,2-1,https://www.besoccer.com/match/sunderland-afc/leicester-city-fc/200597999,2005,44,championship
Watford,Sheffield United,0-0,https://www.besoccer.com/match/watford-fc/sheffield-united/200598000,2005,44,championship
Wigan Athletic,Queens Park Rangers,0-0,https://www.besoccer.com/match/wigan-athletic/queens-park-rangers-fc/200598001,2005,44,championship
Wolves,Rotherham United,2-0,https://www.besoccer.com/match/wolverhampton/rotherham-united/200598002,2005,44,championship
Cardiff City,Reading,2-0,https://www.besoccer.com/match/cardiff-city-fc/reading-fc/200598003,2005,44,championship
Millwall,Preston North End,2-1,https://www.besoccer.com/match/millwall-fc/preston-north-end/200598004,2005,44,championship
West Ham,Sunderland,1-2,https://www.besoccer.com/match/west-ham-united/sunderland-afc/200598005,2005,45,championship
Preston North End,Wigan Athletic,1-1,https://www.besoccer.com/match/preston-north-end/wigan-athletic/200598006,2005,45,championship
Burnley,Plymouth Argyle,2-0,https://www.besoccer.com/match/burnley-fc/plymouth-argyle/200598007,2005,45,championship
Coventry City,Derby County,6-2,https://www.besoccer.com/match/coventry-city/derby-county-fc/200598008,2005,45,championship
Ipswich Town,Crewe Alexandra,5-1,https://www.besoccer.com/match/ipswich-town-fc/crewe-alexandra/200598009,2005,45,championship
Queens Park Rangers,Nottingham Forest,2-1,https://www.besoccer.com/match/queens-park-rangers-fc/nottingham-forest-fc/200598010,2005,45,championship
Reading,Wolves,1-2,https://www.besoccer.com/match/reading-fc/wolverhampton/200598011,2005,45,championship
Rotherham United,Brighton & Hove Albion,0-1,https://www.besoccer.com/match/rotherham-united/brighton-amp-hov/200598012,2005,45,championship
Sheffield United,Millwall,0-1,https://www.besoccer.com/match/sheffield-united/millwall-fc/200598013,2005,45,championship
Stoke City,Watford,0-1,https://www.besoccer.com/match/stoke-city/watford-fc/200598014,2005,45,championship
Gillingham,Cardiff City,1-1,https://www.besoccer.com/match/gillingham/cardiff-city-fc/200598015,2005,45,championship
Leicester,Leeds United,2-0,https://www.besoccer.com/match/leicester-city-fc/leeds-united-afc/200598016,2005,45,championship
Brighton & Hove Albion,Ipswich Town,1-1,https://www.besoccer.com/match/brighton-amp-hov/ipswich-town-fc/200598017,2005,46,championship
Watford,West Ham,1-2,https://www.besoccer.com/match/watford-fc/west-ham-united/200598018,2005,46,championship
Wigan Athletic,Reading,3-1,https://www.besoccer.com/match/wigan-athletic/reading-fc/200598019,2005,46,championship
Wolves,Sheffield United,4-2,https://www.besoccer.com/match/wolverhampton/sheffield-united/200598020,2005,46,championship
Crewe Alexandra,Coventry City,2-1,https://www.besoccer.com/match/crewe-alexandra/coventry-city/200598021,2005,46,championship
Derby County,Preston North End,3-1,https://www.besoccer.com/match/derby-county-fc/preston-north-end/200598022,2005,46,championship
Leeds United,Rotherham United,0-0,https://www.besoccer.com/match/leeds-united-afc/rotherham-united/200598023,2005,46,championship
Millwall,Burnley,0-0,https://www.besoccer.com/match/millwall-fc/burnley-fc/200598024,2005,46,championship
Nottingham Forest,Gillingham,2-2,https://www.besoccer.com/match/nottingham-forest-fc/gillingham/200598025,2005,46,championship
Plymouth Argyle,Leicester,0-0,https://www.besoccer.com/match/plymouth-argyle/leicester-city-fc/200598026,2005,46,championship
Sunderland,Stoke City,1-0,https://www.besoccer.com/match/sunderland-afc/stoke-city/200598027,2005,46,championship
Cardiff City,Queens Park Rangers,1-0,https://www.besoccer.com/match/cardiff-city-fc/queens-park-rangers-fc/200598028,2005,46,championship
