Home_Team,Away_Team,Result,Link,Season,Round,League
Watford,Wolves,0-2,https://www.besoccer.com/match/watford-fc/wolverhampton/199218254,1992,1,championship
Swindon Town,Leicester,0-0,https://www.besoccer.com/match/swindon-town/leicester-city-fc/199218255,1992,1,championship
Sunderland,Derby County,1-1,https://www.besoccer.com/match/sunderland-afc/derby-county-fc/199218256,1992,1,championship
Southend United,Bristol City,1-1,https://www.besoccer.com/match/southend-united/bristol-city-fc/199218257,1992,1,championship
Port Vale,Oxford United,2-1,https://www.besoccer.com/match/port-vale/oxford-united/199218258,1992,1,championship
Plymouth Argyle,Barnsley,2-1,https://www.besoccer.com/match/plymouth-argyle/barnsley-fc/199218259,1992,1,championship
Middlesbrough,Millwall,1-0,https://www.besoccer.com/match/middlesbrough-fc/millwall-fc/199218260,1992,1,championship
Grimsby Town,Cambridge United,3-4,https://www.besoccer.com/match/grimsby-town/cambridge-united/199218261,1992,1,championship
Bristol Rovers,Ipswich Town,3-3,https://www.besoccer.com/match/bristol-rovers/ipswich-town-fc/199218262,1992,1,championship
Brighton & Hove Albion,Tranmere Rovers,0-2,https://www.besoccer.com/match/brighton-amp-hov/tranmere-rovers/199218263,1992,1,championship
Blackburn Rovers,Portsmouth,1-1,https://www.besoccer.com/match/blackburn-rovers-fc/portsmouth/199218264,1992,1,championship
Charlton Athletic,Newcastle,2-1,https://www.besoccer.com/match/charlton-athletic-fc/newcastle-united-fc/199218265,1992,1,championship
Ipswich Town,Port Vale,2-1,https://www.besoccer.com/match/ipswich-town-fc/port-vale/199218266,1992,1,championship
Bristol City,Brighton & Hove Albion,2-1,https://www.besoccer.com/match/bristol-city-fc/brighton-amp-hov/199218267,1992,1,championship
Barnsley,Sunderland,0-3,https://www.besoccer.com/match/barnsley-fc/sunderland-afc/199218268,1992,1,championship
Derby County,Middlesbrough,2-0,https://www.besoccer.com/match/derby-county-fc/middlesbrough-fc/199218269,1992,1,championship
Tranmere Rovers,Bristol Rovers,2-2,https://www.besoccer.com/match/tranmere-rovers/bristol-rovers/199218270,1992,1,championship
Barnsley,Brighton & Hove Albion,1-2,https://www.besoccer.com/match/barnsley-fc/brighton-amp-hov/199218281,1992,1,championship
Bristol City,Blackburn Rovers,1-0,https://www.besoccer.com/match/bristol-city-fc/blackburn-rovers-fc/199218280,1992,1,championship
Cambridge United,Swindon Town,3-2,https://www.besoccer.com/match/cambridge-united/swindon-town/199218279,1992,1,championship
Ipswich Town,Middlesbrough,2-1,https://www.besoccer.com/match/ipswich-town-fc/middlesbrough-fc/199218277,1992,1,championship
Derby County,Southend United,1-2,https://www.besoccer.com/match/derby-county-fc/southend-united/199218278,1992,1,championship
Newcastle,Watford,2-2,https://www.besoccer.com/match/newcastle-united-fc/watford-fc/199218274,1992,1,championship
Leicester,Plymouth Argyle,2-0,https://www.besoccer.com/match/leicester-city-fc/plymouth-argyle/199218276,1992,1,championship
Oxford United,Grimsby Town,1-2,https://www.besoccer.com/match/oxford-united/grimsby-town/199218273,1992,1,championship
Portsmouth,Port Vale,1-0,https://www.besoccer.com/match/portsmouth/port-vale/199218272,1992,1,championship
Wolves,Charlton Athletic,1-1,https://www.besoccer.com/match/wolverhampton/charlton-athletic-fc/199218271,1992,1,championship
Millwall,Sunderland,4-1,https://www.besoccer.com/match/millwall-fc/sunderland-afc/199218275,1992,1,championship
Port Vale,Barnsley,0-0,https://www.besoccer.com/match/port-vale/barnsley-fc/199218282,1992,1,championship
Middlesbrough,Newcastle,3-0,https://www.besoccer.com/match/middlesbrough-fc/newcastle-united-fc/199218283,1992,1,championship
Middlesbrough,Portsmouth,2-0,https://www.besoccer.com/match/middlesbrough-fc/portsmouth/199218290,1992,1,championship
Brighton & Hove Albion,Wolves,3-3,https://www.besoccer.com/match/brighton-amp-hov/wolverhampton/199218293,1992,1,championship
Bristol Rovers,Newcastle,1-2,https://www.besoccer.com/match/bristol-rovers/newcastle-united-fc/199218292,1992,1,championship
Grimsby Town,Tranmere Rovers,2-2,https://www.besoccer.com/match/grimsby-town/tranmere-rovers/199218291,1992,1,championship
Sunderland,Oxford United,2-0,https://www.besoccer.com/match/sunderland-afc/oxford-united/199218286,1992,1,championship
Plymouth Argyle,Millwall,3-2,https://www.besoccer.com/match/plymouth-argyle/millwall-fc/199218289,1992,1,championship
Port Vale,Bristol City,1-1,https://www.besoccer.com/match/port-vale/bristol-city-fc/199218288,1992,1,championship
Southend United,Leicester,1-2,https://www.besoccer.com/match/southend-united/leicester-city-fc/199218287,1992,1,championship
Swindon Town,Barnsley,3-1,https://www.besoccer.com/match/swindon-town/barnsley-fc/199218285,1992,1,championship
Watford,Cambridge United,1-3,https://www.besoccer.com/match/watford-fc/cambridge-united/199218284,1992,1,championship
Blackburn Rovers,Ipswich Town,1-2,https://www.besoccer.com/match/blackburn-rovers-fc/ipswich-town-fc/199218294,1992,1,championship
Charlton Athletic,Derby County,0-2,https://www.besoccer.com/match/charlton-athletic-fc/derby-county-fc/199218295,1992,2,championship
Tranmere Rovers,Charlton Athletic,2-2,https://www.besoccer.com/match/tranmere-rovers/charlton-athletic-fc/199218297,1992,2,championship
Portsmouth,Sunderland,1-0,https://www.besoccer.com/match/portsmouth/sunderland-afc/199218298,1992,2,championship
Ipswich Town,Swindon Town,1-4,https://www.besoccer.com/match/ipswich-town-fc/swindon-town/199218299,1992,2,championship
Cambridge United,Southend United,0-1,https://www.besoccer.com/match/cambridge-united/southend-united/199218300,1992,2,championship
Barnsley,Watford,0-3,https://www.besoccer.com/match/barnsley-fc/watford-fc/199218301,1992,2,championship
Wolves,Port Vale,0-2,https://www.besoccer.com/match/wolverhampton/port-vale/199218296,1992,2,championship
Derby County,Blackburn Rovers,0-2,https://www.besoccer.com/match/derby-county-fc/blackburn-rovers-fc/199218306,1992,2,championship
Bristol City,Bristol Rovers,1-0,https://www.besoccer.com/match/bristol-city-fc/bristol-rovers/199218307,1992,2,championship
Millwall,Brighton & Hove Albion,1-2,https://www.besoccer.com/match/millwall-fc/brighton-amp-hov/199218304,1992,2,championship
Leicester,Grimsby Town,2-0,https://www.besoccer.com/match/leicester-city-fc/grimsby-town/199218305,1992,2,championship
Newcastle,Plymouth Argyle,2-2,https://www.besoccer.com/match/newcastle-united-fc/plymouth-argyle/199218303,1992,2,championship
Oxford United,Middlesbrough,1-2,https://www.besoccer.com/match/oxford-united/middlesbrough-fc/199218302,1992,2,championship
Millwall,Cambridge United,1-2,https://www.besoccer.com/match/millwall-fc/cambridge-united/199218315,1992,2,championship
Bristol Rovers,Grimsby Town,2-3,https://www.besoccer.com/match/bristol-rovers/grimsby-town/199218319,1992,2,championship
Derby County,Barnsley,1-1,https://www.besoccer.com/match/derby-county-fc/barnsley-fc/199218318,1992,2,championship
Ipswich Town,Southend United,1-0,https://www.besoccer.com/match/ipswich-town-fc/southend-united/199218317,1992,2,championship
Leicester,Bristol City,2-1,https://www.besoccer.com/match/leicester-city-fc/bristol-city-fc/199218316,1992,2,championship
Tranmere Rovers,Newcastle,3-2,https://www.besoccer.com/match/tranmere-rovers/newcastle-united-fc/199218310,1992,2,championship
Plymouth Argyle,Charlton Athletic,0-2,https://www.besoccer.com/match/plymouth-argyle/charlton-athletic-fc/199218314,1992,2,championship
Port Vale,Swindon Town,2-2,https://www.besoccer.com/match/port-vale/swindon-town/199218313,1992,2,championship
Portsmouth,Brighton & Hove Albion,0-0,https://www.besoccer.com/match/portsmouth/brighton-amp-hov/199218312,1992,2,championship
Sunderland,Blackburn Rovers,1-1,https://www.besoccer.com/match/sunderland-afc/blackburn-rovers-fc/199218311,1992,2,championship
Watford,Middlesbrough,1-2,https://www.besoccer.com/match/watford-fc/middlesbrough-fc/199218309,1992,2,championship
Wolves,Oxford United,3-1,https://www.besoccer.com/match/wolverhampton/oxford-united/199218308,1992,2,championship
Cambridge United,Derby County,0-0,https://www.besoccer.com/match/cambridge-united/derby-county-fc/199218320,1992,2,championship
Charlton Athletic,Portsmouth,3-0,https://www.besoccer.com/match/charlton-athletic-fc/portsmouth/199218327,1992,2,championship
Blackburn Rovers,Port Vale,1-0,https://www.besoccer.com/match/blackburn-rovers-fc/port-vale/199218330,1992,2,championship
Brighton & Hove Albion,Watford,0-1,https://www.besoccer.com/match/brighton-amp-hov/watford-fc/199218329,1992,2,championship
Bristol City,Tranmere Rovers,2-2,https://www.besoccer.com/match/bristol-city-fc/tranmere-rovers/199218328,1992,2,championship
Barnsley,Ipswich Town,1-0,https://www.besoccer.com/match/barnsley-fc/ipswich-town-fc/199218331,1992,2,championship
Grimsby Town,Plymouth Argyle,2-1,https://www.besoccer.com/match/grimsby-town/plymouth-argyle/199218326,1992,2,championship
Newcastle,Wolves,1-2,https://www.besoccer.com/match/newcastle-united-fc/wolverhampton/199218324,1992,2,championship
Oxford United,Millwall,2-2,https://www.besoccer.com/match/oxford-united/millwall-fc/199218323,1992,2,championship
Southend United,Bristol Rovers,2-0,https://www.besoccer.com/match/southend-united/bristol-rovers/199218322,1992,2,championship
Swindon Town,Sunderland,5-3,https://www.besoccer.com/match/swindon-town/sunderland-afc/199218321,1992,2,championship
Middlesbrough,Leicester,3-0,https://www.besoccer.com/match/middlesbrough-fc/leicester-city-fc/199218325,1992,2,championship
Cambridge United,Wolves,2-1,https://www.besoccer.com/match/cambridge-united/wolverhampton/199218338,1992,2,championship
Barnsley,Leicester,3-1,https://www.besoccer.com/match/barnsley-fc/leicester-city-fc/199218341,1992,2,championship
Blackburn Rovers,Watford,1-0,https://www.besoccer.com/match/blackburn-rovers-fc/watford-fc/199218340,1992,2,championship
Bristol City,Millwall,2-2,https://www.besoccer.com/match/bristol-city-fc/millwall-fc/199218339,1992,2,championship
Charlton Athletic,Sunderland,1-4,https://www.besoccer.com/match/charlton-athletic-fc/sunderland-afc/199218337,1992,2,championship
Grimsby Town,Portsmouth,1-1,https://www.besoccer.com/match/grimsby-town/portsmouth/199218336,1992,2,championship
Middlesbrough,Tranmere Rovers,1-0,https://www.besoccer.com/match/middlesbrough-fc/tranmere-rovers/199218335,1992,2,championship
Newcastle,Ipswich Town,1-1,https://www.besoccer.com/match/newcastle-united-fc/ipswich-town-fc/199218334,1992,2,championship
Southend United,Plymouth Argyle,2-1,https://www.besoccer.com/match/southend-united/plymouth-argyle/199218333,1992,2,championship
Swindon Town,Bristol Rovers,1-0,https://www.besoccer.com/match/swindon-town/bristol-rovers/199218332,1992,2,championship
Oxford United,Derby County,2-0,https://www.besoccer.com/match/oxford-united/derby-county-fc/199218342,1992,2,championship
Brighton & Hove Albion,Port Vale,3-1,https://www.besoccer.com/match/brighton-amp-hov/port-vale/199218343,1992,2,championship
Millwall,Newcastle,2-1,https://www.besoccer.com/match/millwall-fc/newcastle-united-fc/199218351,1992,2,championship
Bristol Rovers,Oxford United,2-1,https://www.besoccer.com/match/bristol-rovers/oxford-united/199218355,1992,2,championship
Derby County,Brighton & Hove Albion,3-1,https://www.besoccer.com/match/derby-county-fc/brighton-amp-hov/199218354,1992,2,championship
Ipswich Town,Bristol City,4-2,https://www.besoccer.com/match/ipswich-town-fc/bristol-city-fc/199218353,1992,2,championship
Leicester,Blackburn Rovers,3-0,https://www.besoccer.com/match/leicester-city-fc/blackburn-rovers-fc/199218352,1992,2,championship
Sunderland,Grimsby Town,1-2,https://www.besoccer.com/match/sunderland-afc/grimsby-town/199218347,1992,2,championship
Plymouth Argyle,Middlesbrough,1-1,https://www.besoccer.com/match/plymouth-argyle/middlesbrough-fc/199218350,1992,2,championship
Portsmouth,Cambridge United,3-0,https://www.besoccer.com/match/portsmouth/cambridge-united/199218348,1992,2,championship
Tranmere Rovers,Barnsley,2-1,https://www.besoccer.com/match/tranmere-rovers/barnsley-fc/199218346,1992,2,championship
Watford,Charlton Athletic,2-0,https://www.besoccer.com/match/watford-fc/charlton-athletic-fc/199218345,1992,2,championship
Wolves,Swindon Town,2-1,https://www.besoccer.com/match/wolverhampton/swindon-town/199218344,1992,2,championship
Port Vale,Southend United,0-0,https://www.besoccer.com/match/port-vale/southend-united/199218349,1992,2,championship
Charlton Athletic,Port Vale,2-0,https://www.besoccer.com/match/charlton-athletic-fc/port-vale/199218362,1992,2,championship
Barnsley,Millwall,0-2,https://www.besoccer.com/match/barnsley-fc/millwall-fc/199218366,1992,2,championship
Blackburn Rovers,Tranmere Rovers,0-0,https://www.besoccer.com/match/blackburn-rovers-fc/tranmere-rovers/199218365,1992,2,championship
Brighton & Hove Albion,Bristol Rovers,3-1,https://www.besoccer.com/match/brighton-amp-hov/bristol-rovers/199218364,1992,2,championship
Bristol City,Portsmouth,0-2,https://www.besoccer.com/match/bristol-city-fc/portsmouth/199218363,1992,2,championship
Newcastle,Derby County,2-2,https://www.besoccer.com/match/newcastle-united-fc/derby-county-fc/199218359,1992,2,championship
Grimsby Town,Ipswich Town,1-2,https://www.besoccer.com/match/grimsby-town/ipswich-town-fc/199218361,1992,2,championship
Middlesbrough,Sunderland,2-1,https://www.besoccer.com/match/middlesbrough-fc/sunderland-afc/199218360,1992,2,championship
Oxford United,Plymouth Argyle,3-2,https://www.besoccer.com/match/oxford-united/plymouth-argyle/199218358,1992,2,championship
Southend United,Wolves,0-2,https://www.besoccer.com/match/southend-united/wolverhampton/199218357,1992,2,championship
Swindon Town,Watford,3-1,https://www.besoccer.com/match/swindon-town/watford-fc/199218356,1992,2,championship
Cambridge United,Leicester,5-1,https://www.besoccer.com/match/cambridge-united/leicester-city-fc/199218367,1992,2,championship
Tranmere Rovers,Southend United,1-1,https://www.besoccer.com/match/tranmere-rovers/southend-united/199218368,1992,3,championship
Millwall,Blackburn Rovers,1-3,https://www.besoccer.com/match/millwall-fc/blackburn-rovers-fc/199218375,1992,3,championship
Wolves,Barnsley,1-2,https://www.besoccer.com/match/wolverhampton/barnsley-fc/199218369,1992,3,championship
Bristol Rovers,Middlesbrough,2-1,https://www.besoccer.com/match/bristol-rovers/middlesbrough-fc/199218379,1992,3,championship
Derby County,Bristol City,4-1,https://www.besoccer.com/match/derby-county-fc/bristol-city-fc/199218378,1992,3,championship
Ipswich Town,Oxford United,2-1,https://www.besoccer.com/match/ipswich-town-fc/oxford-united/199218377,1992,3,championship
Leicester,Charlton Athletic,0-2,https://www.besoccer.com/match/leicester-city-fc/charlton-athletic-fc/199218376,1992,3,championship
Plymouth Argyle,Swindon Town,0-4,https://www.besoccer.com/match/plymouth-argyle/swindon-town/199218374,1992,3,championship
Port Vale,Cambridge United,1-0,https://www.besoccer.com/match/port-vale/cambridge-united/199218373,1992,3,championship
Portsmouth,Newcastle,3-1,https://www.besoccer.com/match/portsmouth/newcastle-united-fc/199218372,1992,3,championship
Sunderland,Brighton & Hove Albion,4-2,https://www.besoccer.com/match/sunderland-afc/brighton-amp-hov/199218371,1992,3,championship
Watford,Grimsby Town,2-0,https://www.besoccer.com/match/watford-fc/grimsby-town/199218370,1992,3,championship
Cambridge United,Sunderland,3-0,https://www.besoccer.com/match/cambridge-united/sunderland-afc/199218387,1992,3,championship
Barnsley,Portsmouth,2-0,https://www.besoccer.com/match/barnsley-fc/portsmouth/199218391,1992,3,championship
Blackburn Rovers,Plymouth Argyle,5-2,https://www.besoccer.com/match/blackburn-rovers-fc/plymouth-argyle/199218390,1992,3,championship
Brighton & Hove Albion,Ipswich Town,2-2,https://www.besoccer.com/match/brighton-amp-hov/ipswich-town-fc/199218389,1992,3,championship
Bristol City,Watford,1-0,https://www.besoccer.com/match/bristol-city-fc/watford-fc/199218388,1992,3,championship
Newcastle,Leicester,2-0,https://www.besoccer.com/match/newcastle-united-fc/leicester-city-fc/199218383,1992,3,championship
Charlton Athletic,Bristol Rovers,1-0,https://www.besoccer.com/match/charlton-athletic-fc/bristol-rovers/199218386,1992,3,championship
Grimsby Town,Port Vale,1-2,https://www.besoccer.com/match/grimsby-town/port-vale/199218385,1992,3,championship
Middlesbrough,Wolves,0-0,https://www.besoccer.com/match/middlesbrough-fc/wolverhampton/199218384,1992,3,championship
Oxford United,Tranmere Rovers,1-0,https://www.besoccer.com/match/oxford-united/tranmere-rovers/199218382,1992,3,championship
Southend United,Millwall,2-3,https://www.besoccer.com/match/southend-united/millwall-fc/199218381,1992,3,championship
Swindon Town,Derby County,1-2,https://www.besoccer.com/match/swindon-town/derby-county-fc/199218380,1992,3,championship
Tranmere Rovers,Cambridge United,1-2,https://www.besoccer.com/match/tranmere-rovers/cambridge-united/199218392,1992,3,championship
Grimsby Town,Middlesbrough,1-0,https://www.besoccer.com/match/grimsby-town/middlesbrough-fc/199218399,1992,3,championship
Barnsley,Bristol City,1-2,https://www.besoccer.com/match/barnsley-fc/bristol-city-fc/199218403,1992,3,championship
Bristol Rovers,Plymouth Argyle,0-0,https://www.besoccer.com/match/bristol-rovers/plymouth-argyle/199218402,1992,3,championship
Charlton Athletic,Brighton & Hove Albion,2-0,https://www.besoccer.com/match/charlton-athletic-fc/brighton-amp-hov/199218401,1992,3,championship
Derby County,Portsmouth,2-0,https://www.besoccer.com/match/derby-county-fc/portsmouth/199218400,1992,3,championship
Swindon Town,Blackburn Rovers,2-1,https://www.besoccer.com/match/swindon-town/blackburn-rovers-fc/199218394,1992,3,championship
Ipswich Town,Millwall,0-0,https://www.besoccer.com/match/ipswich-town-fc/millwall-fc/199218398,1992,3,championship
Leicester,Wolves,3-0,https://www.besoccer.com/match/leicester-city-fc/wolverhampton/199218397,1992,3,championship
Newcastle,Oxford United,4-3,https://www.besoccer.com/match/newcastle-united-fc/oxford-united/199218396,1992,3,championship
Port Vale,Sunderland,3-3,https://www.besoccer.com/match/port-vale/sunderland-afc/199218395,1992,3,championship
Watford,Southend United,1-2,https://www.besoccer.com/match/watford-fc/southend-united/199218393,1992,3,championship
Oxford United,Charlton Athletic,1-2,https://www.besoccer.com/match/oxford-united/charlton-athletic-fc/199218404,1992,3,championship
Blackburn Rovers,Grimsby Town,2-1,https://www.besoccer.com/match/blackburn-rovers-fc/grimsby-town/199218416,1992,3,championship
Brighton & Hove Albion,Swindon Town,0-2,https://www.besoccer.com/match/brighton-amp-hov/swindon-town/199218415,1992,3,championship
Bristol City,Newcastle,1-1,https://www.besoccer.com/match/bristol-city-fc/newcastle-united-fc/199218414,1992,3,championship
Cambridge United,Barnsley,2-1,https://www.besoccer.com/match/cambridge-united/barnsley-fc/199218413,1992,3,championship
Middlesbrough,Port Vale,1-0,https://www.besoccer.com/match/middlesbrough-fc/port-vale/199218412,1992,3,championship
Oxford United,Leicester,1-2,https://www.besoccer.com/match/oxford-united/leicester-city-fc/199218410,1992,3,championship
Millwall,Derby County,1-2,https://www.besoccer.com/match/millwall-fc/derby-county-fc/199218411,1992,3,championship
Plymouth Argyle,Watford,0-1,https://www.besoccer.com/match/plymouth-argyle/watford-fc/199218409,1992,3,championship
Portsmouth,Ipswich Town,1-1,https://www.besoccer.com/match/portsmouth/ipswich-town-fc/199218408,1992,3,championship
Southend United,Charlton Athletic,1-1,https://www.besoccer.com/match/southend-united/charlton-athletic-fc/199218407,1992,3,championship
Sunderland,Bristol Rovers,1-1,https://www.besoccer.com/match/sunderland-afc/bristol-rovers/199218406,1992,3,championship
Wolves,Tranmere Rovers,1-1,https://www.besoccer.com/match/wolverhampton/tranmere-rovers/199218405,1992,3,championship
Watford,Millwall,0-2,https://www.besoccer.com/match/watford-fc/millwall-fc/199218417,1992,3,championship
Southend United,Oxford United,2-3,https://www.besoccer.com/match/southend-united/oxford-united/199218418,1992,3,championship
Charlton Athletic,Ipswich Town,1-1,https://www.besoccer.com/match/charlton-athletic-fc/ipswich-town-fc/199218419,1992,3,championship
Brighton & Hove Albion,Leicester,1-2,https://www.besoccer.com/match/brighton-amp-hov/leicester-city-fc/199218420,1992,3,championship
Swindon Town,Newcastle,2-1,https://www.besoccer.com/match/swindon-town/newcastle-united-fc/199218421,1992,4,championship
Grimsby Town,Charlton Athletic,1-0,https://www.besoccer.com/match/grimsby-town/charlton-athletic-fc/199218428,1992,4,championship
Sunderland,Watford,3-1,https://www.besoccer.com/match/sunderland-afc/watford-fc/199218422,1992,4,championship
Blackburn Rovers,Brighton & Hove Albion,1-0,https://www.besoccer.com/match/blackburn-rovers-fc/brighton-amp-hov/199218432,1992,4,championship
Cambridge United,Bristol City,0-0,https://www.besoccer.com/match/cambridge-united/bristol-city-fc/199218430,1992,4,championship
Derby County,Tranmere Rovers,0-1,https://www.besoccer.com/match/derby-county-fc/tranmere-rovers/199218429,1992,4,championship
Bristol Rovers,Port Vale,3-3,https://www.besoccer.com/match/bristol-rovers/port-vale/199218431,1992,4,championship
Leicester,Ipswich Town,2-2,https://www.besoccer.com/match/leicester-city-fc/ipswich-town-fc/199218427,1992,4,championship
Middlesbrough,Southend United,1-1,https://www.besoccer.com/match/middlesbrough-fc/southend-united/199218426,1992,4,championship
Millwall,Portsmouth,1-1,https://www.besoccer.com/match/millwall-fc/portsmouth/199218425,1992,4,championship
Oxford United,Barnsley,0-1,https://www.besoccer.com/match/oxford-united/barnsley-fc/199218424,1992,4,championship
Plymouth Argyle,Wolves,1-0,https://www.besoccer.com/match/plymouth-argyle/wolverhampton/199218423,1992,4,championship
Wolves,Bristol Rovers,2-3,https://www.besoccer.com/match/wolverhampton/bristol-rovers/199218433,1992,4,championship
Tranmere Rovers,Millwall,2-1,https://www.besoccer.com/match/tranmere-rovers/millwall-fc/199218434,1992,4,championship
Southend United,Blackburn Rovers,3-0,https://www.besoccer.com/match/southend-united/blackburn-rovers-fc/199218435,1992,4,championship
Portsmouth,Leicester,1-0,https://www.besoccer.com/match/portsmouth/leicester-city-fc/199218436,1992,4,championship
Ipswich Town,Sunderland,0-1,https://www.besoccer.com/match/ipswich-town-fc/sunderland-afc/199218437,1992,4,championship
Bristol City,Plymouth Argyle,2-0,https://www.besoccer.com/match/bristol-city-fc/plymouth-argyle/199218438,1992,4,championship
Barnsley,Middlesbrough,2-1,https://www.besoccer.com/match/barnsley-fc/middlesbrough-fc/199218439,1992,4,championship
Charlton Athletic,Swindon Town,0-0,https://www.besoccer.com/match/charlton-athletic-fc/swindon-town/199218443,1992,4,championship
Brighton & Hove Albion,Grimsby Town,3-0,https://www.besoccer.com/match/brighton-amp-hov/grimsby-town/199218444,1992,4,championship
Port Vale,Derby County,1-0,https://www.besoccer.com/match/port-vale/derby-county-fc/199218441,1992,4,championship
Newcastle,Cambridge United,1-1,https://www.besoccer.com/match/newcastle-united-fc/cambridge-united/199218442,1992,4,championship
Watford,Oxford United,2-0,https://www.besoccer.com/match/watford-fc/oxford-united/199218440,1992,4,championship
Tranmere Rovers,Plymouth Argyle,1-0,https://www.besoccer.com/match/tranmere-rovers/plymouth-argyle/199218445,1992,4,championship
Charlton Athletic,Blackburn Rovers,0-2,https://www.besoccer.com/match/charlton-athletic-fc/blackburn-rovers-fc/199218453,1992,4,championship
Barnsley,Bristol Rovers,0-1,https://www.besoccer.com/match/barnsley-fc/bristol-rovers/199218456,1992,4,championship
Brighton & Hove Albion,Middlesbrough,1-1,https://www.besoccer.com/match/brighton-amp-hov/middlesbrough-fc/199218455,1992,4,championship
Bristol City,Sunderland,1-0,https://www.besoccer.com/match/bristol-city-fc/sunderland-afc/199218454,1992,4,championship
Ipswich Town,Cambridge United,1-2,https://www.besoccer.com/match/ipswich-town-fc/cambridge-united/199218452,1992,4,championship
Newcastle,Grimsby Town,2-0,https://www.besoccer.com/match/newcastle-united-fc/grimsby-town/199218451,1992,4,championship
Port Vale,Millwall,0-2,https://www.besoccer.com/match/port-vale/millwall-fc/199218450,1992,4,championship
Portsmouth,Oxford United,2-1,https://www.besoccer.com/match/portsmouth/oxford-united/199218449,1992,4,championship
Southend United,Swindon Town,3-2,https://www.besoccer.com/match/southend-united/swindon-town/199218448,1992,4,championship
Watford,Leicester,0-1,https://www.besoccer.com/match/watford-fc/leicester-city-fc/199218447,1992,4,championship
Wolves,Derby County,2-3,https://www.besoccer.com/match/wolverhampton/derby-county-fc/199218446,1992,4,championship
Derby County,Ipswich Town,1-0,https://www.besoccer.com/match/derby-county-fc/ipswich-town-fc/199218462,1992,4,championship
Blackburn Rovers,Barnsley,3-0,https://www.besoccer.com/match/blackburn-rovers-fc/barnsley-fc/199218465,1992,4,championship
Bristol Rovers,Watford,1-1,https://www.besoccer.com/match/bristol-rovers/watford-fc/199218464,1992,4,championship
Cambridge United,Brighton & Hove Albion,0-0,https://www.besoccer.com/match/cambridge-united/brighton-amp-hov/199218463,1992,4,championship
Swindon Town,Portsmouth,2-3,https://www.besoccer.com/match/swindon-town/portsmouth/199218457,1992,4,championship
Middlesbrough,Charlton Athletic,2-0,https://www.besoccer.com/match/middlesbrough-fc/charlton-athletic-fc/199218461,1992,4,championship
Oxford United,Bristol City,1-1,https://www.besoccer.com/match/oxford-united/bristol-city-fc/199218459,1992,4,championship
Plymouth Argyle,Port Vale,1-0,https://www.besoccer.com/match/plymouth-argyle/port-vale/199218458,1992,4,championship
Millwall,Wolves,2-1,https://www.besoccer.com/match/millwall-fc/wolverhampton/199218460,1992,4,championship
Sunderland,Newcastle,1-1,https://www.besoccer.com/match/sunderland-afc/newcastle-united-fc/199218466,1992,4,championship
Newcastle,Southend United,3-2,https://www.besoccer.com/match/newcastle-united-fc/southend-united/199218467,1992,4,championship
Leicester,Bristol Rovers,1-1,https://www.besoccer.com/match/leicester-city-fc/bristol-rovers/199218468,1992,4,championship
Tranmere Rovers,Swindon Town,0-0,https://www.besoccer.com/match/tranmere-rovers/swindon-town/199218469,1992,4,championship
Middlesbrough,Bristol City,3-1,https://www.besoccer.com/match/middlesbrough-fc/bristol-city-fc/199218476,1992,4,championship
Bristol Rovers,Derby County,2-3,https://www.besoccer.com/match/bristol-rovers/derby-county-fc/199218480,1992,4,championship
Charlton Athletic,Cambridge United,1-2,https://www.besoccer.com/match/charlton-athletic-fc/cambridge-united/199218479,1992,4,championship
Leicester,Port Vale,0-1,https://www.besoccer.com/match/leicester-city-fc/port-vale/199218477,1992,4,championship
Grimsby Town,Millwall,1-1,https://www.besoccer.com/match/grimsby-town/millwall-fc/199218478,1992,4,championship
Newcastle,Blackburn Rovers,0-0,https://www.besoccer.com/match/newcastle-united-fc/blackburn-rovers-fc/199218475,1992,4,championship
Plymouth Argyle,Sunderland,1-0,https://www.besoccer.com/match/plymouth-argyle/sunderland-afc/199218473,1992,4,championship
Southend United,Barnsley,2-1,https://www.besoccer.com/match/southend-united/barnsley-fc/199218472,1992,4,championship
Watford,Portsmouth,2-1,https://www.besoccer.com/match/watford-fc/portsmouth/199218471,1992,4,championship
Wolves,Ipswich Town,1-2,https://www.besoccer.com/match/wolverhampton/ipswich-town-fc/199218470,1992,4,championship
Oxford United,Brighton & Hove Albion,3-1,https://www.besoccer.com/match/oxford-united/brighton-amp-hov/199218474,1992,4,championship
Wolves,Grimsby Town,2-1,https://www.besoccer.com/match/wolverhampton/grimsby-town/199218481,1992,4,championship
Derby County,Leicester,1-2,https://www.besoccer.com/match/derby-county-fc/leicester-city-fc/199218488,1992,4,championship
Blackburn Rovers,Middlesbrough,2-1,https://www.besoccer.com/match/blackburn-rovers-fc/middlesbrough-fc/199218492,1992,4,championship
Brighton & Hove Albion,Plymouth Argyle,1-0,https://www.besoccer.com/match/brighton-amp-hov/plymouth-argyle/199218491,1992,4,championship
Bristol City,Charlton Athletic,0-2,https://www.besoccer.com/match/bristol-city-fc/charlton-athletic-fc/199218490,1992,4,championship
Cambridge United,Oxford United,1-1,https://www.besoccer.com/match/cambridge-united/oxford-united/199218489,1992,4,championship
Portsmouth,Wolves,1-0,https://www.besoccer.com/match/portsmouth/wolverhampton/199218484,1992,4,championship
Ipswich Town,Tranmere Rovers,4-0,https://www.besoccer.com/match/ipswich-town-fc/tranmere-rovers/199218487,1992,4,championship
Millwall,Bristol Rovers,0-1,https://www.besoccer.com/match/millwall-fc/bristol-rovers/199218486,1992,4,championship
Port Vale,Watford,2-1,https://www.besoccer.com/match/port-vale/watford-fc/199218485,1992,4,championship
Sunderland,Southend United,1-2,https://www.besoccer.com/match/sunderland-afc/southend-united/199218483,1992,4,championship
Swindon Town,Grimsby Town,1-1,https://www.besoccer.com/match/swindon-town/grimsby-town/199218482,1992,4,championship
Barnsley,Newcastle,3-0,https://www.besoccer.com/match/barnsley-fc/newcastle-united-fc/199218493,1992,4,championship
Wolves,Sunderland,1-0,https://www.besoccer.com/match/wolverhampton/sunderland-afc/199218494,1992,5,championship
Watford,Derby County,1-2,https://www.besoccer.com/match/watford-fc/derby-county-fc/199218495,1992,5,championship
Southend United,Brighton & Hove Albion,2-1,https://www.besoccer.com/match/southend-united/brighton-amp-hov/199218496,1992,5,championship
Plymouth Argyle,Ipswich Town,1-0,https://www.besoccer.com/match/plymouth-argyle/ipswich-town-fc/199218497,1992,5,championship
Oxford United,Blackburn Rovers,1-3,https://www.besoccer.com/match/oxford-united/blackburn-rovers-fc/199218498,1992,5,championship
Newcastle,Port Vale,2-2,https://www.besoccer.com/match/newcastle-united-fc/port-vale/199218499,1992,5,championship
Middlesbrough,Swindon Town,2-2,https://www.besoccer.com/match/middlesbrough-fc/swindon-town/199218500,1992,5,championship
Leicester,Millwall,1-1,https://www.besoccer.com/match/leicester-city-fc/millwall-fc/199218501,1992,5,championship
Grimsby Town,Bristol City,3-1,https://www.besoccer.com/match/grimsby-town/bristol-city-fc/199218502,1992,5,championship
Charlton Athletic,Barnsley,1-1,https://www.besoccer.com/match/charlton-athletic-fc/barnsley-fc/199218503,1992,5,championship
Bristol Rovers,Cambridge United,2-2,https://www.besoccer.com/match/bristol-rovers/cambridge-united/199218504,1992,5,championship
Port Vale,Tranmere Rovers,1-1,https://www.besoccer.com/match/port-vale/tranmere-rovers/199218505,1992,5,championship
Sunderland,Leicester,1-0,https://www.besoccer.com/match/sunderland-afc/leicester-city-fc/199218506,1992,5,championship
Portsmouth,Southend United,1-1,https://www.besoccer.com/match/portsmouth/southend-united/199218507,1992,5,championship
Brighton & Hove Albion,Newcastle,2-2,https://www.besoccer.com/match/brighton-amp-hov/newcastle-united-fc/199218508,1992,5,championship
Blackburn Rovers,Bristol Rovers,3-0,https://www.besoccer.com/match/blackburn-rovers-fc/bristol-rovers/199218509,1992,5,championship
Barnsley,Grimsby Town,4-1,https://www.besoccer.com/match/barnsley-fc/grimsby-town/199218510,1992,5,championship
Swindon Town,Ipswich Town,0-0,https://www.besoccer.com/match/swindon-town/ipswich-town-fc/199218511,1992,5,championship
Plymouth Argyle,Newcastle,2-0,https://www.besoccer.com/match/plymouth-argyle/newcastle-united-fc/199218512,1992,5,championship
Sunderland,Portsmouth,1-0,https://www.besoccer.com/match/sunderland-afc/portsmouth/199218513,1992,5,championship
Port Vale,Wolves,1-1,https://www.besoccer.com/match/port-vale/wolverhampton/199218514,1992,5,championship
Bristol Rovers,Bristol City,3-2,https://www.besoccer.com/match/bristol-rovers/bristol-city-fc/199218515,1992,5,championship
Brighton & Hove Albion,Millwall,3-4,https://www.besoccer.com/match/brighton-amp-hov/millwall-fc/199218516,1992,5,championship
Southend United,Cambridge United,1-1,https://www.besoccer.com/match/southend-united/cambridge-united/199218518,1992,5,championship
Watford,Barnsley,1-1,https://www.besoccer.com/match/watford-fc/barnsley-fc/199218517,1992,5,championship
Ipswich Town,Charlton Athletic,2-0,https://www.besoccer.com/match/ipswich-town-fc/charlton-athletic-fc/199218526,1992,5,championship
Wolves,Blackburn Rovers,0-0,https://www.besoccer.com/match/wolverhampton/blackburn-rovers-fc/199218519,1992,5,championship
Bristol City,Swindon Town,1-1,https://www.besoccer.com/match/bristol-city-fc/swindon-town/199218529,1992,5,championship
Cambridge United,Plymouth Argyle,1-1,https://www.besoccer.com/match/cambridge-united/plymouth-argyle/199218528,1992,5,championship
Derby County,Grimsby Town,0-0,https://www.besoccer.com/match/derby-county-fc/grimsby-town/199218527,1992,5,championship
Barnsley,Port Vale,0-0,https://www.besoccer.com/match/barnsley-fc/port-vale/199218530,1992,5,championship
Leicester,Brighton & Hove Albion,2-1,https://www.besoccer.com/match/leicester-city-fc/brighton-amp-hov/199218525,1992,5,championship
Newcastle,Middlesbrough,0-1,https://www.besoccer.com/match/newcastle-united-fc/middlesbrough-fc/199218523,1992,5,championship
Oxford United,Southend United,0-1,https://www.besoccer.com/match/oxford-united/southend-united/199218522,1992,5,championship
Portsmouth,Bristol Rovers,2-0,https://www.besoccer.com/match/portsmouth/bristol-rovers/199218521,1992,5,championship
Tranmere Rovers,Sunderland,1-0,https://www.besoccer.com/match/tranmere-rovers/sunderland-afc/199218520,1992,5,championship
Millwall,Watford,0-4,https://www.besoccer.com/match/millwall-fc/watford-fc/199218524,1992,5,championship
Leicester,Southend United,2-0,https://www.besoccer.com/match/leicester-city-fc/southend-united/199218537,1992,5,championship
Barnsley,Swindon Town,1-1,https://www.besoccer.com/match/barnsley-fc/swindon-town/199218541,1992,5,championship
Bristol City,Port Vale,3-0,https://www.besoccer.com/match/bristol-city-fc/port-vale/199218540,1992,5,championship
Derby County,Charlton Athletic,1-2,https://www.besoccer.com/match/derby-county-fc/charlton-athletic-fc/199218539,1992,5,championship
Ipswich Town,Blackburn Rovers,2-1,https://www.besoccer.com/match/ipswich-town-fc/blackburn-rovers-fc/199218538,1992,5,championship
Oxford United,Sunderland,3-0,https://www.besoccer.com/match/oxford-united/sunderland-afc/199218534,1992,5,championship
Millwall,Plymouth Argyle,2-1,https://www.besoccer.com/match/millwall-fc/plymouth-argyle/199218536,1992,5,championship
Newcastle,Bristol Rovers,2-1,https://www.besoccer.com/match/newcastle-united-fc/bristol-rovers/199218535,1992,5,championship
Portsmouth,Middlesbrough,4-0,https://www.besoccer.com/match/portsmouth/middlesbrough-fc/199218533,1992,5,championship
Tranmere Rovers,Grimsby Town,1-1,https://www.besoccer.com/match/tranmere-rovers/grimsby-town/199218532,1992,5,championship
Wolves,Brighton & Hove Albion,2-0,https://www.besoccer.com/match/wolverhampton/brighton-amp-hov/199218531,1992,5,championship
Cambridge United,Watford,0-1,https://www.besoccer.com/match/cambridge-united/watford-fc/199218542,1992,5,championship
Watford,Tranmere Rovers,0-0,https://www.besoccer.com/match/watford-fc/tranmere-rovers/199218543,1992,6,championship
Sunderland,Barnsley,2-0,https://www.besoccer.com/match/sunderland-afc/barnsley-fc/199218545,1992,6,championship
Southend United,Newcastle,4-0,https://www.besoccer.com/match/southend-united/newcastle-united-fc/199218546,1992,6,championship
Port Vale,Ipswich Town,1-2,https://www.besoccer.com/match/port-vale/ipswich-town-fc/199218547,1992,6,championship
Plymouth Argyle,Portsmouth,3-2,https://www.besoccer.com/match/plymouth-argyle/portsmouth/199218548,1992,6,championship
Middlesbrough,Derby County,1-1,https://www.besoccer.com/match/middlesbrough-fc/derby-county-fc/199218549,1992,6,championship
Grimsby Town,Wolves,0-2,https://www.besoccer.com/match/grimsby-town/wolverhampton/199218550,1992,6,championship
Bristol Rovers,Leicester,1-1,https://www.besoccer.com/match/bristol-rovers/leicester-city-fc/199218551,1992,6,championship
Brighton & Hove Albion,Bristol City,0-0,https://www.besoccer.com/match/brighton-amp-hov/bristol-city-fc/199218552,1992,6,championship
Blackburn Rovers,Cambridge United,2-1,https://www.besoccer.com/match/blackburn-rovers-fc/cambridge-united/199218553,1992,6,championship
Swindon Town,Millwall,3-1,https://www.besoccer.com/match/swindon-town/millwall-fc/199218544,1992,6,championship
Charlton Athletic,Oxford United,2-2,https://www.besoccer.com/match/charlton-athletic-fc/oxford-united/199218554,1992,6,championship
Middlesbrough,Ipswich Town,1-0,https://www.besoccer.com/match/middlesbrough-fc/ipswich-town-fc/199218561,1992,6,championship
Blackburn Rovers,Bristol City,4-0,https://www.besoccer.com/match/blackburn-rovers-fc/bristol-city-fc/199218565,1992,6,championship
Brighton & Hove Albion,Barnsley,3-1,https://www.besoccer.com/match/brighton-amp-hov/barnsley-fc/199218564,1992,6,championship
Grimsby Town,Oxford United,1-0,https://www.besoccer.com/match/grimsby-town/oxford-united/199218562,1992,6,championship
Bristol Rovers,Tranmere Rovers,1-0,https://www.besoccer.com/match/bristol-rovers/tranmere-rovers/199218563,1992,6,championship
Plymouth Argyle,Leicester,2-2,https://www.besoccer.com/match/plymouth-argyle/leicester-city-fc/199218560,1992,6,championship
Southend United,Derby County,1-0,https://www.besoccer.com/match/southend-united/derby-county-fc/199218558,1992,6,championship
Sunderland,Millwall,6-2,https://www.besoccer.com/match/sunderland-afc/millwall-fc/199218557,1992,6,championship
Swindon Town,Cambridge United,0-2,https://www.besoccer.com/match/swindon-town/cambridge-united/199218556,1992,6,championship
Watford,Newcastle,2-2,https://www.besoccer.com/match/watford-fc/newcastle-united-fc/199218555,1992,6,championship
Port Vale,Portsmouth,0-2,https://www.besoccer.com/match/port-vale/portsmouth/199218559,1992,6,championship
Charlton Athletic,Wolves,0-2,https://www.besoccer.com/match/charlton-athletic-fc/wolverhampton/199218566,1992,6,championship
Tranmere Rovers,Brighton & Hove Albion,1-1,https://www.besoccer.com/match/tranmere-rovers/brighton-amp-hov/199218567,1992,6,championship
Ipswich Town,Bristol Rovers,1-0,https://www.besoccer.com/match/ipswich-town-fc/bristol-rovers/199218574,1992,6,championship
Barnsley,Plymouth Argyle,1-3,https://www.besoccer.com/match/barnsley-fc/plymouth-argyle/199218578,1992,6,championship
Bristol City,Southend United,2-2,https://www.besoccer.com/match/bristol-city-fc/southend-united/199218577,1992,6,championship
Cambridge United,Grimsby Town,0-1,https://www.besoccer.com/match/cambridge-united/grimsby-town/199218576,1992,6,championship
Derby County,Sunderland,1-2,https://www.besoccer.com/match/derby-county-fc/sunderland-afc/199218575,1992,6,championship
Newcastle,Charlton Athletic,3-4,https://www.besoccer.com/match/newcastle-united-fc/charlton-athletic-fc/199218571,1992,6,championship
Leicester,Swindon Town,3-1,https://www.besoccer.com/match/leicester-city-fc/swindon-town/199218573,1992,6,championship
Millwall,Middlesbrough,2-0,https://www.besoccer.com/match/millwall-fc/middlesbrough-fc/199218572,1992,6,championship
Oxford United,Port Vale,2-2,https://www.besoccer.com/match/oxford-united/port-vale/199218570,1992,6,championship
Portsmouth,Blackburn Rovers,2-2,https://www.besoccer.com/match/portsmouth/blackburn-rovers-fc/199218569,1992,6,championship
Wolves,Watford,3-0,https://www.besoccer.com/match/wolverhampton/watford-fc/199218568,1992,6,championship
Tranmere Rovers,Watford,1-1,https://www.besoccer.com/match/tranmere-rovers/watford-fc/199218579,1992,6,championship
Swindon Town,Oxford United,2-1,https://www.besoccer.com/match/swindon-town/oxford-united/199218580,1992,6,championship
Bristol Rovers,Portsmouth,1-0,https://www.besoccer.com/match/bristol-rovers/portsmouth/199218581,1992,6,championship
Cambridge United,Tranmere Rovers,0-0,https://www.besoccer.com/match/cambridge-united/tranmere-rovers/199218582,1992,6,championship
Wolves,Leicester,1-0,https://www.besoccer.com/match/wolverhampton/leicester-city-fc/199218583,1992,7,championship
Millwall,Ipswich Town,2-3,https://www.besoccer.com/match/millwall-fc/ipswich-town-fc/199218589,1992,7,championship
Sunderland,Port Vale,1-1,https://www.besoccer.com/match/sunderland-afc/port-vale/199218584,1992,7,championship
Blackburn Rovers,Swindon Town,2-1,https://www.besoccer.com/match/blackburn-rovers-fc/swindon-town/199218592,1992,7,championship
Bristol City,Barnsley,0-2,https://www.besoccer.com/match/bristol-city-fc/barnsley-fc/199218590,1992,7,championship
Brighton & Hove Albion,Charlton Athletic,1-2,https://www.besoccer.com/match/brighton-amp-hov/charlton-athletic-fc/199218591,1992,7,championship
Oxford United,Newcastle,5-2,https://www.besoccer.com/match/oxford-united/newcastle-united-fc/199218588,1992,7,championship
Plymouth Argyle,Bristol Rovers,0-0,https://www.besoccer.com/match/plymouth-argyle/bristol-rovers/199218587,1992,7,championship
Portsmouth,Derby County,0-1,https://www.besoccer.com/match/portsmouth/derby-county-fc/199218586,1992,7,championship
Southend United,Watford,1-0,https://www.besoccer.com/match/southend-united/watford-fc/199218585,1992,7,championship
Swindon Town,Bristol City,2-0,https://www.besoccer.com/match/swindon-town/bristol-city-fc/199218593,1992,7,championship
Portsmouth,Plymouth Argyle,4-1,https://www.besoccer.com/match/portsmouth/plymouth-argyle/199218594,1992,7,championship
Grimsby Town,Blackburn Rovers,2-3,https://www.besoccer.com/match/grimsby-town/blackburn-rovers-fc/199218602,1992,7,championship
Barnsley,Cambridge United,0-0,https://www.besoccer.com/match/barnsley-fc/cambridge-united/199218606,1992,7,championship
Bristol Rovers,Sunderland,2-1,https://www.besoccer.com/match/bristol-rovers/sunderland-afc/199218605,1992,7,championship
Charlton Athletic,Southend United,2-0,https://www.besoccer.com/match/charlton-athletic-fc/southend-united/199218604,1992,7,championship
Derby County,Millwall,0-2,https://www.besoccer.com/match/derby-county-fc/millwall-fc/199218603,1992,7,championship
Port Vale,Middlesbrough,1-2,https://www.besoccer.com/match/port-vale/middlesbrough-fc/199218598,1992,7,championship
Ipswich Town,Portsmouth,5-2,https://www.besoccer.com/match/ipswich-town-fc/portsmouth/199218601,1992,7,championship
Leicester,Oxford United,2-1,https://www.besoccer.com/match/leicester-city-fc/oxford-united/199218600,1992,7,championship
Newcastle,Bristol City,3-0,https://www.besoccer.com/match/newcastle-united-fc/bristol-city-fc/199218599,1992,7,championship
Swindon Town,Brighton & Hove Albion,2-1,https://www.besoccer.com/match/swindon-town/brighton-amp-hov/199218597,1992,7,championship
Tranmere Rovers,Wolves,4-3,https://www.besoccer.com/match/tranmere-rovers/wolverhampton/199218596,1992,7,championship
Watford,Plymouth Argyle,1-0,https://www.besoccer.com/match/watford-fc/plymouth-argyle/199218595,1992,7,championship
Sunderland,Tranmere Rovers,1-1,https://www.besoccer.com/match/sunderland-afc/tranmere-rovers/199218607,1992,7,championship
Plymouth Argyle,Cambridge United,0-1,https://www.besoccer.com/match/plymouth-argyle/cambridge-united/199218608,1992,7,championship
Blackburn Rovers,Derby County,2-0,https://www.besoccer.com/match/blackburn-rovers-fc/derby-county-fc/199218609,1992,7,championship
Barnsley,Southend United,1-0,https://www.besoccer.com/match/barnsley-fc/southend-united/199218616,1992,7,championship
Blackburn Rovers,Newcastle,3-1,https://www.besoccer.com/match/blackburn-rovers-fc/newcastle-united-fc/199218615,1992,7,championship
Brighton & Hove Albion,Oxford United,1-2,https://www.besoccer.com/match/brighton-amp-hov/oxford-united/199218614,1992,7,championship
Cambridge United,Charlton Athletic,1-0,https://www.besoccer.com/match/cambridge-united/charlton-athletic-fc/199218613,1992,7,championship
Derby County,Bristol Rovers,1-0,https://www.besoccer.com/match/derby-county-fc/bristol-rovers/199218612,1992,7,championship
Port Vale,Leicester,1-2,https://www.besoccer.com/match/port-vale/leicester-city-fc/199218610,1992,7,championship
Millwall,Grimsby Town,1-1,https://www.besoccer.com/match/millwall-fc/grimsby-town/199218611,1992,7,championship
Grimsby Town,Southend United,3-2,https://www.besoccer.com/match/grimsby-town/southend-united/199218617,1992,7,championship
Tranmere Rovers,Ipswich Town,0-1,https://www.besoccer.com/match/tranmere-rovers/ipswich-town-fc/199218618,1992,7,championship
Middlesbrough,Blackburn Rovers,0-0,https://www.besoccer.com/match/middlesbrough-fc/blackburn-rovers-fc/199218625,1992,7,championship
Charlton Athletic,Bristol City,2-1,https://www.besoccer.com/match/charlton-athletic-fc/bristol-city-fc/199218628,1992,7,championship
Grimsby Town,Swindon Town,0-0,https://www.besoccer.com/match/grimsby-town/swindon-town/199218627,1992,7,championship
Leicester,Derby County,1-2,https://www.besoccer.com/match/leicester-city-fc/derby-county-fc/199218626,1992,7,championship
Bristol Rovers,Millwall,3-2,https://www.besoccer.com/match/bristol-rovers/millwall-fc/199218629,1992,7,championship
Newcastle,Barnsley,1-1,https://www.besoccer.com/match/newcastle-united-fc/barnsley-fc/199218624,1992,7,championship
Plymouth Argyle,Brighton & Hove Albion,1-1,https://www.besoccer.com/match/plymouth-argyle/brighton-amp-hov/199218622,1992,7,championship
Southend United,Sunderland,2-0,https://www.besoccer.com/match/southend-united/sunderland-afc/199218621,1992,7,championship
Watford,Port Vale,0-0,https://www.besoccer.com/match/watford-fc/port-vale/199218620,1992,7,championship
Wolves,Portsmouth,0-0,https://www.besoccer.com/match/wolverhampton/portsmouth/199218619,1992,7,championship
Oxford United,Cambridge United,1-0,https://www.besoccer.com/match/oxford-united/cambridge-united/199218623,1992,7,championship
Cambridge United,Blackburn Rovers,2-1,https://www.besoccer.com/match/cambridge-united/blackburn-rovers-fc/199218630,1992,7,championship
Millwall,Charlton Athletic,1-0,https://www.besoccer.com/match/millwall-fc/charlton-athletic-fc/199218631,1992,7,championship
Cambridge United,Bristol Rovers,6-1,https://www.besoccer.com/match/cambridge-united/bristol-rovers/199218632,1992,7,championship
Derby County,Watford,3-1,https://www.besoccer.com/match/derby-county-fc/watford-fc/199218639,1992,7,championship
Blackburn Rovers,Oxford United,1-1,https://www.besoccer.com/match/blackburn-rovers-fc/oxford-united/199218642,1992,7,championship
Brighton & Hove Albion,Southend United,3-2,https://www.besoccer.com/match/brighton-amp-hov/southend-united/199218641,1992,7,championship
Bristol City,Grimsby Town,1-1,https://www.besoccer.com/match/bristol-city-fc/grimsby-town/199218640,1992,7,championship
Sunderland,Wolves,1-0,https://www.besoccer.com/match/sunderland-afc/wolverhampton/199218634,1992,7,championship
Ipswich Town,Plymouth Argyle,2-0,https://www.besoccer.com/match/ipswich-town-fc/plymouth-argyle/199218638,1992,7,championship
Millwall,Leicester,2-0,https://www.besoccer.com/match/millwall-fc/leicester-city-fc/199218637,1992,7,championship
Port Vale,Newcastle,0-1,https://www.besoccer.com/match/port-vale/newcastle-united-fc/199218636,1992,7,championship
Portsmouth,Tranmere Rovers,2-0,https://www.besoccer.com/match/portsmouth/tranmere-rovers/199218635,1992,7,championship
Swindon Town,Middlesbrough,0-1,https://www.besoccer.com/match/swindon-town/middlesbrough-fc/199218633,1992,7,championship
Barnsley,Charlton Athletic,1-0,https://www.besoccer.com/match/barnsley-fc/charlton-athletic-fc/199218643,1992,7,championship
Charlton Athletic,Grimsby Town,1-3,https://www.besoccer.com/match/charlton-athletic-fc/grimsby-town/199218644,1992,8,championship
Tranmere Rovers,Port Vale,2-1,https://www.besoccer.com/match/tranmere-rovers/port-vale/199218645,1992,8,championship
Wolves,Bristol City,1-1,https://www.besoccer.com/match/wolverhampton/bristol-city-fc/199218646,1992,8,championship
Watford,Ipswich Town,0-1,https://www.besoccer.com/match/watford-fc/ipswich-town-fc/199218647,1992,8,championship
Plymouth Argyle,Derby County,1-1,https://www.besoccer.com/match/plymouth-argyle/derby-county-fc/199218648,1992,8,championship
Oxford United,Swindon Town,5-3,https://www.besoccer.com/match/oxford-united/swindon-town/199218649,1992,8,championship
Newcastle,Brighton & Hove Albion,0-1,https://www.besoccer.com/match/newcastle-united-fc/brighton-amp-hov/199218650,1992,8,championship
Middlesbrough,Cambridge United,1-1,https://www.besoccer.com/match/middlesbrough-fc/cambridge-united/199218651,1992,8,championship
Grimsby Town,Barnsley,0-1,https://www.besoccer.com/match/grimsby-town/barnsley-fc/199218652,1992,8,championship
Bristol Rovers,Blackburn Rovers,3-0,https://www.besoccer.com/match/bristol-rovers/blackburn-rovers-fc/199218654,1992,8,championship
Charlton Athletic,Millwall,1-0,https://www.besoccer.com/match/charlton-athletic-fc/millwall-fc/199218653,1992,8,championship
Swindon Town,Charlton Athletic,1-2,https://www.besoccer.com/match/swindon-town/charlton-athletic-fc/199218655,1992,8,championship
Plymouth Argyle,Bristol City,1-0,https://www.besoccer.com/match/plymouth-argyle/bristol-city-fc/199218656,1992,8,championship
Grimsby Town,Brighton & Hove Albion,0-1,https://www.besoccer.com/match/grimsby-town/brighton-amp-hov/199218657,1992,8,championship
Cambridge United,Newcastle,0-2,https://www.besoccer.com/match/cambridge-united/newcastle-united-fc/199218658,1992,8,championship
Blackburn Rovers,Southend United,2-2,https://www.besoccer.com/match/blackburn-rovers-fc/southend-united/199218659,1992,8,championship
Derby County,Port Vale,3-1,https://www.besoccer.com/match/derby-county-fc/port-vale/199218663,1992,8,championship
Bristol Rovers,Wolves,1-1,https://www.besoccer.com/match/bristol-rovers/wolverhampton/199218664,1992,8,championship
Millwall,Tranmere Rovers,0-3,https://www.besoccer.com/match/millwall-fc/tranmere-rovers/199218661,1992,8,championship
Leicester,Portsmouth,2-2,https://www.besoccer.com/match/leicester-city-fc/portsmouth/199218662,1992,8,championship
Oxford United,Watford,0-0,https://www.besoccer.com/match/oxford-united/watford-fc/199218660,1992,8,championship
Wolves,Plymouth Argyle,1-0,https://www.besoccer.com/match/wolverhampton/plymouth-argyle/199218665,1992,8,championship
Watford,Sunderland,1-0,https://www.besoccer.com/match/watford-fc/sunderland-afc/199218666,1992,8,championship
Tranmere Rovers,Derby County,4-3,https://www.besoccer.com/match/tranmere-rovers/derby-county-fc/199218667,1992,8,championship
Southend United,Middlesbrough,0-1,https://www.besoccer.com/match/southend-united/middlesbrough-fc/199218668,1992,8,championship
Portsmouth,Millwall,6-1,https://www.besoccer.com/match/portsmouth/millwall-fc/199218669,1992,8,championship
Port Vale,Bristol Rovers,0-1,https://www.besoccer.com/match/port-vale/bristol-rovers/199218670,1992,8,championship
Newcastle,Swindon Town,3-1,https://www.besoccer.com/match/newcastle-united-fc/swindon-town/199218671,1992,8,championship
Ipswich Town,Leicester,0-0,https://www.besoccer.com/match/ipswich-town-fc/leicester-city-fc/199218672,1992,8,championship
Bristol City,Cambridge United,1-2,https://www.besoccer.com/match/bristol-city-fc/cambridge-united/199218673,1992,8,championship
Brighton & Hove Albion,Blackburn Rovers,0-3,https://www.besoccer.com/match/brighton-amp-hov/blackburn-rovers-fc/199218674,1992,8,championship
Barnsley,Oxford United,1-0,https://www.besoccer.com/match/barnsley-fc/oxford-united/199218675,1992,8,championship
Bristol City,Wolves,2-0,https://www.besoccer.com/match/bristol-city-fc/wolverhampton/199218681,1992,8,championship
Cambridge United,Middlesbrough,0-0,https://www.besoccer.com/match/cambridge-united/middlesbrough-fc/199218680,1992,8,championship
Grimsby Town,Leicester,0-1,https://www.besoccer.com/match/grimsby-town/leicester-city-fc/199218679,1992,8,championship
Ipswich Town,Watford,1-2,https://www.besoccer.com/match/ipswich-town-fc/watford-fc/199218678,1992,8,championship
Swindon Town,Tranmere Rovers,2-0,https://www.besoccer.com/match/swindon-town/tranmere-rovers/199218676,1992,8,championship
Southend United,Portsmouth,2-3,https://www.besoccer.com/match/southend-united/portsmouth/199218677,1992,8,championship
Leicester,Watford,1-2,https://www.besoccer.com/match/leicester-city-fc/watford-fc/199218688,1992,8,championship
Blackburn Rovers,Charlton Athletic,0-2,https://www.besoccer.com/match/blackburn-rovers-fc/charlton-athletic-fc/199218693,1992,8,championship
Bristol Rovers,Barnsley,0-0,https://www.besoccer.com/match/bristol-rovers/barnsley-fc/199218692,1992,8,championship
Cambridge United,Ipswich Town,1-1,https://www.besoccer.com/match/cambridge-united/ipswich-town-fc/199218691,1992,8,championship
Derby County,Wolves,1-2,https://www.besoccer.com/match/derby-county-fc/wolverhampton/199218690,1992,8,championship
Grimsby Town,Newcastle,1-1,https://www.besoccer.com/match/grimsby-town/newcastle-united-fc/199218689,1992,8,championship
Middlesbrough,Brighton & Hove Albion,4-0,https://www.besoccer.com/match/middlesbrough-fc/brighton-amp-hov/199218687,1992,8,championship
Millwall,Port Vale,1-0,https://www.besoccer.com/match/millwall-fc/port-vale/199218686,1992,8,championship
Oxford United,Portsmouth,2-1,https://www.besoccer.com/match/oxford-united/portsmouth/199218685,1992,8,championship
Plymouth Argyle,Tranmere Rovers,1-0,https://www.besoccer.com/match/plymouth-argyle/tranmere-rovers/199218684,1992,8,championship
Sunderland,Bristol City,1-3,https://www.besoccer.com/match/sunderland-afc/bristol-city-fc/199218683,1992,8,championship
Swindon Town,Southend United,3-1,https://www.besoccer.com/match/swindon-town/southend-united/199218682,1992,8,championship
Derby County,Plymouth Argyle,2-0,https://www.besoccer.com/match/derby-county-fc/plymouth-argyle/199218694,1992,8,championship
Tranmere Rovers,Leicester,1-2,https://www.besoccer.com/match/tranmere-rovers/leicester-city-fc/199218695,1992,8,championship
Charlton Athletic,Middlesbrough,0-0,https://www.besoccer.com/match/charlton-athletic-fc/middlesbrough-fc/199218702,1992,8,championship
Barnsley,Blackburn Rovers,2-1,https://www.besoccer.com/match/barnsley-fc/blackburn-rovers-fc/199218705,1992,8,championship
Brighton & Hove Albion,Cambridge United,1-1,https://www.besoccer.com/match/brighton-amp-hov/cambridge-united/199218704,1992,8,championship
Bristol City,Oxford United,1-1,https://www.besoccer.com/match/bristol-city-fc/oxford-united/199218703,1992,8,championship
Wolves,Millwall,0-0,https://www.besoccer.com/match/wolverhampton/millwall-fc/199218696,1992,8,championship
Ipswich Town,Derby County,2-1,https://www.besoccer.com/match/ipswich-town-fc/derby-county-fc/199218701,1992,8,championship
Port Vale,Plymouth Argyle,1-0,https://www.besoccer.com/match/port-vale/plymouth-argyle/199218700,1992,8,championship
Portsmouth,Swindon Town,1-1,https://www.besoccer.com/match/portsmouth/swindon-town/199218699,1992,8,championship
Southend United,Grimsby Town,3-1,https://www.besoccer.com/match/southend-united/grimsby-town/199218698,1992,8,championship
Watford,Bristol Rovers,1-0,https://www.besoccer.com/match/watford-fc/bristol-rovers/199218697,1992,8,championship
Newcastle,Sunderland,1-0,https://www.besoccer.com/match/newcastle-united-fc/sunderland-afc/199218706,1992,8,championship
Wolves,Newcastle,6-2,https://www.besoccer.com/match/wolverhampton/newcastle-united-fc/199218707,1992,8,championship
Watford,Brighton & Hove Albion,0-1,https://www.besoccer.com/match/watford-fc/brighton-amp-hov/199218708,1992,8,championship
Tranmere Rovers,Bristol City,2-2,https://www.besoccer.com/match/tranmere-rovers/bristol-city-fc/199218709,1992,8,championship
Portsmouth,Charlton Athletic,1-2,https://www.besoccer.com/match/portsmouth/charlton-athletic-fc/199218710,1992,8,championship
Port Vale,Blackburn Rovers,2-0,https://www.besoccer.com/match/port-vale/blackburn-rovers-fc/199218711,1992,8,championship
Plymouth Argyle,Grimsby Town,1-2,https://www.besoccer.com/match/plymouth-argyle/grimsby-town/199218712,1992,8,championship
Ipswich Town,Barnsley,2-0,https://www.besoccer.com/match/ipswich-town-fc/barnsley-fc/199218713,1992,8,championship
Millwall,Oxford United,2-1,https://www.besoccer.com/match/millwall-fc/oxford-united/199218714,1992,9,championship
Derby County,Cambridge United,0-0,https://www.besoccer.com/match/derby-county-fc/cambridge-united/199218716,1992,9,championship
Bristol Rovers,Southend United,4-1,https://www.besoccer.com/match/bristol-rovers/southend-united/199218717,1992,9,championship
Leicester,Middlesbrough,2-1,https://www.besoccer.com/match/leicester-city-fc/middlesbrough-fc/199218715,1992,9,championship
Grimsby Town,Bristol Rovers,0-1,https://www.besoccer.com/match/grimsby-town/bristol-rovers/199218723,1992,9,championship
Barnsley,Derby County,0-3,https://www.besoccer.com/match/barnsley-fc/derby-county-fc/199218727,1992,9,championship
Bristol City,Leicester,2-1,https://www.besoccer.com/match/bristol-city-fc/leicester-city-fc/199218726,1992,9,championship
Cambridge United,Millwall,1-0,https://www.besoccer.com/match/cambridge-united/millwall-fc/199218725,1992,9,championship
Charlton Athletic,Plymouth Argyle,0-0,https://www.besoccer.com/match/charlton-athletic-fc/plymouth-argyle/199218724,1992,9,championship
Middlesbrough,Watford,1-2,https://www.besoccer.com/match/middlesbrough-fc/watford-fc/199218722,1992,9,championship
Newcastle,Tranmere Rovers,2-3,https://www.besoccer.com/match/newcastle-united-fc/tranmere-rovers/199218721,1992,9,championship
Oxford United,Wolves,1-0,https://www.besoccer.com/match/oxford-united/wolverhampton/199218720,1992,9,championship
Southend United,Ipswich Town,1-2,https://www.besoccer.com/match/southend-united/ipswich-town-fc/199218719,1992,9,championship
Swindon Town,Port Vale,1-0,https://www.besoccer.com/match/swindon-town/port-vale/199218718,1992,9,championship
Tranmere Rovers,Portsmouth,2-0,https://www.besoccer.com/match/tranmere-rovers/portsmouth/199218728,1992,9,championship
Ipswich Town,Wolves,2-1,https://www.besoccer.com/match/ipswich-town-fc/wolverhampton/199218729,1992,9,championship
Grimsby Town,Derby County,0-1,https://www.besoccer.com/match/grimsby-town/derby-county-fc/199218730,1992,9,championship
Bristol City,Middlesbrough,1-1,https://www.besoccer.com/match/bristol-city-fc/middlesbrough-fc/199218731,1992,9,championship
Millwall,Swindon Town,1-1,https://www.besoccer.com/match/millwall-fc/swindon-town/199218732,1992,9,championship
Leicester,Sunderland,3-2,https://www.besoccer.com/match/leicester-city-fc/sunderland-afc/199218733,1992,9,championship
Tranmere Rovers,Middlesbrough,1-2,https://www.besoccer.com/match/tranmere-rovers/middlesbrough-fc/199218734,1992,9,championship
Wolves,Cambridge United,2-1,https://www.besoccer.com/match/wolverhampton/cambridge-united/199218735,1992,9,championship
Millwall,Bristol City,2-3,https://www.besoccer.com/match/millwall-fc/bristol-city-fc/199218741,1992,9,championship
Watford,Blackburn Rovers,2-1,https://www.besoccer.com/match/watford-fc/blackburn-rovers-fc/199218736,1992,9,championship
Ipswich Town,Newcastle,3-2,https://www.besoccer.com/match/ipswich-town-fc/newcastle-united-fc/199218743,1992,9,championship
Leicester,Barnsley,3-1,https://www.besoccer.com/match/leicester-city-fc/barnsley-fc/199218742,1992,9,championship
Derby County,Oxford United,2-2,https://www.besoccer.com/match/derby-county-fc/oxford-united/199218744,1992,9,championship
Plymouth Argyle,Southend United,0-2,https://www.besoccer.com/match/plymouth-argyle/southend-united/199218740,1992,9,championship
Port Vale,Brighton & Hove Albion,2-1,https://www.besoccer.com/match/port-vale/brighton-amp-hov/199218739,1992,9,championship
Portsmouth,Grimsby Town,2-0,https://www.besoccer.com/match/portsmouth/grimsby-town/199218738,1992,9,championship
Sunderland,Charlton Athletic,1-2,https://www.besoccer.com/match/sunderland-afc/charlton-athletic-fc/199218737,1992,9,championship
Bristol Rovers,Swindon Town,1-1,https://www.besoccer.com/match/bristol-rovers/swindon-town/199218745,1992,9,championship
Middlesbrough,Barnsley,0-1,https://www.besoccer.com/match/middlesbrough-fc/barnsley-fc/199218746,1992,9,championship
Sunderland,Ipswich Town,3-0,https://www.besoccer.com/match/sunderland-afc/ipswich-town-fc/199218747,1992,9,championship
Blackburn Rovers,Wolves,1-2,https://www.besoccer.com/match/blackburn-rovers-fc/wolverhampton/199218748,1992,9,championship
Southend United,Port Vale,0-0,https://www.besoccer.com/match/southend-united/port-vale/199218749,1992,9,championship
Middlesbrough,Oxford United,2-1,https://www.besoccer.com/match/middlesbrough-fc/oxford-united/199218750,1992,9,championship
Leicester,Tranmere Rovers,1-0,https://www.besoccer.com/match/leicester-city-fc/tranmere-rovers/199218751,1992,9,championship
Brighton & Hove Albion,Derby County,1-2,https://www.besoccer.com/match/brighton-amp-hov/derby-county-fc/199218752,1992,9,championship
Sunderland,Plymouth Argyle,0-1,https://www.besoccer.com/match/sunderland-afc/plymouth-argyle/199218753,1992,9,championship
Cambridge United,Portsmouth,2-2,https://www.besoccer.com/match/cambridge-united/portsmouth/199218754,1992,9,championship
Swindon Town,Wolves,1-0,https://www.besoccer.com/match/swindon-town/wolverhampton/199218755,1992,9,championship
Bristol City,Ipswich Town,2-1,https://www.besoccer.com/match/bristol-city-fc/ipswich-town-fc/199218761,1992,9,championship
Oxford United,Bristol Rovers,2-2,https://www.besoccer.com/match/oxford-united/bristol-rovers/199218756,1992,9,championship
Blackburn Rovers,Leicester,0-1,https://www.besoccer.com/match/blackburn-rovers-fc/leicester-city-fc/199218762,1992,9,championship
Barnsley,Tranmere Rovers,1-1,https://www.besoccer.com/match/barnsley-fc/tranmere-rovers/199218763,1992,9,championship
Charlton Athletic,Watford,1-1,https://www.besoccer.com/match/charlton-athletic-fc/watford-fc/199218760,1992,9,championship
Grimsby Town,Sunderland,2-0,https://www.besoccer.com/match/grimsby-town/sunderland-afc/199218759,1992,9,championship
Middlesbrough,Plymouth Argyle,2-1,https://www.besoccer.com/match/middlesbrough-fc/plymouth-argyle/199218758,1992,9,championship
Newcastle,Millwall,0-1,https://www.besoccer.com/match/newcastle-united-fc/millwall-fc/199218757,1992,9,championship
Wolves,Southend United,3-1,https://www.besoccer.com/match/wolverhampton/southend-united/199218764,1992,9,championship
Watford,Swindon Town,0-0,https://www.besoccer.com/match/watford-fc/swindon-town/199218765,1992,9,championship
Tranmere Rovers,Blackburn Rovers,2-2,https://www.besoccer.com/match/tranmere-rovers/blackburn-rovers-fc/199218766,1992,9,championship
Sunderland,Middlesbrough,1-0,https://www.besoccer.com/match/sunderland-afc/middlesbrough-fc/199218767,1992,9,championship
Portsmouth,Bristol City,1-0,https://www.besoccer.com/match/portsmouth/bristol-city-fc/199218768,1992,9,championship
Plymouth Argyle,Oxford United,3-1,https://www.besoccer.com/match/plymouth-argyle/oxford-united/199218769,1992,9,championship
Derby County,Newcastle,4-1,https://www.besoccer.com/match/derby-county-fc/newcastle-united-fc/199218770,1992,9,championship
Bristol Rovers,Brighton & Hove Albion,4-1,https://www.besoccer.com/match/bristol-rovers/brighton-amp-hov/199218771,1992,9,championship
Ipswich Town,Grimsby Town,0-0,https://www.besoccer.com/match/ipswich-town-fc/grimsby-town/199218774,1992,9,championship
Leicester,Cambridge United,2-1,https://www.besoccer.com/match/leicester-city-fc/cambridge-united/199218773,1992,9,championship
Port Vale,Charlton Athletic,1-1,https://www.besoccer.com/match/port-vale/charlton-athletic-fc/199218772,1992,9,championship
Portsmouth,Watford,0-0,https://www.besoccer.com/match/portsmouth/watford-fc/199218775,1992,9,championship
Millwall,Barnsley,1-1,https://www.besoccer.com/match/millwall-fc/barnsley-fc/199218776,1992,9,championship
Barnsley,Wolves,1-0,https://www.besoccer.com/match/barnsley-fc/wolverhampton/199218788,1992,9,championship
Blackburn Rovers,Millwall,2-1,https://www.besoccer.com/match/blackburn-rovers-fc/millwall-fc/199218787,1992,9,championship
Brighton & Hove Albion,Sunderland,2-2,https://www.besoccer.com/match/brighton-amp-hov/sunderland-afc/199218786,1992,9,championship
Bristol City,Derby County,1-2,https://www.besoccer.com/match/bristol-city-fc/derby-county-fc/199218785,1992,9,championship
Cambridge United,Port Vale,4-2,https://www.besoccer.com/match/cambridge-united/port-vale/199218784,1992,9,championship
Charlton Athletic,Leicester,2-0,https://www.besoccer.com/match/charlton-athletic-fc/leicester-city-fc/199218783,1992,9,championship
Grimsby Town,Watford,0-1,https://www.besoccer.com/match/grimsby-town/watford-fc/199218782,1992,9,championship
Middlesbrough,Bristol Rovers,2-1,https://www.besoccer.com/match/middlesbrough-fc/bristol-rovers/199218781,1992,9,championship
Newcastle,Portsmouth,1-0,https://www.besoccer.com/match/newcastle-united-fc/portsmouth/199218780,1992,9,championship
Oxford United,Ipswich Town,1-1,https://www.besoccer.com/match/oxford-united/ipswich-town-fc/199218779,1992,9,championship
Southend United,Tranmere Rovers,1-1,https://www.besoccer.com/match/southend-united/tranmere-rovers/199218778,1992,9,championship
Swindon Town,Plymouth Argyle,1-0,https://www.besoccer.com/match/swindon-town/plymouth-argyle/199218777,1992,9,championship
Sunderland,Swindon Town,0-0,https://www.besoccer.com/match/sunderland-afc/swindon-town/199218789,1992,9,championship
Middlesbrough,Grimsby Town,2-0,https://www.besoccer.com/match/middlesbrough-fc/grimsby-town/199218790,1992,9,championship
Charlton Athletic,Tranmere Rovers,0-1,https://www.besoccer.com/match/charlton-athletic-fc/tranmere-rovers/199218791,1992,9,championship
Brighton & Hove Albion,Portsmouth,2-1,https://www.besoccer.com/match/brighton-amp-hov/portsmouth/199218792,1992,9,championship
Blackburn Rovers,Sunderland,2-2,https://www.besoccer.com/match/blackburn-rovers-fc/sunderland-afc/199218793,1992,9,championship
Wolves,Middlesbrough,1-2,https://www.besoccer.com/match/wolverhampton/middlesbrough-fc/199218794,1992,10,championship
Watford,Bristol City,5-2,https://www.besoccer.com/match/watford-fc/bristol-city-fc/199218795,1992,10,championship
Tranmere Rovers,Oxford United,1-2,https://www.besoccer.com/match/tranmere-rovers/oxford-united/199218796,1992,10,championship
Sunderland,Cambridge United,2-2,https://www.besoccer.com/match/sunderland-afc/cambridge-united/199218797,1992,10,championship
Portsmouth,Barnsley,2-0,https://www.besoccer.com/match/portsmouth/barnsley-fc/199218798,1992,10,championship
Port Vale,Grimsby Town,0-1,https://www.besoccer.com/match/port-vale/grimsby-town/199218799,1992,10,championship
Plymouth Argyle,Blackburn Rovers,1-3,https://www.besoccer.com/match/plymouth-argyle/blackburn-rovers-fc/199218800,1992,10,championship
Millwall,Southend United,2-0,https://www.besoccer.com/match/millwall-fc/southend-united/199218801,1992,10,championship
Leicester,Newcastle,1-2,https://www.besoccer.com/match/leicester-city-fc/newcastle-united-fc/199218802,1992,10,championship
Ipswich Town,Brighton & Hove Albion,3-1,https://www.besoccer.com/match/ipswich-town-fc/brighton-amp-hov/199218803,1992,10,championship
Derby County,Swindon Town,2-1,https://www.besoccer.com/match/derby-county-fc/swindon-town/199218804,1992,10,championship
Bristol Rovers,Charlton Athletic,1-0,https://www.besoccer.com/match/bristol-rovers/charlton-athletic-fc/199218805,1992,10,championship
