Home_Team,Away_Team,Result,Link,Season,Round,League
Porto,Marítimo,2-0,https://www.besoccer.com/match/fc-porto/maritimo/20154616,2015,1,primeira_liga
Gil Vicente,Vitória Guimarães,1-3,https://www.besoccer.com/match/gil-vicente/vitoria-guimaraes/20154609,2015,1,primeira_liga
Académica,Sporting CP,1-1,https://www.besoccer.com/match/academica/sporting-lisbon/20154608,2015,1,primeira_liga
Nacional,Moreirense,0-1,https://www.besoccer.com/match/nacional/moreirense-fc/20154611,2015,1,primeira_liga
Rio Ave,Vitória Setúbal,2-0,https://www.besoccer.com/match/rio-ave/vitoria-setubal/20154615,2015,1,primeira_liga
Penafiel,Belenenses,1-3,https://www.besoccer.com/match/penafiel/belenenses/20154613,2015,1,primeira_liga
Sporting Braga,Boavista,3-0,https://www.besoccer.com/match/sporting-braga/boavista/20154610,2015,1,primeira_liga
Benfica,Paços de Ferreira,2-0,https://www.besoccer.com/match/benfica/pacos-ferreira/20154612,2015,1,primeira_liga
Arouca,Estoril,1-1,https://www.besoccer.com/match/arouca/estoril/20154614,2015,1,primeira_liga
Vitória Guimarães,Penafiel,3-0,https://www.besoccer.com/match/vitoria-guimaraes/penafiel/20154622,2015,2,primeira_liga
Marítimo,Académica,2-1,https://www.besoccer.com/match/maritimo/academica/20154618,2015,2,primeira_liga
Paços de Ferreira,Porto,0-1,https://www.besoccer.com/match/pacos-ferreira/fc-porto/20154621,2015,2,primeira_liga
Sporting CP,Arouca,1-0,https://www.besoccer.com/match/sporting-lisbon/arouca/201512912,2015,2,primeira_liga
Belenenses,Nacional,3-1,https://www.besoccer.com/match/belenenses/nacional/20154620,2015,2,primeira_liga
Estoril,Rio Ave,1-5,https://www.besoccer.com/match/estoril/rio-ave/20154617,2015,2,primeira_liga
Vitória Setúbal,Gil Vicente,2-0,https://www.besoccer.com/match/vitoria-setubal/gil-vicente/20154625,2015,2,primeira_liga
Boavista,Benfica,0-1,https://www.besoccer.com/match/boavista/benfica/20154624,2015,2,primeira_liga
Moreirense,Sporting Braga,0-0,https://www.besoccer.com/match/moreirense-fc/sporting-braga/20154619,2015,2,primeira_liga
Académica,Vitória Setúbal,1-1,https://www.besoccer.com/match/academica/vitoria-setubal/201512913,2015,3,primeira_liga
Belenenses,Vitória Guimarães,0-3,https://www.besoccer.com/match/belenenses/vitoria-guimaraes/201512914,2015,3,primeira_liga
Sporting Braga,Estoril,2-1,https://www.besoccer.com/match/sporting-braga/estoril/201512917,2015,3,primeira_liga
Gil Vicente,Marítimo,1-2,https://www.besoccer.com/match/gil-vicente/maritimo/201512918,2015,3,primeira_liga
Penafiel,Paços de Ferreira,0-1,https://www.besoccer.com/match/penafiel/pacos-ferreira/201512921,2015,3,primeira_liga
Nacional,Arouca,2-0,https://www.besoccer.com/match/nacional/arouca/201512915,2015,3,primeira_liga
Porto,Moreirense,3-0,https://www.besoccer.com/match/fc-porto/moreirense-fc/201512919,2015,3,primeira_liga
Benfica,Sporting CP,1-1,https://www.besoccer.com/match/benfica/sporting-lisbon/201512920,2015,3,primeira_liga
Rio Ave,Boavista,4-0,https://www.besoccer.com/match/rio-ave/boavista/201512916,2015,3,primeira_liga
Vitória Setúbal,Benfica,0-5,https://www.besoccer.com/match/vitoria-setubal/benfica/201512929,2015,4,primeira_liga
Moreirense,Rio Ave,1-1,https://www.besoccer.com/match/moreirense-fc/rio-ave/201512930,2015,4,primeira_liga
Arouca,Sporting Braga,1-0,https://www.besoccer.com/match/arouca/sporting-braga/201512924,2015,4,primeira_liga
Sporting CP,Belenenses,1-1,https://www.besoccer.com/match/sporting-lisbon/belenenses/201512925,2015,4,primeira_liga
Boavista,Académica,1-0,https://www.besoccer.com/match/boavista/academica/201512923,2015,4,primeira_liga
Marítimo,Penafiel,2-0,https://www.besoccer.com/match/maritimo/penafiel/201512926,2015,4,primeira_liga
Paços de Ferreira,Gil Vicente,1-1,https://www.besoccer.com/match/pacos-ferreira/gil-vicente/201512922,2015,4,primeira_liga
Vitória Guimarães,Porto,1-1,https://www.besoccer.com/match/vitoria-guimaraes/fc-porto/201512928,2015,4,primeira_liga
Estoril,Nacional,2-1,https://www.besoccer.com/match/estoril/nacional/201512927,2015,4,primeira_liga
Vitória Guimarães,Paços de Ferreira,1-1,https://www.besoccer.com/match/vitoria-guimaraes/pacos-ferreira/201512931,2015,5,primeira_liga
Penafiel,Vitória Setúbal,2-0,https://www.besoccer.com/match/penafiel/vitoria-setubal/201512934,2015,5,primeira_liga
Nacional,Sporting Braga,1-1,https://www.besoccer.com/match/nacional/sporting-braga/201512938,2015,5,primeira_liga
Rio Ave,Arouca,1-2,https://www.besoccer.com/match/rio-ave/arouca/201512936,2015,5,primeira_liga
Belenenses,Marítimo,1-0,https://www.besoccer.com/match/belenenses/maritimo/201512939,2015,5,primeira_liga
Benfica,Moreirense,3-1,https://www.besoccer.com/match/benfica/moreirense-fc/201512932,2015,5,primeira_liga
Gil Vicente,Sporting CP,0-4,https://www.besoccer.com/match/gil-vicente/sporting-lisbon/201512935,2015,5,primeira_liga
Porto,Boavista,0-0,https://www.besoccer.com/match/fc-porto/boavista/201512937,2015,5,primeira_liga
Académica,Estoril,2-2,https://www.besoccer.com/match/academica/estoril/201512933,2015,5,primeira_liga
Sporting CP,Porto,1-1,https://www.besoccer.com/match/sporting-lisbon/fc-porto/201512940,2015,6,primeira_liga
Estoril,Benfica,2-3,https://www.besoccer.com/match/estoril/benfica/201512943,2015,6,primeira_liga
Sporting Braga,Rio Ave,3-0,https://www.besoccer.com/match/sporting-braga/rio-ave/201512944,2015,6,primeira_liga
Marítimo,Vitória Guimarães,4-0,https://www.besoccer.com/match/maritimo/vitoria-guimaraes/201512941,2015,6,primeira_liga
Boavista,Gil Vicente,3-2,https://www.besoccer.com/match/boavista/gil-vicente/201512945,2015,6,primeira_liga
Arouca,Académica,0-1,https://www.besoccer.com/match/arouca/academica/201512946,2015,6,primeira_liga
Moreirense,Penafiel,0-0,https://www.besoccer.com/match/moreirense-fc/penafiel/201512947,2015,6,primeira_liga
Vitória Setúbal,Nacional,2-0,https://www.besoccer.com/match/vitoria-setubal/nacional/201512942,2015,6,primeira_liga
Paços de Ferreira,Belenenses,2-0,https://www.besoccer.com/match/pacos-ferreira/belenenses/201512948,2015,6,primeira_liga
Vitória Guimarães,Boavista,3-0,https://www.besoccer.com/match/vitoria-guimaraes/boavista/201512955,2015,7,primeira_liga
Penafiel,Sporting CP,0-4,https://www.besoccer.com/match/penafiel/sporting-lisbon/201512951,2015,7,primeira_liga
Gil Vicente,Estoril,1-1,https://www.besoccer.com/match/gil-vicente/estoril/201512949,2015,7,primeira_liga
Paços de Ferreira,Marítimo,3-2,https://www.besoccer.com/match/pacos-ferreira/maritimo/201512950,2015,7,primeira_liga
Académica,Moreirense,0-0,https://www.besoccer.com/match/academica/moreirense-fc/201512957,2015,7,primeira_liga
Porto,Sporting Braga,2-1,https://www.besoccer.com/match/fc-porto/sporting-braga/201512953,2015,7,primeira_liga
Benfica,Arouca,4-0,https://www.besoccer.com/match/benfica/arouca/201512954,2015,7,primeira_liga
Nacional,Rio Ave,0-0,https://www.besoccer.com/match/nacional/rio-ave/201512956,2015,7,primeira_liga
Belenenses,Vitória Setúbal,1-1,https://www.besoccer.com/match/belenenses/vitoria-setubal/201512952,2015,7,primeira_liga
Vitória Setúbal,Vitória Guimarães,0-1,https://www.besoccer.com/match/vitoria-setubal/vitoria-guimaraes/201512959,2015,8,primeira_liga
Boavista,Paços de Ferreira,1-2,https://www.besoccer.com/match/boavista/pacos-ferreira/201512958,2015,8,primeira_liga
Moreirense,Gil Vicente,2-0,https://www.besoccer.com/match/moreirense-fc/gil-vicente/201512965,2015,8,primeira_liga
Arouca,Porto,0-5,https://www.besoccer.com/match/arouca/fc-porto/201512960,2015,8,primeira_liga
Nacional,Académica,1-0,https://www.besoccer.com/match/nacional/academica/201512961,2015,8,primeira_liga
Estoril,Belenenses,1-2,https://www.besoccer.com/match/estoril/belenenses/201512964,2015,8,primeira_liga
Sporting CP,Marítimo,4-2,https://www.besoccer.com/match/sporting-lisbon/maritimo/201512966,2015,8,primeira_liga
Sporting Braga,Benfica,2-1,https://www.besoccer.com/match/sporting-braga/benfica/201512962,2015,8,primeira_liga
Rio Ave,Penafiel,3-2,https://www.besoccer.com/match/rio-ave/penafiel/201512963,2015,8,primeira_liga
Benfica,Rio Ave,1-0,https://www.besoccer.com/match/benfica/rio-ave/201512975,2015,9,primeira_liga
Penafiel,Estoril,1-2,https://www.besoccer.com/match/penafiel/estoril/201512972,2015,9,primeira_liga
Vitória Guimarães,Sporting CP,3-0,https://www.besoccer.com/match/vitoria-guimaraes/sporting-lisbon/201512968,2015,9,primeira_liga
Porto,Nacional,2-0,https://www.besoccer.com/match/fc-porto/nacional/201512973,2015,9,primeira_liga
Gil Vicente,Arouca,1-1,https://www.besoccer.com/match/gil-vicente/arouca/201512969,2015,9,primeira_liga
Paços de Ferreira,Vitória Setúbal,4-1,https://www.besoccer.com/match/pacos-ferreira/vitoria-setubal/201512970,2015,9,primeira_liga
Marítimo,Moreirense,1-2,https://www.besoccer.com/match/maritimo/moreirense-fc/201512974,2015,9,primeira_liga
Académica,Sporting Braga,1-1,https://www.besoccer.com/match/academica/sporting-braga/201512971,2015,9,primeira_liga
Belenenses,Boavista,3-1,https://www.besoccer.com/match/belenenses/boavista/201512967,2015,9,primeira_liga
Arouca,Vitória Guimarães,1-2,https://www.besoccer.com/match/arouca/vitoria-guimaraes/201512980,2015,10,primeira_liga
Sporting Braga,Gil Vicente,2-0,https://www.besoccer.com/match/sporting-braga/gil-vicente/201512977,2015,10,primeira_liga
Vitória Setúbal,Marítimo,1-0,https://www.besoccer.com/match/vitoria-setubal/maritimo/201512976,2015,10,primeira_liga
Nacional,Benfica,1-2,https://www.besoccer.com/match/nacional/benfica/201512979,2015,10,primeira_liga
Moreirense,Belenenses,0-1,https://www.besoccer.com/match/moreirense-fc/belenenses/201512981,2015,10,primeira_liga
Boavista,Penafiel,1-0,https://www.besoccer.com/match/boavista/penafiel/201512983,2015,10,primeira_liga
Sporting CP,Paços de Ferreira,1-1,https://www.besoccer.com/match/sporting-lisbon/pacos-ferreira/201512982,2015,10,primeira_liga
Estoril,Porto,2-2,https://www.besoccer.com/match/estoril/fc-porto/201512984,2015,10,primeira_liga
Rio Ave,Académica,3-0,https://www.besoccer.com/match/rio-ave/academica/201512978,2015,10,primeira_liga
Vitória Guimarães,Moreirense,2-1,https://www.besoccer.com/match/vitoria-guimaraes/moreirense-fc/201512987,2015,11,primeira_liga
Belenenses,Arouca,0-0,https://www.besoccer.com/match/belenenses/arouca/201512991,2015,11,primeira_liga
Penafiel,Sporting Braga,1-6,https://www.besoccer.com/match/penafiel/sporting-braga/201512989,2015,11,primeira_liga
Sporting CP,Vitória Setúbal,3-0,https://www.besoccer.com/match/sporting-lisbon/vitoria-setubal/201512985,2015,11,primeira_liga
Marítimo,Boavista,4-0,https://www.besoccer.com/match/maritimo/boavista/201512986,2015,11,primeira_liga
Gil Vicente,Nacional,0-0,https://www.besoccer.com/match/gil-vicente/nacional/201512992,2015,11,primeira_liga
Académica,Benfica,0-2,https://www.besoccer.com/match/academica/benfica/201512993,2015,11,primeira_liga
Porto,Rio Ave,5-0,https://www.besoccer.com/match/fc-porto/rio-ave/201512988,2015,11,primeira_liga
Paços de Ferreira,Estoril,1-1,https://www.besoccer.com/match/pacos-ferreira/estoril/201512990,2015,11,primeira_liga
Boavista,Sporting CP,1-3,https://www.besoccer.com/match/boavista/sporting-lisbon/201513002,2015,12,primeira_liga
Rio Ave,Gil Vicente,0-0,https://www.besoccer.com/match/rio-ave/gil-vicente/201512998,2015,12,primeira_liga
Benfica,Belenenses,3-0,https://www.besoccer.com/match/benfica/belenenses/201512997,2015,12,primeira_liga
Estoril,Vitória Setúbal,1-0,https://www.besoccer.com/match/estoril/vitoria-setubal/201512994,2015,12,primeira_liga
Académica,Porto,0-3,https://www.besoccer.com/match/academica/fc-porto/201512996,2015,12,primeira_liga
Moreirense,Paços de Ferreira,2-0,https://www.besoccer.com/match/moreirense-fc/pacos-ferreira/201512995,2015,12,primeira_liga
Arouca,Penafiel,0-1,https://www.besoccer.com/match/arouca/penafiel/201512999,2015,12,primeira_liga
Sporting Braga,Vitória Guimarães,0-0,https://www.besoccer.com/match/sporting-braga/vitoria-guimaraes/201513000,2015,12,primeira_liga
Nacional,Marítimo,3-0,https://www.besoccer.com/match/nacional/maritimo/201513001,2015,12,primeira_liga
Vitória Setúbal,Boavista,0-1,https://www.besoccer.com/match/vitoria-setubal/boavista/201513011,2015,13,primeira_liga
Paços de Ferreira,Arouca,2-1,https://www.besoccer.com/match/pacos-ferreira/arouca/201513003,2015,13,primeira_liga
Gil Vicente,Académica,1-1,https://www.besoccer.com/match/gil-vicente/academica/201513008,2015,13,primeira_liga
Penafiel,Nacional,2-1,https://www.besoccer.com/match/penafiel/nacional/201513009,2015,13,primeira_liga
Belenenses,Sporting Braga,0-1,https://www.besoccer.com/match/belenenses/sporting-braga/201513010,2015,13,primeira_liga
Vitória Guimarães,Rio Ave,0-0,https://www.besoccer.com/match/vitoria-guimaraes/rio-ave/201513004,2015,13,primeira_liga
Sporting CP,Moreirense,1-1,https://www.besoccer.com/match/sporting-lisbon/moreirense-fc/201513006,2015,13,primeira_liga
Porto,Benfica,0-2,https://www.besoccer.com/match/fc-porto/benfica/201513005,2015,13,primeira_liga
Marítimo,Estoril,0-0,https://www.besoccer.com/match/maritimo/estoril/201513007,2015,13,primeira_liga
Porto,Vitória Setúbal,4-0,https://www.besoccer.com/match/fc-porto/vitoria-setubal/201513015,2015,14,primeira_liga
Estoril,Vitória Guimarães,1-0,https://www.besoccer.com/match/estoril/vitoria-guimaraes/201513019,2015,14,primeira_liga
Académica,Penafiel,1-1,https://www.besoccer.com/match/academica/penafiel/201513012,2015,14,primeira_liga
Arouca,Marítimo,1-0,https://www.besoccer.com/match/arouca/maritimo/201513016,2015,14,primeira_liga
Moreirense,Boavista,1-0,https://www.besoccer.com/match/moreirense-fc/boavista/201513017,2015,14,primeira_liga
Benfica,Gil Vicente,1-0,https://www.besoccer.com/match/benfica/gil-vicente/201513018,2015,14,primeira_liga
Nacional,Sporting CP,0-1,https://www.besoccer.com/match/nacional/sporting-lisbon/201513013,2015,14,primeira_liga
Sporting Braga,Paços de Ferreira,3-0,https://www.besoccer.com/match/sporting-braga/pacos-ferreira/201513020,2015,14,primeira_liga
Rio Ave,Belenenses,0-0,https://www.besoccer.com/match/rio-ave/belenenses/201513014,2015,14,primeira_liga
Belenenses,Académica,0-0,https://www.besoccer.com/match/belenenses/academica/201513028,2015,15,primeira_liga
Marítimo,Sporting Braga,2-1,https://www.besoccer.com/match/maritimo/sporting-braga/201513027,2015,15,primeira_liga
Paços de Ferreira,Rio Ave,1-2,https://www.besoccer.com/match/pacos-ferreira/rio-ave/201513024,2015,15,primeira_liga
Sporting CP,Estoril,3-0,https://www.besoccer.com/match/sporting-lisbon/estoril/201513025,2015,15,primeira_liga
Gil Vicente,Porto,1-5,https://www.besoccer.com/match/gil-vicente/fc-porto/201513026,2015,15,primeira_liga
Boavista,Arouca,3-1,https://www.besoccer.com/match/boavista/arouca/201513021,2015,15,primeira_liga
Vitória Setúbal,Moreirense,2-1,https://www.besoccer.com/match/vitoria-setubal/moreirense-fc/201513029,2015,15,primeira_liga
Vitória Guimarães,Nacional,4-0,https://www.besoccer.com/match/vitoria-guimaraes/nacional/201513022,2015,15,primeira_liga
Penafiel,Benfica,0-3,https://www.besoccer.com/match/penafiel/benfica/201513023,2015,15,primeira_liga
Estoril,Moreirense,1-1,https://www.besoccer.com/match/estoril/moreirense-fc/201513036,2015,16,primeira_liga
Benfica,Vitória Guimarães,3-0,https://www.besoccer.com/match/benfica/vitoria-guimaraes/201513030,2015,16,primeira_liga
Académica,Paços de Ferreira,2-2,https://www.besoccer.com/match/academica/pacos-ferreira/201513035,2015,16,primeira_liga
Porto,Belenenses,3-0,https://www.besoccer.com/match/fc-porto/belenenses/201513033,2015,16,primeira_liga
Arouca,Vitória Setúbal,1-0,https://www.besoccer.com/match/arouca/vitoria-setubal/201513032,2015,16,primeira_liga
Rio Ave,Marítimo,0-0,https://www.besoccer.com/match/rio-ave/maritimo/201513037,2015,16,primeira_liga
Gil Vicente,Penafiel,2-1,https://www.besoccer.com/match/gil-vicente/penafiel/201513038,2015,16,primeira_liga
Nacional,Boavista,2-1,https://www.besoccer.com/match/nacional/boavista/201513031,2015,16,primeira_liga
Sporting Braga,Sporting CP,0-1,https://www.besoccer.com/match/sporting-braga/sporting-lisbon/201513034,2015,16,primeira_liga
Vitória Guimarães,Académica,4-0,https://www.besoccer.com/match/vitoria-guimaraes/academica/201513047,2015,17,primeira_liga
Penafiel,Porto,1-3,https://www.besoccer.com/match/penafiel/fc-porto/201513041,2015,17,primeira_liga
Paços de Ferreira,Nacional,2-3,https://www.besoccer.com/match/pacos-ferreira/nacional/201513039,2015,17,primeira_liga
Moreirense,Arouca,1-0,https://www.besoccer.com/match/moreirense-fc/arouca/201513040,2015,17,primeira_liga
Vitória Setúbal,Sporting Braga,1-3,https://www.besoccer.com/match/vitoria-setubal/sporting-braga/201513042,2015,17,primeira_liga
Boavista,Estoril,1-2,https://www.besoccer.com/match/boavista/estoril/201513043,2015,17,primeira_liga
Belenenses,Gil Vicente,2-0,https://www.besoccer.com/match/belenenses/gil-vicente/201513046,2015,17,primeira_liga
Marítimo,Benfica,0-4,https://www.besoccer.com/match/maritimo/benfica/201513045,2015,17,primeira_liga
Sporting CP,Rio Ave,4-2,https://www.besoccer.com/match/sporting-lisbon/rio-ave/201513044,2015,17,primeira_liga
Vitória Guimarães,Gil Vicente,2-2,https://www.besoccer.com/match/vitoria-guimaraes/gil-vicente/201513048,2015,18,primeira_liga
Moreirense,Nacional,2-3,https://www.besoccer.com/match/moreirense-fc/nacional/201513049,2015,18,primeira_liga
Belenenses,Penafiel,0-0,https://www.besoccer.com/match/belenenses/penafiel/201513050,2015,18,primeira_liga
Sporting CP,Académica,1-0,https://www.besoccer.com/match/sporting-lisbon/academica/201513053,2015,18,primeira_liga
Vitória Setúbal,Rio Ave,4-1,https://www.besoccer.com/match/vitoria-setubal/rio-ave/201513055,2015,18,primeira_liga
Estoril,Arouca,1-0,https://www.besoccer.com/match/estoril/arouca/201513056,2015,18,primeira_liga
Marítimo,Porto,1-0,https://www.besoccer.com/match/maritimo/fc-porto/201513054,2015,18,primeira_liga
Boavista,Sporting Braga,1-0,https://www.besoccer.com/match/boavista/sporting-braga/201513052,2015,18,primeira_liga
Paços de Ferreira,Benfica,1-0,https://www.besoccer.com/match/pacos-ferreira/benfica/201513051,2015,18,primeira_liga
Sporting Braga,Moreirense,1-0,https://www.besoccer.com/match/sporting-braga/moreirense-fc/201513064,2015,19,primeira_liga
Benfica,Boavista,3-0,https://www.besoccer.com/match/benfica/boavista/201513058,2015,19,primeira_liga
Nacional,Belenenses,2-1,https://www.besoccer.com/match/nacional/belenenses/201513059,2015,19,primeira_liga
Penafiel,Vitória Guimarães,1-1,https://www.besoccer.com/match/penafiel/vitoria-guimaraes/201513063,2015,19,primeira_liga
Académica,Marítimo,1-1,https://www.besoccer.com/match/academica/maritimo/201513060,2015,19,primeira_liga
Gil Vicente,Vitória Setúbal,1-1,https://www.besoccer.com/match/gil-vicente/vitoria-setubal/201513061,2015,19,primeira_liga
Rio Ave,Estoril,2-1,https://www.besoccer.com/match/rio-ave/estoril/201513065,2015,19,primeira_liga
Arouca,Sporting CP,1-3,https://www.besoccer.com/match/arouca/sporting-lisbon/201513057,2015,19,primeira_liga
Porto,Paços de Ferreira,5-0,https://www.besoccer.com/match/fc-porto/pacos-ferreira/201513062,2015,19,primeira_liga
Moreirense,Porto,0-2,https://www.besoccer.com/match/moreirense-fc/fc-porto/201513069,2015,20,primeira_liga
Arouca,Nacional,3-3,https://www.besoccer.com/match/arouca/nacional/201513070,2015,20,primeira_liga
Paços de Ferreira,Penafiel,2-1,https://www.besoccer.com/match/pacos-ferreira/penafiel/201513071,2015,20,primeira_liga
Marítimo,Gil Vicente,1-2,https://www.besoccer.com/match/maritimo/gil-vicente/201513072,2015,20,primeira_liga
Vitória Guimarães,Belenenses,0-1,https://www.besoccer.com/match/vitoria-guimaraes/belenenses/201513073,2015,20,primeira_liga
Vitória Setúbal,Académica,0-0,https://www.besoccer.com/match/vitoria-setubal/academica/201513074,2015,20,primeira_liga
Estoril,Sporting Braga,0-2,https://www.besoccer.com/match/estoril/sporting-braga/201513068,2015,20,primeira_liga
Sporting CP,Benfica,1-1,https://www.besoccer.com/match/sporting-lisbon/benfica/201513066,2015,20,primeira_liga
Boavista,Rio Ave,1-1,https://www.besoccer.com/match/boavista/rio-ave/201513067,2015,20,primeira_liga
Porto,Vitória Guimarães,1-0,https://www.besoccer.com/match/fc-porto/vitoria-guimaraes/201513077,2015,21,primeira_liga
Gil Vicente,Paços de Ferreira,1-0,https://www.besoccer.com/match/gil-vicente/pacos-ferreira/201513076,2015,21,primeira_liga
Belenenses,Sporting CP,1-1,https://www.besoccer.com/match/belenenses/sporting-lisbon/201513083,2015,21,primeira_liga
Penafiel,Marítimo,3-4,https://www.besoccer.com/match/penafiel/maritimo/201513079,2015,21,primeira_liga
Rio Ave,Moreirense,1-1,https://www.besoccer.com/match/rio-ave/moreirense-fc/201513080,2015,21,primeira_liga
Benfica,Vitória Setúbal,3-0,https://www.besoccer.com/match/benfica/vitoria-setubal/201513075,2015,21,primeira_liga
Académica,Boavista,0-0,https://www.besoccer.com/match/academica/boavista/201513081,2015,21,primeira_liga
Sporting Braga,Arouca,2-0,https://www.besoccer.com/match/sporting-braga/arouca/201513078,2015,21,primeira_liga
Nacional,Estoril,1-0,https://www.besoccer.com/match/nacional/estoril/201513082,2015,21,primeira_liga
Paços de Ferreira,Vitória Guimarães,2-2,https://www.besoccer.com/match/pacos-ferreira/vitoria-guimaraes/201513090,2015,22,primeira_liga
Sporting Braga,Nacional,3-1,https://www.besoccer.com/match/sporting-braga/nacional/201513084,2015,22,primeira_liga
Vitória Setúbal,Penafiel,0-1,https://www.besoccer.com/match/vitoria-setubal/penafiel/201513089,2015,22,primeira_liga
Moreirense,Benfica,1-3,https://www.besoccer.com/match/moreirense-fc/benfica/201513088,2015,22,primeira_liga
Arouca,Rio Ave,1-0,https://www.besoccer.com/match/arouca/rio-ave/201513091,2015,22,primeira_liga
Marítimo,Belenenses,1-2,https://www.besoccer.com/match/maritimo/belenenses/201513085,2015,22,primeira_liga
Estoril,Académica,1-2,https://www.besoccer.com/match/estoril/academica/201513092,2015,22,primeira_liga
Sporting CP,Gil Vicente,2-0,https://www.besoccer.com/match/sporting-lisbon/gil-vicente/201513087,2015,22,primeira_liga
Boavista,Porto,0-2,https://www.besoccer.com/match/boavista/fc-porto/201513086,2015,22,primeira_liga
Vitória Guimarães,Marítimo,1-0,https://www.besoccer.com/match/vitoria-guimaraes/maritimo/201513094,2015,23,primeira_liga
Gil Vicente,Boavista,1-1,https://www.besoccer.com/match/gil-vicente/boavista/201513100,2015,23,primeira_liga
Benfica,Estoril,6-0,https://www.besoccer.com/match/benfica/estoril/201513097,2015,23,primeira_liga
Rio Ave,Sporting Braga,0-2,https://www.besoccer.com/match/rio-ave/sporting-braga/201513093,2015,23,primeira_liga
Académica,Arouca,1-1,https://www.besoccer.com/match/academica/arouca/201513095,2015,23,primeira_liga
Penafiel,Moreirense,1-2,https://www.besoccer.com/match/penafiel/moreirense-fc/201513096,2015,23,primeira_liga
Nacional,Vitória Setúbal,3-0,https://www.besoccer.com/match/nacional/vitoria-setubal/201513101,2015,23,primeira_liga
Porto,Sporting CP,3-0,https://www.besoccer.com/match/fc-porto/sporting-lisbon/201513098,2015,23,primeira_liga
Belenenses,Paços de Ferreira,0-1,https://www.besoccer.com/match/belenenses/pacos-ferreira/201513099,2015,23,primeira_liga
Sporting Braga,Porto,0-1,https://www.besoccer.com/match/sporting-braga/fc-porto/201513103,2015,24,primeira_liga
Vitória Setúbal,Belenenses,1-1,https://www.besoccer.com/match/vitoria-setubal/belenenses/201513104,2015,24,primeira_liga
Arouca,Benfica,1-3,https://www.besoccer.com/match/arouca/benfica/201513102,2015,24,primeira_liga
Marítimo,Paços de Ferreira,2-1,https://www.besoccer.com/match/maritimo/pacos-ferreira/201513107,2015,24,primeira_liga
Moreirense,Académica,0-2,https://www.besoccer.com/match/moreirense-fc/academica/201513110,2015,24,primeira_liga
Estoril,Gil Vicente,1-1,https://www.besoccer.com/match/estoril/gil-vicente/201513106,2015,24,primeira_liga
Boavista,Vitória Guimarães,3-1,https://www.besoccer.com/match/boavista/vitoria-guimaraes/201513109,2015,24,primeira_liga
Rio Ave,Nacional,1-1,https://www.besoccer.com/match/rio-ave/nacional/201513108,2015,24,primeira_liga
Sporting CP,Penafiel,3-2,https://www.besoccer.com/match/sporting-lisbon/penafiel/201513105,2015,24,primeira_liga
Paços de Ferreira,Boavista,1-0,https://www.besoccer.com/match/pacos-ferreira/boavista/201513112,2015,25,primeira_liga
Benfica,Sporting Braga,2-0,https://www.besoccer.com/match/benfica/sporting-braga/201513111,2015,25,primeira_liga
Vitória Guimarães,Vitória Setúbal,0-1,https://www.besoccer.com/match/vitoria-guimaraes/vitoria-setubal/201513114,2015,25,primeira_liga
Belenenses,Estoril,2-2,https://www.besoccer.com/match/belenenses/estoril/201513113,2015,25,primeira_liga
Penafiel,Rio Ave,0-2,https://www.besoccer.com/match/penafiel/rio-ave/201513115,2015,25,primeira_liga
Gil Vicente,Moreirense,0-1,https://www.besoccer.com/match/gil-vicente/moreirense-fc/201513116,2015,25,primeira_liga
Académica,Nacional,2-1,https://www.besoccer.com/match/academica/nacional/201513117,2015,25,primeira_liga
Marítimo,Sporting CP,0-1,https://www.besoccer.com/match/maritimo/sporting-lisbon/201513119,2015,25,primeira_liga
Porto,Arouca,1-0,https://www.besoccer.com/match/fc-porto/arouca/201513118,2015,25,primeira_liga
Sporting Braga,Académica,0-0,https://www.besoccer.com/match/sporting-braga/academica/201513122,2015,26,primeira_liga
Estoril,Penafiel,3-3,https://www.besoccer.com/match/estoril/penafiel/201513124,2015,26,primeira_liga
Rio Ave,Benfica,2-1,https://www.besoccer.com/match/rio-ave/benfica/201513128,2015,26,primeira_liga
Nacional,Porto,1-1,https://www.besoccer.com/match/nacional/fc-porto/201513127,2015,26,primeira_liga
Arouca,Gil Vicente,3-1,https://www.besoccer.com/match/arouca/gil-vicente/201513121,2015,26,primeira_liga
Moreirense,Marítimo,1-1,https://www.besoccer.com/match/moreirense-fc/maritimo/201513123,2015,26,primeira_liga
Boavista,Belenenses,1-0,https://www.besoccer.com/match/boavista/belenenses/201513125,2015,26,primeira_liga
Sporting CP,Vitória Guimarães,4-1,https://www.besoccer.com/match/sporting-lisbon/vitoria-guimaraes/201513120,2015,26,primeira_liga
Vitória Setúbal,Paços de Ferreira,0-0,https://www.besoccer.com/match/vitoria-setubal/pacos-ferreira/201513126,2015,26,primeira_liga
Académica,Rio Ave,0-0,https://www.besoccer.com/match/academica/rio-ave/201513136,2015,27,primeira_liga
Vitória Guimarães,Arouca,1-0,https://www.besoccer.com/match/vitoria-guimaraes/arouca/201513130,2015,27,primeira_liga
Gil Vicente,Sporting Braga,0-2,https://www.besoccer.com/match/gil-vicente/sporting-braga/201513129,2015,27,primeira_liga
Penafiel,Boavista,2-2,https://www.besoccer.com/match/penafiel/boavista/201513137,2015,27,primeira_liga
Benfica,Nacional,3-1,https://www.besoccer.com/match/benfica/nacional/201513131,2015,27,primeira_liga
Belenenses,Moreirense,2-0,https://www.besoccer.com/match/belenenses/moreirense-fc/201513133,2015,27,primeira_liga
Paços de Ferreira,Sporting CP,1-1,https://www.besoccer.com/match/pacos-ferreira/sporting-lisbon/201513135,2015,27,primeira_liga
Marítimo,Vitória Setúbal,1-1,https://www.besoccer.com/match/maritimo/vitoria-setubal/201513134,2015,27,primeira_liga
Porto,Estoril,5-0,https://www.besoccer.com/match/fc-porto/estoril/201513132,2015,27,primeira_liga
Arouca,Belenenses,0-1,https://www.besoccer.com/match/arouca/belenenses/201513140,2015,28,primeira_liga
Boavista,Marítimo,0-2,https://www.besoccer.com/match/boavista/maritimo/201513143,2015,28,primeira_liga
Benfica,Académica,5-1,https://www.besoccer.com/match/benfica/academica/201513142,2015,28,primeira_liga
Rio Ave,Porto,1-3,https://www.besoccer.com/match/rio-ave/fc-porto/201513141,2015,28,primeira_liga
Moreirense,Vitória Guimarães,2-1,https://www.besoccer.com/match/moreirense-fc/vitoria-guimaraes/201513139,2015,28,primeira_liga
Nacional,Gil Vicente,3-2,https://www.besoccer.com/match/nacional/gil-vicente/201513146,2015,28,primeira_liga
Sporting Braga,Penafiel,4-0,https://www.besoccer.com/match/sporting-braga/penafiel/201513145,2015,28,primeira_liga
Vitória Setúbal,Sporting CP,1-2,https://www.besoccer.com/match/vitoria-setubal/sporting-lisbon/201513138,2015,28,primeira_liga
Estoril,Paços de Ferreira,1-0,https://www.besoccer.com/match/estoril/pacos-ferreira/201513144,2015,28,primeira_liga
Vitória Guimarães,Sporting Braga,1-0,https://www.besoccer.com/match/vitoria-guimaraes/sporting-braga/201513155,2015,29,primeira_liga
Belenenses,Benfica,0-2,https://www.besoccer.com/match/belenenses/benfica/201513150,2015,29,primeira_liga
Porto,Académica,1-0,https://www.besoccer.com/match/fc-porto/academica/201513151,2015,29,primeira_liga
Gil Vicente,Rio Ave,0-0,https://www.besoccer.com/match/gil-vicente/rio-ave/201513147,2015,29,primeira_liga
Penafiel,Arouca,0-2,https://www.besoccer.com/match/penafiel/arouca/201513148,2015,29,primeira_liga
Paços de Ferreira,Moreirense,0-0,https://www.besoccer.com/match/pacos-ferreira/moreirense-fc/201513154,2015,29,primeira_liga
Vitória Setúbal,Estoril,1-2,https://www.besoccer.com/match/vitoria-setubal/estoril/201513152,2015,29,primeira_liga
Sporting CP,Boavista,2-1,https://www.besoccer.com/match/sporting-lisbon/boavista/201513153,2015,29,primeira_liga
Marítimo,Nacional,1-1,https://www.besoccer.com/match/maritimo/nacional/201513149,2015,29,primeira_liga
Sporting Braga,Belenenses,1-1,https://www.besoccer.com/match/sporting-braga/belenenses/201513160,2015,30,primeira_liga
Académica,Gil Vicente,1-2,https://www.besoccer.com/match/academica/gil-vicente/201513159,2015,30,primeira_liga
Estoril,Marítimo,1-1,https://www.besoccer.com/match/estoril/maritimo/201513156,2015,30,primeira_liga
Rio Ave,Vitória Guimarães,1-1,https://www.besoccer.com/match/rio-ave/vitoria-guimaraes/201513157,2015,30,primeira_liga
Arouca,Paços de Ferreira,1-3,https://www.besoccer.com/match/arouca/pacos-ferreira/201513161,2015,30,primeira_liga
Nacional,Penafiel,2-0,https://www.besoccer.com/match/nacional/penafiel/201513164,2015,30,primeira_liga
Benfica,Porto,0-0,https://www.besoccer.com/match/benfica/fc-porto/201513163,2015,30,primeira_liga
Boavista,Vitória Setúbal,0-0,https://www.besoccer.com/match/boavista/vitoria-setubal/201513162,2015,30,primeira_liga
Moreirense,Sporting CP,1-4,https://www.besoccer.com/match/moreirense-fc/sporting-lisbon/201513158,2015,30,primeira_liga
Vitória Guimarães,Estoril,2-0,https://www.besoccer.com/match/vitoria-guimaraes/estoril/201513166,2015,31,primeira_liga
Gil Vicente,Benfica,0-5,https://www.besoccer.com/match/gil-vicente/benfica/201513173,2015,31,primeira_liga
Sporting CP,Nacional,2-0,https://www.besoccer.com/match/sporting-lisbon/nacional/201513168,2015,31,primeira_liga
Boavista,Moreirense,3-1,https://www.besoccer.com/match/boavista/moreirense-fc/201513167,2015,31,primeira_liga
Penafiel,Académica,0-0,https://www.besoccer.com/match/penafiel/academica/201513170,2015,31,primeira_liga
Marítimo,Arouca,1-1,https://www.besoccer.com/match/maritimo/arouca/201513171,2015,31,primeira_liga
Vitória Setúbal,Porto,0-2,https://www.besoccer.com/match/vitoria-setubal/fc-porto/201513169,2015,31,primeira_liga
Belenenses,Rio Ave,1-3,https://www.besoccer.com/match/belenenses/rio-ave/201513172,2015,31,primeira_liga
Paços de Ferreira,Sporting Braga,2-2,https://www.besoccer.com/match/pacos-ferreira/sporting-braga/201513165,2015,31,primeira_liga
Rio Ave,Paços de Ferreira,0-0,https://www.besoccer.com/match/rio-ave/pacos-ferreira/201513174,2015,32,primeira_liga
Benfica,Penafiel,4-0,https://www.besoccer.com/match/benfica/penafiel/201513180,2015,32,primeira_liga
Académica,Belenenses,1-1,https://www.besoccer.com/match/academica/belenenses/201513178,2015,32,primeira_liga
Sporting Braga,Marítimo,1-3,https://www.besoccer.com/match/sporting-braga/maritimo/201513182,2015,32,primeira_liga
Arouca,Boavista,0-0,https://www.besoccer.com/match/arouca/boavista/201513176,2015,32,primeira_liga
Moreirense,Vitória Setúbal,3-1,https://www.besoccer.com/match/moreirense-fc/vitoria-setubal/201513179,2015,32,primeira_liga
Estoril,Sporting CP,1-1,https://www.besoccer.com/match/estoril/sporting-lisbon/201513175,2015,32,primeira_liga
Porto,Gil Vicente,2-0,https://www.besoccer.com/match/fc-porto/gil-vicente/201513177,2015,32,primeira_liga
Nacional,Vitória Guimarães,2-2,https://www.besoccer.com/match/nacional/vitoria-guimaraes/201513181,2015,32,primeira_liga
Marítimo,Rio Ave,4-0,https://www.besoccer.com/match/maritimo/rio-ave/201513183,2015,33,primeira_liga
Vitória Guimarães,Benfica,0-0,https://www.besoccer.com/match/vitoria-guimaraes/benfica/201513184,2015,33,primeira_liga
Sporting CP,Sporting Braga,4-1,https://www.besoccer.com/match/sporting-lisbon/sporting-braga/201513185,2015,33,primeira_liga
Vitória Setúbal,Arouca,2-1,https://www.besoccer.com/match/vitoria-setubal/arouca/201513187,2015,33,primeira_liga
Penafiel,Gil Vicente,2-1,https://www.besoccer.com/match/penafiel/gil-vicente/201513188,2015,33,primeira_liga
Belenenses,Porto,1-1,https://www.besoccer.com/match/belenenses/fc-porto/201513189,2015,33,primeira_liga
Paços de Ferreira,Académica,3-2,https://www.besoccer.com/match/pacos-ferreira/academica/201513190,2015,33,primeira_liga
Moreirense,Estoril,1-1,https://www.besoccer.com/match/moreirense-fc/estoril/201513191,2015,33,primeira_liga
Boavista,Nacional,0-1,https://www.besoccer.com/match/boavista/nacional/201513186,2015,33,primeira_liga
Porto,Penafiel,2-0,https://www.besoccer.com/match/fc-porto/penafiel/201513198,2015,34,primeira_liga
Estoril,Boavista,2-0,https://www.besoccer.com/match/estoril/boavista/201513194,2015,34,primeira_liga
Gil Vicente,Belenenses,0-2,https://www.besoccer.com/match/gil-vicente/belenenses/201513195,2015,34,primeira_liga
Nacional,Paços de Ferreira,3-0,https://www.besoccer.com/match/nacional/pacos-ferreira/201513196,2015,34,primeira_liga
Benfica,Marítimo,4-1,https://www.besoccer.com/match/benfica/maritimo/201513197,2015,34,primeira_liga
Rio Ave,Sporting CP,0-1,https://www.besoccer.com/match/rio-ave/sporting-lisbon/201513199,2015,34,primeira_liga
Arouca,Moreirense,1-2,https://www.besoccer.com/match/arouca/moreirense-fc/201513200,2015,34,primeira_liga
Sporting Braga,Vitória Setúbal,5-0,https://www.besoccer.com/match/sporting-braga/vitoria-setubal/201513192,2015,34,primeira_liga
Académica,Vitória Guimarães,2-4,https://www.besoccer.com/match/academica/vitoria-guimaraes/201513193,2015,34,primeira_liga
