Home_Team,Away_Team,Result,Link,Season,Round,League
Sporting Braga,Belenenses,2-0,https://www.besoccer.com/match/sporting-braga/belenenses/19911753,1991,1,primeira_liga
Porto,Penafiel,2-0,https://www.besoccer.com/match/fc-porto/penafiel/19911754,1991,1,primeira_liga
Farense,Nacional,2-1,https://www.besoccer.com/match/farense/nacional/19911755,1991,1,primeira_liga
Famalicão,Estrela Amadora,1-1,https://www.besoccer.com/match/famalicao/estrela-amadora/19911756,1991,1,primeira_liga
Marítimo,Beira Mar SC,2-2,https://www.besoccer.com/match/maritimo/beira-mar/19911757,1991,1,primeira_liga
Tirsense,SC Salgueiros,2-1,https://www.besoccer.com/match/tirsense/salgueiros/19911758,1991,1,primeira_liga
Chaves,Boavista,0-1,https://www.besoccer.com/match/chaves/boavista/19911759,1991,1,primeira_liga
Sporting CP,Vitória Guimarães,3-0,https://www.besoccer.com/match/sporting-lisbon/vitoria-guimaraes/19911760,1991,1,primeira_liga
Benfica,Gil Vicente,3-0,https://www.besoccer.com/match/benfica/gil-vicente/19911761,1991,1,primeira_liga
Vitória Setúbal,União Madeira,0-1,https://www.besoccer.com/match/vitoria-setubal/uniao-madeira/19911762,1991,1,primeira_liga
Boavista,Tirsense,1-1,https://www.besoccer.com/match/boavista/tirsense/19911763,1991,2,primeira_liga
Vitória Guimarães,Benfica,0-2,https://www.besoccer.com/match/vitoria-guimaraes/benfica/19911764,1991,2,primeira_liga
SC Salgueiros,Porto,1-3,https://www.besoccer.com/match/salgueiros/fc-porto/19911765,1991,2,primeira_liga
Penafiel,Sporting CP,2-5,https://www.besoccer.com/match/penafiel/sporting-lisbon/19911766,1991,2,primeira_liga
Estrela Amadora,Sporting Braga,2-0,https://www.besoccer.com/match/estrela-amadora/sporting-braga/19911767,1991,2,primeira_liga
Gil Vicente,Marítimo,2-0,https://www.besoccer.com/match/gil-vicente/maritimo/19911768,1991,2,primeira_liga
União Madeira,Famalicão,2-1,https://www.besoccer.com/match/uniao-madeira/famalicao/19911769,1991,2,primeira_liga
Beira Mar SC,Farense,0-0,https://www.besoccer.com/match/beira-mar/farense/19911770,1991,2,primeira_liga
Belenenses,Chaves,2-0,https://www.besoccer.com/match/belenenses/chaves/19911771,1991,2,primeira_liga
Nacional,Vitória Setúbal,1-1,https://www.besoccer.com/match/nacional/vitoria-setubal/19911772,1991,2,primeira_liga
Marítimo,Vitória Guimarães,1-2,https://www.besoccer.com/match/maritimo/vitoria-guimaraes/19911773,1991,3,primeira_liga
Porto,Boavista,3-1,https://www.besoccer.com/match/fc-porto/boavista/19911774,1991,3,primeira_liga
Farense,Vitória Setúbal,2-0,https://www.besoccer.com/match/farense/vitoria-setubal/19911775,1991,3,primeira_liga
Famalicão,Nacional,0-0,https://www.besoccer.com/match/famalicao/nacional/19911776,1991,3,primeira_liga
Tirsense,Belenenses,1-0,https://www.besoccer.com/match/tirsense/belenenses/19911777,1991,3,primeira_liga
Chaves,Estrela Amadora,1-3,https://www.besoccer.com/match/chaves/estrela-amadora/19911778,1991,3,primeira_liga
Sporting Braga,União Madeira,1-2,https://www.besoccer.com/match/sporting-braga/uniao-madeira/19911779,1991,3,primeira_liga
Sporting CP,SC Salgueiros,5-1,https://www.besoccer.com/match/sporting-lisbon/salgueiros/19911780,1991,3,primeira_liga
Benfica,Penafiel,2-0,https://www.besoccer.com/match/benfica/penafiel/19911781,1991,3,primeira_liga
Beira Mar SC,Gil Vicente,0-0,https://www.besoccer.com/match/beira-mar/gil-vicente/19911782,1991,3,primeira_liga
União Madeira,Chaves,1-1,https://www.besoccer.com/match/uniao-madeira/chaves/19911783,1991,4,primeira_liga
Vitória Guimarães,Beira Mar SC,1-1,https://www.besoccer.com/match/vitoria-guimaraes/beira-mar/19911784,1991,4,primeira_liga
SC Salgueiros,Benfica,0-3,https://www.besoccer.com/match/salgueiros/benfica/19911785,1991,4,primeira_liga
Boavista,Sporting CP,0-3,https://www.besoccer.com/match/boavista/sporting-lisbon/19911786,1991,4,primeira_liga
Estrela Amadora,Tirsense,1-1,https://www.besoccer.com/match/estrela-amadora/tirsense/19911787,1991,4,primeira_liga
Nacional,Sporting Braga,1-0,https://www.besoccer.com/match/nacional/sporting-braga/19911788,1991,4,primeira_liga
Belenenses,Porto,0-1,https://www.besoccer.com/match/belenenses/fc-porto/19911789,1991,4,primeira_liga
Vitória Setúbal,Famalicão,0-0,https://www.besoccer.com/match/vitoria-setubal/famalicao/19911790,1991,4,primeira_liga
Penafiel,Marítimo,1-1,https://www.besoccer.com/match/penafiel/maritimo/19911791,1991,4,primeira_liga
Gil Vicente,Farense,2-1,https://www.besoccer.com/match/gil-vicente/farense/19911792,1991,4,primeira_liga
Marítimo,SC Salgueiros,0-2,https://www.besoccer.com/match/maritimo/salgueiros/19911793,1991,5,primeira_liga
Chaves,Nacional,1-1,https://www.besoccer.com/match/chaves/nacional/19911794,1991,5,primeira_liga
Tirsense,União Madeira,0-1,https://www.besoccer.com/match/tirsense/uniao-madeira/19911795,1991,5,primeira_liga
Sporting Braga,Vitória Setúbal,2-3,https://www.besoccer.com/match/sporting-braga/vitoria-setubal/19911796,1991,5,primeira_liga
Gil Vicente,Vitória Guimarães,0-0,https://www.besoccer.com/match/gil-vicente/vitoria-guimaraes/19911797,1991,5,primeira_liga
Farense,Famalicão,1-0,https://www.besoccer.com/match/farense/famalicao/19911798,1991,5,primeira_liga
Benfica,Boavista,1-1,https://www.besoccer.com/match/benfica/boavista/19911799,1991,5,primeira_liga
Beira Mar SC,Penafiel,3-0,https://www.besoccer.com/match/beira-mar/penafiel/19911800,1991,5,primeira_liga
Porto,Estrela Amadora,2-0,https://www.besoccer.com/match/fc-porto/estrela-amadora/19911801,1991,5,primeira_liga
Sporting CP,Belenenses,1-0,https://www.besoccer.com/match/sporting-lisbon/belenenses/19911802,1991,5,primeira_liga
Belenenses,Benfica,0-2,https://www.besoccer.com/match/belenenses/benfica/19911803,1991,6,primeira_liga
Estrela Amadora,Sporting CP,1-2,https://www.besoccer.com/match/estrela-amadora/sporting-lisbon/19911804,1991,6,primeira_liga
União Madeira,Porto,1-3,https://www.besoccer.com/match/uniao-madeira/fc-porto/19911805,1991,6,primeira_liga
SC Salgueiros,Beira Mar SC,2-1,https://www.besoccer.com/match/salgueiros/beira-mar/19911806,1991,6,primeira_liga
Boavista,Marítimo,1-0,https://www.besoccer.com/match/boavista/maritimo/19911807,1991,6,primeira_liga
Nacional,Tirsense,0-0,https://www.besoccer.com/match/nacional/tirsense/19911808,1991,6,primeira_liga
Penafiel,Gil Vicente,0-2,https://www.besoccer.com/match/penafiel/gil-vicente/19911809,1991,6,primeira_liga
Vitória Setúbal,Chaves,1-1,https://www.besoccer.com/match/vitoria-setubal/chaves/19911810,1991,6,primeira_liga
Famalicão,Sporting Braga,4-1,https://www.besoccer.com/match/famalicao/sporting-braga/19911811,1991,6,primeira_liga
Vitória Guimarães,Farense,2-0,https://www.besoccer.com/match/vitoria-guimaraes/farense/19911812,1991,6,primeira_liga
Vitória Guimarães,Penafiel,3-0,https://www.besoccer.com/match/vitoria-guimaraes/penafiel/19911813,1991,7,primeira_liga
Marítimo,Belenenses,1-0,https://www.besoccer.com/match/maritimo/belenenses/19911814,1991,7,primeira_liga
Farense,Sporting Braga,0-0,https://www.besoccer.com/match/farense/sporting-braga/19911815,1991,7,primeira_liga
Chaves,Famalicão,3-1,https://www.besoccer.com/match/chaves/famalicao/19911816,1991,7,primeira_liga
Gil Vicente,SC Salgueiros,0-0,https://www.besoccer.com/match/gil-vicente/salgueiros/19911817,1991,7,primeira_liga
Tirsense,Vitória Setúbal,1-1,https://www.besoccer.com/match/tirsense/vitoria-setubal/19911818,1991,7,primeira_liga
Benfica,Estrela Amadora,4-0,https://www.besoccer.com/match/benfica/estrela-amadora/19911819,1991,7,primeira_liga
Porto,Nacional,1-2,https://www.besoccer.com/match/fc-porto/nacional/19911820,1991,7,primeira_liga
Sporting CP,União Madeira,2-0,https://www.besoccer.com/match/sporting-lisbon/uniao-madeira/19911821,1991,7,primeira_liga
Beira Mar SC,Boavista,2-0,https://www.besoccer.com/match/beira-mar/boavista/19911822,1991,7,primeira_liga
Nacional,Sporting CP,0-2,https://www.besoccer.com/match/nacional/sporting-lisbon/19911823,1991,8,primeira_liga
Penafiel,Farense,4-1,https://www.besoccer.com/match/penafiel/farense/19911824,1991,8,primeira_liga
Estrela Amadora,Marítimo,0-2,https://www.besoccer.com/match/estrela-amadora/maritimo/19911825,1991,8,primeira_liga
Belenenses,Beira Mar SC,2-2,https://www.besoccer.com/match/belenenses/beira-mar/19911826,1991,8,primeira_liga
Famalicão,Tirsense,2-1,https://www.besoccer.com/match/famalicao/tirsense/19911827,1991,8,primeira_liga
Vitória Setúbal,Porto,0-2,https://www.besoccer.com/match/vitoria-setubal/fc-porto/19911828,1991,8,primeira_liga
União Madeira,Benfica,0-2,https://www.besoccer.com/match/uniao-madeira/benfica/19911829,1991,8,primeira_liga
SC Salgueiros,Vitória Guimarães,0-0,https://www.besoccer.com/match/salgueiros/vitoria-guimaraes/19911830,1991,8,primeira_liga
Boavista,Gil Vicente,2-1,https://www.besoccer.com/match/boavista/gil-vicente/19911831,1991,8,primeira_liga
Sporting Braga,Chaves,1-1,https://www.besoccer.com/match/sporting-braga/chaves/19911832,1991,8,primeira_liga
Benfica,Nacional,3-0,https://www.besoccer.com/match/benfica/nacional/19911833,1991,9,primeira_liga
Farense,Chaves,2-0,https://www.besoccer.com/match/farense/chaves/19911834,1991,9,primeira_liga
Gil Vicente,Belenenses,2-1,https://www.besoccer.com/match/gil-vicente/belenenses/19911835,1991,9,primeira_liga
Penafiel,SC Salgueiros,1-0,https://www.besoccer.com/match/penafiel/salgueiros/19911836,1991,9,primeira_liga
Marítimo,União Madeira,2-1,https://www.besoccer.com/match/maritimo/uniao-madeira/19911837,1991,9,primeira_liga
Tirsense,Sporting Braga,1-0,https://www.besoccer.com/match/tirsense/sporting-braga/19911838,1991,9,primeira_liga
Porto,Famalicão,2-0,https://www.besoccer.com/match/fc-porto/famalicao/19911839,1991,9,primeira_liga
Sporting CP,Vitória Setúbal,1-0,https://www.besoccer.com/match/sporting-lisbon/vitoria-setubal/19911840,1991,9,primeira_liga
Beira Mar SC,Estrela Amadora,2-1,https://www.besoccer.com/match/beira-mar/estrela-amadora/19911841,1991,9,primeira_liga
Vitória Guimarães,Boavista,0-1,https://www.besoccer.com/match/vitoria-guimaraes/boavista/19911842,1991,9,primeira_liga
Famalicão,Sporting CP,0-1,https://www.besoccer.com/match/famalicao/sporting-lisbon/19911843,1991,10,primeira_liga
Vitória Setúbal,Benfica,2-0,https://www.besoccer.com/match/vitoria-setubal/benfica/19911844,1991,10,primeira_liga
Estrela Amadora,Gil Vicente,5-2,https://www.besoccer.com/match/estrela-amadora/gil-vicente/19911845,1991,10,primeira_liga
Belenenses,Vitória Guimarães,1-0,https://www.besoccer.com/match/belenenses/vitoria-guimaraes/19911846,1991,10,primeira_liga
Nacional,Marítimo,0-0,https://www.besoccer.com/match/nacional/maritimo/19911847,1991,10,primeira_liga
SC Salgueiros,Farense,1-0,https://www.besoccer.com/match/salgueiros/farense/19911848,1991,10,primeira_liga
Boavista,Penafiel,5-0,https://www.besoccer.com/match/boavista/penafiel/19911849,1991,10,primeira_liga
Sporting Braga,Porto,0-1,https://www.besoccer.com/match/sporting-braga/fc-porto/19911850,1991,10,primeira_liga
Chaves,Tirsense,1-1,https://www.besoccer.com/match/chaves/tirsense/19911851,1991,10,primeira_liga
União Madeira,Beira Mar SC,2-2,https://www.besoccer.com/match/uniao-madeira/beira-mar/19911852,1991,10,primeira_liga
Benfica,Famalicão,1-0,https://www.besoccer.com/match/benfica/famalicao/19911853,1991,11,primeira_liga
Farense,Tirsense,2-0,https://www.besoccer.com/match/farense/tirsense/19911854,1991,11,primeira_liga
Gil Vicente,União Madeira,1-1,https://www.besoccer.com/match/gil-vicente/uniao-madeira/19911855,1991,11,primeira_liga
Penafiel,Belenenses,1-0,https://www.besoccer.com/match/penafiel/belenenses/19911856,1991,11,primeira_liga
Marítimo,Vitória Setúbal,2-1,https://www.besoccer.com/match/maritimo/vitoria-setubal/19911857,1991,11,primeira_liga
Vitória Guimarães,Estrela Amadora,0-0,https://www.besoccer.com/match/vitoria-guimaraes/estrela-amadora/19911858,1991,11,primeira_liga
Sporting CP,Sporting Braga,3-0,https://www.besoccer.com/match/sporting-lisbon/sporting-braga/19911859,1991,11,primeira_liga
SC Salgueiros,Boavista,2-0,https://www.besoccer.com/match/salgueiros/boavista/19911860,1991,11,primeira_liga
Porto,Chaves,3-1,https://www.besoccer.com/match/fc-porto/chaves/19911861,1991,11,primeira_liga
Beira Mar SC,Nacional,1-0,https://www.besoccer.com/match/beira-mar/nacional/19911862,1991,11,primeira_liga
Vitória Setúbal,Beira Mar SC,1-1,https://www.besoccer.com/match/vitoria-setubal/beira-mar/19911863,1991,12,primeira_liga
Estrela Amadora,Penafiel,1-0,https://www.besoccer.com/match/estrela-amadora/penafiel/19911864,1991,12,primeira_liga
Nacional,Gil Vicente,2-1,https://www.besoccer.com/match/nacional/gil-vicente/19911865,1991,12,primeira_liga
Tirsense,Porto,1-2,https://www.besoccer.com/match/tirsense/fc-porto/19911866,1991,12,primeira_liga
Belenenses,SC Salgueiros,2-0,https://www.besoccer.com/match/belenenses/salgueiros/19911867,1991,12,primeira_liga
Famalicão,Marítimo,1-0,https://www.besoccer.com/match/famalicao/maritimo/19911868,1991,12,primeira_liga
Sporting Braga,Benfica,1-3,https://www.besoccer.com/match/sporting-braga/benfica/19911869,1991,12,primeira_liga
Chaves,Sporting CP,2-2,https://www.besoccer.com/match/chaves/sporting-lisbon/19911870,1991,12,primeira_liga
Boavista,Farense,2-0,https://www.besoccer.com/match/boavista/farense/19911871,1991,12,primeira_liga
União Madeira,Vitória Guimarães,0-0,https://www.besoccer.com/match/uniao-madeira/vitoria-guimaraes/19911872,1991,12,primeira_liga
Marítimo,Sporting Braga,0-1,https://www.besoccer.com/match/maritimo/sporting-braga/19911873,1991,13,primeira_liga
Farense,Porto,0-1,https://www.besoccer.com/match/farense/fc-porto/19911874,1991,13,primeira_liga
Penafiel,União Madeira,3-0,https://www.besoccer.com/match/penafiel/uniao-madeira/19911875,1991,13,primeira_liga
Vitória Guimarães,Nacional,3-1,https://www.besoccer.com/match/vitoria-guimaraes/nacional/19911876,1991,13,primeira_liga
Gil Vicente,Vitória Setúbal,1-0,https://www.besoccer.com/match/gil-vicente/vitoria-setubal/19911877,1991,13,primeira_liga
Beira Mar SC,Famalicão,1-0,https://www.besoccer.com/match/beira-mar/famalicao/19911878,1991,13,primeira_liga
Benfica,Chaves,1-0,https://www.besoccer.com/match/benfica/chaves/19911879,1991,13,primeira_liga
Boavista,Belenenses,1-0,https://www.besoccer.com/match/boavista/belenenses/19911880,1991,13,primeira_liga
Sporting CP,Tirsense,1-0,https://www.besoccer.com/match/sporting-lisbon/tirsense/19911881,1991,13,primeira_liga
SC Salgueiros,Estrela Amadora,2-1,https://www.besoccer.com/match/salgueiros/estrela-amadora/19911882,1991,13,primeira_liga
Tirsense,Benfica,1-3,https://www.besoccer.com/match/tirsense/benfica/19911883,1991,14,primeira_liga
Porto,Sporting CP,2-0,https://www.besoccer.com/match/fc-porto/sporting-lisbon/19911884,1991,14,primeira_liga
Estrela Amadora,Boavista,1-0,https://www.besoccer.com/match/estrela-amadora/boavista/19911885,1991,14,primeira_liga
Belenenses,Farense,1-0,https://www.besoccer.com/match/belenenses/farense/19911886,1991,14,primeira_liga
Nacional,Penafiel,1-1,https://www.besoccer.com/match/nacional/penafiel/19911887,1991,14,primeira_liga
Famalicão,Gil Vicente,1-0,https://www.besoccer.com/match/famalicao/gil-vicente/19911888,1991,14,primeira_liga
Chaves,Marítimo,3-1,https://www.besoccer.com/match/chaves/maritimo/19911889,1991,14,primeira_liga
Sporting Braga,Beira Mar SC,2-1,https://www.besoccer.com/match/sporting-braga/beira-mar/19911890,1991,14,primeira_liga
União Madeira,SC Salgueiros,2-2,https://www.besoccer.com/match/uniao-madeira/salgueiros/19911891,1991,14,primeira_liga
Vitória Setúbal,Vitória Guimarães,2-3,https://www.besoccer.com/match/vitoria-setubal/vitoria-guimaraes/19911892,1991,14,primeira_liga
Gil Vicente,Sporting Braga,0-0,https://www.besoccer.com/match/gil-vicente/sporting-braga/19911893,1991,15,primeira_liga
Penafiel,Vitória Setúbal,2-1,https://www.besoccer.com/match/penafiel/vitoria-setubal/19911894,1991,15,primeira_liga
Belenenses,Estrela Amadora,2-1,https://www.besoccer.com/match/belenenses/estrela-amadora/19911895,1991,15,primeira_liga
Marítimo,Tirsense,2-2,https://www.besoccer.com/match/maritimo/tirsense/19911896,1991,15,primeira_liga
Farense,Sporting CP,0-1,https://www.besoccer.com/match/farense/sporting-lisbon/19911897,1991,15,primeira_liga
Boavista,União Madeira,1-1,https://www.besoccer.com/match/boavista/uniao-madeira/19911898,1991,15,primeira_liga
SC Salgueiros,Nacional,1-1,https://www.besoccer.com/match/salgueiros/nacional/19911899,1991,15,primeira_liga
Beira Mar SC,Chaves,2-1,https://www.besoccer.com/match/beira-mar/chaves/19911900,1991,15,primeira_liga
Benfica,Porto,2-2,https://www.besoccer.com/match/benfica/fc-porto/19911901,1991,15,primeira_liga
Vitória Guimarães,Famalicão,0-1,https://www.besoccer.com/match/vitoria-guimaraes/famalicao/19911902,1991,15,primeira_liga
Sporting CP,Benfica,0-2,https://www.besoccer.com/match/sporting-lisbon/benfica/19911903,1991,16,primeira_liga
Porto,Marítimo,3-1,https://www.besoccer.com/match/fc-porto/maritimo/19911904,1991,16,primeira_liga
Tirsense,Beira Mar SC,2-0,https://www.besoccer.com/match/tirsense/beira-mar/19911905,1991,16,primeira_liga
Vitória Setúbal,SC Salgueiros,3-1,https://www.besoccer.com/match/vitoria-setubal/salgueiros/19911906,1991,16,primeira_liga
Famalicão,Penafiel,0-0,https://www.besoccer.com/match/famalicao/penafiel/19911907,1991,16,primeira_liga
União Madeira,Belenenses,1-1,https://www.besoccer.com/match/uniao-madeira/belenenses/19911908,1991,16,primeira_liga
Estrela Amadora,Farense,0-1,https://www.besoccer.com/match/estrela-amadora/farense/19911909,1991,16,primeira_liga
Chaves,Gil Vicente,1-1,https://www.besoccer.com/match/chaves/gil-vicente/19911910,1991,16,primeira_liga
Nacional,Boavista,1-1,https://www.besoccer.com/match/nacional/boavista/19911911,1991,16,primeira_liga
Sporting Braga,Vitória Guimarães,0-0,https://www.besoccer.com/match/sporting-braga/vitoria-guimaraes/19911912,1991,16,primeira_liga
Farense,Benfica,2-2,https://www.besoccer.com/match/farense/benfica/19911913,1991,17,primeira_liga
Marítimo,Sporting CP,1-0,https://www.besoccer.com/match/maritimo/sporting-lisbon/19911914,1991,17,primeira_liga
Penafiel,Sporting Braga,2-0,https://www.besoccer.com/match/penafiel/sporting-braga/19911915,1991,17,primeira_liga
Belenenses,Nacional,2-3,https://www.besoccer.com/match/belenenses/nacional/19911916,1991,17,primeira_liga
Estrela Amadora,União Madeira,0-0,https://www.besoccer.com/match/estrela-amadora/uniao-madeira/19911917,1991,17,primeira_liga
Gil Vicente,Tirsense,0-0,https://www.besoccer.com/match/gil-vicente/tirsense/19911918,1991,17,primeira_liga
Boavista,Vitória Setúbal,2-1,https://www.besoccer.com/match/boavista/vitoria-setubal/19911919,1991,17,primeira_liga
Beira Mar SC,Porto,1-2,https://www.besoccer.com/match/beira-mar/fc-porto/19911920,1991,17,primeira_liga
SC Salgueiros,Famalicão,3-1,https://www.besoccer.com/match/salgueiros/famalicao/19911921,1991,17,primeira_liga
Vitória Guimarães,Chaves,1-1,https://www.besoccer.com/match/vitoria-guimaraes/chaves/19911922,1991,17,primeira_liga
Sporting CP,Beira Mar SC,2-0,https://www.besoccer.com/match/sporting-lisbon/beira-mar/19911923,1991,18,primeira_liga
Tirsense,Vitória Guimarães,1-0,https://www.besoccer.com/match/tirsense/vitoria-guimaraes/19911924,1991,18,primeira_liga
Vitória Setúbal,Belenenses,2-0,https://www.besoccer.com/match/vitoria-setubal/belenenses/19911925,1991,18,primeira_liga
Nacional,Estrela Amadora,0-0,https://www.besoccer.com/match/nacional/estrela-amadora/19911926,1991,18,primeira_liga
Famalicão,Boavista,0-3,https://www.besoccer.com/match/famalicao/boavista/19911927,1991,18,primeira_liga
Porto,Gil Vicente,2-0,https://www.besoccer.com/match/fc-porto/gil-vicente/19911928,1991,18,primeira_liga
Farense,União Madeira,0-0,https://www.besoccer.com/match/farense/uniao-madeira/19911929,1991,18,primeira_liga
Sporting Braga,SC Salgueiros,3-0,https://www.besoccer.com/match/sporting-braga/salgueiros/19911930,1991,18,primeira_liga
Benfica,Marítimo,3-1,https://www.besoccer.com/match/benfica/maritimo/19911931,1991,18,primeira_liga
Chaves,Penafiel,2-2,https://www.besoccer.com/match/chaves/penafiel/19911932,1991,18,primeira_liga
Gil Vicente,Sporting CP,2-1,https://www.besoccer.com/match/gil-vicente/sporting-lisbon/19911933,1991,19,primeira_liga
Penafiel,Tirsense,1-0,https://www.besoccer.com/match/penafiel/tirsense/19911934,1991,19,primeira_liga
Estrela Amadora,Vitória Setúbal,2-2,https://www.besoccer.com/match/estrela-amadora/vitoria-setubal/19911935,1991,19,primeira_liga
União Madeira,Nacional,1-0,https://www.besoccer.com/match/uniao-madeira/nacional/19911936,1991,19,primeira_liga
Belenenses,Famalicão,0-0,https://www.besoccer.com/match/belenenses/famalicao/19911937,1991,19,primeira_liga
Marítimo,Farense,3-1,https://www.besoccer.com/match/maritimo/farense/19911938,1991,19,primeira_liga
SC Salgueiros,Chaves,1-0,https://www.besoccer.com/match/salgueiros/chaves/19911939,1991,19,primeira_liga
Boavista,Sporting Braga,2-0,https://www.besoccer.com/match/boavista/sporting-braga/19911940,1991,19,primeira_liga
Beira Mar SC,Benfica,0-1,https://www.besoccer.com/match/beira-mar/benfica/19911941,1991,19,primeira_liga
Vitória Guimarães,Porto,0-2,https://www.besoccer.com/match/vitoria-guimaraes/fc-porto/19911942,1991,19,primeira_liga
Penafiel,Porto,0-0,https://www.besoccer.com/match/penafiel/fc-porto/19911943,1991,20,primeira_liga
Estrela Amadora,Famalicão,1-1,https://www.besoccer.com/match/estrela-amadora/famalicao/19911944,1991,20,primeira_liga
Nacional,Farense,3-1,https://www.besoccer.com/match/nacional/farense/19911945,1991,20,primeira_liga
Gil Vicente,Benfica,2-3,https://www.besoccer.com/match/gil-vicente/benfica/19911946,1991,20,primeira_liga
Belenenses,Sporting Braga,1-1,https://www.besoccer.com/match/belenenses/sporting-braga/19911947,1991,20,primeira_liga
União Madeira,Vitória Setúbal,1-1,https://www.besoccer.com/match/uniao-madeira/vitoria-setubal/19911948,1991,20,primeira_liga
Boavista,Chaves,2-0,https://www.besoccer.com/match/boavista/chaves/19911949,1991,20,primeira_liga
Beira Mar SC,Marítimo,1-0,https://www.besoccer.com/match/beira-mar/maritimo/19911950,1991,20,primeira_liga
SC Salgueiros,Tirsense,1-0,https://www.besoccer.com/match/salgueiros/tirsense/19911951,1991,20,primeira_liga
Vitória Guimarães,Sporting CP,1-1,https://www.besoccer.com/match/vitoria-guimaraes/sporting-lisbon/19911952,1991,20,primeira_liga
Farense,Beira Mar SC,3-2,https://www.besoccer.com/match/farense/beira-mar/19911953,1991,21,primeira_liga
Famalicão,União Madeira,1-0,https://www.besoccer.com/match/famalicao/uniao-madeira/19911954,1991,21,primeira_liga
Vitória Setúbal,Nacional,2-0,https://www.besoccer.com/match/vitoria-setubal/nacional/19911955,1991,21,primeira_liga
Marítimo,Gil Vicente,1-0,https://www.besoccer.com/match/maritimo/gil-vicente/19911956,1991,21,primeira_liga
Tirsense,Boavista,4-4,https://www.besoccer.com/match/tirsense/boavista/19911957,1991,21,primeira_liga
Chaves,Belenenses,2-0,https://www.besoccer.com/match/chaves/belenenses/19911958,1991,21,primeira_liga
Porto,SC Salgueiros,3-0,https://www.besoccer.com/match/fc-porto/salgueiros/19911959,1991,21,primeira_liga
Benfica,Vitória Guimarães,2-0,https://www.besoccer.com/match/benfica/vitoria-guimaraes/19911960,1991,21,primeira_liga
Sporting Braga,Estrela Amadora,1-0,https://www.besoccer.com/match/sporting-braga/estrela-amadora/19911961,1991,21,primeira_liga
Sporting CP,Penafiel,2-0,https://www.besoccer.com/match/sporting-lisbon/penafiel/19911962,1991,21,primeira_liga
Vitória Guimarães,Marítimo,1-0,https://www.besoccer.com/match/vitoria-guimaraes/maritimo/19911963,1991,22,primeira_liga
Nacional,Famalicão,1-3,https://www.besoccer.com/match/nacional/famalicao/19911964,1991,22,primeira_liga
Belenenses,Tirsense,1-1,https://www.besoccer.com/match/belenenses/tirsense/19911965,1991,22,primeira_liga
Boavista,Porto,1-1,https://www.besoccer.com/match/boavista/fc-porto/19911966,1991,22,primeira_liga
União Madeira,Sporting Braga,1-1,https://www.besoccer.com/match/uniao-madeira/sporting-braga/19911967,1991,22,primeira_liga
Estrela Amadora,Chaves,0-0,https://www.besoccer.com/match/estrela-amadora/chaves/19911968,1991,22,primeira_liga
SC Salgueiros,Sporting CP,0-0,https://www.besoccer.com/match/salgueiros/sporting-lisbon/19911969,1991,22,primeira_liga
Vitória Setúbal,Farense,2-1,https://www.besoccer.com/match/vitoria-setubal/farense/19911970,1991,22,primeira_liga
Gil Vicente,Beira Mar SC,0-0,https://www.besoccer.com/match/gil-vicente/beira-mar/19911971,1991,22,primeira_liga
Penafiel,Benfica,1-1,https://www.besoccer.com/match/penafiel/benfica/19911972,1991,22,primeira_liga
Farense,Gil Vicente,2-0,https://www.besoccer.com/match/farense/gil-vicente/19911973,1991,23,primeira_liga
Marítimo,Penafiel,1-0,https://www.besoccer.com/match/maritimo/penafiel/19911974,1991,23,primeira_liga
Tirsense,Estrela Amadora,1-1,https://www.besoccer.com/match/tirsense/estrela-amadora/19911975,1991,23,primeira_liga
Chaves,União Madeira,2-1,https://www.besoccer.com/match/chaves/uniao-madeira/19911976,1991,23,primeira_liga
Famalicão,Vitória Setúbal,0-0,https://www.besoccer.com/match/famalicao/vitoria-setubal/19911977,1991,23,primeira_liga
Sporting CP,Boavista,2-1,https://www.besoccer.com/match/sporting-lisbon/boavista/19911978,1991,23,primeira_liga
Sporting Braga,Nacional,6-2,https://www.besoccer.com/match/sporting-braga/nacional/19911979,1991,23,primeira_liga
Porto,Belenenses,0-0,https://www.besoccer.com/match/fc-porto/belenenses/19911980,1991,23,primeira_liga
Benfica,SC Salgueiros,4-0,https://www.besoccer.com/match/benfica/salgueiros/19911981,1991,23,primeira_liga
Beira Mar SC,Vitória Guimarães,1-0,https://www.besoccer.com/match/beira-mar/vitoria-guimaraes/19911982,1991,23,primeira_liga
Nacional,Chaves,2-0,https://www.besoccer.com/match/nacional/chaves/19911993,1991,24,primeira_liga
União Madeira,Tirsense,0-0,https://www.besoccer.com/match/uniao-madeira/tirsense/19911994,1991,24,primeira_liga
Famalicão,Farense,2-3,https://www.besoccer.com/match/famalicao/farense/19911995,1991,24,primeira_liga
Vitória Guimarães,Gil Vicente,2-0,https://www.besoccer.com/match/vitoria-guimaraes/gil-vicente/19911996,1991,24,primeira_liga
SC Salgueiros,Marítimo,0-0,https://www.besoccer.com/match/salgueiros/maritimo/19911997,1991,24,primeira_liga
Boavista,Benfica,1-2,https://www.besoccer.com/match/boavista/benfica/19911998,1991,24,primeira_liga
Penafiel,Beira Mar SC,3-0,https://www.besoccer.com/match/penafiel/beira-mar/19911999,1991,24,primeira_liga
Belenenses,Sporting CP,0-1,https://www.besoccer.com/match/belenenses/sporting-lisbon/19912000,1991,24,primeira_liga
Vitória Setúbal,Sporting Braga,0-1,https://www.besoccer.com/match/vitoria-setubal/sporting-braga/19912001,1991,24,primeira_liga
Estrela Amadora,Porto,1-2,https://www.besoccer.com/match/estrela-amadora/fc-porto/19912002,1991,24,primeira_liga
Farense,Vitória Guimarães,2-0,https://www.besoccer.com/match/farense/vitoria-guimaraes/19912003,1991,25,primeira_liga
Gil Vicente,Penafiel,0-0,https://www.besoccer.com/match/gil-vicente/penafiel/19912004,1991,25,primeira_liga
Marítimo,Boavista,1-1,https://www.besoccer.com/match/maritimo/boavista/19912005,1991,25,primeira_liga
Tirsense,Nacional,3-1,https://www.besoccer.com/match/tirsense/nacional/19912006,1991,25,primeira_liga
Sporting Braga,Famalicão,1-0,https://www.besoccer.com/match/sporting-braga/famalicao/19912007,1991,25,primeira_liga
Chaves,Vitória Setúbal,4-3,https://www.besoccer.com/match/chaves/vitoria-setubal/19912008,1991,25,primeira_liga
Benfica,Belenenses,2-0,https://www.besoccer.com/match/benfica/belenenses/19912009,1991,25,primeira_liga
Sporting CP,Estrela Amadora,1-0,https://www.besoccer.com/match/sporting-lisbon/estrela-amadora/19912010,1991,25,primeira_liga
Porto,União Madeira,5-0,https://www.besoccer.com/match/fc-porto/uniao-madeira/19912011,1991,25,primeira_liga
Beira Mar SC,SC Salgueiros,1-1,https://www.besoccer.com/match/beira-mar/salgueiros/19912012,1991,25,primeira_liga
Vitória Setúbal,Tirsense,3-0,https://www.besoccer.com/match/vitoria-setubal/tirsense/19912013,1991,26,primeira_liga
Estrela Amadora,Benfica,1-4,https://www.besoccer.com/match/estrela-amadora/benfica/19912014,1991,26,primeira_liga
Belenenses,Marítimo,1-2,https://www.besoccer.com/match/belenenses/maritimo/19912015,1991,26,primeira_liga
Penafiel,Vitória Guimarães,1-0,https://www.besoccer.com/match/penafiel/vitoria-guimaraes/19912016,1991,26,primeira_liga
Nacional,Porto,2-3,https://www.besoccer.com/match/nacional/fc-porto/19912017,1991,26,primeira_liga
Famalicão,Chaves,1-1,https://www.besoccer.com/match/famalicao/chaves/19912018,1991,26,primeira_liga
Boavista,Beira Mar SC,1-1,https://www.besoccer.com/match/boavista/beira-mar/19912019,1991,26,primeira_liga
SC Salgueiros,Gil Vicente,1-0,https://www.besoccer.com/match/salgueiros/gil-vicente/19912020,1991,26,primeira_liga
União Madeira,Sporting CP,0-2,https://www.besoccer.com/match/uniao-madeira/sporting-lisbon/19912021,1991,26,primeira_liga
Sporting Braga,Farense,4-2,https://www.besoccer.com/match/sporting-braga/farense/19912022,1991,26,primeira_liga
Sporting CP,Nacional,3-0,https://www.besoccer.com/match/sporting-lisbon/nacional/19912023,1991,27,primeira_liga
Porto,Vitória Setúbal,4-1,https://www.besoccer.com/match/fc-porto/vitoria-setubal/19912024,1991,27,primeira_liga
Gil Vicente,Boavista,4-1,https://www.besoccer.com/match/gil-vicente/boavista/19912025,1991,27,primeira_liga
Farense,Penafiel,2-0,https://www.besoccer.com/match/farense/penafiel/19912026,1991,27,primeira_liga
Tirsense,Famalicão,2-0,https://www.besoccer.com/match/tirsense/famalicao/19912027,1991,27,primeira_liga
Beira Mar SC,Belenenses,1-1,https://www.besoccer.com/match/beira-mar/belenenses/19912028,1991,27,primeira_liga
Benfica,União Madeira,4-1,https://www.besoccer.com/match/benfica/uniao-madeira/19912029,1991,27,primeira_liga
Marítimo,Estrela Amadora,1-1,https://www.besoccer.com/match/maritimo/estrela-amadora/19912030,1991,27,primeira_liga
Chaves,Sporting Braga,0-1,https://www.besoccer.com/match/chaves/sporting-braga/19912031,1991,27,primeira_liga
Vitória Guimarães,SC Salgueiros,2-1,https://www.besoccer.com/match/vitoria-guimaraes/salgueiros/19912032,1991,27,primeira_liga
Nacional,Benfica,0-2,https://www.besoccer.com/match/nacional/benfica/19912033,1991,28,primeira_liga
Boavista,Vitória Guimarães,0-0,https://www.besoccer.com/match/boavista/vitoria-guimaraes/19912034,1991,28,primeira_liga
Sporting Braga,Tirsense,1-2,https://www.besoccer.com/match/sporting-braga/tirsense/19912035,1991,28,primeira_liga
Chaves,Farense,4-2,https://www.besoccer.com/match/chaves/farense/19912036,1991,28,primeira_liga
SC Salgueiros,Penafiel,1-0,https://www.besoccer.com/match/salgueiros/penafiel/19912037,1991,28,primeira_liga
Estrela Amadora,Beira Mar SC,2-0,https://www.besoccer.com/match/estrela-amadora/beira-mar/19912038,1991,28,primeira_liga
Belenenses,Gil Vicente,3-0,https://www.besoccer.com/match/belenenses/gil-vicente/19912039,1991,28,primeira_liga
Vitória Setúbal,Sporting CP,3-3,https://www.besoccer.com/match/vitoria-setubal/sporting-lisbon/19912040,1991,28,primeira_liga
União Madeira,Marítimo,1-1,https://www.besoccer.com/match/uniao-madeira/maritimo/19912041,1991,28,primeira_liga
Famalicão,Porto,0-0,https://www.besoccer.com/match/famalicao/fc-porto/19912042,1991,28,primeira_liga
Gil Vicente,Estrela Amadora,1-1,https://www.besoccer.com/match/gil-vicente/estrela-amadora/19912043,1991,29,primeira_liga
Penafiel,Boavista,2-1,https://www.besoccer.com/match/penafiel/boavista/19912044,1991,29,primeira_liga
Tirsense,Chaves,0-2,https://www.besoccer.com/match/tirsense/chaves/19912045,1991,29,primeira_liga
Farense,SC Salgueiros,5-0,https://www.besoccer.com/match/farense/salgueiros/19912046,1991,29,primeira_liga
Sporting CP,Famalicão,2-0,https://www.besoccer.com/match/sporting-lisbon/famalicao/19912047,1991,29,primeira_liga
Benfica,Vitória Setúbal,2-0,https://www.besoccer.com/match/benfica/vitoria-setubal/19912048,1991,29,primeira_liga
Marítimo,Nacional,1-0,https://www.besoccer.com/match/maritimo/nacional/19912049,1991,29,primeira_liga
Porto,Sporting Braga,2-0,https://www.besoccer.com/match/fc-porto/sporting-braga/19912050,1991,29,primeira_liga
Beira Mar SC,União Madeira,4-1,https://www.besoccer.com/match/beira-mar/uniao-madeira/19912051,1991,29,primeira_liga
Vitória Guimarães,Belenenses,1-0,https://www.besoccer.com/match/vitoria-guimaraes/belenenses/19912052,1991,29,primeira_liga
Nacional,Beira Mar SC,0-0,https://www.besoccer.com/match/nacional/beira-mar/19911983,1991,30,primeira_liga
Estrela Amadora,Vitória Guimarães,2-0,https://www.besoccer.com/match/estrela-amadora/vitoria-guimaraes/19911984,1991,30,primeira_liga
Belenenses,Penafiel,1-0,https://www.besoccer.com/match/belenenses/penafiel/19911985,1991,30,primeira_liga
Vitória Setúbal,Marítimo,5-2,https://www.besoccer.com/match/vitoria-setubal/maritimo/19911986,1991,30,primeira_liga
Tirsense,Farense,3-2,https://www.besoccer.com/match/tirsense/farense/19911987,1991,30,primeira_liga
Boavista,SC Salgueiros,0-0,https://www.besoccer.com/match/boavista/salgueiros/19911988,1991,30,primeira_liga
Chaves,Porto,1-2,https://www.besoccer.com/match/chaves/fc-porto/19911989,1991,30,primeira_liga
Sporting Braga,Sporting CP,0-1,https://www.besoccer.com/match/sporting-braga/sporting-lisbon/19911990,1991,30,primeira_liga
União Madeira,Gil Vicente,1-0,https://www.besoccer.com/match/uniao-madeira/gil-vicente/19911991,1991,30,primeira_liga
Famalicão,Benfica,1-3,https://www.besoccer.com/match/famalicao/benfica/19911992,1991,30,primeira_liga
Sporting CP,Chaves,1-1,https://www.besoccer.com/match/sporting-lisbon/chaves/19912053,1991,31,primeira_liga
Farense,Boavista,1-2,https://www.besoccer.com/match/farense/boavista/19912054,1991,31,primeira_liga
Gil Vicente,Nacional,2-0,https://www.besoccer.com/match/gil-vicente/nacional/19912055,1991,31,primeira_liga
Penafiel,Estrela Amadora,2-1,https://www.besoccer.com/match/penafiel/estrela-amadora/19912056,1991,31,primeira_liga
Marítimo,Famalicão,1-0,https://www.besoccer.com/match/maritimo/famalicao/19912057,1991,31,primeira_liga
Benfica,Sporting Braga,2-0,https://www.besoccer.com/match/benfica/sporting-braga/19912058,1991,31,primeira_liga
Vitória Guimarães,União Madeira,2-0,https://www.besoccer.com/match/vitoria-guimaraes/uniao-madeira/19912059,1991,31,primeira_liga
SC Salgueiros,Belenenses,0-0,https://www.besoccer.com/match/salgueiros/belenenses/19912060,1991,31,primeira_liga
Porto,Tirsense,2-1,https://www.besoccer.com/match/fc-porto/tirsense/19912061,1991,31,primeira_liga
Beira Mar SC,Vitória Setúbal,1-0,https://www.besoccer.com/match/beira-mar/vitoria-setubal/19912062,1991,31,primeira_liga
União Madeira,Penafiel,3-0,https://www.besoccer.com/match/uniao-madeira/penafiel/19912063,1991,32,primeira_liga
Chaves,Benfica,0-3,https://www.besoccer.com/match/chaves/benfica/19912064,1991,32,primeira_liga
Sporting Braga,Marítimo,3-1,https://www.besoccer.com/match/sporting-braga/maritimo/19912065,1991,32,primeira_liga
Belenenses,Boavista,2-0,https://www.besoccer.com/match/belenenses/boavista/19912066,1991,32,primeira_liga
Estrela Amadora,SC Salgueiros,1-1,https://www.besoccer.com/match/estrela-amadora/salgueiros/19912067,1991,32,primeira_liga
Nacional,Vitória Guimarães,3-1,https://www.besoccer.com/match/nacional/vitoria-guimaraes/19912068,1991,32,primeira_liga
Porto,Farense,1-0,https://www.besoccer.com/match/fc-porto/farense/19912069,1991,32,primeira_liga
Vitória Setúbal,Gil Vicente,3-1,https://www.besoccer.com/match/vitoria-setubal/gil-vicente/19912070,1991,32,primeira_liga
Famalicão,Beira Mar SC,2-1,https://www.besoccer.com/match/famalicao/beira-mar/19912071,1991,32,primeira_liga
Tirsense,Sporting CP,0-0,https://www.besoccer.com/match/tirsense/sporting-lisbon/19912072,1991,32,primeira_liga
Boavista,Estrela Amadora,3-0,https://www.besoccer.com/match/boavista/estrela-amadora/19912073,1991,33,primeira_liga
Sporting CP,Porto,0-2,https://www.besoccer.com/match/sporting-lisbon/fc-porto/19912074,1991,33,primeira_liga
Penafiel,Nacional,1-2,https://www.besoccer.com/match/penafiel/nacional/19912075,1991,33,primeira_liga
Farense,Belenenses,0-0,https://www.besoccer.com/match/farense/belenenses/19912076,1991,33,primeira_liga
Gil Vicente,Famalicão,1-0,https://www.besoccer.com/match/gil-vicente/famalicao/19912077,1991,33,primeira_liga
Marítimo,Chaves,2-2,https://www.besoccer.com/match/maritimo/chaves/19912078,1991,33,primeira_liga
Vitória Guimarães,Vitória Setúbal,4-2,https://www.besoccer.com/match/vitoria-guimaraes/vitoria-setubal/19912079,1991,33,primeira_liga
Beira Mar SC,Sporting Braga,1-0,https://www.besoccer.com/match/beira-mar/sporting-braga/19912080,1991,33,primeira_liga
Benfica,Tirsense,5-0,https://www.besoccer.com/match/benfica/tirsense/19912081,1991,33,primeira_liga
SC Salgueiros,União Madeira,3-0,https://www.besoccer.com/match/salgueiros/uniao-madeira/19912082,1991,33,primeira_liga
Famalicão,Vitória Guimarães,2-1,https://www.besoccer.com/match/famalicao/vitoria-guimaraes/19912083,1991,34,primeira_liga
Nacional,SC Salgueiros,1-1,https://www.besoccer.com/match/nacional/salgueiros/19912084,1991,34,primeira_liga
Tirsense,Marítimo,1-0,https://www.besoccer.com/match/tirsense/maritimo/19912085,1991,34,primeira_liga
Vitória Setúbal,Penafiel,3-0,https://www.besoccer.com/match/vitoria-setubal/penafiel/19912086,1991,34,primeira_liga
Estrela Amadora,Belenenses,1-0,https://www.besoccer.com/match/estrela-amadora/belenenses/19912087,1991,34,primeira_liga
Sporting Braga,Gil Vicente,1-2,https://www.besoccer.com/match/sporting-braga/gil-vicente/19912088,1991,34,primeira_liga
Porto,Benfica,0-2,https://www.besoccer.com/match/fc-porto/benfica/19912089,1991,34,primeira_liga
União Madeira,Boavista,0-2,https://www.besoccer.com/match/uniao-madeira/boavista/19912090,1991,34,primeira_liga
Sporting CP,Farense,0-1,https://www.besoccer.com/match/sporting-lisbon/farense/19912091,1991,34,primeira_liga
Chaves,Beira Mar SC,6-0,https://www.besoccer.com/match/chaves/beira-mar/19912092,1991,34,primeira_liga
Belenenses,União Madeira,0-1,https://www.besoccer.com/match/belenenses/uniao-madeira/19912093,1991,35,primeira_liga
Benfica,Sporting CP,1-1,https://www.besoccer.com/match/benfica/sporting-lisbon/19912094,1991,35,primeira_liga
Gil Vicente,Chaves,2-2,https://www.besoccer.com/match/gil-vicente/chaves/19912095,1991,35,primeira_liga
Penafiel,Famalicão,0-0,https://www.besoccer.com/match/penafiel/famalicao/19912096,1991,35,primeira_liga
Farense,Estrela Amadora,3-0,https://www.besoccer.com/match/farense/estrela-amadora/19912097,1991,35,primeira_liga
Vitória Guimarães,Sporting Braga,0-0,https://www.besoccer.com/match/vitoria-guimaraes/sporting-braga/19912098,1991,35,primeira_liga
Boavista,Nacional,4-0,https://www.besoccer.com/match/boavista/nacional/19912099,1991,35,primeira_liga
Marítimo,Porto,1-2,https://www.besoccer.com/match/maritimo/fc-porto/19912100,1991,35,primeira_liga
SC Salgueiros,Vitória Setúbal,1-0,https://www.besoccer.com/match/salgueiros/vitoria-setubal/19912101,1991,35,primeira_liga
Beira Mar SC,Tirsense,3-2,https://www.besoccer.com/match/beira-mar/tirsense/19912102,1991,35,primeira_liga
Famalicão,SC Salgueiros,2-1,https://www.besoccer.com/match/famalicao/salgueiros/19912103,1991,36,primeira_liga
União Madeira,Estrela Amadora,0-0,https://www.besoccer.com/match/uniao-madeira/estrela-amadora/19912104,1991,36,primeira_liga
Vitória Setúbal,Boavista,2-0,https://www.besoccer.com/match/vitoria-setubal/boavista/19912105,1991,36,primeira_liga
Nacional,Belenenses,0-1,https://www.besoccer.com/match/nacional/belenenses/19912106,1991,36,primeira_liga
Tirsense,Gil Vicente,1-2,https://www.besoccer.com/match/tirsense/gil-vicente/19912107,1991,36,primeira_liga
Chaves,Vitória Guimarães,1-0,https://www.besoccer.com/match/chaves/vitoria-guimaraes/19912108,1991,36,primeira_liga
Porto,Beira Mar SC,2-1,https://www.besoccer.com/match/fc-porto/beira-mar/19912109,1991,36,primeira_liga
Benfica,Farense,2-0,https://www.besoccer.com/match/benfica/farense/19912110,1991,36,primeira_liga
Sporting Braga,Penafiel,2-0,https://www.besoccer.com/match/sporting-braga/penafiel/19912111,1991,36,primeira_liga
Sporting CP,Marítimo,0-0,https://www.besoccer.com/match/sporting-lisbon/maritimo/19912112,1991,36,primeira_liga
Gil Vicente,Porto,0-2,https://www.besoccer.com/match/gil-vicente/fc-porto/19912113,1991,37,primeira_liga
Belenenses,Vitória Setúbal,2-1,https://www.besoccer.com/match/belenenses/vitoria-setubal/19912114,1991,37,primeira_liga
União Madeira,Farense,0-0,https://www.besoccer.com/match/uniao-madeira/farense/19912115,1991,37,primeira_liga
Estrela Amadora,Nacional,3-0,https://www.besoccer.com/match/estrela-amadora/nacional/19912116,1991,37,primeira_liga
Penafiel,Chaves,2-0,https://www.besoccer.com/match/penafiel/chaves/19912117,1991,37,primeira_liga
Marítimo,Benfica,0-2,https://www.besoccer.com/match/maritimo/benfica/19912118,1991,37,primeira_liga
SC Salgueiros,Sporting Braga,0-0,https://www.besoccer.com/match/salgueiros/sporting-braga/19912119,1991,37,primeira_liga
Boavista,Famalicão,2-2,https://www.besoccer.com/match/boavista/famalicao/19912120,1991,37,primeira_liga
Vitória Guimarães,Tirsense,1-0,https://www.besoccer.com/match/vitoria-guimaraes/tirsense/19912121,1991,37,primeira_liga
Beira Mar SC,Sporting CP,0-1,https://www.besoccer.com/match/beira-mar/sporting-lisbon/19912122,1991,37,primeira_liga
Famalicão,Belenenses,3-0,https://www.besoccer.com/match/famalicao/belenenses/19912123,1991,38,primeira_liga
Tirsense,Penafiel,2-2,https://www.besoccer.com/match/tirsense/penafiel/19912124,1991,38,primeira_liga
Vitória Setúbal,Estrela Amadora,1-1,https://www.besoccer.com/match/vitoria-setubal/estrela-amadora/19912125,1991,38,primeira_liga
Farense,Marítimo,1-2,https://www.besoccer.com/match/farense/maritimo/19912126,1991,38,primeira_liga
Nacional,União Madeira,1-2,https://www.besoccer.com/match/nacional/uniao-madeira/19912127,1991,38,primeira_liga
Sporting CP,Gil Vicente,2-0,https://www.besoccer.com/match/sporting-lisbon/gil-vicente/19912128,1991,38,primeira_liga
Benfica,Beira Mar SC,3-0,https://www.besoccer.com/match/benfica/beira-mar/19912129,1991,38,primeira_liga
Porto,Vitória Guimarães,5-0,https://www.besoccer.com/match/fc-porto/vitoria-guimaraes/19912130,1991,38,primeira_liga
Sporting Braga,Boavista,5-2,https://www.besoccer.com/match/sporting-braga/boavista/19912131,1991,38,primeira_liga
Chaves,SC Salgueiros,1-0,https://www.besoccer.com/match/chaves/salgueiros/19912132,1991,38,primeira_liga
