Home_Team,Away_Team,Result,Link,Season,Round,League
Girondins Bordeaux,Nantes,2-0,https://www.besoccer.com/match/bordeaux/nantes/200217484,2002,1,ligue_1
PSG,Lille,0-0,https://www.besoccer.com/match/paris-saint-germain-fc/lillestrom/200217485,2002,1,ligue_1
Monaco,Sochaux,0-1,https://www.besoccer.com/match/monaco/sochaux/200217486,2002,1,ligue_1
Bastia,Sedan,1-1,https://www.besoccer.com/match/bastia/sedan/200217487,2002,1,ligue_1
Lens,Olympique Lyonnais,2-0,https://www.besoccer.com/match/lens/olympique-lyonnais/200217488,2002,1,ligue_1
Stade Rennais,Auxerre,0-5,https://www.besoccer.com/match/stade-rennes/auxerre/200217489,2002,1,ligue_1
Montpellier,Olympique Marseille,1-1,https://www.besoccer.com/match/montpellier-hsc/olympique-marsella/200217490,2002,1,ligue_1
Troyes,Guingamp,3-0,https://www.besoccer.com/match/troyes/guingamp/200217491,2002,1,ligue_1
Lorient,Metz,1-0,https://www.besoccer.com/match/lorient/metz/200217492,2002,1,ligue_1
Olympique Marseille,Girondins Bordeaux,0-0,https://www.besoccer.com/match/olympique-marsella/bordeaux/200217493,2002,2,ligue_1
Nantes,Lens,1-2,https://www.besoccer.com/match/nantes/lens/200217494,2002,2,ligue_1
Guingamp,Bastia,1-0,https://www.besoccer.com/match/guingamp/bastia/200217495,2002,2,ligue_1
Sochaux,Stade Rennais,4-3,https://www.besoccer.com/match/sochaux/stade-rennes/200217496,2002,2,ligue_1
Olympique Lyonnais,Sedan,2-0,https://www.besoccer.com/match/olympique-lyonnais/sedan/200217497,2002,2,ligue_1
Metz,Troyes,2-1,https://www.besoccer.com/match/metz/troyes/200217498,2002,2,ligue_1
Auxerre,PSG,1-1,https://www.besoccer.com/match/auxerre/paris-saint-germain-fc/200217499,2002,2,ligue_1
Monaco,Montpellier,0-0,https://www.besoccer.com/match/monaco/montpellier-hsc/200217500,2002,2,ligue_1
Lille,Lorient,3-1,https://www.besoccer.com/match/lillestrom/lorient/200217501,2002,2,ligue_1
Stade Rennais,Monaco,3-0,https://www.besoccer.com/match/stade-rennes/monaco/200217502,2002,3,ligue_1
PSG,Sochaux,1-0,https://www.besoccer.com/match/paris-saint-germain-fc/sochaux/200217503,2002,3,ligue_1
Girondins Bordeaux,Lille,0-0,https://www.besoccer.com/match/bordeaux/lillestrom/200217504,2002,3,ligue_1
Lens,Olympique Marseille,2-0,https://www.besoccer.com/match/lens/olympique-marsella/200217505,2002,3,ligue_1
Montpellier,Metz,3-0,https://www.besoccer.com/match/montpellier-hsc/metz/200217506,2002,3,ligue_1
Sedan,Guingamp,1-1,https://www.besoccer.com/match/sedan/guingamp/200217507,2002,3,ligue_1
Troyes,Nantes,0-0,https://www.besoccer.com/match/troyes/nantes/200217508,2002,3,ligue_1
Lorient,Auxerre,0-1,https://www.besoccer.com/match/lorient/auxerre/200217509,2002,3,ligue_1
Bastia,Olympique Lyonnais,1-2,https://www.besoccer.com/match/bastia/olympique-lyonnais/200217510,2002,3,ligue_1
Monaco,PSG,2-2,https://www.besoccer.com/match/monaco/paris-saint-germain-fc/200217511,2002,4,ligue_1
Lille,Montpellier,2-1,https://www.besoccer.com/match/lillestrom/montpellier-hsc/200217512,2002,4,ligue_1
Metz,Lens,0-1,https://www.besoccer.com/match/metz/lens/200217513,2002,4,ligue_1
Olympique Lyonnais,Guingamp,3-0,https://www.besoccer.com/match/olympique-lyonnais/guingamp/200217514,2002,4,ligue_1
Nantes,Bastia,1-2,https://www.besoccer.com/match/nantes/bastia/200217515,2002,4,ligue_1
Olympique Marseille,Troyes,0-1,https://www.besoccer.com/match/olympique-marsella/troyes/200217516,2002,4,ligue_1
Stade Rennais,Girondins Bordeaux,1-0,https://www.besoccer.com/match/stade-rennes/bordeaux/200217517,2002,4,ligue_1
Sochaux,Lorient,2-2,https://www.besoccer.com/match/sochaux/lorient/200217518,2002,4,ligue_1
Auxerre,Sedan,2-1,https://www.besoccer.com/match/auxerre/sedan/200217519,2002,4,ligue_1
Girondins Bordeaux,Auxerre,1-1,https://www.besoccer.com/match/bordeaux/auxerre/200217520,2002,5,ligue_1
PSG,Stade Rennais,3-0,https://www.besoccer.com/match/paris-saint-germain-fc/stade-rennes/200217521,2002,5,ligue_1
Bastia,Olympique Marseille,1-0,https://www.besoccer.com/match/bastia/olympique-marsella/200217522,2002,5,ligue_1
Montpellier,Sochaux,0-0,https://www.besoccer.com/match/montpellier-hsc/sochaux/200217523,2002,5,ligue_1
Sedan,Metz,2-0,https://www.besoccer.com/match/sedan/metz/200217524,2002,5,ligue_1
Troyes,Olympique Lyonnais,0-2,https://www.besoccer.com/match/troyes/olympique-lyonnais/200217525,2002,5,ligue_1
Lorient,Monaco,2-0,https://www.besoccer.com/match/lorient/monaco/200217526,2002,5,ligue_1
Guingamp,Nantes,1-0,https://www.besoccer.com/match/guingamp/nantes/200217527,2002,5,ligue_1
Lens,Lille,1-1,https://www.besoccer.com/match/lens/lillestrom/200217528,2002,5,ligue_1
Olympique Marseille,Olympique Lyonnais,0-0,https://www.besoccer.com/match/olympique-marsella/olympique-lyonnais/200217529,2002,6,ligue_1
PSG,Lens,2-2,https://www.besoccer.com/match/paris-saint-germain-fc/lens/200217530,2002,6,ligue_1
Monaco,Troyes,2-0,https://www.besoccer.com/match/monaco/troyes/200217531,2002,6,ligue_1
Auxerre,Montpellier,1-0,https://www.besoccer.com/match/auxerre/montpellier-hsc/200217532,2002,6,ligue_1
Metz,Bastia,0-1,https://www.besoccer.com/match/metz/bastia/200217533,2002,6,ligue_1
Nantes,Sedan,1-1,https://www.besoccer.com/match/nantes/sedan/200217534,2002,6,ligue_1
Stade Rennais,Lorient,1-1,https://www.besoccer.com/match/stade-rennes/lorient/200217535,2002,6,ligue_1
Lille,Guingamp,1-0,https://www.besoccer.com/match/lillestrom/guingamp/200217536,2002,6,ligue_1
Sochaux,Girondins Bordeaux,2-0,https://www.besoccer.com/match/sochaux/bordeaux/200217537,2002,6,ligue_1
Olympique Lyonnais,Nantes,4-1,https://www.besoccer.com/match/olympique-lyonnais/nantes/200217538,2002,7,ligue_1
Bastia,Auxerre,0-1,https://www.besoccer.com/match/bastia/auxerre/200217539,2002,7,ligue_1
Lens,Sochaux,3-0,https://www.besoccer.com/match/lens/sochaux/200217540,2002,7,ligue_1
Montpellier,Stade Rennais,0-0,https://www.besoccer.com/match/montpellier-hsc/stade-rennes/200217541,2002,7,ligue_1
Troyes,Lille,0-1,https://www.besoccer.com/match/troyes/lillestrom/200217542,2002,7,ligue_1
Lorient,PSG,1-1,https://www.besoccer.com/match/lorient/paris-saint-germain-fc/200217543,2002,7,ligue_1
Guingamp,Metz,0-2,https://www.besoccer.com/match/guingamp/metz/200217544,2002,7,ligue_1
Girondins Bordeaux,Monaco,0-0,https://www.besoccer.com/match/bordeaux/monaco/200217545,2002,7,ligue_1
Sedan,Olympique Marseille,1-1,https://www.besoccer.com/match/sedan/olympique-marsella/200217546,2002,7,ligue_1
PSG,Montpellier,0-0,https://www.besoccer.com/match/paris-saint-germain-fc/montpellier-hsc/200217547,2002,8,ligue_1
Monaco,Lens,3-0,https://www.besoccer.com/match/monaco/lens/200217548,2002,8,ligue_1
Auxerre,Guingamp,2-2,https://www.besoccer.com/match/auxerre/guingamp/200217549,2002,8,ligue_1
Metz,Olympique Lyonnais,2-0,https://www.besoccer.com/match/metz/olympique-lyonnais/200217550,2002,8,ligue_1
Olympique Marseille,Nantes,2-0,https://www.besoccer.com/match/olympique-marsella/nantes/200217551,2002,8,ligue_1
Stade Rennais,Troyes,0-1,https://www.besoccer.com/match/stade-rennes/troyes/200217552,2002,8,ligue_1
Lille,Bastia,2-1,https://www.besoccer.com/match/lillestrom/bastia/200217553,2002,8,ligue_1
Lorient,Girondins Bordeaux,0-2,https://www.besoccer.com/match/lorient/bordeaux/200217554,2002,8,ligue_1
Sochaux,Sedan,3-0,https://www.besoccer.com/match/sochaux/sedan/200217555,2002,8,ligue_1
Guingamp,Olympique Marseille,1-0,https://www.besoccer.com/match/guingamp/olympique-marsella/200217556,2002,9,ligue_1
Olympique Lyonnais,Stade Rennais,4-0,https://www.besoccer.com/match/olympique-lyonnais/stade-rennes/200217557,2002,9,ligue_1
Bastia,Monaco,1-0,https://www.besoccer.com/match/bastia/monaco/200217558,2002,9,ligue_1
Nantes,Metz,0-0,https://www.besoccer.com/match/nantes/metz/200217559,2002,9,ligue_1
Lens,Auxerre,1-1,https://www.besoccer.com/match/lens/auxerre/200217560,2002,9,ligue_1
Montpellier,Lorient,1-3,https://www.besoccer.com/match/montpellier-hsc/lorient/200217561,2002,9,ligue_1
Sedan,Lille,1-1,https://www.besoccer.com/match/sedan/lillestrom/200217562,2002,9,ligue_1
Troyes,Sochaux,2-2,https://www.besoccer.com/match/troyes/sochaux/200217563,2002,9,ligue_1
Girondins Bordeaux,PSG,1-0,https://www.besoccer.com/match/bordeaux/paris-saint-germain-fc/200217564,2002,9,ligue_1
Metz,Olympique Marseille,0-2,https://www.besoccer.com/match/metz/olympique-marsella/200217565,2002,10,ligue_1
Monaco,Sedan,2-0,https://www.besoccer.com/match/monaco/sedan/200217566,2002,10,ligue_1
Auxerre,Troyes,1-3,https://www.besoccer.com/match/auxerre/troyes/200217567,2002,10,ligue_1
Stade Rennais,Guingamp,2-1,https://www.besoccer.com/match/stade-rennes/guingamp/200217568,2002,10,ligue_1
Montpellier,Girondins Bordeaux,0-0,https://www.besoccer.com/match/montpellier-hsc/bordeaux/200217569,2002,10,ligue_1
Lorient,Lens,2-3,https://www.besoccer.com/match/lorient/lens/200217570,2002,10,ligue_1
Sochaux,Bastia,4-1,https://www.besoccer.com/match/sochaux/bastia/200217571,2002,10,ligue_1
Lille,Nantes,1-0,https://www.besoccer.com/match/lillestrom/nantes/200217572,2002,10,ligue_1
PSG,Olympique Lyonnais,2-2,https://www.besoccer.com/match/paris-saint-germain-fc/olympique-lyonnais/200217573,2002,10,ligue_1
Olympique Lyonnais,Sochaux,1-1,https://www.besoccer.com/match/olympique-lyonnais/sochaux/200217574,2002,11,ligue_1
Bastia,Stade Rennais,1-2,https://www.besoccer.com/match/bastia/stade-rennes/200217575,2002,11,ligue_1
Nantes,Auxerre,2-2,https://www.besoccer.com/match/nantes/auxerre/200217576,2002,11,ligue_1
Olympique Marseille,Lille,0-0,https://www.besoccer.com/match/olympique-marsella/lillestrom/200217577,2002,11,ligue_1
Lens,Montpellier,2-0,https://www.besoccer.com/match/lens/montpellier-hsc/200217578,2002,11,ligue_1
Guingamp,Monaco,2-1,https://www.besoccer.com/match/guingamp/monaco/200217579,2002,11,ligue_1
Girondins Bordeaux,Metz,1-0,https://www.besoccer.com/match/bordeaux/metz/200217580,2002,11,ligue_1
Troyes,Lorient,4-2,https://www.besoccer.com/match/troyes/lorient/200217581,2002,11,ligue_1
Sedan,PSG,1-2,https://www.besoccer.com/match/sedan/paris-saint-germain-fc/200217582,2002,11,ligue_1
Auxerre,Olympique Marseille,2-0,https://www.besoccer.com/match/auxerre/olympique-marsella/200217583,2002,12,ligue_1
Stade Rennais,Lens,1-2,https://www.besoccer.com/match/stade-rennes/lens/200217584,2002,12,ligue_1
PSG,Bastia,1-0,https://www.besoccer.com/match/paris-saint-germain-fc/bastia/200217585,2002,12,ligue_1
Monaco,Olympique Lyonnais,2-1,https://www.besoccer.com/match/monaco/olympique-lyonnais/200217586,2002,12,ligue_1
Girondins Bordeaux,Sedan,2-1,https://www.besoccer.com/match/bordeaux/sedan/200217587,2002,12,ligue_1
Montpellier,Troyes,2-0,https://www.besoccer.com/match/montpellier-hsc/troyes/200217588,2002,12,ligue_1
Lorient,Guingamp,6-2,https://www.besoccer.com/match/lorient/guingamp/200217589,2002,12,ligue_1
Sochaux,Nantes,0-1,https://www.besoccer.com/match/sochaux/nantes/200217590,2002,12,ligue_1
Lille,Metz,2-0,https://www.besoccer.com/match/lillestrom/metz/200217591,2002,12,ligue_1
Nantes,Monaco,2-1,https://www.besoccer.com/match/nantes/monaco/200217592,2002,13,ligue_1
Bastia,Lorient,3-1,https://www.besoccer.com/match/bastia/lorient/200217593,2002,13,ligue_1
Olympique Marseille,Stade Rennais,2-1,https://www.besoccer.com/match/olympique-marsella/stade-rennes/200217594,2002,13,ligue_1
Sedan,Montpellier,2-0,https://www.besoccer.com/match/sedan/montpellier-hsc/200217595,2002,13,ligue_1
Guingamp,Sochaux,0-0,https://www.besoccer.com/match/guingamp/sochaux/200217596,2002,13,ligue_1
Metz,Auxerre,2-0,https://www.besoccer.com/match/metz/auxerre/200217597,2002,13,ligue_1
Troyes,PSG,1-0,https://www.besoccer.com/match/troyes/paris-saint-germain-fc/200217598,2002,13,ligue_1
Lens,Girondins Bordeaux,0-0,https://www.besoccer.com/match/lens/bordeaux/200217599,2002,13,ligue_1
Olympique Lyonnais,Lille,4-2,https://www.besoccer.com/match/olympique-lyonnais/lillestrom/200217600,2002,13,ligue_1
Monaco,Olympique Marseille,1-1,https://www.besoccer.com/match/monaco/olympique-marsella/200217601,2002,14,ligue_1
Stade Rennais,Nantes,2-0,https://www.besoccer.com/match/stade-rennes/nantes/200217602,2002,14,ligue_1
PSG,Guingamp,1-1,https://www.besoccer.com/match/paris-saint-germain-fc/guingamp/200217603,2002,14,ligue_1
Auxerre,Lille,2-1,https://www.besoccer.com/match/auxerre/lillestrom/200217604,2002,14,ligue_1
Girondins Bordeaux,Troyes,2-3,https://www.besoccer.com/match/bordeaux/troyes/200217605,2002,14,ligue_1
Lens,Sedan,1-0,https://www.besoccer.com/match/lens/sedan/200217606,2002,14,ligue_1
Montpellier,Bastia,2-1,https://www.besoccer.com/match/montpellier-hsc/bastia/200217607,2002,14,ligue_1
Lorient,Olympique Lyonnais,0-3,https://www.besoccer.com/match/lorient/olympique-lyonnais/200217608,2002,14,ligue_1
Sochaux,Metz,2-0,https://www.besoccer.com/match/sochaux/metz/200217609,2002,14,ligue_1
Olympique Marseille,Sochaux,4-2,https://www.besoccer.com/match/olympique-marsella/sochaux/200217610,2002,15,ligue_1
Metz,Monaco,1-0,https://www.besoccer.com/match/metz/monaco/200217611,2002,15,ligue_1
Bastia,Girondins Bordeaux,1-2,https://www.besoccer.com/match/bastia/bordeaux/200217612,2002,15,ligue_1
Sedan,Lorient,5-0,https://www.besoccer.com/match/sedan/lorient/200217613,2002,15,ligue_1
Troyes,Lens,1-1,https://www.besoccer.com/match/troyes/lens/200217614,2002,15,ligue_1
Guingamp,Montpellier,2-2,https://www.besoccer.com/match/guingamp/montpellier-hsc/200217615,2002,15,ligue_1
Olympique Lyonnais,Auxerre,3-0,https://www.besoccer.com/match/olympique-lyonnais/auxerre/200217616,2002,15,ligue_1
Lille,Stade Rennais,1-0,https://www.besoccer.com/match/lillestrom/stade-rennes/200217617,2002,15,ligue_1
Nantes,PSG,1-2,https://www.besoccer.com/match/nantes/paris-saint-germain-fc/200217618,2002,15,ligue_1
Montpellier,Olympique Lyonnais,3-0,https://www.besoccer.com/match/montpellier-hsc/olympique-lyonnais/200217619,2002,16,ligue_1
Monaco,Lille,2-2,https://www.besoccer.com/match/monaco/lillestrom/200217620,2002,16,ligue_1
Girondins Bordeaux,Guingamp,2-0,https://www.besoccer.com/match/bordeaux/guingamp/200217621,2002,16,ligue_1
Lens,Bastia,7-0,https://www.besoccer.com/match/lens/bastia/200217622,2002,16,ligue_1
Stade Rennais,Metz,0-0,https://www.besoccer.com/match/stade-rennes/metz/200217623,2002,16,ligue_1
Troyes,Sedan,1-1,https://www.besoccer.com/match/troyes/sedan/200217624,2002,16,ligue_1
Lorient,Nantes,1-2,https://www.besoccer.com/match/lorient/nantes/200217625,2002,16,ligue_1
Sochaux,Auxerre,1-2,https://www.besoccer.com/match/sochaux/auxerre/200217626,2002,16,ligue_1
PSG,Olympique Marseille,0-0,https://www.besoccer.com/match/paris-saint-germain-fc/olympique-marsella/200217627,2002,16,ligue_1
Auxerre,Monaco,2-0,https://www.besoccer.com/match/auxerre/monaco/200217628,2002,17,ligue_1
Bastia,Troyes,2-0,https://www.besoccer.com/match/bastia/troyes/200217629,2002,17,ligue_1
Nantes,Montpellier,1-2,https://www.besoccer.com/match/nantes/montpellier-hsc/200217630,2002,17,ligue_1
Olympique Marseille,Lorient,3-2,https://www.besoccer.com/match/olympique-marsella/lorient/200217631,2002,17,ligue_1
Sedan,Stade Rennais,0-0,https://www.besoccer.com/match/sedan/stade-rennes/200217632,2002,17,ligue_1
Guingamp,Lens,1-0,https://www.besoccer.com/match/guingamp/lens/200217633,2002,17,ligue_1
Metz,PSG,0-2,https://www.besoccer.com/match/metz/paris-saint-germain-fc/200217634,2002,17,ligue_1
Lille,Sochaux,1-2,https://www.besoccer.com/match/lillestrom/sochaux/200217635,2002,17,ligue_1
Olympique Lyonnais,Girondins Bordeaux,1-0,https://www.besoccer.com/match/olympique-lyonnais/bordeaux/200217636,2002,17,ligue_1
Lens,Nantes,3-0,https://www.besoccer.com/match/lens/nantes/200217637,2002,18,ligue_1
Girondins Bordeaux,Olympique Marseille,0-0,https://www.besoccer.com/match/bordeaux/olympique-marsella/200217638,2002,18,ligue_1
PSG,Auxerre,0-0,https://www.besoccer.com/match/paris-saint-germain-fc/auxerre/200217639,2002,18,ligue_1
Bastia,Guingamp,3-0,https://www.besoccer.com/match/bastia/guingamp/200217640,2002,18,ligue_1
Stade Rennais,Sochaux,1-1,https://www.besoccer.com/match/stade-rennes/sochaux/200217641,2002,18,ligue_1
Sedan,Olympique Lyonnais,2-1,https://www.besoccer.com/match/sedan/olympique-lyonnais/200217642,2002,18,ligue_1
Lorient,Lille,2-4,https://www.besoccer.com/match/lorient/lillestrom/200217643,2002,18,ligue_1
Montpellier,Monaco,1-1,https://www.besoccer.com/match/montpellier-hsc/monaco/200217644,2002,18,ligue_1
Troyes,Metz,2-0,https://www.besoccer.com/match/troyes/metz/200217645,2002,18,ligue_1
Olympique Marseille,Lens,1-2,https://www.besoccer.com/match/olympique-marsella/lens/200217646,2002,19,ligue_1
Sochaux,PSG,0-2,https://www.besoccer.com/match/sochaux/paris-saint-germain-fc/200217647,2002,19,ligue_1
Monaco,Stade Rennais,3-1,https://www.besoccer.com/match/monaco/stade-rennes/200217648,2002,19,ligue_1
Nantes,Troyes,1-0,https://www.besoccer.com/match/nantes/troyes/200217649,2002,19,ligue_1
Guingamp,Sedan,1-2,https://www.besoccer.com/match/guingamp/sedan/200217650,2002,19,ligue_1
Auxerre,Lorient,2-2,https://www.besoccer.com/match/auxerre/lorient/200217651,2002,19,ligue_1
Olympique Lyonnais,Bastia,0-0,https://www.besoccer.com/match/olympique-lyonnais/bastia/200217652,2002,19,ligue_1
Lille,Girondins Bordeaux,2-2,https://www.besoccer.com/match/lillestrom/bordeaux/200217653,2002,19,ligue_1
Metz,Montpellier,0-0,https://www.besoccer.com/match/metz/montpellier-hsc/200217654,2002,19,ligue_1
PSG,Monaco,1-2,https://www.besoccer.com/match/paris-saint-germain-fc/monaco/200217655,2002,20,ligue_1
Girondins Bordeaux,Stade Rennais,2-1,https://www.besoccer.com/match/bordeaux/stade-rennes/200217656,2002,20,ligue_1
Bastia,Nantes,0-2,https://www.besoccer.com/match/bastia/nantes/200217657,2002,20,ligue_1
Montpellier,Lille,2-0,https://www.besoccer.com/match/montpellier-hsc/lillestrom/200217658,2002,20,ligue_1
Lorient,Sochaux,1-1,https://www.besoccer.com/match/lorient/sochaux/200217659,2002,20,ligue_1
Guingamp,Olympique Lyonnais,2-4,https://www.besoccer.com/match/guingamp/olympique-lyonnais/200217660,2002,20,ligue_1
Troyes,Olympique Marseille,1-0,https://www.besoccer.com/match/troyes/olympique-marsella/200217661,2002,20,ligue_1
Lens,Metz,2-2,https://www.besoccer.com/match/lens/metz/200217662,2002,20,ligue_1
Sedan,Auxerre,3-3,https://www.besoccer.com/match/sedan/auxerre/200217663,2002,20,ligue_1
Lille,Lens,0-1,https://www.besoccer.com/match/lillestrom/lens/200217664,2002,21,ligue_1
Stade Rennais,PSG,1-2,https://www.besoccer.com/match/stade-rennes/paris-saint-germain-fc/200217665,2002,21,ligue_1
Monaco,Lorient,1-0,https://www.besoccer.com/match/monaco/lorient/200217666,2002,21,ligue_1
Nantes,Guingamp,2-0,https://www.besoccer.com/match/nantes/guingamp/200217667,2002,21,ligue_1
Olympique Marseille,Bastia,2-2,https://www.besoccer.com/match/olympique-marsella/bastia/200217668,2002,21,ligue_1
Sochaux,Montpellier,0-1,https://www.besoccer.com/match/sochaux/montpellier-hsc/200217669,2002,21,ligue_1
Olympique Lyonnais,Troyes,3-1,https://www.besoccer.com/match/olympique-lyonnais/troyes/200217670,2002,21,ligue_1
Auxerre,Girondins Bordeaux,0-1,https://www.besoccer.com/match/auxerre/bordeaux/200217671,2002,21,ligue_1
Metz,Sedan,2-3,https://www.besoccer.com/match/metz/sedan/200217672,2002,21,ligue_1
Girondins Bordeaux,Sochaux,0-1,https://www.besoccer.com/match/bordeaux/sochaux/200217673,2002,22,ligue_1
Olympique Lyonnais,Olympique Marseille,4-0,https://www.besoccer.com/match/olympique-lyonnais/olympique-marsella/200217674,2002,22,ligue_1
Bastia,Metz,1-2,https://www.besoccer.com/match/bastia/metz/200217675,2002,22,ligue_1
Montpellier,Auxerre,0-0,https://www.besoccer.com/match/montpellier-hsc/auxerre/200217676,2002,22,ligue_1
Sedan,Nantes,0-0,https://www.besoccer.com/match/sedan/nantes/200217677,2002,22,ligue_1
Troyes,Monaco,3-0,https://www.besoccer.com/match/troyes/monaco/200217678,2002,22,ligue_1
Lorient,Stade Rennais,2-0,https://www.besoccer.com/match/lorient/stade-rennes/200217679,2002,22,ligue_1
Guingamp,Lille,0-0,https://www.besoccer.com/match/guingamp/lillestrom/200217680,2002,22,ligue_1
Lens,PSG,1-1,https://www.besoccer.com/match/lens/paris-saint-germain-fc/200217681,2002,22,ligue_1
Nantes,Olympique Lyonnais,3-0,https://www.besoccer.com/match/nantes/olympique-lyonnais/200217682,2002,23,ligue_1
Monaco,Girondins Bordeaux,3-1,https://www.besoccer.com/match/monaco/bordeaux/200217683,2002,23,ligue_1
PSG,Lorient,5-0,https://www.besoccer.com/match/paris-saint-germain-fc/lorient/200217684,2002,23,ligue_1
Auxerre,Bastia,1-0,https://www.besoccer.com/match/auxerre/bastia/200217685,2002,23,ligue_1
Metz,Guingamp,2-4,https://www.besoccer.com/match/metz/guingamp/200217686,2002,23,ligue_1
Olympique Marseille,Sedan,2-1,https://www.besoccer.com/match/olympique-marsella/sedan/200217687,2002,23,ligue_1
Stade Rennais,Montpellier,2-0,https://www.besoccer.com/match/stade-rennes/montpellier-hsc/200217688,2002,23,ligue_1
Sochaux,Lens,0-2,https://www.besoccer.com/match/sochaux/lens/200217689,2002,23,ligue_1
Lille,Troyes,1-0,https://www.besoccer.com/match/lillestrom/troyes/200217690,2002,23,ligue_1
Montpellier,PSG,0-0,https://www.besoccer.com/match/montpellier-hsc/paris-saint-germain-fc/200217691,2002,24,ligue_1
Girondins Bordeaux,Lorient,2-1,https://www.besoccer.com/match/bordeaux/lorient/200217692,2002,24,ligue_1
Olympique Lyonnais,Metz,4-1,https://www.besoccer.com/match/olympique-lyonnais/metz/200217693,2002,24,ligue_1
Bastia,Lille,1-0,https://www.besoccer.com/match/bastia/lillestrom/200217694,2002,24,ligue_1
Lens,Monaco,1-0,https://www.besoccer.com/match/lens/monaco/200217695,2002,24,ligue_1
Sedan,Sochaux,2-1,https://www.besoccer.com/match/sedan/sochaux/200217696,2002,24,ligue_1
Troyes,Stade Rennais,1-1,https://www.besoccer.com/match/troyes/stade-rennes/200217697,2002,24,ligue_1
Guingamp,Auxerre,0-0,https://www.besoccer.com/match/guingamp/auxerre/200217698,2002,24,ligue_1
Nantes,Olympique Marseille,3-1,https://www.besoccer.com/match/nantes/olympique-marsella/200217699,2002,24,ligue_1
Stade Rennais,Olympique Lyonnais,2-2,https://www.besoccer.com/match/stade-rennes/olympique-lyonnais/200217700,2002,25,ligue_1
Monaco,Bastia,1-1,https://www.besoccer.com/match/monaco/bastia/200217701,2002,25,ligue_1
Auxerre,Lens,1-0,https://www.besoccer.com/match/auxerre/lens/200217702,2002,25,ligue_1
Metz,Nantes,2-0,https://www.besoccer.com/match/metz/nantes/200217703,2002,25,ligue_1
Olympique Marseille,Guingamp,2-1,https://www.besoccer.com/match/olympique-marsella/guingamp/200217704,2002,25,ligue_1
Lorient,Montpellier,1-0,https://www.besoccer.com/match/lorient/montpellier-hsc/200217705,2002,25,ligue_1
Sochaux,Troyes,2-2,https://www.besoccer.com/match/sochaux/troyes/200217706,2002,25,ligue_1
Lille,Sedan,1-1,https://www.besoccer.com/match/lillestrom/sedan/200217707,2002,25,ligue_1
PSG,Girondins Bordeaux,1-0,https://www.besoccer.com/match/paris-saint-germain-fc/bordeaux/200217708,2002,25,ligue_1
Nantes,Lille,0-1,https://www.besoccer.com/match/nantes/lillestrom/200217709,2002,26,ligue_1
Girondins Bordeaux,Montpellier,3-1,https://www.besoccer.com/match/bordeaux/montpellier-hsc/200217710,2002,26,ligue_1
Bastia,Sochaux,3-0,https://www.besoccer.com/match/bastia/sochaux/200217711,2002,26,ligue_1
Lens,Lorient,1-1,https://www.besoccer.com/match/lens/lorient/200217712,2002,26,ligue_1
Sedan,Monaco,0-0,https://www.besoccer.com/match/sedan/monaco/200217713,2002,26,ligue_1
Troyes,Auxerre,1-2,https://www.besoccer.com/match/troyes/auxerre/200217714,2002,26,ligue_1
Guingamp,Stade Rennais,1-1,https://www.besoccer.com/match/guingamp/stade-rennes/200217715,2002,26,ligue_1
Olympique Marseille,Metz,1-0,https://www.besoccer.com/match/olympique-marsella/metz/200217716,2002,26,ligue_1
Olympique Lyonnais,PSG,3-0,https://www.besoccer.com/match/olympique-lyonnais/paris-saint-germain-fc/200217717,2002,26,ligue_1
Montpellier,Lens,1-2,https://www.besoccer.com/match/montpellier-hsc/lens/200217718,2002,27,ligue_1
PSG,Sedan,3-0,https://www.besoccer.com/match/paris-saint-germain-fc/sedan/200217719,2002,27,ligue_1
Monaco,Guingamp,3-1,https://www.besoccer.com/match/monaco/guingamp/200217720,2002,27,ligue_1
Auxerre,Nantes,2-1,https://www.besoccer.com/match/auxerre/nantes/200217721,2002,27,ligue_1
Metz,Girondins Bordeaux,1-2,https://www.besoccer.com/match/metz/bordeaux/200217722,2002,27,ligue_1
Stade Rennais,Bastia,2-1,https://www.besoccer.com/match/stade-rennes/bastia/200217723,2002,27,ligue_1
Lorient,Troyes,1-0,https://www.besoccer.com/match/lorient/troyes/200217724,2002,27,ligue_1
Sochaux,Olympique Lyonnais,2-1,https://www.besoccer.com/match/sochaux/olympique-lyonnais/200217725,2002,27,ligue_1
Lille,Olympique Marseille,2-0,https://www.besoccer.com/match/lillestrom/olympique-marsella/200217726,2002,27,ligue_1
Bastia,PSG,0-1,https://www.besoccer.com/match/bastia/paris-saint-germain-fc/200217727,2002,28,ligue_1
Metz,Lille,0-1,https://www.besoccer.com/match/metz/lillestrom/200217728,2002,28,ligue_1
Olympique Lyonnais,Monaco,1-0,https://www.besoccer.com/match/olympique-lyonnais/monaco/200217729,2002,28,ligue_1
Nantes,Sochaux,0-0,https://www.besoccer.com/match/nantes/sochaux/200217730,2002,28,ligue_1
Lens,Stade Rennais,2-0,https://www.besoccer.com/match/lens/stade-rennes/200217731,2002,28,ligue_1
Sedan,Girondins Bordeaux,1-0,https://www.besoccer.com/match/sedan/bordeaux/200217732,2002,28,ligue_1
Troyes,Montpellier,2-0,https://www.besoccer.com/match/troyes/montpellier-hsc/200217733,2002,28,ligue_1
Guingamp,Lorient,4-3,https://www.besoccer.com/match/guingamp/lorient/200217734,2002,28,ligue_1
Olympique Marseille,Auxerre,3-0,https://www.besoccer.com/match/olympique-marsella/auxerre/200217735,2002,28,ligue_1
Stade Rennais,Olympique Marseille,2-1,https://www.besoccer.com/match/stade-rennes/olympique-marsella/200217736,2002,29,ligue_1
PSG,Troyes,3-1,https://www.besoccer.com/match/paris-saint-germain-fc/troyes/200217737,2002,29,ligue_1
Monaco,Nantes,1-2,https://www.besoccer.com/match/monaco/nantes/200217738,2002,29,ligue_1
Auxerre,Metz,3-2,https://www.besoccer.com/match/auxerre/metz/200217739,2002,29,ligue_1
Montpellier,Sedan,0-0,https://www.besoccer.com/match/montpellier-hsc/sedan/200217740,2002,29,ligue_1
Lorient,Bastia,0-0,https://www.besoccer.com/match/lorient/bastia/200217741,2002,29,ligue_1
Sochaux,Guingamp,1-0,https://www.besoccer.com/match/sochaux/guingamp/200217742,2002,29,ligue_1
Lille,Olympique Lyonnais,2-0,https://www.besoccer.com/match/lillestrom/olympique-lyonnais/200217743,2002,29,ligue_1
Girondins Bordeaux,Lens,2-1,https://www.besoccer.com/match/bordeaux/lens/200217744,2002,29,ligue_1
Guingamp,PSG,0-1,https://www.besoccer.com/match/guingamp/paris-saint-germain-fc/200217745,2002,30,ligue_1
Metz,Sochaux,2-0,https://www.besoccer.com/match/metz/sochaux/200217746,2002,30,ligue_1
Olympique Lyonnais,Lorient,2-0,https://www.besoccer.com/match/olympique-lyonnais/lorient/200217747,2002,30,ligue_1
Bastia,Montpellier,3-0,https://www.besoccer.com/match/bastia/montpellier-hsc/200217748,2002,30,ligue_1
Nantes,Stade Rennais,3-1,https://www.besoccer.com/match/nantes/stade-rennes/200217749,2002,30,ligue_1
Sedan,Lens,1-1,https://www.besoccer.com/match/sedan/lens/200217750,2002,30,ligue_1
Troyes,Girondins Bordeaux,2-0,https://www.besoccer.com/match/troyes/bordeaux/200217751,2002,30,ligue_1
Lille,Auxerre,2-3,https://www.besoccer.com/match/lillestrom/auxerre/200217752,2002,30,ligue_1
Olympique Marseille,Monaco,1-1,https://www.besoccer.com/match/olympique-marsella/monaco/200217753,2002,30,ligue_1
Lens,Troyes,0-0,https://www.besoccer.com/match/lens/troyes/200217754,2002,31,ligue_1
PSG,Nantes,1-1,https://www.besoccer.com/match/paris-saint-germain-fc/nantes/200217755,2002,31,ligue_1
Monaco,Metz,2-2,https://www.besoccer.com/match/monaco/metz/200217756,2002,31,ligue_1
Girondins Bordeaux,Bastia,2-1,https://www.besoccer.com/match/bordeaux/bastia/200217757,2002,31,ligue_1
Stade Rennais,Lille,4-0,https://www.besoccer.com/match/stade-rennes/lillestrom/200217758,2002,31,ligue_1
Montpellier,Guingamp,2-1,https://www.besoccer.com/match/montpellier-hsc/guingamp/200217759,2002,31,ligue_1
Lorient,Sedan,1-1,https://www.besoccer.com/match/lorient/sedan/200217760,2002,31,ligue_1
Sochaux,Olympique Marseille,3-0,https://www.besoccer.com/match/sochaux/olympique-marsella/200217761,2002,31,ligue_1
Auxerre,Olympique Lyonnais,0-1,https://www.besoccer.com/match/auxerre/olympique-lyonnais/200217762,2002,31,ligue_1
Olympique Marseille,PSG,1-0,https://www.besoccer.com/match/olympique-marsella/paris-saint-germain-fc/200217763,2002,32,ligue_1
Auxerre,Sochaux,2-0,https://www.besoccer.com/match/auxerre/sochaux/200217764,2002,32,ligue_1
Metz,Stade Rennais,3-1,https://www.besoccer.com/match/metz/stade-rennes/200217765,2002,32,ligue_1
Olympique Lyonnais,Montpellier,0-0,https://www.besoccer.com/match/olympique-lyonnais/montpellier-hsc/200217766,2002,32,ligue_1
Bastia,Lens,3-1,https://www.besoccer.com/match/bastia/lens/200217767,2002,32,ligue_1
Nantes,Lorient,2-0,https://www.besoccer.com/match/nantes/lorient/200217768,2002,32,ligue_1
Sedan,Troyes,0-0,https://www.besoccer.com/match/sedan/troyes/200217769,2002,32,ligue_1
Guingamp,Girondins Bordeaux,2-1,https://www.besoccer.com/match/guingamp/bordeaux/200217770,2002,32,ligue_1
Lille,Monaco,1-1,https://www.besoccer.com/match/lillestrom/monaco/200217771,2002,32,ligue_1
PSG,Metz,2-0,https://www.besoccer.com/match/paris-saint-germain-fc/metz/200217772,2002,33,ligue_1
Monaco,Auxerre,1-1,https://www.besoccer.com/match/monaco/auxerre/200217773,2002,33,ligue_1
Girondins Bordeaux,Olympique Lyonnais,0-1,https://www.besoccer.com/match/bordeaux/olympique-lyonnais/200217774,2002,33,ligue_1
Lens,Guingamp,4-1,https://www.besoccer.com/match/lens/guingamp/200217775,2002,33,ligue_1
Stade Rennais,Sedan,1-0,https://www.besoccer.com/match/stade-rennes/sedan/200217776,2002,33,ligue_1
Montpellier,Nantes,3-0,https://www.besoccer.com/match/montpellier-hsc/nantes/200217777,2002,33,ligue_1
Troyes,Bastia,3-0,https://www.besoccer.com/match/troyes/bastia/200217778,2002,33,ligue_1
Lorient,Olympique Marseille,2-2,https://www.besoccer.com/match/lorient/olympique-marsella/200217779,2002,33,ligue_1
Sochaux,Lille,0-0,https://www.besoccer.com/match/sochaux/lillestrom/200217780,2002,33,ligue_1
Auxerre,Stade Rennais,2-3,https://www.besoccer.com/match/auxerre/stade-rennes/200217781,2002,34,ligue_1
Metz,Lorient,1-1,https://www.besoccer.com/match/metz/lorient/200217782,2002,34,ligue_1
Olympique Lyonnais,Lens,3-1,https://www.besoccer.com/match/olympique-lyonnais/lens/200217783,2002,34,ligue_1
Nantes,Girondins Bordeaux,2-1,https://www.besoccer.com/match/nantes/bordeaux/200217784,2002,34,ligue_1
Olympique Marseille,Montpellier,1-0,https://www.besoccer.com/match/olympique-marsella/montpellier-hsc/200217785,2002,34,ligue_1
Sedan,Bastia,0-2,https://www.besoccer.com/match/sedan/bastia/200217786,2002,34,ligue_1
Sochaux,Monaco,3-0,https://www.besoccer.com/match/sochaux/monaco/200217787,2002,34,ligue_1
Guingamp,Troyes,1-0,https://www.besoccer.com/match/guingamp/troyes/200217788,2002,34,ligue_1
Lille,PSG,1-0,https://www.besoccer.com/match/lillestrom/paris-saint-germain-fc/200217789,2002,34,ligue_1
