Home_Team,Away_Team,Result,Link,Season,Round,League
Bastia,PSG,0-1,https://www.besoccer.com/match/bastia/paris-saint-germain-fc/201739431,2017,1,ligue_1
Monaco,Guingamp,2-2,https://www.besoccer.com/match/monaco/guingamp/201739434,2017,1,ligue_1
Girondins Bordeaux,Saint-Étienne,3-2,https://www.besoccer.com/match/bordeaux/saint-etienne/201739425,2017,1,ligue_1
Montpellier,Angers SCO,1-0,https://www.besoccer.com/match/montpellier-hsc/angers-sco/201739426,2017,1,ligue_1
Dijon FCO,Nantes,0-1,https://www.besoccer.com/match/dijon-fco/nantes/201739433,2017,1,ligue_1
Caen,Lorient,3-2,https://www.besoccer.com/match/caen/lorient/201739435,2017,1,ligue_1
Metz,Lille,3-2,https://www.besoccer.com/match/metz/lillestrom/201739436,2017,1,ligue_1
Nancy,Olympique Lyonnais,0-3,https://www.besoccer.com/match/nancy/olympique-lyonnais/201739424,2017,1,ligue_1
Nice,Stade Rennais,1-0,https://www.besoccer.com/match/nice/stade-rennes/201739428,2017,1,ligue_1
Olympique Marseille,Toulouse,0-0,https://www.besoccer.com/match/olympique-marsella/toulouse-fc/201739429,2017,1,ligue_1
Olympique Lyonnais,Caen,2-0,https://www.besoccer.com/match/olympique-lyonnais/caen/201739441,2017,2,ligue_1
Nantes,Monaco,0-1,https://www.besoccer.com/match/nantes/monaco/201739447,2017,2,ligue_1
Lorient,Bastia,0-3,https://www.besoccer.com/match/lorient/bastia/201739439,2017,2,ligue_1
Lille,Dijon FCO,1-0,https://www.besoccer.com/match/lillestrom/dijon-fco/201739440,2017,2,ligue_1
Toulouse,Girondins Bordeaux,4-1,https://www.besoccer.com/match/toulouse-fc/bordeaux/201739444,2017,2,ligue_1
Angers SCO,Nice,0-1,https://www.besoccer.com/match/angers-sco/nice/201739445,2017,2,ligue_1
Stade Rennais,Nancy,2-0,https://www.besoccer.com/match/stade-rennes/nancy/201739446,2017,2,ligue_1
Guingamp,Olympique Marseille,2-1,https://www.besoccer.com/match/guingamp/olympique-marsella/201739449,2017,2,ligue_1
Saint-Étienne,Montpellier,3-1,https://www.besoccer.com/match/saint-etienne/montpellier-hsc/201739438,2017,2,ligue_1
PSG,Metz,3-0,https://www.besoccer.com/match/paris-saint-germain-fc/metz/201739443,2017,2,ligue_1
Olympique Marseille,Lorient,2-0,https://www.besoccer.com/match/olympique-marsella/lorient/201739459,2017,3,ligue_1
Dijon FCO,Olympique Lyonnais,4-2,https://www.besoccer.com/match/dijon-fco/olympique-lyonnais/201739460,2017,3,ligue_1
Nancy,Guingamp,0-2,https://www.besoccer.com/match/nancy/guingamp/201739452,2017,3,ligue_1
Montpellier,Stade Rennais,1-1,https://www.besoccer.com/match/montpellier-hsc/stade-rennes/201739457,2017,3,ligue_1
Nice,Lille,1-1,https://www.besoccer.com/match/nice/lillestrom/201739458,2017,3,ligue_1
Caen,Bastia,2-0,https://www.besoccer.com/match/caen/bastia/201739463,2017,3,ligue_1
Metz,Angers SCO,2-0,https://www.besoccer.com/match/metz/angers-sco/201739464,2017,3,ligue_1
Girondins Bordeaux,Nantes,1-0,https://www.besoccer.com/match/bordeaux/nantes/201739456,2017,3,ligue_1
Saint-Étienne,Toulouse,0-0,https://www.besoccer.com/match/saint-etienne/toulouse-fc/201739455,2017,3,ligue_1
Monaco,PSG,3-1,https://www.besoccer.com/match/monaco/paris-saint-germain-fc/201739461,2017,3,ligue_1
PSG,Saint-Étienne,1-1,https://www.besoccer.com/match/paris-saint-germain-fc/saint-etienne/201739471,2017,4,ligue_1
Olympique Lyonnais,Girondins Bordeaux,1-3,https://www.besoccer.com/match/olympique-lyonnais/bordeaux/201739470,2017,4,ligue_1
Lorient,Nancy,0-2,https://www.besoccer.com/match/lorient/nancy/201739466,2017,4,ligue_1
Lille,Monaco,1-4,https://www.besoccer.com/match/lillestrom/monaco/201739468,2017,4,ligue_1
Bastia,Toulouse,2-1,https://www.besoccer.com/match/bastia/toulouse-fc/201739472,2017,4,ligue_1
Angers SCO,Dijon FCO,3-1,https://www.besoccer.com/match/angers-sco/dijon-fco/201739473,2017,4,ligue_1
Guingamp,Montpellier,1-1,https://www.besoccer.com/match/guingamp/montpellier-hsc/201739477,2017,4,ligue_1
Nantes,Metz,0-3,https://www.besoccer.com/match/nantes/metz/201739475,2017,4,ligue_1
Stade Rennais,Caen,2-0,https://www.besoccer.com/match/stade-rennes/caen/201739474,2017,4,ligue_1
Nice,Olympique Marseille,3-2,https://www.besoccer.com/match/nice/olympique-marsella/201739469,2017,4,ligue_1
Caen,PSG,0-6,https://www.besoccer.com/match/caen/paris-saint-germain-fc/201739489,2017,5,ligue_1
Monaco,Stade Rennais,3-0,https://www.besoccer.com/match/monaco/stade-rennes/201739488,2017,5,ligue_1
Nancy,Nantes,1-1,https://www.besoccer.com/match/nancy/nantes/201739478,2017,5,ligue_1
Lorient,Lille,1-0,https://www.besoccer.com/match/lorient/lillestrom/201739480,2017,5,ligue_1
Girondins Bordeaux,Angers SCO,0-1,https://www.besoccer.com/match/bordeaux/angers-sco/201739481,2017,5,ligue_1
Dijon FCO,Metz,0-0,https://www.besoccer.com/match/dijon-fco/metz/201739486,2017,5,ligue_1
Toulouse,Guingamp,2-1,https://www.besoccer.com/match/toulouse-fc/guingamp/201739487,2017,5,ligue_1
Montpellier,Nice,1-1,https://www.besoccer.com/match/montpellier-hsc/nice/201739483,2017,5,ligue_1
Saint-Étienne,Bastia,1-0,https://www.besoccer.com/match/saint-etienne/bastia/201739479,2017,5,ligue_1
Olympique Marseille,Olympique Lyonnais,0-0,https://www.besoccer.com/match/olympique-marsella/olympique-lyonnais/201739485,2017,5,ligue_1
Lille,Toulouse,1-2,https://www.besoccer.com/match/lillestrom/toulouse-fc/201739490,2017,6,ligue_1
PSG,Dijon FCO,3-0,https://www.besoccer.com/match/paris-saint-germain-fc/dijon-fco/201739494,2017,6,ligue_1
Nice,Monaco,4-0,https://www.besoccer.com/match/nice/monaco/201739491,2017,6,ligue_1
Olympique Lyonnais,Montpellier,5-1,https://www.besoccer.com/match/olympique-lyonnais/montpellier-hsc/201739493,2017,6,ligue_1
Bastia,Nancy,0-0,https://www.besoccer.com/match/bastia/nancy/201739495,2017,6,ligue_1
Angers SCO,Caen,2-1,https://www.besoccer.com/match/angers-sco/caen/201739496,2017,6,ligue_1
Nantes,Saint-Étienne,0-0,https://www.besoccer.com/match/nantes/saint-etienne/201739499,2017,6,ligue_1
Guingamp,Lorient,1-0,https://www.besoccer.com/match/guingamp/lorient/201739500,2017,6,ligue_1
Metz,Girondins Bordeaux,0-3,https://www.besoccer.com/match/metz/bordeaux/201739501,2017,6,ligue_1
Stade Rennais,Olympique Marseille,3-2,https://www.besoccer.com/match/stade-rennes/olympique-marsella/201739498,2017,6,ligue_1
Toulouse,PSG,2-0,https://www.besoccer.com/match/toulouse-fc/paris-saint-germain-fc/201739512,2017,7,ligue_1
Lorient,Olympique Lyonnais,1-0,https://www.besoccer.com/match/lorient/olympique-lyonnais/201739505,2017,7,ligue_1
Girondins Bordeaux,Caen,0-0,https://www.besoccer.com/match/bordeaux/caen/201739507,2017,7,ligue_1
Montpellier,Metz,0-1,https://www.besoccer.com/match/montpellier-hsc/metz/201739508,2017,7,ligue_1
Bastia,Guingamp,1-0,https://www.besoccer.com/match/bastia/guingamp/201739510,2017,7,ligue_1
Dijon FCO,Stade Rennais,3-0,https://www.besoccer.com/match/dijon-fco/stade-rennes/201739511,2017,7,ligue_1
Monaco,Angers SCO,2-1,https://www.besoccer.com/match/monaco/angers-sco/201739513,2017,7,ligue_1
Saint-Étienne,Lille,3-1,https://www.besoccer.com/match/saint-etienne/lillestrom/201739504,2017,7,ligue_1
Nancy,Nice,0-1,https://www.besoccer.com/match/nancy/nice/201739503,2017,7,ligue_1
Olympique Marseille,Nantes,2-1,https://www.besoccer.com/match/olympique-marsella/nantes/201739509,2017,7,ligue_1
Stade Rennais,Guingamp,1-0,https://www.besoccer.com/match/stade-rennes/guingamp/201739523,2017,8,ligue_1
PSG,Girondins Bordeaux,2-0,https://www.besoccer.com/match/paris-saint-germain-fc/bordeaux/201739520,2017,8,ligue_1
Lille,Nancy,1-0,https://www.besoccer.com/match/lillestrom/nancy/201739516,2017,8,ligue_1
Dijon FCO,Montpellier,3-3,https://www.besoccer.com/match/dijon-fco/montpellier-hsc/201739521,2017,8,ligue_1
Nantes,Bastia,1-0,https://www.besoccer.com/match/nantes/bastia/201739525,2017,8,ligue_1
Caen,Toulouse,1-0,https://www.besoccer.com/match/caen/toulouse-fc/201739526,2017,8,ligue_1
Metz,Monaco,0-7,https://www.besoccer.com/match/metz/monaco/201739527,2017,8,ligue_1
Angers SCO,Olympique Marseille,1-1,https://www.besoccer.com/match/angers-sco/olympique-marsella/201739522,2017,8,ligue_1
Nice,Lorient,2-1,https://www.besoccer.com/match/nice/lorient/201739517,2017,8,ligue_1
Olympique Lyonnais,Saint-Étienne,2-0,https://www.besoccer.com/match/olympique-lyonnais/saint-etienne/201739519,2017,8,ligue_1
Toulouse,Monaco,3-1,https://www.besoccer.com/match/toulouse-fc/monaco/201739541,2017,9,ligue_1
Nice,Olympique Lyonnais,2-0,https://www.besoccer.com/match/nice/olympique-lyonnais/201739537,2017,9,ligue_1
Nancy,PSG,1-2,https://www.besoccer.com/match/nancy/paris-saint-germain-fc/201739532,2017,9,ligue_1
Lorient,Nantes,1-2,https://www.besoccer.com/match/lorient/nantes/201739534,2017,9,ligue_1
Montpellier,Caen,3-2,https://www.besoccer.com/match/montpellier-hsc/caen/201739535,2017,9,ligue_1
Bastia,Angers SCO,1-2,https://www.besoccer.com/match/bastia/angers-sco/201739540,2017,9,ligue_1
Guingamp,Lille,1-0,https://www.besoccer.com/match/guingamp/lillestrom/201739544,2017,9,ligue_1
Stade Rennais,Girondins Bordeaux,1-1,https://www.besoccer.com/match/stade-rennes/bordeaux/201739542,2017,9,ligue_1
Saint-Étienne,Dijon FCO,1-1,https://www.besoccer.com/match/saint-etienne/dijon-fco/201739533,2017,9,ligue_1
Olympique Marseille,Metz,1-0,https://www.besoccer.com/match/olympique-marsella/metz/201739538,2017,9,ligue_1
Monaco,Montpellier,6-2,https://www.besoccer.com/match/monaco/montpellier-hsc/201739554,2017,10,ligue_1
Olympique Lyonnais,Guingamp,1-3,https://www.besoccer.com/match/olympique-lyonnais/guingamp/201739549,2017,10,ligue_1
Girondins Bordeaux,Nancy,1-1,https://www.besoccer.com/match/bordeaux/nancy/201739546,2017,10,ligue_1
Lille,Bastia,2-1,https://www.besoccer.com/match/lillestrom/bastia/201739548,2017,10,ligue_1
Dijon FCO,Lorient,1-0,https://www.besoccer.com/match/dijon-fco/lorient/201739551,2017,10,ligue_1
Angers SCO,Toulouse,0-0,https://www.besoccer.com/match/angers-sco/toulouse-fc/201739552,2017,10,ligue_1
Nantes,Stade Rennais,1-2,https://www.besoccer.com/match/nantes/stade-rennes/201739555,2017,10,ligue_1
Caen,Saint-Étienne,0-2,https://www.besoccer.com/match/caen/saint-etienne/201739556,2017,10,ligue_1
Metz,Nice,2-4,https://www.besoccer.com/match/metz/nice/201739558,2017,10,ligue_1
PSG,Olympique Marseille,0-0,https://www.besoccer.com/match/paris-saint-germain-fc/olympique-marsella/201739550,2017,10,ligue_1
Lille,PSG,0-1,https://www.besoccer.com/match/lillestrom/paris-saint-germain-fc/201739563,2017,11,ligue_1
Toulouse,Olympique Lyonnais,1-2,https://www.besoccer.com/match/toulouse-fc/olympique-lyonnais/201739567,2017,11,ligue_1
Nancy,Caen,2-0,https://www.besoccer.com/match/nancy/caen/201739560,2017,11,ligue_1
Saint-Étienne,Monaco,1-1,https://www.besoccer.com/match/saint-etienne/monaco/201739561,2017,11,ligue_1
Lorient,Montpellier,2-2,https://www.besoccer.com/match/lorient/montpellier-hsc/201739562,2017,11,ligue_1
Bastia,Dijon FCO,0-0,https://www.besoccer.com/match/bastia/dijon-fco/201739566,2017,11,ligue_1
Guingamp,Angers SCO,1-0,https://www.besoccer.com/match/guingamp/angers-sco/201739569,2017,11,ligue_1
Nice,Nantes,4-1,https://www.besoccer.com/match/nice/nantes/201739564,2017,11,ligue_1
Stade Rennais,Metz,1-0,https://www.besoccer.com/match/stade-rennes/metz/201739568,2017,11,ligue_1
Olympique Marseille,Girondins Bordeaux,0-0,https://www.besoccer.com/match/olympique-marsella/bordeaux/201739565,2017,11,ligue_1
Montpellier,Olympique Marseille,3-1,https://www.besoccer.com/match/montpellier-hsc/olympique-marsella/201739571,2017,12,ligue_1
Monaco,Nancy,6-0,https://www.besoccer.com/match/monaco/nancy/201739576,2017,12,ligue_1
Girondins Bordeaux,Lorient,2-1,https://www.besoccer.com/match/bordeaux/lorient/201739570,2017,12,ligue_1
Olympique Lyonnais,Bastia,2-1,https://www.besoccer.com/match/olympique-lyonnais/bastia/201739572,2017,12,ligue_1
Dijon FCO,Guingamp,3-3,https://www.besoccer.com/match/dijon-fco/guingamp/201739574,2017,12,ligue_1
Angers SCO,Lille,1-0,https://www.besoccer.com/match/angers-sco/lillestrom/201739575,2017,12,ligue_1
Nantes,Toulouse,1-1,https://www.besoccer.com/match/nantes/toulouse-fc/201739577,2017,12,ligue_1
Caen,Nice,1-0,https://www.besoccer.com/match/caen/nice/201739578,2017,12,ligue_1
Metz,Saint-Étienne,0-0,https://www.besoccer.com/match/metz/saint-etienne/201739580,2017,12,ligue_1
PSG,Stade Rennais,4-0,https://www.besoccer.com/match/paris-saint-germain-fc/stade-rennes/201739573,2017,12,ligue_1
Lorient,Monaco,0-3,https://www.besoccer.com/match/lorient/monaco/201739587,2017,13,ligue_1
Lille,Olympique Lyonnais,0-1,https://www.besoccer.com/match/lillestrom/olympique-lyonnais/201739589,2017,13,ligue_1
PSG,Nantes,2-0,https://www.besoccer.com/match/paris-saint-germain-fc/nantes/201739593,2017,13,ligue_1
Nancy,Dijon FCO,1-0,https://www.besoccer.com/match/nancy/dijon-fco/201739583,2017,13,ligue_1
Bastia,Montpellier,1-1,https://www.besoccer.com/match/bastia/montpellier-hsc/201739596,2017,13,ligue_1
Toulouse,Metz,1-2,https://www.besoccer.com/match/toulouse-fc/metz/201739597,2017,13,ligue_1
Stade Rennais,Angers SCO,1-1,https://www.besoccer.com/match/stade-rennes/angers-sco/201739599,2017,13,ligue_1
Guingamp,Girondins Bordeaux,1-1,https://www.besoccer.com/match/guingamp/bordeaux/201739600,2017,13,ligue_1
Olympique Marseille,Caen,1-0,https://www.besoccer.com/match/olympique-marsella/caen/201739592,2017,13,ligue_1
Saint-Étienne,Nice,0-1,https://www.besoccer.com/match/saint-etienne/nice/201739586,2017,13,ligue_1
Stade Rennais,Toulouse,1-0,https://www.besoccer.com/match/stade-rennes/toulouse-fc/201739612,2017,14,ligue_1
Monaco,Olympique Marseille,4-0,https://www.besoccer.com/match/monaco/olympique-marsella/201739613,2017,14,ligue_1
Girondins Bordeaux,Dijon FCO,3-2,https://www.besoccer.com/match/bordeaux/dijon-fco/201739605,2017,14,ligue_1
Montpellier,Nancy,0-0,https://www.besoccer.com/match/montpellier-hsc/nancy/201739606,2017,14,ligue_1
Nantes,Lille,0-0,https://www.besoccer.com/match/nantes/lillestrom/201739615,2017,14,ligue_1
Caen,Guingamp,1-1,https://www.besoccer.com/match/caen/guingamp/201739617,2017,14,ligue_1
Metz,Lorient,3-3,https://www.besoccer.com/match/metz/lorient/201739618,2017,14,ligue_1
Angers SCO,Saint-Étienne,1-2,https://www.besoccer.com/match/angers-sco/saint-etienne/201739611,2017,14,ligue_1
Nice,Bastia,1-1,https://www.besoccer.com/match/nice/bastia/201739608,2017,14,ligue_1
Olympique Lyonnais,PSG,1-2,https://www.besoccer.com/match/olympique-lyonnais/paris-saint-germain-fc/201739609,2017,14,ligue_1
Lorient,Stade Rennais,2-1,https://www.besoccer.com/match/lorient/stade-rennes/201739626,2017,15,ligue_1
Lille,Caen,4-2,https://www.besoccer.com/match/lillestrom/caen/201739628,2017,15,ligue_1
Dijon FCO,Monaco,1-1,https://www.besoccer.com/match/dijon-fco/monaco/201739633,2017,15,ligue_1
Nancy,Metz,4-0,https://www.besoccer.com/match/nancy/metz/201739623,2017,15,ligue_1
Saint-Étienne,Olympique Marseille,0-0,https://www.besoccer.com/match/saint-etienne/olympique-marsella/201739624,2017,15,ligue_1
Bastia,Girondins Bordeaux,1-1,https://www.besoccer.com/match/bastia/bordeaux/201739631,2017,15,ligue_1
Toulouse,Montpellier,1-0,https://www.besoccer.com/match/toulouse-fc/montpellier-hsc/201739634,2017,15,ligue_1
Nantes,Olympique Lyonnais,0-6,https://www.besoccer.com/match/nantes/olympique-lyonnais/201739635,2017,15,ligue_1
Guingamp,Nice,0-1,https://www.besoccer.com/match/guingamp/nice/201739636,2017,15,ligue_1
PSG,Angers SCO,2-0,https://www.besoccer.com/match/paris-saint-germain-fc/angers-sco/201739629,2017,15,ligue_1
Caen,Dijon FCO,3-3,https://www.besoccer.com/match/caen/dijon-fco/201739646,2017,16,ligue_1
Montpellier,PSG,3-0,https://www.besoccer.com/match/montpellier-hsc/paris-saint-germain-fc/201739640,2017,16,ligue_1
Girondins Bordeaux,Lille,0-1,https://www.besoccer.com/match/bordeaux/lillestrom/201739639,2017,16,ligue_1
Angers SCO,Lorient,2-2,https://www.besoccer.com/match/angers-sco/lorient/201739643,2017,16,ligue_1
Monaco,Bastia,5-0,https://www.besoccer.com/match/monaco/bastia/201739645,2017,16,ligue_1
Guingamp,Nantes,2-0,https://www.besoccer.com/match/guingamp/nantes/201739647,2017,16,ligue_1
Stade Rennais,Saint-Étienne,2-0,https://www.besoccer.com/match/stade-rennes/saint-etienne/201739644,2017,16,ligue_1
Olympique Marseille,Nancy,3-0,https://www.besoccer.com/match/olympique-marsella/nancy/201739642,2017,16,ligue_1
Nice,Toulouse,3-0,https://www.besoccer.com/match/nice/toulouse-fc/201739641,2017,16,ligue_1
Metz,Olympique Lyonnais,0-3,https://www.besoccer.com/match/metz/olympique-lyonnais/201739648,2017,16,ligue_1
Dijon FCO,Olympique Marseille,1-2,https://www.besoccer.com/match/dijon-fco/olympique-marsella/201739656,2017,17,ligue_1
Girondins Bordeaux,Monaco,0-4,https://www.besoccer.com/match/bordeaux/monaco/201739651,2017,17,ligue_1
Nancy,Angers SCO,2-0,https://www.besoccer.com/match/nancy/angers-sco/201739649,2017,17,ligue_1
Lille,Montpellier,2-1,https://www.besoccer.com/match/lillestrom/montpellier-hsc/201739652,2017,17,ligue_1
Bastia,Metz,2-0,https://www.besoccer.com/match/bastia/metz/201739655,2017,17,ligue_1
Toulouse,Lorient,3-2,https://www.besoccer.com/match/toulouse-fc/lorient/201739657,2017,17,ligue_1
Olympique Lyonnais,Stade Rennais,1-0,https://www.besoccer.com/match/olympique-lyonnais/stade-rennes/201739653,2017,17,ligue_1
Saint-Étienne,Guingamp,1-0,https://www.besoccer.com/match/saint-etienne/guingamp/201739650,2017,17,ligue_1
PSG,Nice,2-2,https://www.besoccer.com/match/paris-saint-germain-fc/nice/201739654,2017,17,ligue_1
Nantes,Caen,1-0,https://www.besoccer.com/match/nantes/caen/201739658,2017,17,ligue_1
Angers SCO,Nantes,0-2,https://www.besoccer.com/match/angers-sco/nantes/201739664,2017,18,ligue_1
Guingamp,PSG,2-1,https://www.besoccer.com/match/guingamp/paris-saint-germain-fc/201739668,2017,18,ligue_1
Lorient,Saint-Étienne,2-1,https://www.besoccer.com/match/lorient/saint-etienne/201739659,2017,18,ligue_1
Montpellier,Girondins Bordeaux,4-0,https://www.besoccer.com/match/montpellier-hsc/bordeaux/201739660,2017,18,ligue_1
Toulouse,Nancy,1-1,https://www.besoccer.com/match/toulouse-fc/nancy/201739663,2017,18,ligue_1
Stade Rennais,Bastia,1-2,https://www.besoccer.com/match/stade-rennes/bastia/201739665,2017,18,ligue_1
Caen,Metz,3-0,https://www.besoccer.com/match/caen/metz/201739667,2017,18,ligue_1
Nice,Dijon FCO,2-1,https://www.besoccer.com/match/nice/dijon-fco/201739661,2017,18,ligue_1
Olympique Marseille,Lille,2-0,https://www.besoccer.com/match/olympique-marsella/lillestrom/201739662,2017,18,ligue_1
Monaco,Olympique Lyonnais,1-3,https://www.besoccer.com/match/monaco/olympique-lyonnais/201739666,2017,18,ligue_1
Saint-Étienne,Nancy,0-0,https://www.besoccer.com/match/saint-etienne/nancy/201739669,2017,19,ligue_1
Girondins Bordeaux,Nice,0-0,https://www.besoccer.com/match/bordeaux/nice/201739670,2017,19,ligue_1
Lille,Stade Rennais,1-1,https://www.besoccer.com/match/lillestrom/stade-rennes/201739671,2017,19,ligue_1
Olympique Lyonnais,Angers SCO,2-0,https://www.besoccer.com/match/olympique-lyonnais/angers-sco/201739672,2017,19,ligue_1
PSG,Lorient,5-0,https://www.besoccer.com/match/paris-saint-germain-fc/lorient/201739673,2017,19,ligue_1
Bastia,Olympique Marseille,1-2,https://www.besoccer.com/match/bastia/olympique-marsella/201739674,2017,19,ligue_1
Dijon FCO,Toulouse,2-0,https://www.besoccer.com/match/dijon-fco/toulouse-fc/201739675,2017,19,ligue_1
Monaco,Caen,2-1,https://www.besoccer.com/match/monaco/caen/201739676,2017,19,ligue_1
Nantes,Montpellier,1-0,https://www.besoccer.com/match/nantes/montpellier-hsc/201739677,2017,19,ligue_1
Metz,Guingamp,2-2,https://www.besoccer.com/match/metz/guingamp/201739678,2017,19,ligue_1
Lille,Saint-Étienne,1-1,https://www.besoccer.com/match/lillestrom/saint-etienne/201739901,2017,20,ligue_1
Stade Rennais,PSG,0-1,https://www.besoccer.com/match/stade-rennes/paris-saint-germain-fc/201739907,2017,20,ligue_1
Nancy,Bastia,1-0,https://www.besoccer.com/match/nancy/bastia/201739899,2017,20,ligue_1
Lorient,Guingamp,3-1,https://www.besoccer.com/match/lorient/guingamp/201739900,2017,20,ligue_1
Montpellier,Dijon FCO,1-1,https://www.besoccer.com/match/montpellier-hsc/dijon-fco/201739902,2017,20,ligue_1
Toulouse,Nantes,0-1,https://www.besoccer.com/match/toulouse-fc/nantes/201739905,2017,20,ligue_1
Angers SCO,Girondins Bordeaux,1-1,https://www.besoccer.com/match/angers-sco/bordeaux/201739906,2017,20,ligue_1
Nice,Metz,0-0,https://www.besoccer.com/match/nice/metz/201739903,2017,20,ligue_1
Caen,Olympique Lyonnais,3-2,https://www.besoccer.com/match/caen/olympique-lyonnais/201739908,2017,20,ligue_1
Olympique Marseille,Monaco,1-4,https://www.besoccer.com/match/olympique-marsella/monaco/201739904,2017,20,ligue_1
Bastia,Nice,1-1,https://www.besoccer.com/match/bastia/nice/201739912,2017,21,ligue_1
Nantes,PSG,0-2,https://www.besoccer.com/match/nantes/paris-saint-germain-fc/201739915,2017,21,ligue_1
Girondins Bordeaux,Toulouse,1-0,https://www.besoccer.com/match/bordeaux/toulouse-fc/201739910,2017,21,ligue_1
Dijon FCO,Lille,0-0,https://www.besoccer.com/match/dijon-fco/lillestrom/201739913,2017,21,ligue_1
Guingamp,Stade Rennais,1-1,https://www.besoccer.com/match/guingamp/stade-rennes/201739917,2017,21,ligue_1
Metz,Montpellier,2-0,https://www.besoccer.com/match/metz/montpellier-hsc/201739918,2017,21,ligue_1
Monaco,Lorient,4-0,https://www.besoccer.com/match/monaco/lorient/201739914,2017,21,ligue_1
Saint-Étienne,Angers SCO,2-1,https://www.besoccer.com/match/saint-etienne/angers-sco/201739909,2017,21,ligue_1
Olympique Lyonnais,Olympique Marseille,3-1,https://www.besoccer.com/match/olympique-lyonnais/olympique-marsella/201739911,2017,21,ligue_1
Caen,Nancy,1-0,https://www.besoccer.com/match/caen/nancy/201739916,2017,21,ligue_1
Olympique Marseille,Montpellier,5-1,https://www.besoccer.com/match/olympique-marsella/montpellier-hsc/201739922,2017,22,ligue_1
Olympique Lyonnais,Lille,1-2,https://www.besoccer.com/match/olympique-lyonnais/lillestrom/201739923,2017,22,ligue_1
Nancy,Girondins Bordeaux,0-2,https://www.besoccer.com/match/nancy/bordeaux/201739919,2017,22,ligue_1
Lorient,Dijon FCO,2-3,https://www.besoccer.com/match/lorient/dijon-fco/201739920,2017,22,ligue_1
Bastia,Caen,1-1,https://www.besoccer.com/match/bastia/caen/201739925,2017,22,ligue_1
Angers SCO,Metz,2-1,https://www.besoccer.com/match/angers-sco/metz/201739927,2017,22,ligue_1
Stade Rennais,Nantes,1-1,https://www.besoccer.com/match/stade-rennes/nantes/201739928,2017,22,ligue_1
Nice,Guingamp,3-1,https://www.besoccer.com/match/nice/guingamp/201739921,2017,22,ligue_1
Toulouse,Saint-Étienne,0-3,https://www.besoccer.com/match/toulouse-fc/saint-etienne/201739926,2017,22,ligue_1
PSG,Monaco,1-1,https://www.besoccer.com/match/paris-saint-germain-fc/monaco/201739924,2017,22,ligue_1
Metz,Olympique Marseille,1-0,https://www.besoccer.com/match/metz/olympique-marsella/201739938,2017,23,ligue_1
Monaco,Nice,3-0,https://www.besoccer.com/match/monaco/nice/201739935,2017,23,ligue_1
Girondins Bordeaux,Stade Rennais,1-1,https://www.besoccer.com/match/bordeaux/stade-rennes/201739930,2017,23,ligue_1
Lille,Lorient,0-1,https://www.besoccer.com/match/lillestrom/lorient/201739931,2017,23,ligue_1
Montpellier,Bastia,2-1,https://www.besoccer.com/match/montpellier-hsc/bastia/201739932,2017,23,ligue_1
Dijon FCO,PSG,1-3,https://www.besoccer.com/match/dijon-fco/paris-saint-germain-fc/201739933,2017,23,ligue_1
Guingamp,Caen,0-1,https://www.besoccer.com/match/guingamp/caen/201739937,2017,23,ligue_1
Toulouse,Angers SCO,4-0,https://www.besoccer.com/match/toulouse-fc/angers-sco/201739934,2017,23,ligue_1
Nantes,Nancy,0-2,https://www.besoccer.com/match/nantes/nancy/201739936,2017,23,ligue_1
Saint-Étienne,Olympique Lyonnais,2-0,https://www.besoccer.com/match/saint-etienne/olympique-lyonnais/201739437,2017,23,ligue_1
Caen,Girondins Bordeaux,0-4,https://www.besoccer.com/match/caen/bordeaux/201739947,2017,24,ligue_1
Montpellier,Monaco,1-2,https://www.besoccer.com/match/montpellier-hsc/monaco/201739940,2017,24,ligue_1
PSG,Lille,2-1,https://www.besoccer.com/match/paris-saint-germain-fc/lillestrom/201739944,2017,24,ligue_1
Lorient,Toulouse,1-1,https://www.besoccer.com/match/lorient/toulouse-fc/201739939,2017,24,ligue_1
Nice,Saint-Étienne,1-0,https://www.besoccer.com/match/nice/saint-etienne/201739941,2017,24,ligue_1
Olympique Lyonnais,Nancy,4-0,https://www.besoccer.com/match/olympique-lyonnais/nancy/201739943,2017,24,ligue_1
Angers SCO,Stade Rennais,0-0,https://www.besoccer.com/match/angers-sco/stade-rennes/201739946,2017,24,ligue_1
Metz,Dijon FCO,2-1,https://www.besoccer.com/match/metz/dijon-fco/201739948,2017,24,ligue_1
Olympique Marseille,Guingamp,2-0,https://www.besoccer.com/match/olympique-marsella/guingamp/201739942,2017,24,ligue_1
Bastia,Nantes,2-2,https://www.besoccer.com/match/bastia/nantes/201739945,2017,24,ligue_1
Girondins Bordeaux,PSG,0-3,https://www.besoccer.com/match/bordeaux/paris-saint-germain-fc/201739951,2017,25,ligue_1
Guingamp,Olympique Lyonnais,2-1,https://www.besoccer.com/match/guingamp/olympique-lyonnais/201739958,2017,25,ligue_1
Nancy,Montpellier,0-3,https://www.besoccer.com/match/nancy/montpellier-hsc/201739949,2017,25,ligue_1
Lille,Angers SCO,1-2,https://www.besoccer.com/match/lillestrom/angers-sco/201739952,2017,25,ligue_1
Dijon FCO,Caen,2-0,https://www.besoccer.com/match/dijon-fco/caen/201739953,2017,25,ligue_1
Toulouse,Bastia,4-1,https://www.besoccer.com/match/toulouse-fc/bastia/201739954,2017,25,ligue_1
Monaco,Metz,5-0,https://www.besoccer.com/match/monaco/metz/201739956,2017,25,ligue_1
Stade Rennais,Nice,2-2,https://www.besoccer.com/match/stade-rennes/nice/201739955,2017,25,ligue_1
Saint-Étienne,Lorient,4-0,https://www.besoccer.com/match/saint-etienne/lorient/201739950,2017,25,ligue_1
Nantes,Olympique Marseille,3-2,https://www.besoccer.com/match/nantes/olympique-marsella/201739957,2017,25,ligue_1
Bastia,Monaco,1-1,https://www.besoccer.com/match/bastia/monaco/201739965,2017,26,ligue_1
Olympique Marseille,Stade Rennais,2-0,https://www.besoccer.com/match/olympique-marsella/stade-rennes/201739962,2017,26,ligue_1
Lorient,Nice,0-1,https://www.besoccer.com/match/lorient/nice/201739959,2017,26,ligue_1
Angers SCO,Nancy,1-0,https://www.besoccer.com/match/angers-sco/nancy/201739966,2017,26,ligue_1
Caen,Lille,0-1,https://www.besoccer.com/match/caen/lillestrom/201739967,2017,26,ligue_1
Metz,Nantes,1-1,https://www.besoccer.com/match/metz/nantes/201739968,2017,26,ligue_1
Girondins Bordeaux,Guingamp,3-0,https://www.besoccer.com/match/bordeaux/guingamp/201739960,2017,26,ligue_1
Montpellier,Saint-Étienne,2-1,https://www.besoccer.com/match/montpellier-hsc/saint-etienne/201739961,2017,26,ligue_1
Olympique Lyonnais,Dijon FCO,4-2,https://www.besoccer.com/match/olympique-lyonnais/dijon-fco/201739963,2017,26,ligue_1
PSG,Toulouse,0-0,https://www.besoccer.com/match/paris-saint-germain-fc/toulouse-fc/201739964,2017,26,ligue_1
Nantes,Dijon FCO,3-1,https://www.besoccer.com/match/nantes/dijon-fco/201739977,2017,27,ligue_1
Nice,Montpellier,2-1,https://www.besoccer.com/match/nice/montpellier-hsc/201739972,2017,27,ligue_1
Guingamp,Monaco,1-2,https://www.besoccer.com/match/guingamp/monaco/201739978,2017,27,ligue_1
Nancy,Toulouse,0-0,https://www.besoccer.com/match/nancy/toulouse-fc/201739969,2017,27,ligue_1
Lille,Girondins Bordeaux,2-3,https://www.besoccer.com/match/lillestrom/bordeaux/201739971,2017,27,ligue_1
Angers SCO,Bastia,3-0,https://www.besoccer.com/match/angers-sco/bastia/201739975,2017,27,ligue_1
Stade Rennais,Lorient,1-0,https://www.besoccer.com/match/stade-rennes/lorient/201739976,2017,27,ligue_1
Saint-Étienne,Caen,0-1,https://www.besoccer.com/match/saint-etienne/caen/201739970,2017,27,ligue_1
Olympique Lyonnais,Metz,5-0,https://www.besoccer.com/match/olympique-lyonnais/metz/201739974,2017,27,ligue_1
Olympique Marseille,PSG,1-5,https://www.besoccer.com/match/olympique-marsella/paris-saint-germain-fc/201739432,2017,27,ligue_1
Girondins Bordeaux,Olympique Lyonnais,1-1,https://www.besoccer.com/match/bordeaux/olympique-lyonnais/201739980,2017,28,ligue_1
PSG,Nancy,1-0,https://www.besoccer.com/match/paris-saint-germain-fc/nancy/201739982,2017,28,ligue_1
Montpellier,Guingamp,1-1,https://www.besoccer.com/match/montpellier-hsc/guingamp/201739981,2017,28,ligue_1
Bastia,Saint-Étienne,0-0,https://www.besoccer.com/match/bastia/saint-etienne/201739983,2017,28,ligue_1
Dijon FCO,Nice,0-1,https://www.besoccer.com/match/dijon-fco/nice/201739984,2017,28,ligue_1
Caen,Angers SCO,2-3,https://www.besoccer.com/match/caen/angers-sco/201739987,2017,28,ligue_1
Metz,Stade Rennais,1-1,https://www.besoccer.com/match/metz/stade-rennes/201739988,2017,28,ligue_1
Lorient,Olympique Marseille,1-4,https://www.besoccer.com/match/lorient/olympique-marsella/201739979,2017,28,ligue_1
Toulouse,Lille,1-1,https://www.besoccer.com/match/toulouse-fc/lillestrom/201739985,2017,28,ligue_1
Monaco,Nantes,4-0,https://www.besoccer.com/match/monaco/nantes/201739986,2017,28,ligue_1
Nice,Caen,2-2,https://www.besoccer.com/match/nice/caen/201739993,2017,29,ligue_1
Olympique Marseille,Angers SCO,3-0,https://www.besoccer.com/match/olympique-marsella/angers-sco/201739994,2017,29,ligue_1
Monaco,Girondins Bordeaux,2-1,https://www.besoccer.com/match/monaco/bordeaux/201739997,2017,29,ligue_1
Nancy,Lille,1-2,https://www.besoccer.com/match/nancy/lillestrom/201739989,2017,29,ligue_1
Montpellier,Nantes,2-3,https://www.besoccer.com/match/montpellier-hsc/nantes/201739992,2017,29,ligue_1
Stade Rennais,Dijon FCO,1-1,https://www.besoccer.com/match/stade-rennes/dijon-fco/201739996,2017,29,ligue_1
Guingamp,Bastia,5-0,https://www.besoccer.com/match/guingamp/bastia/201739998,2017,29,ligue_1
Saint-Étienne,Metz,2-2,https://www.besoccer.com/match/saint-etienne/metz/201739990,2017,29,ligue_1
Olympique Lyonnais,Toulouse,4-0,https://www.besoccer.com/match/olympique-lyonnais/toulouse-fc/201739995,2017,29,ligue_1
Lorient,PSG,1-2,https://www.besoccer.com/match/lorient/paris-saint-germain-fc/201739991,2017,29,ligue_1
Metz,Bastia,1-0,https://www.besoccer.com/match/metz/bastia/201740008,2017,30,ligue_1
Lille,Olympique Marseille,0-0,https://www.besoccer.com/match/lillestrom/olympique-marsella/201740001,2017,30,ligue_1
Nantes,Nice,1-1,https://www.besoccer.com/match/nantes/nice/201740006,2017,30,ligue_1
Nancy,Lorient,2-3,https://www.besoccer.com/match/nancy/lorient/201739999,2017,30,ligue_1
Girondins Bordeaux,Montpellier,5-1,https://www.besoccer.com/match/bordeaux/montpellier-hsc/201740000,2017,30,ligue_1
Toulouse,Stade Rennais,0-0,https://www.besoccer.com/match/toulouse-fc/stade-rennes/201740004,2017,30,ligue_1
Angers SCO,Guingamp,3-0,https://www.besoccer.com/match/angers-sco/guingamp/201740005,2017,30,ligue_1
Caen,Monaco,0-3,https://www.besoccer.com/match/caen/monaco/201740007,2017,30,ligue_1
Dijon FCO,Saint-Étienne,0-1,https://www.besoccer.com/match/dijon-fco/saint-etienne/201740003,2017,30,ligue_1
PSG,Olympique Lyonnais,2-1,https://www.besoccer.com/match/paris-saint-germain-fc/olympique-lyonnais/201739430,2017,30,ligue_1
Guingamp,Nancy,1-0,https://www.besoccer.com/match/guingamp/nancy/201740018,2017,31,ligue_1
Olympique Marseille,Dijon FCO,1-1,https://www.besoccer.com/match/olympique-marsella/dijon-fco/201740012,2017,31,ligue_1
Bastia,Lille,0-1,https://www.besoccer.com/match/bastia/lillestrom/201740013,2017,31,ligue_1
Stade Rennais,Olympique Lyonnais,1-1,https://www.besoccer.com/match/stade-rennes/olympique-lyonnais/201740014,2017,31,ligue_1
Lorient,Caen,1-0,https://www.besoccer.com/match/lorient/caen/201740009,2017,31,ligue_1
Montpellier,Toulouse,0-1,https://www.besoccer.com/match/montpellier-hsc/toulouse-fc/201740010,2017,31,ligue_1
Nantes,Angers SCO,2-1,https://www.besoccer.com/match/nantes/angers-sco/201740016,2017,31,ligue_1
Nice,Girondins Bordeaux,2-1,https://www.besoccer.com/match/nice/bordeaux/201740011,2017,31,ligue_1
Metz,PSG,2-3,https://www.besoccer.com/match/metz/paris-saint-germain-fc/201740017,2017,31,ligue_1
Monaco,Saint-Étienne,2-0,https://www.besoccer.com/match/monaco/saint-etienne/201740015,2017,31,ligue_1
Lille,Nice,1-2,https://www.besoccer.com/match/lillestrom/nice/201740022,2017,32,ligue_1
Angers SCO,Monaco,0-1,https://www.besoccer.com/match/angers-sco/monaco/201740027,2017,32,ligue_1
Nancy,Stade Rennais,3-0,https://www.besoccer.com/match/nancy/stade-rennes/201740019,2017,32,ligue_1
Girondins Bordeaux,Metz,3-0,https://www.besoccer.com/match/bordeaux/metz/201740021,2017,32,ligue_1
Olympique Lyonnais,Lorient,1-4,https://www.besoccer.com/match/olympique-lyonnais/lorient/201740023,2017,32,ligue_1
Dijon FCO,Bastia,1-2,https://www.besoccer.com/match/dijon-fco/bastia/201740025,2017,32,ligue_1
Caen,Montpellier,0-2,https://www.besoccer.com/match/caen/montpellier-hsc/201740028,2017,32,ligue_1
Toulouse,Olympique Marseille,0-0,https://www.besoccer.com/match/toulouse-fc/olympique-marsella/201740026,2017,32,ligue_1
Saint-Étienne,Nantes,1-1,https://www.besoccer.com/match/saint-etienne/nantes/201740020,2017,32,ligue_1
PSG,Guingamp,4-0,https://www.besoccer.com/match/paris-saint-germain-fc/guingamp/201740024,2017,32,ligue_1
Angers SCO,PSG,0-2,https://www.besoccer.com/match/angers-sco/paris-saint-germain-fc/201740033,2017,33,ligue_1
Nice,Nancy,3-1,https://www.besoccer.com/match/nice/nancy/201740030,2017,33,ligue_1
Montpellier,Lorient,2-0,https://www.besoccer.com/match/montpellier-hsc/lorient/201740029,2017,33,ligue_1
Stade Rennais,Lille,2-0,https://www.besoccer.com/match/stade-rennes/lillestrom/201740034,2017,33,ligue_1
Guingamp,Toulouse,2-1,https://www.besoccer.com/match/guingamp/toulouse-fc/201740037,2017,33,ligue_1
Metz,Caen,2-2,https://www.besoccer.com/match/metz/caen/201740038,2017,33,ligue_1
Monaco,Dijon FCO,2-1,https://www.besoccer.com/match/monaco/dijon-fco/201740035,2017,33,ligue_1
Nantes,Girondins Bordeaux,0-1,https://www.besoccer.com/match/nantes/bordeaux/201740036,2017,33,ligue_1
Bastia,Olympique Lyonnais,0-0,https://www.besoccer.com/match/bastia/olympique-lyonnais/201740032,2017,33,ligue_1
Olympique Marseille,Saint-Étienne,4-0,https://www.besoccer.com/match/olympique-marsella/saint-etienne/201740031,2017,33,ligue_1
Nancy,Olympique Marseille,0-0,https://www.besoccer.com/match/nancy/olympique-marsella/201739594,2017,34,ligue_1
PSG,Montpellier,2-0,https://www.besoccer.com/match/paris-saint-germain-fc/montpellier-hsc/201739603,2017,34,ligue_1
Lorient,Metz,5-1,https://www.besoccer.com/match/lorient/metz/201739598,2017,34,ligue_1
Girondins Bordeaux,Bastia,2-0,https://www.besoccer.com/match/bordeaux/bastia/201739601,2017,34,ligue_1
Lille,Guingamp,3-0,https://www.besoccer.com/match/lillestrom/guingamp/201739602,2017,34,ligue_1
Dijon FCO,Angers SCO,3-2,https://www.besoccer.com/match/dijon-fco/angers-sco/201739604,2017,34,ligue_1
Caen,Nantes,0-2,https://www.besoccer.com/match/caen/nantes/201739610,2017,34,ligue_1
Toulouse,Nice,1-1,https://www.besoccer.com/match/toulouse-fc/nice/201739607,2017,34,ligue_1
Saint-Étienne,Stade Rennais,1-1,https://www.besoccer.com/match/saint-etienne/stade-rennes/201739595,2017,34,ligue_1
Olympique Lyonnais,Monaco,1-2,https://www.besoccer.com/match/olympique-lyonnais/monaco/201739427,2017,34,ligue_1
Angers SCO,Olympique Lyonnais,1-2,https://www.besoccer.com/match/angers-sco/olympique-lyonnais/201739582,2017,35,ligue_1
Monaco,Toulouse,3-1,https://www.besoccer.com/match/monaco/toulouse-fc/201739584,2017,35,ligue_1
Montpellier,Lille,0-3,https://www.besoccer.com/match/montpellier-hsc/lillestrom/201739557,2017,35,ligue_1
Bastia,Stade Rennais,1-0,https://www.besoccer.com/match/bastia/stade-rennes/201739579,2017,35,ligue_1
Nantes,Lorient,1-0,https://www.besoccer.com/match/nantes/lorient/201739585,2017,35,ligue_1
Guingamp,Saint-Étienne,0-2,https://www.besoccer.com/match/guingamp/saint-etienne/201739590,2017,35,ligue_1
Metz,Nancy,2-1,https://www.besoccer.com/match/metz/nancy/201739591,2017,35,ligue_1
Caen,Olympique Marseille,1-5,https://www.besoccer.com/match/caen/olympique-marsella/201739588,2017,35,ligue_1
Dijon FCO,Girondins Bordeaux,0-0,https://www.besoccer.com/match/dijon-fco/bordeaux/201739581,2017,35,ligue_1
Nice,PSG,3-1,https://www.besoccer.com/match/nice/paris-saint-germain-fc/201739559,2017,35,ligue_1
Saint-Étienne,Girondins Bordeaux,2-2,https://www.besoccer.com/match/saint-etienne/bordeaux/201739529,2017,36,ligue_1
PSG,Bastia,5-0,https://www.besoccer.com/match/paris-saint-germain-fc/bastia/201739543,2017,36,ligue_1
Nancy,Monaco,0-3,https://www.besoccer.com/match/nancy/monaco/201739528,2017,36,ligue_1
Lorient,Angers SCO,1-1,https://www.besoccer.com/match/lorient/angers-sco/201739530,2017,36,ligue_1
Lille,Metz,0-2,https://www.besoccer.com/match/lillestrom/metz/201739531,2017,36,ligue_1
Toulouse,Caen,0-1,https://www.besoccer.com/match/toulouse-fc/caen/201739545,2017,36,ligue_1
Guingamp,Dijon FCO,4-0,https://www.besoccer.com/match/guingamp/dijon-fco/201739553,2017,36,ligue_1
Stade Rennais,Montpellier,1-0,https://www.besoccer.com/match/stade-rennes/montpellier-hsc/201739547,2017,36,ligue_1
Olympique Lyonnais,Nantes,3-2,https://www.besoccer.com/match/olympique-lyonnais/nantes/201739539,2017,36,ligue_1
Olympique Marseille,Nice,2-1,https://www.besoccer.com/match/olympique-marsella/nice/201739536,2017,36,ligue_1
Saint-Étienne,PSG,0-5,https://www.besoccer.com/match/saint-etienne/paris-saint-germain-fc/201739482,2017,37,ligue_1
Girondins Bordeaux,Olympique Marseille,1-1,https://www.besoccer.com/match/bordeaux/olympique-marsella/201739484,2017,37,ligue_1
Montpellier,Olympique Lyonnais,1-3,https://www.besoccer.com/match/montpellier-hsc/olympique-lyonnais/201739492,2017,37,ligue_1
Nice,Angers SCO,0-2,https://www.besoccer.com/match/nice/angers-sco/201739497,2017,37,ligue_1
Bastia,Lorient,2-0,https://www.besoccer.com/match/bastia/lorient/201739502,2017,37,ligue_1
Dijon FCO,Nancy,2-0,https://www.besoccer.com/match/dijon-fco/nancy/201739506,2017,37,ligue_1
Monaco,Lille,4-0,https://www.besoccer.com/match/monaco/lillestrom/201739514,2017,37,ligue_1
Nantes,Guingamp,4-1,https://www.besoccer.com/match/nantes/guingamp/201739515,2017,37,ligue_1
Caen,Stade Rennais,0-1,https://www.besoccer.com/match/caen/stade-rennes/201739518,2017,37,ligue_1
Metz,Toulouse,1-1,https://www.besoccer.com/match/metz/toulouse-fc/201739524,2017,37,ligue_1
Nancy,Saint-Étienne,3-1,https://www.besoccer.com/match/nancy/saint-etienne/201739442,2017,38,ligue_1
Lorient,Girondins Bordeaux,1-1,https://www.besoccer.com/match/lorient/bordeaux/201739448,2017,38,ligue_1
Lille,Nantes,3-0,https://www.besoccer.com/match/lillestrom/nantes/201739450,2017,38,ligue_1
Olympique Marseille,Bastia,1-0,https://www.besoccer.com/match/olympique-marsella/bastia/201739451,2017,38,ligue_1
PSG,Caen,1-1,https://www.besoccer.com/match/paris-saint-germain-fc/caen/201739453,2017,38,ligue_1
Olympique Lyonnais,Nice,3-3,https://www.besoccer.com/match/olympique-lyonnais/nice/201739454,2017,38,ligue_1
Toulouse,Dijon FCO,0-0,https://www.besoccer.com/match/toulouse-fc/dijon-fco/201739462,2017,38,ligue_1
Angers SCO,Montpellier,2-0,https://www.besoccer.com/match/angers-sco/montpellier-hsc/201739465,2017,38,ligue_1
Stade Rennais,Monaco,2-3,https://www.besoccer.com/match/stade-rennes/monaco/201739467,2017,38,ligue_1
Guingamp,Metz,1-0,https://www.besoccer.com/match/guingamp/metz/201739476,2017,38,ligue_1
