Home_Team,Away_Team,Result,Link,Season,Round,League
Las Palmas,R. Sociedad,1-1,https://www.besoccer.com/match/ud-palmas/real-sociedad/20101142,2010,1,segunda_division
Celta,Numancia,1-2,https://www.besoccer.com/match/celta/numancia/20101144,2010,1,segunda_division
Villarreal B,Levante,2-2,https://www.besoccer.com/match/villarreal-b/levante/20101146,2010,1,segunda_division
Real Unión de Irún,Recreativo,0-1,https://www.besoccer.com/match/real-union-club-irun/recreativo/20101149,2010,1,segunda_division
Rayo Vallecano,Albacete,3-0,https://www.besoccer.com/match/rayo-vallecano/albacete/20101150,2010,1,segunda_division
Girona,FC Cartagena,0-1,https://www.besoccer.com/match/girona-fc/cartagena/20101151,2010,1,segunda_division
Real Betis,Córdoba,3-0,https://www.besoccer.com/match/betis/cordoba/20101147,2010,1,segunda_division
Elche,Huesca,0-2,https://www.besoccer.com/match/elche/huesca/20101143,2010,1,segunda_division
Cádiz,UD Salamanca,0-1,https://www.besoccer.com/match/cadiz/salamanca/20101145,2010,1,segunda_division
CD Castellón,Hércules,0-0,https://www.besoccer.com/match/cd-castellon/hercules/20101148,2010,1,segunda_division
Real Murcia,Gimnàstic Tarragona,0-1,https://www.besoccer.com/match/real-murcia/gimnastic-tarragona/20101141,2010,1,segunda_division
Gimnàstic Tarragona,Girona,1-1,https://www.besoccer.com/match/gimnastic-tarragona/girona-fc/20101152,2010,2,segunda_division
Huesca,Las Palmas,1-1,https://www.besoccer.com/match/huesca/ud-palmas/20101154,2010,2,segunda_division
Córdoba,Villarreal B,3-1,https://www.besoccer.com/match/cordoba/villarreal-b/20101158,2010,2,segunda_division
Recreativo,CD Castellón,2-0,https://www.besoccer.com/match/recreativo/cd-castellon/20101160,2010,2,segunda_division
FC Cartagena,Rayo Vallecano,2-0,https://www.besoccer.com/match/cartagena/rayo-vallecano/20101162,2010,2,segunda_division
Levante,Cádiz,1-1,https://www.besoccer.com/match/levante/cadiz/20101157,2010,2,segunda_division
Numancia,Elche,4-1,https://www.besoccer.com/match/numancia/elche/20101155,2010,2,segunda_division
R. Sociedad,Real Murcia,0-0,https://www.besoccer.com/match/real-sociedad/real-murcia/20101153,2010,2,segunda_division
UD Salamanca,Celta,1-1,https://www.besoccer.com/match/salamanca/celta/20101156,2010,2,segunda_division
Hércules,Real Betis,3-2,https://www.besoccer.com/match/hercules/betis/20101159,2010,2,segunda_division
Albacete,Real Unión de Irún,1-0,https://www.besoccer.com/match/albacete/real-union-club-irun/20101161,2010,2,segunda_division
Real Unión de Irún,FC Cartagena,1-1,https://www.besoccer.com/match/real-union-club-irun/cartagena/20101172,2010,3,segunda_division
Gimnàstic Tarragona,R. Sociedad,1-2,https://www.besoccer.com/match/gimnastic-tarragona/real-sociedad/20101163,2010,3,segunda_division
Las Palmas,Numancia,1-0,https://www.besoccer.com/match/ud-palmas/numancia/20101165,2010,3,segunda_division
Celta,Levante,1-1,https://www.besoccer.com/match/celta/levante/20101167,2010,3,segunda_division
Cádiz,Córdoba,0-0,https://www.besoccer.com/match/cadiz/cordoba/20101168,2010,3,segunda_division
Villarreal B,Hércules,1-0,https://www.besoccer.com/match/villarreal-b/hercules/20101169,2010,3,segunda_division
CD Castellón,Albacete,3-5,https://www.besoccer.com/match/cd-castellon/albacete/20101171,2010,3,segunda_division
Girona,Rayo Vallecano,1-1,https://www.besoccer.com/match/girona-fc/rayo-vallecano/20101173,2010,3,segunda_division
Real Murcia,Huesca,1-1,https://www.besoccer.com/match/real-murcia/huesca/20101164,2010,3,segunda_division
Elche,UD Salamanca,2-2,https://www.besoccer.com/match/elche/salamanca/20101166,2010,3,segunda_division
Real Betis,Recreativo,3-0,https://www.besoccer.com/match/betis/recreativo/20101170,2010,3,segunda_division
Huesca,Gimnàstic Tarragona,0-1,https://www.besoccer.com/match/huesca/gimnastic-tarragona/20101175,2010,4,segunda_division
Numancia,Real Murcia,1-1,https://www.besoccer.com/match/numancia/real-murcia/20101176,2010,4,segunda_division
Levante,Elche,2-1,https://www.besoccer.com/match/levante/elche/20101178,2010,4,segunda_division
Córdoba,Celta,1-0,https://www.besoccer.com/match/cordoba/celta/20101179,2010,4,segunda_division
FC Cartagena,CD Castellón,2-1,https://www.besoccer.com/match/cartagena/cd-castellon/20101183,2010,4,segunda_division
Rayo Vallecano,Real Unión de Irún,2-0,https://www.besoccer.com/match/rayo-vallecano/real-union-club-irun/20101184,2010,4,segunda_division
Hércules,Cádiz,1-0,https://www.besoccer.com/match/hercules/cadiz/20101180,2010,4,segunda_division
R. Sociedad,Girona,2-2,https://www.besoccer.com/match/real-sociedad/girona-fc/20101174,2010,4,segunda_division
UD Salamanca,Las Palmas,0-1,https://www.besoccer.com/match/salamanca/ud-palmas/20101177,2010,4,segunda_division
Recreativo,Villarreal B,2-1,https://www.besoccer.com/match/recreativo/villarreal-b/20101181,2010,4,segunda_division
Albacete,Real Betis,1-3,https://www.besoccer.com/match/albacete/betis/20101182,2010,4,segunda_division
Celta,Hércules,0-1,https://www.besoccer.com/match/celta/hercules/20101190,2010,5,segunda_division
Real Murcia,UD Salamanca,2-2,https://www.besoccer.com/match/real-murcia/salamanca/20101187,2010,5,segunda_division
Las Palmas,Levante,0-1,https://www.besoccer.com/match/ud-palmas/levante/20101188,2010,5,segunda_division
Cádiz,Recreativo,1-0,https://www.besoccer.com/match/cadiz/recreativo/20101191,2010,5,segunda_division
Villarreal B,Albacete,2-2,https://www.besoccer.com/match/villarreal-b/albacete/20101192,2010,5,segunda_division
CD Castellón,Rayo Vallecano,1-3,https://www.besoccer.com/match/cd-castellon/rayo-vallecano/20101194,2010,5,segunda_division
Girona,Real Unión de Irún,0-2,https://www.besoccer.com/match/girona-fc/real-union-club-irun/20101195,2010,5,segunda_division
Real Betis,FC Cartagena,0-0,https://www.besoccer.com/match/betis/cartagena/20101193,2010,5,segunda_division
R. Sociedad,Huesca,2-0,https://www.besoccer.com/match/real-sociedad/huesca/20101185,2010,5,segunda_division
Gimnàstic Tarragona,Numancia,0-1,https://www.besoccer.com/match/gimnastic-tarragona/numancia/20101186,2010,5,segunda_division
Elche,Córdoba,3-0,https://www.besoccer.com/match/elche/cordoba/20101189,2010,5,segunda_division
FC Cartagena,Villarreal B,0-0,https://www.besoccer.com/match/cartagena/villarreal-b/20101204,2010,6,segunda_division
Huesca,Girona,2-2,https://www.besoccer.com/match/huesca/girona-fc/20101196,2010,6,segunda_division
Levante,Real Murcia,2-2,https://www.besoccer.com/match/levante/real-murcia/20101199,2010,6,segunda_division
Hércules,Elche,3-0,https://www.besoccer.com/match/hercules/elche/20101201,2010,6,segunda_division
Recreativo,Celta,1-2,https://www.besoccer.com/match/recreativo/celta/20101202,2010,6,segunda_division
Real Unión de Irún,CD Castellón,3-1,https://www.besoccer.com/match/real-union-club-irun/cd-castellon/20101206,2010,6,segunda_division
Rayo Vallecano,Real Betis,2-2,https://www.besoccer.com/match/rayo-vallecano/betis/20101205,2010,6,segunda_division
Numancia,R. Sociedad,1-3,https://www.besoccer.com/match/numancia/real-sociedad/20101197,2010,6,segunda_division
UD Salamanca,Gimnàstic Tarragona,1-0,https://www.besoccer.com/match/salamanca/gimnastic-tarragona/20101198,2010,6,segunda_division
Córdoba,Las Palmas,1-0,https://www.besoccer.com/match/cordoba/ud-palmas/20101200,2010,6,segunda_division
Albacete,Cádiz,0-1,https://www.besoccer.com/match/albacete/cadiz/20101203,2010,6,segunda_division
Huesca,Numancia,0-0,https://www.besoccer.com/match/huesca/numancia/20101207,2010,7,segunda_division
Gimnàstic Tarragona,Levante,1-0,https://www.besoccer.com/match/gimnastic-tarragona/levante/20101209,2010,7,segunda_division
Real Murcia,Córdoba,1-1,https://www.besoccer.com/match/real-murcia/cordoba/20101210,2010,7,segunda_division
Las Palmas,Hércules,0-0,https://www.besoccer.com/match/ud-palmas/hercules/20101211,2010,7,segunda_division
Elche,Recreativo,3-2,https://www.besoccer.com/match/elche/recreativo/20101212,2010,7,segunda_division
Celta,Albacete,1-1,https://www.besoccer.com/match/celta/albacete/20101213,2010,7,segunda_division
Villarreal B,Rayo Vallecano,0-2,https://www.besoccer.com/match/villarreal-b/rayo-vallecano/20101215,2010,7,segunda_division
Girona,CD Castellón,1-0,https://www.besoccer.com/match/girona-fc/cd-castellon/20101217,2010,7,segunda_division
R. Sociedad,UD Salamanca,2-0,https://www.besoccer.com/match/real-sociedad/salamanca/20101208,2010,7,segunda_division
Real Betis,Real Unión de Irún,1-1,https://www.besoccer.com/match/betis/real-union-club-irun/20101216,2010,7,segunda_division
Cádiz,FC Cartagena,1-3,https://www.besoccer.com/match/cadiz/cartagena/20101214,2010,7,segunda_division
CD Castellón,Real Betis,1-0,https://www.besoccer.com/match/cd-castellon/betis/20101228,2010,8,segunda_division
UD Salamanca,Huesca,2-1,https://www.besoccer.com/match/salamanca/huesca/20101219,2010,8,segunda_division
Recreativo,Las Palmas,2-0,https://www.besoccer.com/match/recreativo/ud-palmas/20101223,2010,8,segunda_division
FC Cartagena,Celta,1-1,https://www.besoccer.com/match/cartagena/celta/20101225,2010,8,segunda_division
Rayo Vallecano,Cádiz,2-2,https://www.besoccer.com/match/rayo-vallecano/cadiz/20101226,2010,8,segunda_division
Real Unión de Irún,Villarreal B,0-1,https://www.besoccer.com/match/real-union-club-irun/villarreal-b/20101227,2010,8,segunda_division
Hércules,Real Murcia,1-1,https://www.besoccer.com/match/hercules/real-murcia/20101222,2010,8,segunda_division
Numancia,Girona,3-1,https://www.besoccer.com/match/numancia/girona-fc/20101218,2010,8,segunda_division
Levante,R. Sociedad,1-0,https://www.besoccer.com/match/levante/real-sociedad/20101220,2010,8,segunda_division
Córdoba,Gimnàstic Tarragona,1-1,https://www.besoccer.com/match/cordoba/gimnastic-tarragona/20101221,2010,8,segunda_division
Albacete,Elche,2-2,https://www.besoccer.com/match/albacete/elche/20101224,2010,8,segunda_division
Gimnàstic Tarragona,Hércules,1-1,https://www.besoccer.com/match/gimnastic-tarragona/hercules/20101232,2010,9,segunda_division
Huesca,Levante,0-0,https://www.besoccer.com/match/huesca/levante/20101230,2010,9,segunda_division
R. Sociedad,Córdoba,1-0,https://www.besoccer.com/match/real-sociedad/cordoba/20101231,2010,9,segunda_division
Real Murcia,Recreativo,0-1,https://www.besoccer.com/match/real-murcia/recreativo/20101233,2010,9,segunda_division
Las Palmas,Albacete,4-0,https://www.besoccer.com/match/ud-palmas/albacete/20101234,2010,9,segunda_division
Villarreal B,CD Castellón,3-1,https://www.besoccer.com/match/villarreal-b/cd-castellon/20101238,2010,9,segunda_division
Girona,Real Betis,0-2,https://www.besoccer.com/match/girona-fc/betis/20101239,2010,9,segunda_division
Celta,Rayo Vallecano,0-0,https://www.besoccer.com/match/celta/rayo-vallecano/20101236,2010,9,segunda_division
Numancia,UD Salamanca,1-1,https://www.besoccer.com/match/numancia/salamanca/20101229,2010,9,segunda_division
Elche,FC Cartagena,1-1,https://www.besoccer.com/match/elche/cartagena/20101235,2010,9,segunda_division
Cádiz,Real Unión de Irún,2-1,https://www.besoccer.com/match/cadiz/real-union-club-irun/20101237,2010,9,segunda_division
Recreativo,Gimnàstic Tarragona,0-1,https://www.besoccer.com/match/recreativo/gimnastic-tarragona/20101244,2010,10,segunda_division
Córdoba,Huesca,2-1,https://www.besoccer.com/match/cordoba/huesca/20101242,2010,10,segunda_division
Albacete,Real Murcia,3-2,https://www.besoccer.com/match/albacete/real-murcia/20101245,2010,10,segunda_division
FC Cartagena,Las Palmas,4-1,https://www.besoccer.com/match/cartagena/ud-palmas/20101246,2010,10,segunda_division
Rayo Vallecano,Elche,0-1,https://www.besoccer.com/match/rayo-vallecano/elche/20101247,2010,10,segunda_division
Real Unión de Irún,Celta,2-0,https://www.besoccer.com/match/real-union-club-irun/celta/20101248,2010,10,segunda_division
CD Castellón,Cádiz,4-1,https://www.besoccer.com/match/cd-castellon/cadiz/20101249,2010,10,segunda_division
Hércules,R. Sociedad,5-1,https://www.besoccer.com/match/hercules/real-sociedad/20101243,2010,10,segunda_division
UD Salamanca,Girona,0-1,https://www.besoccer.com/match/salamanca/girona-fc/20101240,2010,10,segunda_division
Levante,Numancia,3-1,https://www.besoccer.com/match/levante/numancia/20101241,2010,10,segunda_division
Real Betis,Villarreal B,4-0,https://www.besoccer.com/match/betis/villarreal-b/20101250,2010,10,segunda_division
R. Sociedad,Recreativo,1-0,https://www.besoccer.com/match/real-sociedad/recreativo/20101254,2010,11,segunda_division
UD Salamanca,Levante,3-2,https://www.besoccer.com/match/salamanca/levante/20101251,2010,11,segunda_division
Numancia,Córdoba,2-2,https://www.besoccer.com/match/numancia/cordoba/20101252,2010,11,segunda_division
Huesca,Hércules,1-0,https://www.besoccer.com/match/huesca/hercules/20101253,2010,11,segunda_division
Gimnàstic Tarragona,Albacete,1-3,https://www.besoccer.com/match/gimnastic-tarragona/albacete/20101255,2010,11,segunda_division
Las Palmas,Rayo Vallecano,2-1,https://www.besoccer.com/match/ud-palmas/rayo-vallecano/20101257,2010,11,segunda_division
Celta,CD Castellón,2-1,https://www.besoccer.com/match/celta/cd-castellon/20101259,2010,11,segunda_division
Real Murcia,FC Cartagena,1-4,https://www.besoccer.com/match/real-murcia/cartagena/20101256,2010,11,segunda_division
Elche,Real Unión de Irún,2-1,https://www.besoccer.com/match/elche/real-union-club-irun/20101258,2010,11,segunda_division
Cádiz,Real Betis,2-2,https://www.besoccer.com/match/cadiz/betis/20101260,2010,11,segunda_division
Girona,Villarreal B,3-1,https://www.besoccer.com/match/girona-fc/villarreal-b/20101261,2010,11,segunda_division
Levante,Girona,3-2,https://www.besoccer.com/match/levante/girona-fc/20101262,2010,12,segunda_division
Recreativo,Huesca,2-0,https://www.besoccer.com/match/recreativo/huesca/20101265,2010,12,segunda_division
Albacete,R. Sociedad,0-0,https://www.besoccer.com/match/albacete/real-sociedad/20101266,2010,12,segunda_division
Rayo Vallecano,Real Murcia,2-0,https://www.besoccer.com/match/rayo-vallecano/real-murcia/20101268,2010,12,segunda_division
Real Unión de Irún,Las Palmas,0-0,https://www.besoccer.com/match/real-union-club-irun/ud-palmas/20101269,2010,12,segunda_division
CD Castellón,Elche,0-2,https://www.besoccer.com/match/cd-castellon/elche/20101270,2010,12,segunda_division
Villarreal B,Cádiz,2-0,https://www.besoccer.com/match/villarreal-b/cadiz/20101272,2010,12,segunda_division
Córdoba,UD Salamanca,2-0,https://www.besoccer.com/match/cordoba/salamanca/20101263,2010,12,segunda_division
Hércules,Numancia,1-0,https://www.besoccer.com/match/hercules/numancia/20101264,2010,12,segunda_division
FC Cartagena,Gimnàstic Tarragona,0-2,https://www.besoccer.com/match/cartagena/gimnastic-tarragona/20101267,2010,12,segunda_division
Real Betis,Celta,1-1,https://www.besoccer.com/match/betis/celta/20101271,2010,12,segunda_division
Girona,Cádiz,4-0,https://www.besoccer.com/match/girona-fc/cadiz/20101283,2010,13,segunda_division
Levante,Córdoba,0-0,https://www.besoccer.com/match/levante/cordoba/20101273,2010,13,segunda_division
Huesca,Albacete,2-1,https://www.besoccer.com/match/huesca/albacete/20101276,2010,13,segunda_division
Gimnàstic Tarragona,Rayo Vallecano,1-1,https://www.besoccer.com/match/gimnastic-tarragona/rayo-vallecano/20101278,2010,13,segunda_division
Real Murcia,Real Unión de Irún,3-0,https://www.besoccer.com/match/real-murcia/real-union-club-irun/20101279,2010,13,segunda_division
Las Palmas,CD Castellón,2-2,https://www.besoccer.com/match/ud-palmas/cd-castellon/20101280,2010,13,segunda_division
Celta,Villarreal B,0-2,https://www.besoccer.com/match/celta/villarreal-b/20101282,2010,13,segunda_division
R. Sociedad,FC Cartagena,1-0,https://www.besoccer.com/match/real-sociedad/cartagena/20101277,2010,13,segunda_division
UD Salamanca,Hércules,0-0,https://www.besoccer.com/match/salamanca/hercules/20101274,2010,13,segunda_division
Numancia,Recreativo,1-1,https://www.besoccer.com/match/numancia/recreativo/20101275,2010,13,segunda_division
Elche,Real Betis,3-0,https://www.besoccer.com/match/elche/betis/20101281,2010,13,segunda_division
Cádiz,Celta,3-1,https://www.besoccer.com/match/cadiz/celta/20101294,2010,14,segunda_division
Hércules,Levante,2-1,https://www.besoccer.com/match/hercules/levante/20101285,2010,14,segunda_division
Recreativo,UD Salamanca,0-2,https://www.besoccer.com/match/recreativo/salamanca/20101286,2010,14,segunda_division
FC Cartagena,Huesca,1-0,https://www.besoccer.com/match/cartagena/huesca/20101288,2010,14,segunda_division
Real Unión de Irún,Gimnàstic Tarragona,1-0,https://www.besoccer.com/match/real-union-club-irun/gimnastic-tarragona/20101290,2010,14,segunda_division
Rayo Vallecano,R. Sociedad,3-3,https://www.besoccer.com/match/rayo-vallecano/real-sociedad/20101289,2010,14,segunda_division
Córdoba,Girona,2-2,https://www.besoccer.com/match/cordoba/girona-fc/20101284,2010,14,segunda_division
Real Betis,Las Palmas,1-0,https://www.besoccer.com/match/betis/ud-palmas/20101292,2010,14,segunda_division
Albacete,Numancia,2-3,https://www.besoccer.com/match/albacete/numancia/20101287,2010,14,segunda_division
CD Castellón,Real Murcia,2-1,https://www.besoccer.com/match/cd-castellon/real-murcia/20101291,2010,14,segunda_division
Villarreal B,Elche,2-2,https://www.besoccer.com/match/villarreal-b/elche/20101293,2010,14,segunda_division
Córdoba,Hércules,1-1,https://www.besoccer.com/match/cordoba/hercules/20101295,2010,15,segunda_division
UD Salamanca,Albacete,3-2,https://www.besoccer.com/match/salamanca/albacete/20101297,2010,15,segunda_division
Numancia,FC Cartagena,2-1,https://www.besoccer.com/match/numancia/cartagena/20101298,2010,15,segunda_division
Huesca,Rayo Vallecano,2-1,https://www.besoccer.com/match/huesca/rayo-vallecano/20101299,2010,15,segunda_division
R. Sociedad,Real Unión de Irún,4-1,https://www.besoccer.com/match/real-sociedad/real-union-club-irun/20101300,2010,15,segunda_division
Elche,Cádiz,1-1,https://www.besoccer.com/match/elche/cadiz/20101304,2010,15,segunda_division
Girona,Celta,1-2,https://www.besoccer.com/match/girona-fc/celta/20101305,2010,15,segunda_division
Levante,Recreativo,1-1,https://www.besoccer.com/match/levante/recreativo/20101296,2010,15,segunda_division
Gimnàstic Tarragona,CD Castellón,2-1,https://www.besoccer.com/match/gimnastic-tarragona/cd-castellon/20101301,2010,15,segunda_division
Real Murcia,Real Betis,2-0,https://www.besoccer.com/match/real-murcia/betis/20101302,2010,15,segunda_division
Las Palmas,Villarreal B,0-0,https://www.besoccer.com/match/ud-palmas/villarreal-b/20101303,2010,15,segunda_division
CD Castellón,R. Sociedad,0-1,https://www.besoccer.com/match/cd-castellon/real-sociedad/20101312,2010,16,segunda_division
Hércules,Girona,2-0,https://www.besoccer.com/match/hercules/girona-fc/20101306,2010,16,segunda_division
Recreativo,Córdoba,0-0,https://www.besoccer.com/match/recreativo/cordoba/20101307,2010,16,segunda_division
Albacete,Levante,1-0,https://www.besoccer.com/match/albacete/levante/20101308,2010,16,segunda_division
Rayo Vallecano,Numancia,4-1,https://www.besoccer.com/match/rayo-vallecano/numancia/20101310,2010,16,segunda_division
Villarreal B,Real Murcia,2-1,https://www.besoccer.com/match/villarreal-b/real-murcia/20101314,2010,16,segunda_division
FC Cartagena,UD Salamanca,3-4,https://www.besoccer.com/match/cartagena/salamanca/20101309,2010,16,segunda_division
Real Unión de Irún,Huesca,1-1,https://www.besoccer.com/match/real-union-club-irun/huesca/20101311,2010,16,segunda_division
Real Betis,Gimnàstic Tarragona,3-0,https://www.besoccer.com/match/betis/gimnastic-tarragona/20101313,2010,16,segunda_division
Cádiz,Las Palmas,0-0,https://www.besoccer.com/match/cadiz/ud-palmas/20101315,2010,16,segunda_division
Celta,Elche,2-1,https://www.besoccer.com/match/celta/elche/20101316,2010,16,segunda_division
UD Salamanca,Rayo Vallecano,0-1,https://www.besoccer.com/match/salamanca/rayo-vallecano/20101320,2010,17,segunda_division
Hércules,Recreativo,2-0,https://www.besoccer.com/match/hercules/recreativo/20101317,2010,17,segunda_division
Córdoba,Albacete,0-2,https://www.besoccer.com/match/cordoba/albacete/20101318,2010,17,segunda_division
Levante,FC Cartagena,1-2,https://www.besoccer.com/match/levante/cartagena/20101319,2010,17,segunda_division
Numancia,Real Unión de Irún,1-0,https://www.besoccer.com/match/numancia/real-union-club-irun/20101321,2010,17,segunda_division
Las Palmas,Celta,1-1,https://www.besoccer.com/match/ud-palmas/celta/20101326,2010,17,segunda_division
R. Sociedad,Real Betis,2-0,https://www.besoccer.com/match/real-sociedad/betis/20101323,2010,17,segunda_division
Huesca,CD Castellón,2-0,https://www.besoccer.com/match/huesca/cd-castellon/20101322,2010,17,segunda_division
Gimnàstic Tarragona,Villarreal B,2-1,https://www.besoccer.com/match/gimnastic-tarragona/villarreal-b/20101324,2010,17,segunda_division
Real Murcia,Cádiz,2-2,https://www.besoccer.com/match/real-murcia/cadiz/20101325,2010,17,segunda_division
Girona,Elche,3-2,https://www.besoccer.com/match/girona-fc/elche/20101327,2010,17,segunda_division
CD Castellón,Numancia,0-1,https://www.besoccer.com/match/cd-castellon/numancia/20101333,2010,18,segunda_division
Recreativo,Girona,2-2,https://www.besoccer.com/match/recreativo/girona-fc/20101328,2010,18,segunda_division
Albacete,Hércules,1-2,https://www.besoccer.com/match/albacete/hercules/20101329,2010,18,segunda_division
FC Cartagena,Córdoba,0-0,https://www.besoccer.com/match/cartagena/cordoba/20101330,2010,18,segunda_division
Real Unión de Irún,UD Salamanca,1-1,https://www.besoccer.com/match/real-union-club-irun/salamanca/20101332,2010,18,segunda_division
Real Betis,Huesca,1-1,https://www.besoccer.com/match/betis/huesca/20101334,2010,18,segunda_division
Rayo Vallecano,Levante,0-0,https://www.besoccer.com/match/rayo-vallecano/levante/20101331,2010,18,segunda_division
Villarreal B,R. Sociedad,1-1,https://www.besoccer.com/match/villarreal-b/real-sociedad/20101335,2010,18,segunda_division
Cádiz,Gimnàstic Tarragona,0-1,https://www.besoccer.com/match/cadiz/gimnastic-tarragona/20101336,2010,18,segunda_division
Celta,Real Murcia,1-1,https://www.besoccer.com/match/celta/real-murcia/20101337,2010,18,segunda_division
Elche,Las Palmas,2-5,https://www.besoccer.com/match/elche/ud-palmas/20101338,2010,18,segunda_division
Numancia,Real Betis,3-0,https://www.besoccer.com/match/numancia/betis/20101344,2010,19,segunda_division
Recreativo,Albacete,0-0,https://www.besoccer.com/match/recreativo/albacete/20101339,2010,19,segunda_division
R. Sociedad,Cádiz,4-1,https://www.besoccer.com/match/real-sociedad/cadiz/20101346,2010,19,segunda_division
Gimnàstic Tarragona,Celta,0-2,https://www.besoccer.com/match/gimnastic-tarragona/celta/20101347,2010,19,segunda_division
Real Murcia,Elche,0-2,https://www.besoccer.com/match/real-murcia/elche/20101348,2010,19,segunda_division
Hércules,FC Cartagena,2-0,https://www.besoccer.com/match/hercules/cartagena/20101340,2010,19,segunda_division
Levante,Real Unión de Irún,1-0,https://www.besoccer.com/match/levante/real-union-club-irun/20101342,2010,19,segunda_division
Huesca,Villarreal B,0-1,https://www.besoccer.com/match/huesca/villarreal-b/20101345,2010,19,segunda_division
Girona,Las Palmas,0-2,https://www.besoccer.com/match/girona-fc/ud-palmas/20101349,2010,19,segunda_division
UD Salamanca,CD Castellón,1-1,https://www.besoccer.com/match/salamanca/cd-castellon/20101343,2010,19,segunda_division
Córdoba,Rayo Vallecano,0-0,https://www.besoccer.com/match/cordoba/rayo-vallecano/20101341,2010,19,segunda_division
Real Betis,UD Salamanca,1-0,https://www.besoccer.com/match/betis/salamanca/20101355,2010,20,segunda_division
Girona,Albacete,2-2,https://www.besoccer.com/match/girona-fc/albacete/20101350,2010,20,segunda_division
CD Castellón,Levante,0-0,https://www.besoccer.com/match/cd-castellon/levante/20101354,2010,20,segunda_division
Cádiz,Huesca,0-0,https://www.besoccer.com/match/cadiz/huesca/20101357,2010,20,segunda_division
Celta,R. Sociedad,0-1,https://www.besoccer.com/match/celta/real-sociedad/20101358,2010,20,segunda_division
Las Palmas,Real Murcia,0-3,https://www.besoccer.com/match/ud-palmas/real-murcia/20101360,2010,20,segunda_division
Rayo Vallecano,Hércules,4-4,https://www.besoccer.com/match/rayo-vallecano/hercules/20101352,2010,20,segunda_division
FC Cartagena,Recreativo,1-0,https://www.besoccer.com/match/cartagena/recreativo/20101351,2010,20,segunda_division
Real Unión de Irún,Córdoba,2-3,https://www.besoccer.com/match/real-union-club-irun/cordoba/20101353,2010,20,segunda_division
Villarreal B,Numancia,1-0,https://www.besoccer.com/match/villarreal-b/numancia/20101356,2010,20,segunda_division
Elche,Gimnàstic Tarragona,2-2,https://www.besoccer.com/match/elche/gimnastic-tarragona/20101359,2010,20,segunda_division
Numancia,Cádiz,1-3,https://www.besoccer.com/match/numancia/cadiz/20101367,2010,21,segunda_division
Albacete,FC Cartagena,0-0,https://www.besoccer.com/match/albacete/cartagena/20101361,2010,21,segunda_division
Hércules,Real Unión de Irún,1-0,https://www.besoccer.com/match/hercules/real-union-club-irun/20101363,2010,21,segunda_division
UD Salamanca,Villarreal B,2-4,https://www.besoccer.com/match/salamanca/villarreal-b/20101366,2010,21,segunda_division
Gimnàstic Tarragona,Las Palmas,2-1,https://www.besoccer.com/match/gimnastic-tarragona/ud-palmas/20101370,2010,21,segunda_division
Levante,Real Betis,1-0,https://www.besoccer.com/match/levante/betis/20101365,2010,21,segunda_division
Recreativo,Rayo Vallecano,2-0,https://www.besoccer.com/match/recreativo/rayo-vallecano/20101362,2010,21,segunda_division
Córdoba,CD Castellón,0-0,https://www.besoccer.com/match/cordoba/cd-castellon/20101364,2010,21,segunda_division
Huesca,Celta,1-1,https://www.besoccer.com/match/huesca/celta/20101368,2010,21,segunda_division
R. Sociedad,Elche,0-1,https://www.besoccer.com/match/real-sociedad/elche/20101369,2010,21,segunda_division
Real Murcia,Girona,0-0,https://www.besoccer.com/match/real-murcia/girona-fc/20101371,2010,21,segunda_division
Hércules,CD Castellón,1-2,https://www.besoccer.com/match/hercules/cd-castellon/20101379,2010,22,segunda_division
R. Sociedad,Las Palmas,2-2,https://www.besoccer.com/match/real-sociedad/ud-palmas/20101373,2010,22,segunda_division
Huesca,Elche,0-0,https://www.besoccer.com/match/huesca/elche/20101374,2010,22,segunda_division
Levante,Villarreal B,2-1,https://www.besoccer.com/match/levante/villarreal-b/20101377,2010,22,segunda_division
Albacete,Rayo Vallecano,2-2,https://www.besoccer.com/match/albacete/rayo-vallecano/20101381,2010,22,segunda_division
FC Cartagena,Girona,4-1,https://www.besoccer.com/match/cartagena/girona-fc/20101382,2010,22,segunda_division
Córdoba,Real Betis,0-1,https://www.besoccer.com/match/cordoba/betis/20101378,2010,22,segunda_division
Gimnàstic Tarragona,Real Murcia,2-3,https://www.besoccer.com/match/gimnastic-tarragona/real-murcia/20101372,2010,22,segunda_division
Numancia,Celta,0-0,https://www.besoccer.com/match/numancia/celta/20101375,2010,22,segunda_division
UD Salamanca,Cádiz,1-1,https://www.besoccer.com/match/salamanca/cadiz/20101376,2010,22,segunda_division
Recreativo,Real Unión de Irún,0-0,https://www.besoccer.com/match/recreativo/real-union-club-irun/20101380,2010,22,segunda_division
Elche,Numancia,0-1,https://www.besoccer.com/match/elche/numancia/20101386,2010,23,segunda_division
Girona,Gimnàstic Tarragona,0-2,https://www.besoccer.com/match/girona-fc/gimnastic-tarragona/20101383,2010,23,segunda_division
Real Murcia,R. Sociedad,1-1,https://www.besoccer.com/match/real-murcia/real-sociedad/20101384,2010,23,segunda_division
Villarreal B,Córdoba,4-0,https://www.besoccer.com/match/villarreal-b/cordoba/20101389,2010,23,segunda_division
Real Betis,Hércules,1-1,https://www.besoccer.com/match/betis/hercules/20101390,2010,23,segunda_division
Celta,UD Salamanca,0-0,https://www.besoccer.com/match/celta/salamanca/20101387,2010,23,segunda_division
Cádiz,Levante,2-4,https://www.besoccer.com/match/cadiz/levante/20101388,2010,23,segunda_division
CD Castellón,Recreativo,0-0,https://www.besoccer.com/match/cd-castellon/recreativo/20101391,2010,23,segunda_division
Real Unión de Irún,Albacete,2-1,https://www.besoccer.com/match/real-union-club-irun/albacete/20101392,2010,23,segunda_division
Rayo Vallecano,FC Cartagena,2-3,https://www.besoccer.com/match/rayo-vallecano/cartagena/20101393,2010,23,segunda_division
Las Palmas,Huesca,0-0,https://www.besoccer.com/match/ud-palmas/huesca/20101385,2010,23,segunda_division
Córdoba,Cádiz,1-0,https://www.besoccer.com/match/cordoba/cadiz/20101399,2010,24,segunda_division
Numancia,Las Palmas,3-1,https://www.besoccer.com/match/numancia/ud-palmas/20101396,2010,24,segunda_division
Hércules,Villarreal B,4-2,https://www.besoccer.com/match/hercules/villarreal-b/20101400,2010,24,segunda_division
Recreativo,Real Betis,1-1,https://www.besoccer.com/match/recreativo/betis/20101401,2010,24,segunda_division
Albacete,CD Castellón,1-1,https://www.besoccer.com/match/albacete/cd-castellon/20101402,2010,24,segunda_division
FC Cartagena,Real Unión de Irún,1-0,https://www.besoccer.com/match/cartagena/real-union-club-irun/20101403,2010,24,segunda_division
Rayo Vallecano,Girona,0-3,https://www.besoccer.com/match/rayo-vallecano/girona-fc/20101404,2010,24,segunda_division
R. Sociedad,Gimnàstic Tarragona,1-0,https://www.besoccer.com/match/real-sociedad/gimnastic-tarragona/20101394,2010,24,segunda_division
Huesca,Real Murcia,1-0,https://www.besoccer.com/match/huesca/real-murcia/20101395,2010,24,segunda_division
UD Salamanca,Elche,0-1,https://www.besoccer.com/match/salamanca/elche/20101397,2010,24,segunda_division
Levante,Celta,1-0,https://www.besoccer.com/match/levante/celta/20101398,2010,24,segunda_division
Elche,Levante,0-0,https://www.besoccer.com/match/elche/levante/20101409,2010,25,segunda_division
Villarreal B,Recreativo,1-1,https://www.besoccer.com/match/villarreal-b/recreativo/20101412,2010,25,segunda_division
Real Betis,Albacete,0-0,https://www.besoccer.com/match/betis/albacete/20101413,2010,25,segunda_division
CD Castellón,FC Cartagena,2-2,https://www.besoccer.com/match/cd-castellon/cartagena/20101414,2010,25,segunda_division
Cádiz,Hércules,2-2,https://www.besoccer.com/match/cadiz/hercules/20101411,2010,25,segunda_division
Girona,R. Sociedad,1-0,https://www.besoccer.com/match/girona-fc/real-sociedad/20101405,2010,25,segunda_division
Gimnàstic Tarragona,Huesca,0-1,https://www.besoccer.com/match/gimnastic-tarragona/huesca/20101406,2010,25,segunda_division
Real Murcia,Numancia,1-0,https://www.besoccer.com/match/real-murcia/numancia/20101407,2010,25,segunda_division
Celta,Córdoba,1-0,https://www.besoccer.com/match/celta/cordoba/20101410,2010,25,segunda_division
Real Unión de Irún,Rayo Vallecano,2-1,https://www.besoccer.com/match/real-union-club-irun/rayo-vallecano/20101415,2010,25,segunda_division
Las Palmas,UD Salamanca,2-2,https://www.besoccer.com/match/ud-palmas/salamanca/20101408,2010,25,segunda_division
Rayo Vallecano,CD Castellón,3-0,https://www.besoccer.com/match/rayo-vallecano/cd-castellon/20101425,2010,26,segunda_division
Numancia,Gimnàstic Tarragona,1-1,https://www.besoccer.com/match/numancia/gimnastic-tarragona/20101417,2010,26,segunda_division
Huesca,R. Sociedad,1-1,https://www.besoccer.com/match/huesca/real-sociedad/20101416,2010,26,segunda_division
UD Salamanca,Real Murcia,0-2,https://www.besoccer.com/match/salamanca/real-murcia/20101418,2010,26,segunda_division
Levante,Las Palmas,1-1,https://www.besoccer.com/match/levante/ud-palmas/20101419,2010,26,segunda_division
Hércules,Celta,1-0,https://www.besoccer.com/match/hercules/celta/20101421,2010,26,segunda_division
Recreativo,Cádiz,2-1,https://www.besoccer.com/match/recreativo/cadiz/20101422,2010,26,segunda_division
Albacete,Villarreal B,1-1,https://www.besoccer.com/match/albacete/villarreal-b/20101423,2010,26,segunda_division
FC Cartagena,Real Betis,1-2,https://www.besoccer.com/match/cartagena/betis/20101424,2010,26,segunda_division
Córdoba,Elche,2-0,https://www.besoccer.com/match/cordoba/elche/20101420,2010,26,segunda_division
Real Unión de Irún,Girona,1-1,https://www.besoccer.com/match/real-union-club-irun/girona-fc/20101426,2010,26,segunda_division
Gimnàstic Tarragona,UD Salamanca,1-2,https://www.besoccer.com/match/gimnastic-tarragona/salamanca/20101429,2010,27,segunda_division
Girona,Huesca,2-0,https://www.besoccer.com/match/girona-fc/huesca/20101427,2010,27,segunda_division
Las Palmas,Córdoba,1-0,https://www.besoccer.com/match/ud-palmas/cordoba/20101431,2010,27,segunda_division
Celta,Recreativo,1-1,https://www.besoccer.com/match/celta/recreativo/20101433,2010,27,segunda_division
Villarreal B,FC Cartagena,0-0,https://www.besoccer.com/match/villarreal-b/cartagena/20101435,2010,27,segunda_division
CD Castellón,Real Unión de Irún,1-1,https://www.besoccer.com/match/cd-castellon/real-union-club-irun/20101437,2010,27,segunda_division
Elche,Hércules,2-0,https://www.besoccer.com/match/elche/hercules/20101432,2010,27,segunda_division
R. Sociedad,Numancia,2-1,https://www.besoccer.com/match/real-sociedad/numancia/20101428,2010,27,segunda_division
Real Murcia,Levante,1-1,https://www.besoccer.com/match/real-murcia/levante/20101430,2010,27,segunda_division
Cádiz,Albacete,4-3,https://www.besoccer.com/match/cadiz/albacete/20101434,2010,27,segunda_division
Real Betis,Rayo Vallecano,3-1,https://www.besoccer.com/match/betis/rayo-vallecano/20101436,2010,27,segunda_division
FC Cartagena,Cádiz,4-1,https://www.besoccer.com/match/cartagena/cadiz/20101445,2010,28,segunda_division
Numancia,Huesca,1-0,https://www.besoccer.com/match/numancia/huesca/20101438,2010,28,segunda_division
Levante,Gimnàstic Tarragona,6-1,https://www.besoccer.com/match/levante/gimnastic-tarragona/20101440,2010,28,segunda_division
Córdoba,Real Murcia,0-1,https://www.besoccer.com/match/cordoba/real-murcia/20101441,2010,28,segunda_division
Rayo Vallecano,Villarreal B,0-2,https://www.besoccer.com/match/rayo-vallecano/villarreal-b/20101446,2010,28,segunda_division
Real Unión de Irún,Real Betis,1-3,https://www.besoccer.com/match/real-union-club-irun/betis/20101447,2010,28,segunda_division
CD Castellón,Girona,0-1,https://www.besoccer.com/match/cd-castellon/girona-fc/20101448,2010,28,segunda_division
Hércules,Las Palmas,0-1,https://www.besoccer.com/match/hercules/ud-palmas/20101442,2010,28,segunda_division
UD Salamanca,R. Sociedad,0-0,https://www.besoccer.com/match/salamanca/real-sociedad/20101439,2010,28,segunda_division
Recreativo,Elche,2-1,https://www.besoccer.com/match/recreativo/elche/20101443,2010,28,segunda_division
Albacete,Celta,0-2,https://www.besoccer.com/match/albacete/celta/20101444,2010,28,segunda_division
Real Murcia,Hércules,0-0,https://www.besoccer.com/match/real-murcia/hercules/20101453,2010,29,segunda_division
Gimnàstic Tarragona,Córdoba,0-2,https://www.besoccer.com/match/gimnastic-tarragona/cordoba/20101452,2010,29,segunda_division
Elche,Albacete,2-1,https://www.besoccer.com/match/elche/albacete/20101455,2010,29,segunda_division
Celta,FC Cartagena,1-0,https://www.besoccer.com/match/celta/cartagena/20101456,2010,29,segunda_division
Villarreal B,Real Unión de Irún,3-1,https://www.besoccer.com/match/villarreal-b/real-union-club-irun/20101458,2010,29,segunda_division
Las Palmas,Recreativo,1-1,https://www.besoccer.com/match/ud-palmas/recreativo/20101454,2010,29,segunda_division
R. Sociedad,Levante,3-1,https://www.besoccer.com/match/real-sociedad/levante/20101451,2010,29,segunda_division
Girona,Numancia,0-0,https://www.besoccer.com/match/girona-fc/numancia/20101449,2010,29,segunda_division
Huesca,UD Salamanca,2-0,https://www.besoccer.com/match/huesca/salamanca/20101450,2010,29,segunda_division
Cádiz,Rayo Vallecano,1-1,https://www.besoccer.com/match/cadiz/rayo-vallecano/20101457,2010,29,segunda_division
Real Betis,CD Castellón,2-0,https://www.besoccer.com/match/betis/cd-castellon/20101459,2010,29,segunda_division
Real Unión de Irún,Cádiz,0-0,https://www.besoccer.com/match/real-union-club-irun/cadiz/20101468,2010,30,segunda_division
Real Betis,Girona,0-1,https://www.besoccer.com/match/betis/girona-fc/20101470,2010,30,segunda_division
Levante,Huesca,1-1,https://www.besoccer.com/match/levante/huesca/20101461,2010,30,segunda_division
Córdoba,R. Sociedad,2-0,https://www.besoccer.com/match/cordoba/real-sociedad/20101462,2010,30,segunda_division
Recreativo,Real Murcia,0-2,https://www.besoccer.com/match/recreativo/real-murcia/20101464,2010,30,segunda_division
Albacete,Las Palmas,3-2,https://www.besoccer.com/match/albacete/ud-palmas/20101465,2010,30,segunda_division
Rayo Vallecano,Celta,1-2,https://www.besoccer.com/match/rayo-vallecano/celta/20101467,2010,30,segunda_division
CD Castellón,Villarreal B,3-2,https://www.besoccer.com/match/cd-castellon/villarreal-b/20101469,2010,30,segunda_division
FC Cartagena,Elche,0-2,https://www.besoccer.com/match/cartagena/elche/20101466,2010,30,segunda_division
UD Salamanca,Numancia,1-3,https://www.besoccer.com/match/salamanca/numancia/20101460,2010,30,segunda_division
Hércules,Gimnàstic Tarragona,0-1,https://www.besoccer.com/match/hercules/gimnastic-tarragona/20101463,2010,30,segunda_division
Numancia,Levante,0-1,https://www.besoccer.com/match/numancia/levante/20101472,2010,31,segunda_division
Huesca,Córdoba,0-0,https://www.besoccer.com/match/huesca/cordoba/20101473,2010,31,segunda_division
Gimnàstic Tarragona,Recreativo,1-1,https://www.besoccer.com/match/gimnastic-tarragona/recreativo/20101475,2010,31,segunda_division
Real Murcia,Albacete,0-2,https://www.besoccer.com/match/real-murcia/albacete/20101476,2010,31,segunda_division
Las Palmas,FC Cartagena,0-1,https://www.besoccer.com/match/ud-palmas/cartagena/20101477,2010,31,segunda_division
Elche,Rayo Vallecano,2-2,https://www.besoccer.com/match/elche/rayo-vallecano/20101478,2010,31,segunda_division
Celta,Real Unión de Irún,0-1,https://www.besoccer.com/match/celta/real-union-club-irun/20101479,2010,31,segunda_division
R. Sociedad,Hércules,1-0,https://www.besoccer.com/match/real-sociedad/hercules/20101474,2010,31,segunda_division
Girona,UD Salamanca,1-0,https://www.besoccer.com/match/girona-fc/salamanca/20101471,2010,31,segunda_division
Cádiz,CD Castellón,1-0,https://www.besoccer.com/match/cadiz/cd-castellon/20101480,2010,31,segunda_division
Villarreal B,Real Betis,2-2,https://www.besoccer.com/match/villarreal-b/betis/20101481,2010,31,segunda_division
Hércules,Huesca,0-2,https://www.besoccer.com/match/hercules/huesca/20101484,2010,32,segunda_division
Albacete,Gimnàstic Tarragona,1-1,https://www.besoccer.com/match/albacete/gimnastic-tarragona/20101486,2010,32,segunda_division
Rayo Vallecano,Las Palmas,3-2,https://www.besoccer.com/match/rayo-vallecano/ud-palmas/20101488,2010,32,segunda_division
Real Unión de Irún,Elche,0-3,https://www.besoccer.com/match/real-union-club-irun/elche/20101489,2010,32,segunda_division
Real Betis,Cádiz,4-0,https://www.besoccer.com/match/betis/cadiz/20101491,2010,32,segunda_division
Villarreal B,Girona,2-0,https://www.besoccer.com/match/villarreal-b/girona-fc/20101492,2010,32,segunda_division
FC Cartagena,Real Murcia,3-2,https://www.besoccer.com/match/cartagena/real-murcia/20101487,2010,32,segunda_division
Levante,UD Salamanca,2-0,https://www.besoccer.com/match/levante/salamanca/20101482,2010,32,segunda_division
Córdoba,Numancia,2-1,https://www.besoccer.com/match/cordoba/numancia/20101483,2010,32,segunda_division
CD Castellón,Celta,2-1,https://www.besoccer.com/match/cd-castellon/celta/20101490,2010,32,segunda_division
Recreativo,R. Sociedad,2-0,https://www.besoccer.com/match/recreativo/real-sociedad/20101485,2010,32,segunda_division
Girona,Levante,0-4,https://www.besoccer.com/match/girona-fc/levante/20101493,2010,33,segunda_division
Huesca,Recreativo,1-2,https://www.besoccer.com/match/huesca/recreativo/20101496,2010,33,segunda_division
R. Sociedad,Albacete,0-0,https://www.besoccer.com/match/real-sociedad/albacete/20101497,2010,33,segunda_division
Gimnàstic Tarragona,FC Cartagena,3-2,https://www.besoccer.com/match/gimnastic-tarragona/cartagena/20101498,2010,33,segunda_division
Celta,Real Betis,1-1,https://www.besoccer.com/match/celta/betis/20101502,2010,33,segunda_division
UD Salamanca,Córdoba,1-0,https://www.besoccer.com/match/salamanca/cordoba/20101494,2010,33,segunda_division
Numancia,Hércules,1-1,https://www.besoccer.com/match/numancia/hercules/20101495,2010,33,segunda_division
Real Murcia,Rayo Vallecano,0-3,https://www.besoccer.com/match/real-murcia/rayo-vallecano/20101499,2010,33,segunda_division
Elche,CD Castellón,2-0,https://www.besoccer.com/match/elche/cd-castellon/20101501,2010,33,segunda_division
Cádiz,Villarreal B,0-0,https://www.besoccer.com/match/cadiz/villarreal-b/20101503,2010,33,segunda_division
Las Palmas,Real Unión de Irún,2-1,https://www.besoccer.com/match/ud-palmas/real-union-club-irun/20101500,2010,33,segunda_division
Rayo Vallecano,Gimnàstic Tarragona,2-3,https://www.besoccer.com/match/rayo-vallecano/gimnastic-tarragona/20101509,2010,34,segunda_division
Albacete,Huesca,0-0,https://www.besoccer.com/match/albacete/huesca/20101507,2010,34,segunda_division
Real Unión de Irún,Real Murcia,2-0,https://www.besoccer.com/match/real-union-club-irun/real-murcia/20101510,2010,34,segunda_division
CD Castellón,Las Palmas,2-0,https://www.besoccer.com/match/cd-castellon/ud-palmas/20101511,2010,34,segunda_division
Real Betis,Elche,0-3,https://www.besoccer.com/match/betis/elche/20101512,2010,34,segunda_division
Villarreal B,Celta,1-0,https://www.besoccer.com/match/villarreal-b/celta/20101513,2010,34,segunda_division
FC Cartagena,R. Sociedad,1-1,https://www.besoccer.com/match/cartagena/real-sociedad/20101508,2010,34,segunda_division
Córdoba,Levante,2-1,https://www.besoccer.com/match/cordoba/levante/20101504,2010,34,segunda_division
Hércules,UD Salamanca,4-0,https://www.besoccer.com/match/hercules/salamanca/20101505,2010,34,segunda_division
Recreativo,Numancia,1-3,https://www.besoccer.com/match/recreativo/numancia/20101506,2010,34,segunda_division
Cádiz,Girona,2-0,https://www.besoccer.com/match/cadiz/girona-fc/20101514,2010,34,segunda_division
Elche,Villarreal B,2-3,https://www.besoccer.com/match/elche/villarreal-b/20101524,2010,35,segunda_division
Girona,Córdoba,2-1,https://www.besoccer.com/match/girona-fc/cordoba/20101515,2010,35,segunda_division
Numancia,Albacete,1-1,https://www.besoccer.com/match/numancia/albacete/20101518,2010,35,segunda_division
Huesca,FC Cartagena,0-2,https://www.besoccer.com/match/huesca/cartagena/20101519,2010,35,segunda_division
R. Sociedad,Rayo Vallecano,1-0,https://www.besoccer.com/match/real-sociedad/rayo-vallecano/20101520,2010,35,segunda_division
Las Palmas,Real Betis,1-1,https://www.besoccer.com/match/ud-palmas/betis/20101523,2010,35,segunda_division
Celta,Cádiz,2-1,https://www.besoccer.com/match/celta/cadiz/20101525,2010,35,segunda_division
Levante,Hércules,2-1,https://www.besoccer.com/match/levante/hercules/20101516,2010,35,segunda_division
UD Salamanca,Recreativo,1-2,https://www.besoccer.com/match/salamanca/recreativo/20101517,2010,35,segunda_division
Real Murcia,CD Castellón,1-1,https://www.besoccer.com/match/real-murcia/cd-castellon/20101522,2010,35,segunda_division
Gimnàstic Tarragona,Real Unión de Irún,1-2,https://www.besoccer.com/match/gimnastic-tarragona/real-union-club-irun/20101521,2010,35,segunda_division
CD Castellón,Gimnàstic Tarragona,0-0,https://www.besoccer.com/match/cd-castellon/gimnastic-tarragona/20101532,2010,36,segunda_division
Recreativo,Levante,0-1,https://www.besoccer.com/match/recreativo/levante/20101527,2010,36,segunda_division
FC Cartagena,Numancia,2-1,https://www.besoccer.com/match/cartagena/numancia/20101529,2010,36,segunda_division
Rayo Vallecano,Huesca,4-1,https://www.besoccer.com/match/rayo-vallecano/huesca/20101530,2010,36,segunda_division
Real Unión de Irún,R. Sociedad,0-0,https://www.besoccer.com/match/real-union-club-irun/real-sociedad/20101531,2010,36,segunda_division
Villarreal B,Las Palmas,2-5,https://www.besoccer.com/match/villarreal-b/ud-palmas/20101534,2010,36,segunda_division
Celta,Girona,2-1,https://www.besoccer.com/match/celta/girona-fc/20101536,2010,36,segunda_division
Real Betis,Real Murcia,1-1,https://www.besoccer.com/match/betis/real-murcia/20101533,2010,36,segunda_division
Albacete,UD Salamanca,2-1,https://www.besoccer.com/match/albacete/salamanca/20101528,2010,36,segunda_division
Cádiz,Elche,2-1,https://www.besoccer.com/match/cadiz/elche/20101535,2010,36,segunda_division
Hércules,Córdoba,4-0,https://www.besoccer.com/match/hercules/cordoba/20101526,2010,36,segunda_division
R. Sociedad,CD Castellón,0-0,https://www.besoccer.com/match/real-sociedad/cd-castellon/20101543,2010,37,segunda_division
Córdoba,Recreativo,1-1,https://www.besoccer.com/match/cordoba/recreativo/20101538,2010,37,segunda_division
Levante,Albacete,1-1,https://www.besoccer.com/match/levante/albacete/20101539,2010,37,segunda_division
UD Salamanca,FC Cartagena,1-0,https://www.besoccer.com/match/salamanca/cartagena/20101540,2010,37,segunda_division
Huesca,Real Unión de Irún,2-3,https://www.besoccer.com/match/huesca/real-union-club-irun/20101542,2010,37,segunda_division
Gimnàstic Tarragona,Real Betis,0-1,https://www.besoccer.com/match/gimnastic-tarragona/betis/20101544,2010,37,segunda_division
Real Murcia,Villarreal B,2-2,https://www.besoccer.com/match/real-murcia/villarreal-b/20101545,2010,37,segunda_division
Las Palmas,Cádiz,1-1,https://www.besoccer.com/match/ud-palmas/cadiz/20101546,2010,37,segunda_division
Elche,Celta,1-0,https://www.besoccer.com/match/elche/celta/20101547,2010,37,segunda_division
Numancia,Rayo Vallecano,1-1,https://www.besoccer.com/match/numancia/rayo-vallecano/20101541,2010,37,segunda_division
Girona,Hércules,1-1,https://www.besoccer.com/match/girona-fc/hercules/20101537,2010,37,segunda_division
Elche,Girona,4-0,https://www.besoccer.com/match/elche/girona-fc/20101558,2010,38,segunda_division
Albacete,Córdoba,3-0,https://www.besoccer.com/match/albacete/cordoba/20101549,2010,38,segunda_division
FC Cartagena,Levante,3-5,https://www.besoccer.com/match/cartagena/levante/20101550,2010,38,segunda_division
Real Unión de Irún,Numancia,4-3,https://www.besoccer.com/match/real-union-club-irun/numancia/20101552,2010,38,segunda_division
CD Castellón,Huesca,1-2,https://www.besoccer.com/match/cd-castellon/huesca/20101553,2010,38,segunda_division
Celta,Las Palmas,1-0,https://www.besoccer.com/match/celta/ud-palmas/20101557,2010,38,segunda_division
Rayo Vallecano,UD Salamanca,0-0,https://www.besoccer.com/match/rayo-vallecano/salamanca/20101551,2010,38,segunda_division
Villarreal B,Gimnàstic Tarragona,1-0,https://www.besoccer.com/match/villarreal-b/gimnastic-tarragona/20101555,2010,38,segunda_division
Recreativo,Hércules,0-0,https://www.besoccer.com/match/recreativo/hercules/20101548,2010,38,segunda_division
Cádiz,Real Murcia,1-0,https://www.besoccer.com/match/cadiz/real-murcia/20101556,2010,38,segunda_division
Real Betis,R. Sociedad,1-0,https://www.besoccer.com/match/betis/real-sociedad/20101554,2010,38,segunda_division
Huesca,Real Betis,0-1,https://www.besoccer.com/match/huesca/betis/20101565,2010,39,segunda_division
Córdoba,FC Cartagena,1-2,https://www.besoccer.com/match/cordoba/cartagena/20101561,2010,39,segunda_division
R. Sociedad,Villarreal B,2-1,https://www.besoccer.com/match/real-sociedad/villarreal-b/20101566,2010,39,segunda_division
Las Palmas,Elche,4-1,https://www.besoccer.com/match/ud-palmas/elche/20101569,2010,39,segunda_division
Levante,Rayo Vallecano,2-1,https://www.besoccer.com/match/levante/rayo-vallecano/20101562,2010,39,segunda_division
Girona,Recreativo,0-0,https://www.besoccer.com/match/girona-fc/recreativo/20101559,2010,39,segunda_division
UD Salamanca,Real Unión de Irún,3-0,https://www.besoccer.com/match/salamanca/real-union-club-irun/20101563,2010,39,segunda_division
Gimnàstic Tarragona,Cádiz,0-2,https://www.besoccer.com/match/gimnastic-tarragona/cadiz/20101567,2010,39,segunda_division
Real Murcia,Celta,4-1,https://www.besoccer.com/match/real-murcia/celta/20101568,2010,39,segunda_division
Numancia,CD Castellón,2-1,https://www.besoccer.com/match/numancia/cd-castellon/20101564,2010,39,segunda_division
Hércules,Albacete,5-1,https://www.besoccer.com/match/hercules/albacete/20101560,2010,39,segunda_division
CD Castellón,UD Salamanca,1-2,https://www.besoccer.com/match/cd-castellon/salamanca/20101574,2010,40,segunda_division
Albacete,Recreativo,1-3,https://www.besoccer.com/match/albacete/recreativo/20101570,2010,40,segunda_division
Villarreal B,Huesca,1-1,https://www.besoccer.com/match/villarreal-b/huesca/20101576,2010,40,segunda_division
Cádiz,R. Sociedad,1-3,https://www.besoccer.com/match/cadiz/real-sociedad/20101577,2010,40,segunda_division
Celta,Gimnàstic Tarragona,3-1,https://www.besoccer.com/match/celta/gimnastic-tarragona/20101578,2010,40,segunda_division
Elche,Real Murcia,1-2,https://www.besoccer.com/match/elche/real-murcia/20101579,2010,40,segunda_division
Las Palmas,Girona,0-1,https://www.besoccer.com/match/ud-palmas/girona-fc/20101580,2010,40,segunda_division
Real Betis,Numancia,2-0,https://www.besoccer.com/match/betis/numancia/20101575,2010,40,segunda_division
Rayo Vallecano,Córdoba,3-2,https://www.besoccer.com/match/rayo-vallecano/cordoba/20101572,2010,40,segunda_division
Real Unión de Irún,Levante,2-1,https://www.besoccer.com/match/real-union-club-irun/levante/20101573,2010,40,segunda_division
FC Cartagena,Hércules,0-0,https://www.besoccer.com/match/cartagena/hercules/20101571,2010,40,segunda_division
Numancia,Villarreal B,1-0,https://www.besoccer.com/match/numancia/villarreal-b/20101587,2010,41,segunda_division
Albacete,Girona,3-0,https://www.besoccer.com/match/albacete/girona-fc/20101581,2010,41,segunda_division
Recreativo,FC Cartagena,1-0,https://www.besoccer.com/match/recreativo/cartagena/20101582,2010,41,segunda_division
Hércules,Rayo Vallecano,2-1,https://www.besoccer.com/match/hercules/rayo-vallecano/20101583,2010,41,segunda_division
Córdoba,Real Unión de Irún,4-0,https://www.besoccer.com/match/cordoba/real-union-club-irun/20101584,2010,41,segunda_division
Levante,CD Castellón,3-1,https://www.besoccer.com/match/levante/cd-castellon/20101585,2010,41,segunda_division
UD Salamanca,Real Betis,1-1,https://www.besoccer.com/match/salamanca/betis/20101586,2010,41,segunda_division
Huesca,Cádiz,2-1,https://www.besoccer.com/match/huesca/cadiz/20101588,2010,41,segunda_division
R. Sociedad,Celta,2-0,https://www.besoccer.com/match/real-sociedad/celta/20101589,2010,41,segunda_division
Gimnàstic Tarragona,Elche,3-1,https://www.besoccer.com/match/gimnastic-tarragona/elche/20101590,2010,41,segunda_division
Real Murcia,Las Palmas,1-0,https://www.besoccer.com/match/real-murcia/ud-palmas/20101591,2010,41,segunda_division
FC Cartagena,Albacete,0-4,https://www.besoccer.com/match/cartagena/albacete/20101592,2010,42,segunda_division
Rayo Vallecano,Recreativo,4-0,https://www.besoccer.com/match/rayo-vallecano/recreativo/20101593,2010,42,segunda_division
Real Unión de Irún,Hércules,0-2,https://www.besoccer.com/match/real-union-club-irun/hercules/20101594,2010,42,segunda_division
CD Castellón,Córdoba,0-1,https://www.besoccer.com/match/cd-castellon/cordoba/20101595,2010,42,segunda_division
Real Betis,Levante,4-0,https://www.besoccer.com/match/betis/levante/20101596,2010,42,segunda_division
Villarreal B,UD Salamanca,1-2,https://www.besoccer.com/match/villarreal-b/salamanca/20101597,2010,42,segunda_division
Cádiz,Numancia,4-2,https://www.besoccer.com/match/cadiz/numancia/20101598,2010,42,segunda_division
Celta,Huesca,0-1,https://www.besoccer.com/match/celta/huesca/20101599,2010,42,segunda_division
Elche,R. Sociedad,4-1,https://www.besoccer.com/match/elche/real-sociedad/20101600,2010,42,segunda_division
Las Palmas,Gimnàstic Tarragona,1-0,https://www.besoccer.com/match/ud-palmas/gimnastic-tarragona/20101601,2010,42,segunda_division
Girona,Real Murcia,1-1,https://www.besoccer.com/match/girona-fc/real-murcia/20101602,2010,42,segunda_division
