Home_Team,Away_Team,Result,Link,Season,Round,League
Llagostera,Osasuna,0-2,https://www.besoccer.com/match/llagostera/osasuna/201639065,2016,1,segunda_division
Alcorcón,Mallorca,2-0,https://www.besoccer.com/match/ad-alcorcon/mallorca/201639060,2016,1,segunda_division
Huesca,Alavés,2-3,https://www.besoccer.com/match/huesca/alaves/201639069,2016,1,segunda_division
Córdoba,Real Valladolid,1-0,https://www.besoccer.com/match/cordoba/valladolid/201639062,2016,1,segunda_division
Mirandés,Real Zaragoza,1-1,https://www.besoccer.com/match/mirandes/real-zaragoza/201639064,2016,1,segunda_division
Real Oviedo,Lugo,2-2,https://www.besoccer.com/match/real-oviedo/lugo/201639068,2016,1,segunda_division
Almería,Leganés,3-2,https://www.besoccer.com/match/almeria/leganes/201639059,2016,1,segunda_division
Ponferradina,Elche,2-0,https://www.besoccer.com/match/ponferradina-sd/elche/201639061,2016,1,segunda_division
Numancia,Tenerife,6-3,https://www.besoccer.com/match/numancia/tenerife/201639066,2016,1,segunda_division
Gimnàstic Tarragona,Albacete,2-2,https://www.besoccer.com/match/gimnastic-tarragona/albacete/201639067,2016,1,segunda_division
Bilbao Ath.,Girona,0-1,https://www.besoccer.com/match/athletic-bilbao-b/girona-fc/201639063,2016,1,segunda_division
Lugo,Llagostera,1-0,https://www.besoccer.com/match/lugo/llagostera/201639081,2016,2,segunda_division
Leganés,Córdoba,3-1,https://www.besoccer.com/match/leganes/cordoba/201639075,2016,2,segunda_division
Albacete,Huesca,1-1,https://www.besoccer.com/match/albacete/huesca/201639090,2016,2,segunda_division
Girona,Numancia,2-3,https://www.besoccer.com/match/girona-fc/numancia/201639095,2016,2,segunda_division
Real Zaragoza,Almería,3-2,https://www.besoccer.com/match/real-zaragoza/almeria/201639077,2016,2,segunda_division
Osasuna,Mirandés,1-0,https://www.besoccer.com/match/osasuna/mirandes/201639080,2016,2,segunda_division
Alavés,Real Oviedo,2-0,https://www.besoccer.com/match/alaves/real-oviedo/201639085,2016,2,segunda_division
Tenerife,Gimnàstic Tarragona,1-2,https://www.besoccer.com/match/tenerife/gimnastic-tarragona/201639093,2016,2,segunda_division
Elche,Bilbao Ath.,2-1,https://www.besoccer.com/match/elche/athletic-bilbao-b/201639097,2016,2,segunda_division
Mallorca,Ponferradina,1-0,https://www.besoccer.com/match/mallorca/ponferradina-sd/201639100,2016,2,segunda_division
Real Valladolid,Alcorcón,2-0,https://www.besoccer.com/match/valladolid/ad-alcorcon/201639102,2016,2,segunda_division
Mirandés,Lugo,1-1,https://www.besoccer.com/match/mirandes/lugo/201639110,2016,3,segunda_division
Huesca,Tenerife,1-1,https://www.besoccer.com/match/huesca/tenerife/201639117,2016,3,segunda_division
Gimnàstic Tarragona,Girona,1-0,https://www.besoccer.com/match/gimnastic-tarragona/girona-fc/201639120,2016,3,segunda_division
Numancia,Elche,0-0,https://www.besoccer.com/match/numancia/elche/201639123,2016,3,segunda_division
Bilbao Ath.,Mallorca,3-1,https://www.besoccer.com/match/athletic-bilbao-b/mallorca/201639125,2016,3,segunda_division
Llagostera,Alavés,3-0,https://www.besoccer.com/match/llagostera/alaves/201639112,2016,3,segunda_division
Real Oviedo,Albacete,3-1,https://www.besoccer.com/match/real-oviedo/albacete/201639114,2016,3,segunda_division
Ponferradina,Real Valladolid,3-0,https://www.besoccer.com/match/ponferradina-sd/valladolid/201639127,2016,3,segunda_division
Córdoba,Alcorcón,1-3,https://www.besoccer.com/match/cordoba/ad-alcorcon/201639130,2016,3,segunda_division
Leganés,Real Zaragoza,1-1,https://www.besoccer.com/match/leganes/real-zaragoza/201639104,2016,3,segunda_division
Almería,Osasuna,2-1,https://www.besoccer.com/match/almeria/osasuna/201639107,2016,3,segunda_division
Osasuna,Leganés,2-1,https://www.besoccer.com/match/osasuna/leganes/201639137,2016,4,segunda_division
Alavés,Mirandés,2-3,https://www.besoccer.com/match/alaves/mirandes/201639143,2016,4,segunda_division
Elche,Gimnàstic Tarragona,1-0,https://www.besoccer.com/match/elche/gimnastic-tarragona/201639154,2016,4,segunda_division
Real Valladolid,Bilbao Ath.,1-0,https://www.besoccer.com/match/valladolid/athletic-bilbao-b/201639160,2016,4,segunda_division
Real Zaragoza,Córdoba,0-1,https://www.besoccer.com/match/real-zaragoza/cordoba/201639135,2016,4,segunda_division
Girona,Huesca,0-0,https://www.besoccer.com/match/girona-fc/huesca/201639152,2016,4,segunda_division
Lugo,Almería,1-0,https://www.besoccer.com/match/lugo/almeria/201639140,2016,4,segunda_division
Albacete,Llagostera,1-0,https://www.besoccer.com/match/albacete/llagostera/201639145,2016,4,segunda_division
Mallorca,Numancia,0-0,https://www.besoccer.com/match/mallorca/numancia/201639157,2016,4,segunda_division
Alcorcón,Ponferradina,1-0,https://www.besoccer.com/match/ad-alcorcon/ponferradina-sd/201639161,2016,4,segunda_division
Tenerife,Real Oviedo,0-2,https://www.besoccer.com/match/tenerife/real-oviedo/201639149,2016,4,segunda_division
Real Oviedo,Girona,1-2,https://www.besoccer.com/match/real-oviedo/girona-fc/201639177,2016,5,segunda_division
Leganés,Lugo,0-0,https://www.besoccer.com/match/leganes/lugo/201639166,2016,5,segunda_division
Mirandés,Albacete,1-1,https://www.besoccer.com/match/mirandes/albacete/201639171,2016,5,segunda_division
Llagostera,Tenerife,0-2,https://www.besoccer.com/match/llagostera/tenerife/201639173,2016,5,segunda_division
Bilbao Ath.,Alcorcón,1-0,https://www.besoccer.com/match/athletic-bilbao-b/ad-alcorcon/201639185,2016,5,segunda_division
Real Zaragoza,Osasuna,0-1,https://www.besoccer.com/match/real-zaragoza/osasuna/201639164,2016,5,segunda_division
Almería,Alavés,0-2,https://www.besoccer.com/match/almeria/alaves/201639170,2016,5,segunda_division
Huesca,Elche,1-3,https://www.besoccer.com/match/huesca/elche/201639179,2016,5,segunda_division
Gimnàstic Tarragona,Mallorca,1-0,https://www.besoccer.com/match/gimnastic-tarragona/mallorca/201639180,2016,5,segunda_division
Numancia,Real Valladolid,2-2,https://www.besoccer.com/match/numancia/valladolid/201639183,2016,5,segunda_division
Córdoba,Ponferradina,1-0,https://www.besoccer.com/match/cordoba/ponferradina-sd/201639187,2016,5,segunda_division
Lugo,Real Zaragoza,0-0,https://www.besoccer.com/match/lugo/real-zaragoza/201639194,2016,6,segunda_division
Mallorca,Huesca,0-1,https://www.besoccer.com/match/mallorca/huesca/201639208,2016,6,segunda_division
Alcorcón,Numancia,1-1,https://www.besoccer.com/match/ad-alcorcon/numancia/201639213,2016,6,segunda_division
Ponferradina,Bilbao Ath.,1-0,https://www.besoccer.com/match/ponferradina-sd/athletic-bilbao-b/201639215,2016,6,segunda_division
Osasuna,Córdoba,0-0,https://www.besoccer.com/match/osasuna/cordoba/201639191,2016,6,segunda_division
Elche,Real Oviedo,1-1,https://www.besoccer.com/match/elche/real-oviedo/201639206,2016,6,segunda_division
Alavés,Leganés,0-0,https://www.besoccer.com/match/alaves/leganes/201639196,2016,6,segunda_division
Tenerife,Mirandés,3-0,https://www.besoccer.com/match/tenerife/mirandes/201639201,2016,6,segunda_division
Girona,Llagostera,2-2,https://www.besoccer.com/match/girona-fc/llagostera/201639203,2016,6,segunda_division
Real Valladolid,Gimnàstic Tarragona,0-0,https://www.besoccer.com/match/valladolid/gimnastic-tarragona/201639211,2016,6,segunda_division
Albacete,Almería,3-0,https://www.besoccer.com/match/albacete/almeria/201639199,2016,6,segunda_division
Gimnàstic Tarragona,Alcorcón,0-2,https://www.besoccer.com/match/gimnastic-tarragona/ad-alcorcon/201639233,2016,7,segunda_division
Almería,Tenerife,2-2,https://www.besoccer.com/match/almeria/tenerife/201639222,2016,7,segunda_division
Numancia,Ponferradina,1-0,https://www.besoccer.com/match/numancia/ponferradina-sd/201639234,2016,7,segunda_division
Córdoba,Bilbao Ath.,1-0,https://www.besoccer.com/match/cordoba/athletic-bilbao-b/201639235,2016,7,segunda_division
Real Zaragoza,Alavés,1-0,https://www.besoccer.com/match/real-zaragoza/alaves/201639218,2016,7,segunda_division
Real Oviedo,Mallorca,1-1,https://www.besoccer.com/match/real-oviedo/mallorca/201639230,2016,7,segunda_division
Osasuna,Lugo,4-0,https://www.besoccer.com/match/osasuna/lugo/201639216,2016,7,segunda_division
Leganés,Albacete,3-2,https://www.besoccer.com/match/leganes/albacete/201639220,2016,7,segunda_division
Mirandés,Girona,1-0,https://www.besoccer.com/match/mirandes/girona-fc/201639225,2016,7,segunda_division
Llagostera,Elche,4-1,https://www.besoccer.com/match/llagostera/elche/201639227,2016,7,segunda_division
Huesca,Real Valladolid,1-1,https://www.besoccer.com/match/huesca/valladolid/201639232,2016,7,segunda_division
Tenerife,Leganés,0-0,https://www.besoccer.com/match/tenerife/leganes/201639241,2016,8,segunda_division
Elche,Mirandés,1-4,https://www.besoccer.com/match/elche/mirandes/201639244,2016,8,segunda_division
Ponferradina,Gimnàstic Tarragona,2-2,https://www.besoccer.com/match/ponferradina-sd/gimnastic-tarragona/201639254,2016,8,segunda_division
Bilbao Ath.,Numancia,0-0,https://www.besoccer.com/match/athletic-bilbao-b/numancia/201639257,2016,8,segunda_division
Alavés,Osasuna,3-0,https://www.besoccer.com/match/alaves/osasuna/201639237,2016,8,segunda_division
Real Valladolid,Real Oviedo,2-3,https://www.besoccer.com/match/valladolid/real-oviedo/201639250,2016,8,segunda_division
Lugo,Córdoba,1-2,https://www.besoccer.com/match/lugo/cordoba/201639236,2016,8,segunda_division
Albacete,Real Zaragoza,1-3,https://www.besoccer.com/match/albacete/real-zaragoza/201639239,2016,8,segunda_division
Mallorca,Llagostera,1-0,https://www.besoccer.com/match/mallorca/llagostera/201639247,2016,8,segunda_division
Alcorcón,Huesca,0-1,https://www.besoccer.com/match/ad-alcorcon/huesca/201639252,2016,8,segunda_division
Girona,Almería,1-1,https://www.besoccer.com/match/girona-fc/almeria/201639242,2016,8,segunda_division
Leganés,Girona,2-2,https://www.besoccer.com/match/leganes/girona-fc/201639269,2016,9,segunda_division
Mirandés,Mallorca,2-2,https://www.besoccer.com/match/mirandes/mallorca/201639275,2016,9,segunda_division
Real Oviedo,Alcorcón,3-2,https://www.besoccer.com/match/real-oviedo/ad-alcorcon/201639280,2016,9,segunda_division
Gimnàstic Tarragona,Bilbao Ath.,2-1,https://www.besoccer.com/match/gimnastic-tarragona/athletic-bilbao-b/201639284,2016,9,segunda_division
Osasuna,Albacete,1-0,https://www.besoccer.com/match/osasuna/albacete/201639265,2016,9,segunda_division
Almería,Elche,2-3,https://www.besoccer.com/match/almeria/elche/201639272,2016,9,segunda_division
Lugo,Alavés,1-0,https://www.besoccer.com/match/lugo/alaves/201639259,2016,9,segunda_division
Llagostera,Real Valladolid,3-1,https://www.besoccer.com/match/llagostera/valladolid/201639278,2016,9,segunda_division
Huesca,Ponferradina,1-1,https://www.besoccer.com/match/huesca/ponferradina-sd/201639282,2016,9,segunda_division
Córdoba,Numancia,3-2,https://www.besoccer.com/match/cordoba/numancia/201639286,2016,9,segunda_division
Real Zaragoza,Tenerife,2-0,https://www.besoccer.com/match/real-zaragoza/tenerife/201639268,2016,9,segunda_division
Alavés,Córdoba,3-2,https://www.besoccer.com/match/alaves/cordoba/201639289,2016,10,segunda_division
Elche,Leganés,0-0,https://www.besoccer.com/match/elche/leganes/201639296,2016,10,segunda_division
Alcorcón,Llagostera,6-1,https://www.besoccer.com/match/ad-alcorcon/llagostera/201639299,2016,10,segunda_division
Bilbao Ath.,Huesca,0-0,https://www.besoccer.com/match/athletic-bilbao-b/huesca/201639303,2016,10,segunda_division
Girona,Real Zaragoza,0-0,https://www.besoccer.com/match/girona-fc/real-zaragoza/201639295,2016,10,segunda_division
Mallorca,Almería,1-0,https://www.besoccer.com/match/mallorca/almeria/201639297,2016,10,segunda_division
Albacete,Lugo,2-0,https://www.besoccer.com/match/albacete/lugo/201639290,2016,10,segunda_division
Real Valladolid,Mirandés,2-1,https://www.besoccer.com/match/valladolid/mirandes/201639298,2016,10,segunda_division
Ponferradina,Real Oviedo,4-2,https://www.besoccer.com/match/ponferradina-sd/real-oviedo/201639301,2016,10,segunda_division
Numancia,Gimnàstic Tarragona,1-1,https://www.besoccer.com/match/numancia/gimnastic-tarragona/201639305,2016,10,segunda_division
Tenerife,Osasuna,2-2,https://www.besoccer.com/match/tenerife/osasuna/201639293,2016,10,segunda_division
Lugo,Tenerife,2-0,https://www.besoccer.com/match/lugo/tenerife/201639309,2016,11,segunda_division
Llagostera,Ponferradina,0-1,https://www.besoccer.com/match/llagostera/ponferradina-sd/201639327,2016,11,segunda_division
Huesca,Numancia,2-0,https://www.besoccer.com/match/huesca/numancia/201639329,2016,11,segunda_division
Córdoba,Gimnàstic Tarragona,2-0,https://www.besoccer.com/match/cordoba/gimnastic-tarragona/201639331,2016,11,segunda_division
Mirandés,Alcorcón,3-0,https://www.besoccer.com/match/mirandes/ad-alcorcon/201639325,2016,11,segunda_division
Real Zaragoza,Elche,2-0,https://www.besoccer.com/match/real-zaragoza/elche/201639315,2016,11,segunda_division
Alavés,Albacete,1-1,https://www.besoccer.com/match/alaves/albacete/201639307,2016,11,segunda_division
Osasuna,Girona,0-1,https://www.besoccer.com/match/osasuna/girona-fc/201639312,2016,11,segunda_division
Leganés,Mallorca,0-0,https://www.besoccer.com/match/leganes/mallorca/201639317,2016,11,segunda_division
Real Oviedo,Bilbao Ath.,0-0,https://www.besoccer.com/match/real-oviedo/athletic-bilbao-b/201639328,2016,11,segunda_division
Almería,Real Valladolid,1-1,https://www.besoccer.com/match/almeria/valladolid/201639322,2016,11,segunda_division
Tenerife,Alavés,2-0,https://www.besoccer.com/match/tenerife/alaves/201639335,2016,12,segunda_division
Real Valladolid,Leganés,1-1,https://www.besoccer.com/match/valladolid/leganes/201639345,2016,12,segunda_division
Ponferradina,Mirandés,2-2,https://www.besoccer.com/match/ponferradina-sd/mirandes/201639349,2016,12,segunda_division
Mallorca,Real Zaragoza,0-0,https://www.besoccer.com/match/mallorca/real-zaragoza/201639343,2016,12,segunda_division
Elche,Osasuna,2-1,https://www.besoccer.com/match/elche/osasuna/201639340,2016,12,segunda_division
Albacete,Córdoba,2-0,https://www.besoccer.com/match/albacete/cordoba/201639333,2016,12,segunda_division
Girona,Lugo,0-1,https://www.besoccer.com/match/girona-fc/lugo/201639338,2016,12,segunda_division
Numancia,Real Oviedo,1-0,https://www.besoccer.com/match/numancia/real-oviedo/201639353,2016,12,segunda_division
Gimnàstic Tarragona,Huesca,2-0,https://www.besoccer.com/match/gimnastic-tarragona/huesca/201639355,2016,12,segunda_division
Alcorcón,Almería,0-0,https://www.besoccer.com/match/ad-alcorcon/almeria/201639348,2016,12,segunda_division
Bilbao Ath.,Llagostera,2-0,https://www.besoccer.com/match/athletic-bilbao-b/llagostera/201639351,2016,12,segunda_division
Albacete,Tenerife,1-2,https://www.besoccer.com/match/albacete/tenerife/201639358,2016,13,segunda_division
Alavés,Girona,1-0,https://www.besoccer.com/match/alaves/girona-fc/201639361,2016,13,segunda_division
Leganés,Alcorcón,3-0,https://www.besoccer.com/match/leganes/ad-alcorcon/201639384,2016,13,segunda_division
Mirandés,Bilbao Ath.,3-0,https://www.besoccer.com/match/mirandes/athletic-bilbao-b/201639390,2016,13,segunda_division
Lugo,Elche,1-1,https://www.besoccer.com/match/lugo/elche/201639367,2016,13,segunda_division
Real Zaragoza,Real Valladolid,0-2,https://www.besoccer.com/match/real-zaragoza/valladolid/201639382,2016,13,segunda_division
Almería,Ponferradina,1-1,https://www.besoccer.com/match/almeria/ponferradina-sd/201639387,2016,13,segunda_division
Llagostera,Numancia,2-1,https://www.besoccer.com/match/llagostera/numancia/201639392,2016,13,segunda_division
Real Oviedo,Gimnàstic Tarragona,2-0,https://www.besoccer.com/match/real-oviedo/gimnastic-tarragona/201639394,2016,13,segunda_division
Córdoba,Huesca,1-1,https://www.besoccer.com/match/cordoba/huesca/201639396,2016,13,segunda_division
Osasuna,Mallorca,2-1,https://www.besoccer.com/match/osasuna/mallorca/201639381,2016,13,segunda_division
Mallorca,Lugo,1-1,https://www.besoccer.com/match/mallorca/lugo/201639091,2016,14,segunda_division
Bilbao Ath.,Almería,0-0,https://www.besoccer.com/match/athletic-bilbao-b/almeria/201639103,2016,14,segunda_division
Numancia,Mirandés,2-2,https://www.besoccer.com/match/numancia/mirandes/201639105,2016,14,segunda_division
Huesca,Real Oviedo,0-1,https://www.besoccer.com/match/huesca/real-oviedo/201639113,2016,14,segunda_division
Elche,Alavés,0-1,https://www.besoccer.com/match/elche/alaves/201639088,2016,14,segunda_division
Real Valladolid,Osasuna,0-1,https://www.besoccer.com/match/valladolid/osasuna/201639094,2016,14,segunda_division
Tenerife,Córdoba,1-1,https://www.besoccer.com/match/tenerife/cordoba/201639083,2016,14,segunda_division
Girona,Albacete,3-0,https://www.besoccer.com/match/girona-fc/albacete/201639086,2016,14,segunda_division
Ponferradina,Leganés,1-0,https://www.besoccer.com/match/ponferradina-sd/leganes/201639099,2016,14,segunda_division
Gimnàstic Tarragona,Llagostera,2-0,https://www.besoccer.com/match/gimnastic-tarragona/llagostera/201639109,2016,14,segunda_division
Alcorcón,Real Zaragoza,1-0,https://www.besoccer.com/match/ad-alcorcon/real-zaragoza/201639096,2016,14,segunda_division
Leganés,Bilbao Ath.,1-0,https://www.besoccer.com/match/leganes/athletic-bilbao-b/201639134,2016,15,segunda_division
Osasuna,Alcorcón,1-2,https://www.besoccer.com/match/osasuna/ad-alcorcon/201639128,2016,15,segunda_division
Almería,Numancia,1-1,https://www.besoccer.com/match/almeria/numancia/201639139,2016,15,segunda_division
Llagostera,Huesca,2-0,https://www.besoccer.com/match/llagostera/huesca/201639146,2016,15,segunda_division
Alavés,Mallorca,1-0,https://www.besoccer.com/match/alaves/mallorca/201639122,2016,15,segunda_division
Lugo,Real Valladolid,1-1,https://www.besoccer.com/match/lugo/valladolid/201639126,2016,15,segunda_division
Tenerife,Girona,1-1,https://www.besoccer.com/match/tenerife/girona-fc/201639116,2016,15,segunda_division
Albacete,Elche,1-0,https://www.besoccer.com/match/albacete/elche/201639119,2016,15,segunda_division
Real Zaragoza,Ponferradina,2-0,https://www.besoccer.com/match/real-zaragoza/ponferradina-sd/201639132,2016,15,segunda_division
Mirandés,Gimnàstic Tarragona,0-1,https://www.besoccer.com/match/mirandes/gimnastic-tarragona/201639142,2016,15,segunda_division
Córdoba,Real Oviedo,2-1,https://www.besoccer.com/match/cordoba/real-oviedo/201639150,2016,15,segunda_division
Elche,Tenerife,0-0,https://www.besoccer.com/match/elche/tenerife/201639163,2016,16,segunda_division
Real Valladolid,Alavés,1-2,https://www.besoccer.com/match/valladolid/alaves/201639175,2016,16,segunda_division
Alcorcón,Lugo,1-1,https://www.besoccer.com/match/ad-alcorcon/lugo/201639181,2016,16,segunda_division
Gimnàstic Tarragona,Almería,2-2,https://www.besoccer.com/match/gimnastic-tarragona/almeria/201639205,2016,16,segunda_division
Ponferradina,Osasuna,3-0,https://www.besoccer.com/match/ponferradina-sd/osasuna/201639189,2016,16,segunda_division
Mallorca,Albacete,2-0,https://www.besoccer.com/match/mallorca/albacete/201639168,2016,16,segunda_division
Numancia,Leganés,1-2,https://www.besoccer.com/match/numancia/leganes/201639197,2016,16,segunda_division
Huesca,Mirandés,1-2,https://www.besoccer.com/match/huesca/mirandes/201639209,2016,16,segunda_division
Real Oviedo,Llagostera,2-1,https://www.besoccer.com/match/real-oviedo/llagostera/201639292,2016,16,segunda_division
Girona,Córdoba,1-2,https://www.besoccer.com/match/girona-fc/cordoba/201639159,2016,16,segunda_division
Bilbao Ath.,Real Zaragoza,0-1,https://www.besoccer.com/match/athletic-bilbao-b/real-zaragoza/201639193,2016,16,segunda_division
Girona,Elche,0-1,https://www.besoccer.com/match/girona-fc/elche/201639224,2016,17,segunda_division
Alavés,Alcorcón,1-1,https://www.besoccer.com/match/alaves/ad-alcorcon/201639245,2016,17,segunda_division
Lugo,Ponferradina,3-1,https://www.besoccer.com/match/lugo/ponferradina-sd/201639249,2016,17,segunda_division
Córdoba,Llagostera,2-0,https://www.besoccer.com/match/cordoba/llagostera/201639274,2016,17,segunda_division
Tenerife,Mallorca,2-1,https://www.besoccer.com/match/tenerife/mallorca/201639229,2016,17,segunda_division
Real Zaragoza,Numancia,2-2,https://www.besoccer.com/match/real-zaragoza/numancia/201639256,2016,17,segunda_division
Albacete,Real Valladolid,0-1,https://www.besoccer.com/match/albacete/valladolid/201639238,2016,17,segunda_division
Leganés,Gimnàstic Tarragona,1-0,https://www.besoccer.com/match/leganes/gimnastic-tarragona/201639261,2016,17,segunda_division
Almería,Huesca,1-2,https://www.besoccer.com/match/almeria/huesca/201639266,2016,17,segunda_division
Osasuna,Bilbao Ath.,1-1,https://www.besoccer.com/match/osasuna/athletic-bilbao-b/201639281,2016,17,segunda_division
Mirandés,Real Oviedo,1-2,https://www.besoccer.com/match/mirandes/real-oviedo/201639270,2016,17,segunda_division
Elche,Córdoba,2-1,https://www.besoccer.com/match/elche/cordoba/201639310,2016,18,segunda_division
Mallorca,Girona,1-1,https://www.besoccer.com/match/mallorca/girona-fc/201639313,2016,18,segunda_division
Ponferradina,Alavés,0-1,https://www.besoccer.com/match/ponferradina-sd/alaves/201639324,2016,18,segunda_division
Gimnàstic Tarragona,Real Zaragoza,3-1,https://www.besoccer.com/match/gimnastic-tarragona/real-zaragoza/201639334,2016,18,segunda_division
Numancia,Osasuna,1-3,https://www.besoccer.com/match/numancia/osasuna/201639332,2016,18,segunda_division
Real Valladolid,Tenerife,4-1,https://www.besoccer.com/match/valladolid/tenerife/201639318,2016,18,segunda_division
Alcorcón,Albacete,1-0,https://www.besoccer.com/match/ad-alcorcon/albacete/201639320,2016,18,segunda_division
Huesca,Leganés,1-1,https://www.besoccer.com/match/huesca/leganes/201639337,2016,18,segunda_division
Llagostera,Mirandés,0-0,https://www.besoccer.com/match/llagostera/mirandes/201639347,2016,18,segunda_division
Real Oviedo,Almería,1-0,https://www.besoccer.com/match/real-oviedo/almeria/201639341,2016,18,segunda_division
Bilbao Ath.,Lugo,1-1,https://www.besoccer.com/match/athletic-bilbao-b/lugo/201639330,2016,18,segunda_division
Osasuna,Gimnàstic Tarragona,1-1,https://www.besoccer.com/match/osasuna/gimnastic-tarragona/201639372,2016,19,segunda_division
Alavés,Bilbao Ath.,3-0,https://www.besoccer.com/match/alaves/athletic-bilbao-b/201639366,2016,19,segunda_division
Elche,Mallorca,1-1,https://www.besoccer.com/match/elche/mallorca/201639352,2016,19,segunda_division
Córdoba,Mirandés,1-2,https://www.besoccer.com/match/cordoba/mirandes/201639389,2016,19,segunda_division
Albacete,Ponferradina,2-2,https://www.besoccer.com/match/albacete/ponferradina-sd/201639364,2016,19,segunda_division
Lugo,Numancia,2-3,https://www.besoccer.com/match/lugo/numancia/201639369,2016,19,segunda_division
Leganés,Real Oviedo,1-1,https://www.besoccer.com/match/leganes/real-oviedo/201639383,2016,19,segunda_division
Almería,Llagostera,2-1,https://www.besoccer.com/match/almeria/llagostera/201639386,2016,19,segunda_division
Real Zaragoza,Huesca,3-3,https://www.besoccer.com/match/real-zaragoza/huesca/201639374,2016,19,segunda_division
Girona,Real Valladolid,1-0,https://www.besoccer.com/match/girona-fc/valladolid/201639356,2016,19,segunda_division
Tenerife,Alcorcón,1-2,https://www.besoccer.com/match/tenerife/ad-alcorcon/201639359,2016,19,segunda_division
Real Valladolid,Elche,1-1,https://www.besoccer.com/match/valladolid/elche/201639408,2016,20,segunda_division
Alcorcón,Girona,1-0,https://www.besoccer.com/match/ad-alcorcon/girona-fc/201639411,2016,20,segunda_division
Gimnàstic Tarragona,Lugo,1-2,https://www.besoccer.com/match/gimnastic-tarragona/lugo/201639423,2016,20,segunda_division
Mirandés,Almería,1-1,https://www.besoccer.com/match/mirandes/almeria/201639436,2016,20,segunda_division
Numancia,Alavés,0-1,https://www.besoccer.com/match/numancia/alaves/201639420,2016,20,segunda_division
Real Oviedo,Real Zaragoza,1-0,https://www.besoccer.com/match/real-oviedo/real-zaragoza/201639429,2016,20,segunda_division
Ponferradina,Tenerife,0-1,https://www.besoccer.com/match/ponferradina-sd/tenerife/201639415,2016,20,segunda_division
Bilbao Ath.,Albacete,0-1,https://www.besoccer.com/match/athletic-bilbao-b/albacete/201639418,2016,20,segunda_division
Huesca,Osasuna,0-1,https://www.besoccer.com/match/huesca/osasuna/201639426,2016,20,segunda_division
Llagostera,Leganés,0-1,https://www.besoccer.com/match/llagostera/leganes/201639432,2016,20,segunda_division
Córdoba,Mallorca,3-1,https://www.besoccer.com/match/cordoba/mallorca/201639395,2016,20,segunda_division
Elche,Alcorcón,2-0,https://www.besoccer.com/match/elche/ad-alcorcon/201639403,2016,21,segunda_division
Tenerife,Bilbao Ath.,2-0,https://www.besoccer.com/match/tenerife/athletic-bilbao-b/201639407,2016,21,segunda_division
Albacete,Numancia,0-2,https://www.besoccer.com/match/albacete/numancia/201639409,2016,21,segunda_division
Real Zaragoza,Llagostera,1-0,https://www.besoccer.com/match/real-zaragoza/llagostera/201639419,2016,21,segunda_division
Osasuna,Real Oviedo,0-0,https://www.besoccer.com/match/osasuna/real-oviedo/201639417,2016,21,segunda_division
Mallorca,Real Valladolid,0-1,https://www.besoccer.com/match/mallorca/valladolid/201639401,2016,21,segunda_division
Girona,Ponferradina,4-0,https://www.besoccer.com/match/girona-fc/ponferradina-sd/201639405,2016,21,segunda_division
Alavés,Gimnàstic Tarragona,1-3,https://www.besoccer.com/match/alaves/gimnastic-tarragona/201639412,2016,21,segunda_division
Lugo,Huesca,1-1,https://www.besoccer.com/match/lugo/huesca/201639413,2016,21,segunda_division
Leganés,Mirandés,4-0,https://www.besoccer.com/match/leganes/mirandes/201639422,2016,21,segunda_division
Almería,Córdoba,0-1,https://www.besoccer.com/match/almeria/cordoba/201639425,2016,21,segunda_division
Lugo,Real Oviedo,2-2,https://www.besoccer.com/match/lugo/real-oviedo/201639439,2016,22,segunda_division
Alavés,Huesca,1-0,https://www.besoccer.com/match/alaves/huesca/201639441,2016,22,segunda_division
Girona,Bilbao Ath.,2-1,https://www.besoccer.com/match/girona-fc/athletic-bilbao-b/201639447,2016,22,segunda_division
Mallorca,Alcorcón,1-0,https://www.besoccer.com/match/mallorca/ad-alcorcon/201639456,2016,22,segunda_division
Leganés,Almería,2-1,https://www.besoccer.com/match/leganes/almeria/201639430,2016,22,segunda_division
Real Valladolid,Córdoba,2-0,https://www.besoccer.com/match/valladolid/cordoba/201639459,2016,22,segunda_division
Real Zaragoza,Mirandés,1-2,https://www.besoccer.com/match/real-zaragoza/mirandes/201639433,2016,22,segunda_division
Osasuna,Llagostera,3-0,https://www.besoccer.com/match/osasuna/llagostera/201639435,2016,22,segunda_division
Albacete,Gimnàstic Tarragona,1-1,https://www.besoccer.com/match/albacete/gimnastic-tarragona/201639442,2016,22,segunda_division
Tenerife,Numancia,0-0,https://www.besoccer.com/match/tenerife/numancia/201639444,2016,22,segunda_division
Elche,Ponferradina,1-0,https://www.besoccer.com/match/elche/ponferradina-sd/201639451,2016,22,segunda_division
Córdoba,Leganés,2-3,https://www.besoccer.com/match/cordoba/leganes/201639462,2016,23,segunda_division
Llagostera,Lugo,0-0,https://www.besoccer.com/match/llagostera/lugo/201639471,2016,23,segunda_division
Huesca,Albacete,3-1,https://www.besoccer.com/match/huesca/albacete/201639475,2016,23,segunda_division
Alcorcón,Real Valladolid,0-0,https://www.besoccer.com/match/ad-alcorcon/valladolid/201639486,2016,23,segunda_division
Real Oviedo,Alavés,1-1,https://www.besoccer.com/match/real-oviedo/alaves/201639473,2016,23,segunda_division
Almería,Real Zaragoza,2-1,https://www.besoccer.com/match/almeria/real-zaragoza/201639464,2016,23,segunda_division
Gimnàstic Tarragona,Tenerife,2-1,https://www.besoccer.com/match/gimnastic-tarragona/tenerife/201639476,2016,23,segunda_division
Numancia,Girona,1-1,https://www.besoccer.com/match/numancia/girona-fc/201639479,2016,23,segunda_division
Bilbao Ath.,Elche,0-1,https://www.besoccer.com/match/athletic-bilbao-b/elche/201639482,2016,23,segunda_division
Ponferradina,Mallorca,0-2,https://www.besoccer.com/match/ponferradina-sd/mallorca/201639483,2016,23,segunda_division
Mirandés,Osasuna,4-0,https://www.besoccer.com/match/mirandes/osasuna/201639467,2016,23,segunda_division
Real Zaragoza,Leganés,1-0,https://www.besoccer.com/match/real-zaragoza/leganes/201639491,2016,24,segunda_division
Albacete,Real Oviedo,2-2,https://www.besoccer.com/match/albacete/real-oviedo/201639506,2016,24,segunda_division
Tenerife,Huesca,1-1,https://www.besoccer.com/match/tenerife/huesca/201639508,2016,24,segunda_division
Real Valladolid,Ponferradina,0-0,https://www.besoccer.com/match/valladolid/ponferradina-sd/201639529,2016,24,segunda_division
Elche,Numancia,0-0,https://www.besoccer.com/match/elche/numancia/201639514,2016,24,segunda_division
Alcorcón,Córdoba,3-3,https://www.besoccer.com/match/ad-alcorcon/cordoba/201639533,2016,24,segunda_division
Lugo,Mirandés,1-4,https://www.besoccer.com/match/lugo/mirandes/201639497,2016,24,segunda_division
Alavés,Llagostera,1-0,https://www.besoccer.com/match/alaves/llagostera/201639504,2016,24,segunda_division
Girona,Gimnàstic Tarragona,1-1,https://www.besoccer.com/match/girona-fc/gimnastic-tarragona/201639511,2016,24,segunda_division
Mallorca,Bilbao Ath.,2-3,https://www.besoccer.com/match/mallorca/athletic-bilbao-b/201639524,2016,24,segunda_division
Osasuna,Almería,0-0,https://www.besoccer.com/match/osasuna/almeria/201639494,2016,24,segunda_division
Almería,Lugo,0-2,https://www.besoccer.com/match/almeria/lugo/201639480,2016,25,segunda_division
Gimnàstic Tarragona,Elche,1-0,https://www.besoccer.com/match/gimnastic-tarragona/elche/201639496,2016,25,segunda_division
Bilbao Ath.,Real Valladolid,0-1,https://www.besoccer.com/match/athletic-bilbao-b/valladolid/201639500,2016,25,segunda_division
Ponferradina,Alcorcón,0-0,https://www.besoccer.com/match/ponferradina-sd/ad-alcorcon/201639502,2016,25,segunda_division
Mirandés,Alavés,0-0,https://www.besoccer.com/match/mirandes/alaves/201639484,2016,25,segunda_division
Córdoba,Real Zaragoza,0-2,https://www.besoccer.com/match/cordoba/real-zaragoza/201639445,2016,25,segunda_division
Leganés,Osasuna,2-0,https://www.besoccer.com/match/leganes/osasuna/201639448,2016,25,segunda_division
Llagostera,Albacete,2-0,https://www.besoccer.com/match/llagostera/albacete/201639487,2016,25,segunda_division
Real Oviedo,Tenerife,1-0,https://www.besoccer.com/match/real-oviedo/tenerife/201639489,2016,25,segunda_division
Huesca,Girona,0-1,https://www.besoccer.com/match/huesca/girona-fc/201639493,2016,25,segunda_division
Numancia,Mallorca,2-0,https://www.besoccer.com/match/numancia/mallorca/201639498,2016,25,segunda_division
Lugo,Leganés,1-2,https://www.besoccer.com/match/lugo/leganes/201639512,2016,26,segunda_division
Albacete,Mirandés,1-1,https://www.besoccer.com/match/albacete/mirandes/201639516,2016,26,segunda_division
Mallorca,Gimnàstic Tarragona,2-2,https://www.besoccer.com/match/mallorca/gimnastic-tarragona/201639527,2016,26,segunda_division
Alcorcón,Bilbao Ath.,1-0,https://www.besoccer.com/match/ad-alcorcon/athletic-bilbao-b/201639532,2016,26,segunda_division
Ponferradina,Córdoba,1-3,https://www.besoccer.com/match/ponferradina-sd/cordoba/201639534,2016,26,segunda_division
Alavés,Almería,1-1,https://www.besoccer.com/match/alaves/almeria/201639513,2016,26,segunda_division
Tenerife,Llagostera,3-1,https://www.besoccer.com/match/tenerife/llagostera/201639518,2016,26,segunda_division
Girona,Real Oviedo,1-1,https://www.besoccer.com/match/girona-fc/real-oviedo/201639520,2016,26,segunda_division
Elche,Huesca,1-1,https://www.besoccer.com/match/elche/huesca/201639523,2016,26,segunda_division
Real Valladolid,Numancia,2-2,https://www.besoccer.com/match/valladolid/numancia/201639530,2016,26,segunda_division
Osasuna,Real Zaragoza,1-1,https://www.besoccer.com/match/osasuna/real-zaragoza/201639507,2016,26,segunda_division
Llagostera,Girona,0-1,https://www.besoccer.com/match/llagostera/girona-fc/201639521,2016,27,segunda_division
Numancia,Alcorcón,1-1,https://www.besoccer.com/match/numancia/ad-alcorcon/201639528,2016,27,segunda_division
Bilbao Ath.,Ponferradina,4-2,https://www.besoccer.com/match/athletic-bilbao-b/ponferradina-sd/201639531,2016,27,segunda_division
Córdoba,Osasuna,0-1,https://www.besoccer.com/match/cordoba/osasuna/201639505,2016,27,segunda_division
Leganés,Alavés,2-0,https://www.besoccer.com/match/leganes/alaves/201639515,2016,27,segunda_division
Real Zaragoza,Lugo,3-1,https://www.besoccer.com/match/real-zaragoza/lugo/201639510,2016,27,segunda_division
Almería,Albacete,1-0,https://www.besoccer.com/match/almeria/albacete/201639517,2016,27,segunda_division
Mirandés,Tenerife,1-2,https://www.besoccer.com/match/mirandes/tenerife/201639519,2016,27,segunda_division
Gimnàstic Tarragona,Real Valladolid,1-1,https://www.besoccer.com/match/gimnastic-tarragona/valladolid/201639526,2016,27,segunda_division
Real Oviedo,Elche,3-0,https://www.besoccer.com/match/real-oviedo/elche/201639522,2016,27,segunda_division
Huesca,Mallorca,1-2,https://www.besoccer.com/match/huesca/mallorca/201639525,2016,27,segunda_division
Girona,Mirandés,2-0,https://www.besoccer.com/match/girona-fc/mirandes/201639488,2016,28,segunda_division
Elche,Llagostera,1-1,https://www.besoccer.com/match/elche/llagostera/201639490,2016,28,segunda_division
Mallorca,Real Oviedo,1-0,https://www.besoccer.com/match/mallorca/real-oviedo/201639492,2016,28,segunda_division
Bilbao Ath.,Córdoba,1-2,https://www.besoccer.com/match/athletic-bilbao-b/cordoba/201639503,2016,28,segunda_division
Lugo,Osasuna,2-0,https://www.besoccer.com/match/lugo/osasuna/201639477,2016,28,segunda_division
Alavés,Real Zaragoza,0-0,https://www.besoccer.com/match/alaves/real-zaragoza/201639478,2016,28,segunda_division
Tenerife,Almería,0-0,https://www.besoccer.com/match/tenerife/almeria/201639485,2016,28,segunda_division
Real Valladolid,Huesca,0-1,https://www.besoccer.com/match/valladolid/huesca/201639495,2016,28,segunda_division
Alcorcón,Gimnàstic Tarragona,1-1,https://www.besoccer.com/match/ad-alcorcon/gimnastic-tarragona/201639499,2016,28,segunda_division
Ponferradina,Numancia,1-0,https://www.besoccer.com/match/ponferradina-sd/numancia/201639501,2016,28,segunda_division
Albacete,Leganés,0-3,https://www.besoccer.com/match/albacete/leganes/201639481,2016,28,segunda_division
Real Zaragoza,Albacete,1-0,https://www.besoccer.com/match/real-zaragoza/albacete/201639449,2016,29,segunda_division
Almería,Girona,1-0,https://www.besoccer.com/match/almeria/girona-fc/201639454,2016,29,segunda_division
Mirandés,Elche,1-2,https://www.besoccer.com/match/mirandes/elche/201639457,2016,29,segunda_division
Numancia,Bilbao Ath.,3-2,https://www.besoccer.com/match/numancia/athletic-bilbao-b/201639469,2016,29,segunda_division
Real Oviedo,Real Valladolid,2-4,https://www.besoccer.com/match/real-oviedo/valladolid/201639463,2016,29,segunda_division
Osasuna,Alavés,3-1,https://www.besoccer.com/match/osasuna/alaves/201639446,2016,29,segunda_division
Córdoba,Lugo,1-2,https://www.besoccer.com/match/cordoba/lugo/201639443,2016,29,segunda_division
Llagostera,Mallorca,3-0,https://www.besoccer.com/match/llagostera/mallorca/201639460,2016,29,segunda_division
Huesca,Alcorcón,1-0,https://www.besoccer.com/match/huesca/ad-alcorcon/201639465,2016,29,segunda_division
Gimnàstic Tarragona,Ponferradina,1-1,https://www.besoccer.com/match/gimnastic-tarragona/ponferradina-sd/201639468,2016,29,segunda_division
Leganés,Tenerife,0-1,https://www.besoccer.com/match/leganes/tenerife/201639453,2016,29,segunda_division
Alavés,Lugo,0-0,https://www.besoccer.com/match/alaves/lugo/201639414,2016,30,segunda_division
Albacete,Osasuna,3-1,https://www.besoccer.com/match/albacete/osasuna/201639416,2016,30,segunda_division
Real Valladolid,Llagostera,3-0,https://www.besoccer.com/match/valladolid/llagostera/201639431,2016,30,segunda_division
Alcorcón,Real Oviedo,1-0,https://www.besoccer.com/match/ad-alcorcon/real-oviedo/201639434,2016,30,segunda_division
Elche,Almería,0-0,https://www.besoccer.com/match/elche/almeria/201639536,2016,30,segunda_division
Tenerife,Real Zaragoza,0-0,https://www.besoccer.com/match/tenerife/real-zaragoza/201639421,2016,30,segunda_division
Girona,Leganés,1-1,https://www.besoccer.com/match/girona-fc/leganes/201639424,2016,30,segunda_division
Mallorca,Mirandés,1-1,https://www.besoccer.com/match/mallorca/mirandes/201639428,2016,30,segunda_division
Ponferradina,Huesca,2-1,https://www.besoccer.com/match/ponferradina-sd/huesca/201639437,2016,30,segunda_division
Bilbao Ath.,Gimnàstic Tarragona,0-4,https://www.besoccer.com/match/athletic-bilbao-b/gimnastic-tarragona/201639438,2016,30,segunda_division
Numancia,Córdoba,1-1,https://www.besoccer.com/match/numancia/cordoba/201639440,2016,30,segunda_division
Osasuna,Tenerife,0-0,https://www.besoccer.com/match/osasuna/tenerife/201639393,2016,31,segunda_division
Leganés,Elche,0-0,https://www.besoccer.com/match/leganes/elche/201639398,2016,31,segunda_division
Huesca,Bilbao Ath.,1-2,https://www.besoccer.com/match/huesca/athletic-bilbao-b/201639406,2016,31,segunda_division
Gimnàstic Tarragona,Numancia,1-0,https://www.besoccer.com/match/gimnastic-tarragona/numancia/201639410,2016,31,segunda_division
Real Oviedo,Ponferradina,3-0,https://www.besoccer.com/match/real-oviedo/ponferradina-sd/201639404,2016,31,segunda_division
Córdoba,Alavés,1-2,https://www.besoccer.com/match/cordoba/alaves/201639388,2016,31,segunda_division
Lugo,Albacete,2-1,https://www.besoccer.com/match/lugo/albacete/201639391,2016,31,segunda_division
Real Zaragoza,Girona,0-3,https://www.besoccer.com/match/real-zaragoza/girona-fc/201639397,2016,31,segunda_division
Almería,Mallorca,1-1,https://www.besoccer.com/match/almeria/mallorca/201639399,2016,31,segunda_division
Mirandés,Real Valladolid,4-1,https://www.besoccer.com/match/mirandes/valladolid/201639400,2016,31,segunda_division
Llagostera,Alcorcón,4-0,https://www.besoccer.com/match/llagostera/ad-alcorcon/201639402,2016,31,segunda_division
Elche,Real Zaragoza,2-1,https://www.besoccer.com/match/elche/real-zaragoza/201639371,2016,32,segunda_division
Mallorca,Leganés,3-0,https://www.besoccer.com/match/mallorca/leganes/201639373,2016,32,segunda_division
Alcorcón,Mirandés,1-0,https://www.besoccer.com/match/ad-alcorcon/mirandes/201639376,2016,32,segunda_division
Ponferradina,Llagostera,1-0,https://www.besoccer.com/match/ponferradina-sd/llagostera/201639377,2016,32,segunda_division
Gimnàstic Tarragona,Córdoba,4-4,https://www.besoccer.com/match/gimnastic-tarragona/cordoba/201639385,2016,32,segunda_division
Tenerife,Lugo,1-0,https://www.besoccer.com/match/tenerife/lugo/201639368,2016,32,segunda_division
Girona,Osasuna,0-0,https://www.besoccer.com/match/girona-fc/osasuna/201639370,2016,32,segunda_division
Real Valladolid,Almería,1-1,https://www.besoccer.com/match/valladolid/almeria/201639375,2016,32,segunda_division
Numancia,Huesca,3-2,https://www.besoccer.com/match/numancia/huesca/201639379,2016,32,segunda_division
Albacete,Alavés,0-1,https://www.besoccer.com/match/albacete/alaves/201639365,2016,32,segunda_division
Bilbao Ath.,Real Oviedo,2-1,https://www.besoccer.com/match/athletic-bilbao-b/real-oviedo/201639378,2016,32,segunda_division
Almería,Alcorcón,1-1,https://www.besoccer.com/match/almeria/ad-alcorcon/201639354,2016,33,segunda_division
Lugo,Girona,1-1,https://www.besoccer.com/match/lugo/girona-fc/201639342,2016,33,segunda_division
Mirandés,Ponferradina,1-0,https://www.besoccer.com/match/mirandes/ponferradina-sd/201639357,2016,33,segunda_division
Llagostera,Bilbao Ath.,2-1,https://www.besoccer.com/match/llagostera/athletic-bilbao-b/201639360,2016,33,segunda_division
Leganés,Real Valladolid,4-0,https://www.besoccer.com/match/leganes/valladolid/201639350,2016,33,segunda_division
Real Zaragoza,Mallorca,2-1,https://www.besoccer.com/match/real-zaragoza/mallorca/201639346,2016,33,segunda_division
Córdoba,Albacete,2-3,https://www.besoccer.com/match/cordoba/albacete/201639336,2016,33,segunda_division
Alavés,Tenerife,2-2,https://www.besoccer.com/match/alaves/tenerife/201639339,2016,33,segunda_division
Real Oviedo,Numancia,1-0,https://www.besoccer.com/match/real-oviedo/numancia/201639362,2016,33,segunda_division
Huesca,Gimnàstic Tarragona,2-0,https://www.besoccer.com/match/huesca/gimnastic-tarragona/201639363,2016,33,segunda_division
Osasuna,Elche,0-0,https://www.besoccer.com/match/osasuna/elche/201639344,2016,33,segunda_division
Girona,Alavés,1-0,https://www.besoccer.com/match/girona-fc/alaves/201639304,2016,34,segunda_division
Elche,Lugo,2-0,https://www.besoccer.com/match/elche/lugo/201639306,2016,34,segunda_division
Bilbao Ath.,Mirandés,1-1,https://www.besoccer.com/match/athletic-bilbao-b/mirandes/201639319,2016,34,segunda_division
Numancia,Llagostera,1-1,https://www.besoccer.com/match/numancia/llagostera/201639321,2016,34,segunda_division
Real Valladolid,Real Zaragoza,1-2,https://www.besoccer.com/match/valladolid/real-zaragoza/201639311,2016,34,segunda_division
Gimnàstic Tarragona,Real Oviedo,0-0,https://www.besoccer.com/match/gimnastic-tarragona/real-oviedo/201639323,2016,34,segunda_division
Tenerife,Albacete,1-0,https://www.besoccer.com/match/tenerife/albacete/201639302,2016,34,segunda_division
Alcorcón,Leganés,2-0,https://www.besoccer.com/match/ad-alcorcon/leganes/201639314,2016,34,segunda_division
Ponferradina,Almería,1-3,https://www.besoccer.com/match/ponferradina-sd/almeria/201639316,2016,34,segunda_division
Huesca,Córdoba,0-2,https://www.besoccer.com/match/huesca/cordoba/201639326,2016,34,segunda_division
Mallorca,Osasuna,1-1,https://www.besoccer.com/match/mallorca/osasuna/201639308,2016,34,segunda_division
Albacete,Girona,0-3,https://www.besoccer.com/match/albacete/girona-fc/201639291,2016,35,segunda_division
Leganés,Ponferradina,3-0,https://www.besoccer.com/match/leganes/ponferradina-sd/201639285,2016,35,segunda_division
Llagostera,Gimnàstic Tarragona,1-1,https://www.besoccer.com/match/llagostera/gimnastic-tarragona/201639294,2016,35,segunda_division
Real Oviedo,Huesca,0-1,https://www.besoccer.com/match/real-oviedo/huesca/201639300,2016,35,segunda_division
Alavés,Elche,0-0,https://www.besoccer.com/match/alaves/elche/201639276,2016,35,segunda_division
Osasuna,Real Valladolid,1-0,https://www.besoccer.com/match/osasuna/valladolid/201639279,2016,35,segunda_division
Córdoba,Tenerife,0-0,https://www.besoccer.com/match/cordoba/tenerife/201639271,2016,35,segunda_division
Lugo,Mallorca,2-1,https://www.besoccer.com/match/lugo/mallorca/201639277,2016,35,segunda_division
Almería,Bilbao Ath.,3-2,https://www.besoccer.com/match/almeria/athletic-bilbao-b/201639287,2016,35,segunda_division
Mirandés,Numancia,0-2,https://www.besoccer.com/match/mirandes/numancia/201639288,2016,35,segunda_division
Real Zaragoza,Alcorcón,3-1,https://www.besoccer.com/match/real-zaragoza/ad-alcorcon/201639283,2016,35,segunda_division
Alcorcón,Osasuna,0-1,https://www.besoccer.com/match/ad-alcorcon/osasuna/201639251,2016,36,segunda_division
Numancia,Almería,2-0,https://www.besoccer.com/match/numancia/almeria/201639258,2016,36,segunda_division
Huesca,Llagostera,3-1,https://www.besoccer.com/match/huesca/llagostera/201639264,2016,36,segunda_division
Mallorca,Alavés,0-0,https://www.besoccer.com/match/mallorca/alaves/201639246,2016,36,segunda_division
Real Oviedo,Córdoba,1-0,https://www.besoccer.com/match/real-oviedo/cordoba/201639267,2016,36,segunda_division
Girona,Tenerife,1-0,https://www.besoccer.com/match/girona-fc/tenerife/201639240,2016,36,segunda_division
Elche,Albacete,1-1,https://www.besoccer.com/match/elche/albacete/201639243,2016,36,segunda_division
Real Valladolid,Lugo,1-1,https://www.besoccer.com/match/valladolid/lugo/201639248,2016,36,segunda_division
Gimnàstic Tarragona,Mirandés,3-2,https://www.besoccer.com/match/gimnastic-tarragona/mirandes/201639263,2016,36,segunda_division
Ponferradina,Real Zaragoza,1-1,https://www.besoccer.com/match/ponferradina-sd/real-zaragoza/201639253,2016,36,segunda_division
Bilbao Ath.,Leganés,1-2,https://www.besoccer.com/match/athletic-bilbao-b/leganes/201639255,2016,36,segunda_division
Lugo,Alcorcón,1-2,https://www.besoccer.com/match/lugo/ad-alcorcon/201639217,2016,37,segunda_division
Osasuna,Ponferradina,0-0,https://www.besoccer.com/match/osasuna/ponferradina-sd/201639219,2016,37,segunda_division
Almería,Gimnàstic Tarragona,1-2,https://www.besoccer.com/match/almeria/gimnastic-tarragona/201639226,2016,37,segunda_division
Llagostera,Real Oviedo,2-0,https://www.besoccer.com/match/llagostera/real-oviedo/201639231,2016,37,segunda_division
Tenerife,Elche,1-1,https://www.besoccer.com/match/tenerife/elche/201639210,2016,37,segunda_division
Alavés,Real Valladolid,2-1,https://www.besoccer.com/match/alaves/valladolid/201639214,2016,37,segunda_division
Córdoba,Girona,1-0,https://www.besoccer.com/match/cordoba/girona-fc/201639207,2016,37,segunda_division
Albacete,Mallorca,1-0,https://www.besoccer.com/match/albacete/mallorca/201639212,2016,37,segunda_division
Real Zaragoza,Bilbao Ath.,2-0,https://www.besoccer.com/match/real-zaragoza/athletic-bilbao-b/201639221,2016,37,segunda_division
Leganés,Numancia,2-2,https://www.besoccer.com/match/leganes/numancia/201639223,2016,37,segunda_division
Mirandés,Huesca,1-0,https://www.besoccer.com/match/mirandes/huesca/201639228,2016,37,segunda_division
Mallorca,Tenerife,1-0,https://www.besoccer.com/match/mallorca/tenerife/201639184,2016,38,segunda_division
Real Valladolid,Albacete,1-0,https://www.besoccer.com/match/valladolid/albacete/201639186,2016,38,segunda_division
Numancia,Real Zaragoza,2-2,https://www.besoccer.com/match/numancia/real-zaragoza/201639195,2016,38,segunda_division
Real Oviedo,Mirandés,4-1,https://www.besoccer.com/match/real-oviedo/mirandes/201639202,2016,38,segunda_division
Gimnàstic Tarragona,Leganés,0-0,https://www.besoccer.com/match/gimnastic-tarragona/leganes/201639198,2016,38,segunda_division
Elche,Girona,1-1,https://www.besoccer.com/match/elche/girona-fc/201639182,2016,38,segunda_division
Alcorcón,Alavés,0-1,https://www.besoccer.com/match/ad-alcorcon/alaves/201639188,2016,38,segunda_division
Ponferradina,Lugo,2-1,https://www.besoccer.com/match/ponferradina-sd/lugo/201639190,2016,38,segunda_division
Bilbao Ath.,Osasuna,0-0,https://www.besoccer.com/match/athletic-bilbao-b/osasuna/201639192,2016,38,segunda_division
Huesca,Almería,2-1,https://www.besoccer.com/match/huesca/almeria/201639200,2016,38,segunda_division
Llagostera,Córdoba,1-0,https://www.besoccer.com/match/llagostera/cordoba/201639204,2016,38,segunda_division
Córdoba,Elche,3-1,https://www.besoccer.com/match/cordoba/elche/201639155,2016,39,segunda_division
Girona,Mallorca,1-0,https://www.besoccer.com/match/girona-fc/mallorca/201639156,2016,39,segunda_division
Tenerife,Real Valladolid,3-1,https://www.besoccer.com/match/tenerife/valladolid/201639158,2016,39,segunda_division
Albacete,Alcorcón,0-2,https://www.besoccer.com/match/albacete/ad-alcorcon/201639162,2016,39,segunda_division
Leganés,Huesca,2-3,https://www.besoccer.com/match/leganes/huesca/201639174,2016,39,segunda_division
Real Zaragoza,Gimnàstic Tarragona,0-1,https://www.besoccer.com/match/real-zaragoza/gimnastic-tarragona/201639172,2016,39,segunda_division
Alavés,Ponferradina,2-0,https://www.besoccer.com/match/alaves/ponferradina-sd/201639165,2016,39,segunda_division
Lugo,Bilbao Ath.,2-0,https://www.besoccer.com/match/lugo/athletic-bilbao-b/201639167,2016,39,segunda_division
Osasuna,Numancia,3-2,https://www.besoccer.com/match/osasuna/numancia/201639169,2016,39,segunda_division
Mirandés,Llagostera,0-0,https://www.besoccer.com/match/mirandes/llagostera/201639178,2016,39,segunda_division
Almería,Real Oviedo,3-1,https://www.besoccer.com/match/almeria/real-oviedo/201639176,2016,39,segunda_division
Mallorca,Elche,2-1,https://www.besoccer.com/match/mallorca/elche/201639129,2016,40,segunda_division
Real Valladolid,Girona,0-0,https://www.besoccer.com/match/valladolid/girona-fc/201639131,2016,40,segunda_division
Alcorcón,Tenerife,2-1,https://www.besoccer.com/match/ad-alcorcon/tenerife/201639133,2016,40,segunda_division
Ponferradina,Albacete,2-1,https://www.besoccer.com/match/ponferradina-sd/albacete/201639136,2016,40,segunda_division
Numancia,Lugo,1-0,https://www.besoccer.com/match/numancia/lugo/201639141,2016,40,segunda_division
Gimnàstic Tarragona,Osasuna,1-0,https://www.besoccer.com/match/gimnastic-tarragona/osasuna/201639144,2016,40,segunda_division
Llagostera,Almería,0-0,https://www.besoccer.com/match/llagostera/almeria/201639151,2016,40,segunda_division
Mirandés,Córdoba,0-3,https://www.besoccer.com/match/mirandes/cordoba/201639153,2016,40,segunda_division
Bilbao Ath.,Alavés,2-3,https://www.besoccer.com/match/athletic-bilbao-b/alaves/201639138,2016,40,segunda_division
Huesca,Real Zaragoza,1-1,https://www.besoccer.com/match/huesca/real-zaragoza/201639147,2016,40,segunda_division
Real Oviedo,Leganés,0-1,https://www.besoccer.com/match/real-oviedo/leganes/201639148,2016,40,segunda_division
Mallorca,Córdoba,0-1,https://www.besoccer.com/match/mallorca/cordoba/201639089,2016,41,segunda_division
Elche,Real Valladolid,2-2,https://www.besoccer.com/match/elche/valladolid/201639092,2016,41,segunda_division
Girona,Alcorcón,2-0,https://www.besoccer.com/match/girona-fc/ad-alcorcon/201639098,2016,41,segunda_division
Tenerife,Ponferradina,1-1,https://www.besoccer.com/match/tenerife/ponferradina-sd/201639101,2016,41,segunda_division
Albacete,Bilbao Ath.,2-1,https://www.besoccer.com/match/albacete/athletic-bilbao-b/201639106,2016,41,segunda_division
Alavés,Numancia,2-0,https://www.besoccer.com/match/alaves/numancia/201639108,2016,41,segunda_division
Lugo,Gimnàstic Tarragona,0-3,https://www.besoccer.com/match/lugo/gimnastic-tarragona/201639111,2016,41,segunda_division
Osasuna,Huesca,2-3,https://www.besoccer.com/match/osasuna/huesca/201639115,2016,41,segunda_division
Real Zaragoza,Real Oviedo,1-0,https://www.besoccer.com/match/real-zaragoza/real-oviedo/201639118,2016,41,segunda_division
Leganés,Llagostera,2-0,https://www.besoccer.com/match/leganes/llagostera/201639121,2016,41,segunda_division
Almería,Mirandés,2-1,https://www.besoccer.com/match/almeria/mirandes/201639124,2016,41,segunda_division
Bilbao Ath.,Tenerife,2-0,https://www.besoccer.com/match/athletic-bilbao-b/tenerife/201639073,2016,42,segunda_division
Numancia,Albacete,2-0,https://www.besoccer.com/match/numancia/albacete/201639074,2016,42,segunda_division
Huesca,Lugo,1-0,https://www.besoccer.com/match/huesca/lugo/201639078,2016,42,segunda_division
Real Valladolid,Mallorca,1-3,https://www.besoccer.com/match/valladolid/mallorca/201639070,2016,42,segunda_division
Alcorcón,Elche,4-1,https://www.besoccer.com/match/ad-alcorcon/elche/201639071,2016,42,segunda_division
Ponferradina,Girona,0-1,https://www.besoccer.com/match/ponferradina-sd/girona-fc/201639072,2016,42,segunda_division
Gimnàstic Tarragona,Alavés,1-1,https://www.besoccer.com/match/gimnastic-tarragona/alaves/201639076,2016,42,segunda_division
Real Oviedo,Osasuna,0-5,https://www.besoccer.com/match/real-oviedo/osasuna/201639079,2016,42,segunda_division
Llagostera,Real Zaragoza,6-2,https://www.besoccer.com/match/llagostera/real-zaragoza/201639082,2016,42,segunda_division
Mirandés,Leganés,0-1,https://www.besoccer.com/match/mirandes/leganes/201639084,2016,42,segunda_division
Córdoba,Almería,1-1,https://www.besoccer.com/match/cordoba/almeria/201639087,2016,42,segunda_division
