Home_Team,Away_Team,Result,Link,Season,Round,League
Albacete,Palamós,2-0,https://www.besoccer.com/match/albacete/palamos-cf/1991761,1991,1,segunda_division
UE Figueres,Levante,2-1,https://www.besoccer.com/match/figueres/levante/1991762,1991,1,segunda_division
Sabadell,Lleida,2-3,https://www.besoccer.com/match/sabadell/ue-lleida/1991763,1991,1,segunda_division
Bilbao Ath.,Rayo Vallecano,1-1,https://www.besoccer.com/match/athletic-bilbao-b/rayo-vallecano/1991764,1991,1,segunda_division
Deportivo,Elche,2-0,https://www.besoccer.com/match/deportivo/elche/1991765,1991,1,segunda_division
Orihuela CF,UD Salamanca,2-0,https://www.besoccer.com/match/orihuela/salamanca/1991766,1991,1,segunda_division
CD Málaga,Celta,1-1,https://www.besoccer.com/match/cd-malaga/celta/1991767,1991,1,segunda_division
Real Avilés,Real Murcia,0-0,https://www.besoccer.com/match/real-aviles-ind/real-murcia/1991768,1991,1,segunda_division
Sestao Sport Club,Las Palmas,1-1,https://www.besoccer.com/match/sestao-sport-club/ud-palmas/1991769,1991,1,segunda_division
Xerez,Eibar,0-0,https://www.besoccer.com/match/xerez/eibar/1991770,1991,1,segunda_division
Lleida,Albacete,1-0,https://www.besoccer.com/match/ue-lleida/albacete/1991771,1991,2,segunda_division
Real Murcia,UE Figueres,3-0,https://www.besoccer.com/match/real-murcia/figueres/1991772,1991,2,segunda_division
Palamós,Orihuela CF,4-1,https://www.besoccer.com/match/palamos-cf/orihuela/1991773,1991,2,segunda_division
Levante,Sabadell,0-0,https://www.besoccer.com/match/levante/sabadell/1991774,1991,2,segunda_division
Elche,Real Avilés,2-0,https://www.besoccer.com/match/elche/real-aviles-ind/1991775,1991,2,segunda_division
Celta,Xerez,1-0,https://www.besoccer.com/match/celta/xerez/1991776,1991,2,segunda_division
Eibar,Sestao Sport Club,0-1,https://www.besoccer.com/match/eibar/sestao-sport-club/1991777,1991,2,segunda_division
Rayo Vallecano,Deportivo,0-3,https://www.besoccer.com/match/rayo-vallecano/deportivo/1991778,1991,2,segunda_division
UD Salamanca,CD Málaga,1-1,https://www.besoccer.com/match/salamanca/cd-malaga/1991779,1991,2,segunda_division
Las Palmas,Bilbao Ath.,1-1,https://www.besoccer.com/match/ud-palmas/athletic-bilbao-b/1991780,1991,2,segunda_division
Sestao Sport Club,Bilbao Ath.,1-1,https://www.besoccer.com/match/sestao-sport-club/athletic-bilbao-b/1991781,1991,3,segunda_division
Albacete,Levante,3-1,https://www.besoccer.com/match/albacete/levante/1991782,1991,3,segunda_division
UE Figueres,Elche,0-1,https://www.besoccer.com/match/figueres/elche/1991783,1991,3,segunda_division
Sabadell,Real Murcia,1-2,https://www.besoccer.com/match/sabadell/real-murcia/1991784,1991,3,segunda_division
Orihuela CF,Lleida,1-0,https://www.besoccer.com/match/orihuela/ue-lleida/1991785,1991,3,segunda_division
CD Málaga,Palamós,5-0,https://www.besoccer.com/match/cd-malaga/palamos-cf/1991786,1991,3,segunda_division
Deportivo,Las Palmas,0-0,https://www.besoccer.com/match/deportivo/ud-palmas/1991787,1991,3,segunda_division
Xerez,UD Salamanca,1-1,https://www.besoccer.com/match/xerez/salamanca/1991788,1991,3,segunda_division
Real Avilés,Rayo Vallecano,1-1,https://www.besoccer.com/match/real-aviles-ind/rayo-vallecano/1991789,1991,3,segunda_division
Eibar,Celta,0-0,https://www.besoccer.com/match/eibar/celta/1991790,1991,3,segunda_division
Lleida,CD Málaga,2-0,https://www.besoccer.com/match/ue-lleida/cd-malaga/1991791,1991,4,segunda_division
Palamós,Xerez,3-2,https://www.besoccer.com/match/palamos-cf/xerez/1991792,1991,4,segunda_division
Elche,Sabadell,2-0,https://www.besoccer.com/match/elche/sabadell/1991793,1991,4,segunda_division
Bilbao Ath.,Deportivo,3-1,https://www.besoccer.com/match/athletic-bilbao-b/deportivo/1991794,1991,4,segunda_division
Las Palmas,Real Avilés,2-0,https://www.besoccer.com/match/ud-palmas/real-aviles-ind/1991795,1991,4,segunda_division
Levante,Orihuela CF,0-0,https://www.besoccer.com/match/levante/orihuela/1991796,1991,4,segunda_division
Rayo Vallecano,UE Figueres,1-1,https://www.besoccer.com/match/rayo-vallecano/figueres/1991797,1991,4,segunda_division
Real Murcia,Albacete,2-0,https://www.besoccer.com/match/real-murcia/albacete/1991798,1991,4,segunda_division
Celta,Sestao Sport Club,1-1,https://www.besoccer.com/match/celta/sestao-sport-club/1991799,1991,4,segunda_division
UD Salamanca,Eibar,2-2,https://www.besoccer.com/match/salamanca/eibar/1991800,1991,4,segunda_division
UE Figueres,Las Palmas,1-1,https://www.besoccer.com/match/figueres/ud-palmas/1991801,1991,5,segunda_division
CD Málaga,Levante,4-1,https://www.besoccer.com/match/cd-malaga/levante/1991802,1991,5,segunda_division
Albacete,Elche,2-1,https://www.besoccer.com/match/albacete/elche/1991803,1991,5,segunda_division
Orihuela CF,Real Murcia,1-2,https://www.besoccer.com/match/orihuela/real-murcia/1991804,1991,5,segunda_division
Celta,UD Salamanca,1-0,https://www.besoccer.com/match/celta/salamanca/1991805,1991,5,segunda_division
Real Avilés,Bilbao Ath.,0-0,https://www.besoccer.com/match/real-aviles-ind/athletic-bilbao-b/1991806,1991,5,segunda_division
Sestao Sport Club,Deportivo,0-0,https://www.besoccer.com/match/sestao-sport-club/deportivo/1991807,1991,5,segunda_division
Eibar,Palamós,1-0,https://www.besoccer.com/match/eibar/palamos-cf/1991808,1991,5,segunda_division
Xerez,Lleida,0-0,https://www.besoccer.com/match/xerez/ue-lleida/1991809,1991,5,segunda_division
Sabadell,Rayo Vallecano,2-2,https://www.besoccer.com/match/sabadell/rayo-vallecano/1991810,1991,5,segunda_division
Lleida,Eibar,2-0,https://www.besoccer.com/match/ue-lleida/eibar/1991811,1991,6,segunda_division
Deportivo,Real Avilés,1-0,https://www.besoccer.com/match/deportivo/real-aviles-ind/1991812,1991,6,segunda_division
Palamós,Celta,3-2,https://www.besoccer.com/match/palamos-cf/celta/1991813,1991,6,segunda_division
Real Murcia,CD Málaga,1-1,https://www.besoccer.com/match/real-murcia/cd-malaga/1991814,1991,6,segunda_division
Rayo Vallecano,Albacete,1-1,https://www.besoccer.com/match/rayo-vallecano/albacete/1991815,1991,6,segunda_division
UD Salamanca,Sestao Sport Club,1-0,https://www.besoccer.com/match/salamanca/sestao-sport-club/1991816,1991,6,segunda_division
Las Palmas,Sabadell,0-0,https://www.besoccer.com/match/ud-palmas/sabadell/1991817,1991,6,segunda_division
Levante,Xerez,2-3,https://www.besoccer.com/match/levante/xerez/1991818,1991,6,segunda_division
Elche,Orihuela CF,0-1,https://www.besoccer.com/match/elche/orihuela/1991819,1991,6,segunda_division
Bilbao Ath.,UE Figueres,2-0,https://www.besoccer.com/match/athletic-bilbao-b/figueres/1991820,1991,6,segunda_division
Orihuela CF,Rayo Vallecano,2-4,https://www.besoccer.com/match/orihuela/rayo-vallecano/1991821,1991,7,segunda_division
UE Figueres,Deportivo,1-0,https://www.besoccer.com/match/figueres/deportivo/1991822,1991,7,segunda_division
Sestao Sport Club,Real Avilés,2-0,https://www.besoccer.com/match/sestao-sport-club/real-aviles-ind/1991823,1991,7,segunda_division
Sabadell,Bilbao Ath.,2-0,https://www.besoccer.com/match/sabadell/athletic-bilbao-b/1991824,1991,7,segunda_division
UD Salamanca,Palamós,4-0,https://www.besoccer.com/match/salamanca/palamos-cf/1991825,1991,7,segunda_division
Albacete,Las Palmas,4-1,https://www.besoccer.com/match/albacete/ud-palmas/1991826,1991,7,segunda_division
Xerez,Real Murcia,1-1,https://www.besoccer.com/match/xerez/real-murcia/1991827,1991,7,segunda_division
Celta,Lleida,1-1,https://www.besoccer.com/match/celta/ue-lleida/1991828,1991,7,segunda_division
CD Málaga,Elche,2-0,https://www.besoccer.com/match/cd-malaga/elche/1991829,1991,7,segunda_division
Eibar,Levante,3-1,https://www.besoccer.com/match/eibar/levante/1991830,1991,7,segunda_division
Bilbao Ath.,Albacete,2-0,https://www.besoccer.com/match/athletic-bilbao-b/albacete/1991831,1991,8,segunda_division
Deportivo,Sabadell,4-2,https://www.besoccer.com/match/deportivo/sabadell/1991832,1991,8,segunda_division
Elche,Xerez,1-0,https://www.besoccer.com/match/elche/xerez/1991833,1991,8,segunda_division
Levante,Celta,1-1,https://www.besoccer.com/match/levante/celta/1991834,1991,8,segunda_division
Las Palmas,Orihuela CF,0-0,https://www.besoccer.com/match/ud-palmas/orihuela/1991835,1991,8,segunda_division
Rayo Vallecano,CD Málaga,1-1,https://www.besoccer.com/match/rayo-vallecano/cd-malaga/1991836,1991,8,segunda_division
Real Murcia,Eibar,1-0,https://www.besoccer.com/match/real-murcia/eibar/1991837,1991,8,segunda_division
Palamós,Sestao Sport Club,1-1,https://www.besoccer.com/match/palamos-cf/sestao-sport-club/1991838,1991,8,segunda_division
Lleida,UD Salamanca,1-0,https://www.besoccer.com/match/ue-lleida/salamanca/1991839,1991,8,segunda_division
Real Avilés,UE Figueres,0-0,https://www.besoccer.com/match/real-aviles-ind/figueres/1991840,1991,8,segunda_division
Eibar,Elche,1-1,https://www.besoccer.com/match/eibar/elche/1991841,1991,9,segunda_division
CD Málaga,Las Palmas,1-1,https://www.besoccer.com/match/cd-malaga/ud-palmas/1991842,1991,9,segunda_division
Celta,Real Murcia,0-2,https://www.besoccer.com/match/celta/real-murcia/1991843,1991,9,segunda_division
Xerez,Rayo Vallecano,2-2,https://www.besoccer.com/match/xerez/rayo-vallecano/1991844,1991,9,segunda_division
Albacete,Deportivo,2-1,https://www.besoccer.com/match/albacete/deportivo/1991845,1991,9,segunda_division
UD Salamanca,Levante,0-0,https://www.besoccer.com/match/salamanca/levante/1991846,1991,9,segunda_division
Sabadell,Real Avilés,1-0,https://www.besoccer.com/match/sabadell/real-aviles-ind/1991847,1991,9,segunda_division
Sestao Sport Club,UE Figueres,0-0,https://www.besoccer.com/match/sestao-sport-club/figueres/1991848,1991,9,segunda_division
Palamós,Lleida,1-0,https://www.besoccer.com/match/palamos-cf/ue-lleida/1991849,1991,9,segunda_division
Orihuela CF,Bilbao Ath.,3-1,https://www.besoccer.com/match/orihuela/athletic-bilbao-b/1991850,1991,9,segunda_division
Bilbao Ath.,CD Málaga,1-2,https://www.besoccer.com/match/athletic-bilbao-b/cd-malaga/1991851,1991,10,segunda_division
Deportivo,Orihuela CF,1-0,https://www.besoccer.com/match/deportivo/orihuela/1991852,1991,10,segunda_division
Elche,Celta,0-1,https://www.besoccer.com/match/elche/celta/1991853,1991,10,segunda_division
Levante,Palamós,0-0,https://www.besoccer.com/match/levante/palamos-cf/1991854,1991,10,segunda_division
Las Palmas,Xerez,3-1,https://www.besoccer.com/match/ud-palmas/xerez/1991855,1991,10,segunda_division
Rayo Vallecano,Eibar,0-0,https://www.besoccer.com/match/rayo-vallecano/eibar/1991856,1991,10,segunda_division
Real Murcia,UD Salamanca,2-1,https://www.besoccer.com/match/real-murcia/salamanca/1991857,1991,10,segunda_division
Lleida,Sestao Sport Club,1-1,https://www.besoccer.com/match/ue-lleida/sestao-sport-club/1991858,1991,10,segunda_division
UE Figueres,Sabadell,3-0,https://www.besoccer.com/match/figueres/sabadell/1991859,1991,10,segunda_division
Real Avilés,Albacete,1-2,https://www.besoccer.com/match/real-aviles-ind/albacete/1991860,1991,10,segunda_division
Palamós,Real Murcia,0-1,https://www.besoccer.com/match/palamos-cf/real-murcia/1991861,1991,11,segunda_division
Eibar,Las Palmas,2-2,https://www.besoccer.com/match/eibar/ud-palmas/1991862,1991,11,segunda_division
CD Málaga,Deportivo,1-2,https://www.besoccer.com/match/cd-malaga/deportivo/1991863,1991,11,segunda_division
Celta,Rayo Vallecano,2-2,https://www.besoccer.com/match/celta/rayo-vallecano/1991864,1991,11,segunda_division
Xerez,Bilbao Ath.,1-0,https://www.besoccer.com/match/xerez/athletic-bilbao-b/1991865,1991,11,segunda_division
Albacete,UE Figueres,5-1,https://www.besoccer.com/match/albacete/figueres/1991866,1991,11,segunda_division
UD Salamanca,Elche,2-2,https://www.besoccer.com/match/salamanca/elche/1991867,1991,11,segunda_division
Sestao Sport Club,Sabadell,0-0,https://www.besoccer.com/match/sestao-sport-club/sabadell/1991868,1991,11,segunda_division
Lleida,Levante,2-1,https://www.besoccer.com/match/ue-lleida/levante/1991869,1991,11,segunda_division
Orihuela CF,Real Avilés,4-0,https://www.besoccer.com/match/orihuela/real-aviles-ind/1991870,1991,11,segunda_division
Real Murcia,Lleida,1-0,https://www.besoccer.com/match/real-murcia/ue-lleida/1991871,1991,12,segunda_division
Bilbao Ath.,Eibar,1-1,https://www.besoccer.com/match/athletic-bilbao-b/eibar/1991872,1991,12,segunda_division
UE Figueres,Orihuela CF,1-1,https://www.besoccer.com/match/figueres/orihuela/1991873,1991,12,segunda_division
Deportivo,Xerez,2-0,https://www.besoccer.com/match/deportivo/xerez/1991874,1991,12,segunda_division
Elche,Palamós,1-4,https://www.besoccer.com/match/elche/palamos-cf/1991875,1991,12,segunda_division
Rayo Vallecano,UD Salamanca,2-0,https://www.besoccer.com/match/rayo-vallecano/salamanca/1991876,1991,12,segunda_division
Levante,Sestao Sport Club,1-0,https://www.besoccer.com/match/levante/sestao-sport-club/1991877,1991,12,segunda_division
Real Avilés,CD Málaga,3-3,https://www.besoccer.com/match/real-aviles-ind/cd-malaga/1991878,1991,12,segunda_division
Las Palmas,Celta,1-1,https://www.besoccer.com/match/ud-palmas/celta/1991879,1991,12,segunda_division
Sabadell,Albacete,0-4,https://www.besoccer.com/match/sabadell/albacete/1991880,1991,12,segunda_division
Palamós,Rayo Vallecano,1-1,https://www.besoccer.com/match/palamos-cf/rayo-vallecano/1991881,1991,13,segunda_division
Lleida,Elche,2-0,https://www.besoccer.com/match/ue-lleida/elche/1991882,1991,13,segunda_division
Orihuela CF,Sabadell,1-1,https://www.besoccer.com/match/orihuela/sabadell/1991883,1991,13,segunda_division
CD Málaga,UE Figueres,0-0,https://www.besoccer.com/match/cd-malaga/figueres/1991884,1991,13,segunda_division
Xerez,Real Avilés,1-2,https://www.besoccer.com/match/xerez/real-aviles-ind/1991885,1991,13,segunda_division
Celta,Bilbao Ath.,1-1,https://www.besoccer.com/match/celta/athletic-bilbao-b/1991886,1991,13,segunda_division
Levante,Real Murcia,1-1,https://www.besoccer.com/match/levante/real-murcia/1991887,1991,13,segunda_division
UD Salamanca,Las Palmas,4-1,https://www.besoccer.com/match/salamanca/ud-palmas/1991888,1991,13,segunda_division
Eibar,Deportivo,2-2,https://www.besoccer.com/match/eibar/deportivo/1991889,1991,13,segunda_division
Sestao Sport Club,Albacete,0-0,https://www.besoccer.com/match/sestao-sport-club/albacete/1991890,1991,13,segunda_division
UE Figueres,Xerez,3-1,https://www.besoccer.com/match/figueres/xerez/1991891,1991,14,segunda_division
Rayo Vallecano,Lleida,1-4,https://www.besoccer.com/match/rayo-vallecano/ue-lleida/1991892,1991,14,segunda_division
Real Avilés,Eibar,2-1,https://www.besoccer.com/match/real-aviles-ind/eibar/1991893,1991,14,segunda_division
Bilbao Ath.,UD Salamanca,1-1,https://www.besoccer.com/match/athletic-bilbao-b/salamanca/1991894,1991,14,segunda_division
Albacete,Orihuela CF,0-0,https://www.besoccer.com/match/albacete/orihuela/1991895,1991,14,segunda_division
Real Murcia,Sestao Sport Club,3-1,https://www.besoccer.com/match/real-murcia/sestao-sport-club/1991896,1991,14,segunda_division
Elche,Levante,0-0,https://www.besoccer.com/match/elche/levante/1991897,1991,14,segunda_division
Las Palmas,Palamós,1-1,https://www.besoccer.com/match/ud-palmas/palamos-cf/1991898,1991,14,segunda_division
Deportivo,Celta,3-0,https://www.besoccer.com/match/deportivo/celta/1991899,1991,14,segunda_division
Sabadell,CD Málaga,1-0,https://www.besoccer.com/match/sabadell/cd-malaga/1991900,1991,14,segunda_division
Xerez,Sabadell,1-2,https://www.besoccer.com/match/xerez/sabadell/1991901,1991,15,segunda_division
Lleida,Las Palmas,1-1,https://www.besoccer.com/match/ue-lleida/ud-palmas/1991902,1991,15,segunda_division
Sestao Sport Club,Orihuela CF,1-1,https://www.besoccer.com/match/sestao-sport-club/orihuela/1991903,1991,15,segunda_division
Palamós,Bilbao Ath.,0-0,https://www.besoccer.com/match/palamos-cf/athletic-bilbao-b/1991904,1991,15,segunda_division
UD Salamanca,Deportivo,1-0,https://www.besoccer.com/match/salamanca/deportivo/1991905,1991,15,segunda_division
Eibar,UE Figueres,0-0,https://www.besoccer.com/match/eibar/figueres/1991906,1991,15,segunda_division
Celta,Real Avilés,0-0,https://www.besoccer.com/match/celta/real-aviles-ind/1991907,1991,15,segunda_division
Real Murcia,Elche,2-1,https://www.besoccer.com/match/real-murcia/elche/1991908,1991,15,segunda_division
CD Málaga,Albacete,3-2,https://www.besoccer.com/match/cd-malaga/albacete/1991909,1991,15,segunda_division
Levante,Rayo Vallecano,0-0,https://www.besoccer.com/match/levante/rayo-vallecano/1991910,1991,15,segunda_division
Bilbao Ath.,Lleida,1-0,https://www.besoccer.com/match/athletic-bilbao-b/ue-lleida/1991911,1991,16,segunda_division
Elche,Sestao Sport Club,1-1,https://www.besoccer.com/match/elche/sestao-sport-club/1991912,1991,16,segunda_division
Orihuela CF,CD Málaga,1-1,https://www.besoccer.com/match/orihuela/cd-malaga/1991913,1991,16,segunda_division
Albacete,Xerez,0-0,https://www.besoccer.com/match/albacete/xerez/1991914,1991,16,segunda_division
Deportivo,Palamós,3-0,https://www.besoccer.com/match/deportivo/palamos-cf/1991915,1991,16,segunda_division
UE Figueres,Celta,1-0,https://www.besoccer.com/match/figueres/celta/1991916,1991,16,segunda_division
Sabadell,Eibar,1-2,https://www.besoccer.com/match/sabadell/eibar/1991917,1991,16,segunda_division
Rayo Vallecano,Real Murcia,2-0,https://www.besoccer.com/match/rayo-vallecano/real-murcia/1991918,1991,16,segunda_division
Las Palmas,Levante,1-0,https://www.besoccer.com/match/ud-palmas/levante/1991919,1991,16,segunda_division
Real Avilés,UD Salamanca,1-1,https://www.besoccer.com/match/real-aviles-ind/salamanca/1991920,1991,16,segunda_division
Palamós,Real Avilés,0-1,https://www.besoccer.com/match/palamos-cf/real-aviles-ind/1991921,1991,17,segunda_division
Lleida,Deportivo,2-1,https://www.besoccer.com/match/ue-lleida/deportivo/1991922,1991,17,segunda_division
Celta,Sabadell,0-0,https://www.besoccer.com/match/celta/sabadell/1991923,1991,17,segunda_division
UD Salamanca,UE Figueres,2-0,https://www.besoccer.com/match/salamanca/figueres/1991924,1991,17,segunda_division
Elche,Rayo Vallecano,1-3,https://www.besoccer.com/match/elche/rayo-vallecano/1991925,1991,17,segunda_division
Eibar,Albacete,0-3,https://www.besoccer.com/match/eibar/albacete/1991926,1991,17,segunda_division
Levante,Bilbao Ath.,1-1,https://www.besoccer.com/match/levante/athletic-bilbao-b/1991927,1991,17,segunda_division
Real Murcia,Las Palmas,2-1,https://www.besoccer.com/match/real-murcia/ud-palmas/1991928,1991,17,segunda_division
Sestao Sport Club,CD Málaga,2-0,https://www.besoccer.com/match/sestao-sport-club/cd-malaga/1991929,1991,17,segunda_division
Xerez,Orihuela CF,4-1,https://www.besoccer.com/match/xerez/orihuela/1991930,1991,17,segunda_division
UE Figueres,Palamós,0-0,https://www.besoccer.com/match/figueres/palamos-cf/1991931,1991,18,segunda_division
Sabadell,UD Salamanca,1-0,https://www.besoccer.com/match/sabadell/salamanca/1991932,1991,18,segunda_division
Real Avilés,Lleida,1-0,https://www.besoccer.com/match/real-aviles-ind/ue-lleida/1991933,1991,18,segunda_division
Bilbao Ath.,Real Murcia,2-1,https://www.besoccer.com/match/athletic-bilbao-b/real-murcia/1991934,1991,18,segunda_division
Deportivo,Levante,5-0,https://www.besoccer.com/match/deportivo/levante/1991935,1991,18,segunda_division
Las Palmas,Elche,0-1,https://www.besoccer.com/match/ud-palmas/elche/1991936,1991,18,segunda_division
Albacete,Celta,2-0,https://www.besoccer.com/match/albacete/celta/1991937,1991,18,segunda_division
Sestao Sport Club,Rayo Vallecano,2-1,https://www.besoccer.com/match/sestao-sport-club/rayo-vallecano/1991938,1991,18,segunda_division
Orihuela CF,Eibar,1-0,https://www.besoccer.com/match/orihuela/eibar/1991939,1991,18,segunda_division
CD Málaga,Xerez,3-0,https://www.besoccer.com/match/cd-malaga/xerez/1991940,1991,18,segunda_division
Lleida,UE Figueres,1-1,https://www.besoccer.com/match/ue-lleida/figueres/1991941,1991,19,segunda_division
Rayo Vallecano,Las Palmas,4-0,https://www.besoccer.com/match/rayo-vallecano/ud-palmas/1991942,1991,19,segunda_division
Palamós,Sabadell,0-0,https://www.besoccer.com/match/palamos-cf/sabadell/1991943,1991,19,segunda_division
Elche,Bilbao Ath.,6-0,https://www.besoccer.com/match/elche/athletic-bilbao-b/1991944,1991,19,segunda_division
Real Murcia,Deportivo,3-2,https://www.besoccer.com/match/real-murcia/deportivo/1991945,1991,19,segunda_division
Levante,Real Avilés,0-0,https://www.besoccer.com/match/levante/real-aviles-ind/1991946,1991,19,segunda_division
Xerez,Sestao Sport Club,0-0,https://www.besoccer.com/match/xerez/sestao-sport-club/1991947,1991,19,segunda_division
UD Salamanca,Albacete,0-1,https://www.besoccer.com/match/salamanca/albacete/1991948,1991,19,segunda_division
Eibar,CD Málaga,1-0,https://www.besoccer.com/match/eibar/cd-malaga/1991949,1991,19,segunda_division
Celta,Orihuela CF,2-0,https://www.besoccer.com/match/celta/orihuela/1991950,1991,19,segunda_division
Levante,UE Figueres,0-1,https://www.besoccer.com/match/levante/figueres/1991951,1991,20,segunda_division
Palamós,Albacete,1-1,https://www.besoccer.com/match/palamos-cf/albacete/1991952,1991,20,segunda_division
Elche,Deportivo,0-0,https://www.besoccer.com/match/elche/deportivo/1991953,1991,20,segunda_division
UD Salamanca,Orihuela CF,0-2,https://www.besoccer.com/match/salamanca/orihuela/1991954,1991,20,segunda_division
Las Palmas,Sestao Sport Club,0-1,https://www.besoccer.com/match/ud-palmas/sestao-sport-club/1991955,1991,20,segunda_division
Rayo Vallecano,Bilbao Ath.,0-0,https://www.besoccer.com/match/rayo-vallecano/athletic-bilbao-b/1991956,1991,20,segunda_division
Celta,CD Málaga,0-0,https://www.besoccer.com/match/celta/cd-malaga/1991957,1991,20,segunda_division
Eibar,Xerez,1-1,https://www.besoccer.com/match/eibar/xerez/1991958,1991,20,segunda_division
Lleida,Sabadell,0-1,https://www.besoccer.com/match/ue-lleida/sabadell/1991959,1991,20,segunda_division
Real Murcia,Real Avilés,1-1,https://www.besoccer.com/match/real-murcia/real-aviles-ind/1991960,1991,20,segunda_division
UE Figueres,Real Murcia,2-1,https://www.besoccer.com/match/figueres/real-murcia/1991961,1991,21,segunda_division
Albacete,Lleida,2-0,https://www.besoccer.com/match/albacete/ue-lleida/1991962,1991,21,segunda_division
Deportivo,Rayo Vallecano,3-0,https://www.besoccer.com/match/deportivo/rayo-vallecano/1991963,1991,21,segunda_division
Sabadell,Levante,1-1,https://www.besoccer.com/match/sabadell/levante/1991964,1991,21,segunda_division
Orihuela CF,Palamós,1-0,https://www.besoccer.com/match/orihuela/palamos-cf/1991965,1991,21,segunda_division
Bilbao Ath.,Las Palmas,2-1,https://www.besoccer.com/match/athletic-bilbao-b/ud-palmas/1991966,1991,21,segunda_division
Xerez,Celta,1-1,https://www.besoccer.com/match/xerez/celta/1991967,1991,21,segunda_division
Sestao Sport Club,Eibar,0-0,https://www.besoccer.com/match/sestao-sport-club/eibar/1991968,1991,21,segunda_division
CD Málaga,UD Salamanca,1-0,https://www.besoccer.com/match/cd-malaga/salamanca/1991969,1991,21,segunda_division
Real Avilés,Elche,3-2,https://www.besoccer.com/match/real-aviles-ind/elche/1991970,1991,21,segunda_division
Palamós,CD Málaga,0-0,https://www.besoccer.com/match/palamos-cf/cd-malaga/1991971,1991,22,segunda_division
Real Murcia,Sabadell,4-0,https://www.besoccer.com/match/real-murcia/sabadell/1991972,1991,22,segunda_division
Elche,UE Figueres,2-1,https://www.besoccer.com/match/elche/figueres/1991973,1991,22,segunda_division
Las Palmas,Deportivo,2-1,https://www.besoccer.com/match/ud-palmas/deportivo/1991974,1991,22,segunda_division
Levante,Albacete,0-2,https://www.besoccer.com/match/levante/albacete/1991975,1991,22,segunda_division
Rayo Vallecano,Real Avilés,0-2,https://www.besoccer.com/match/rayo-vallecano/real-aviles-ind/1991976,1991,22,segunda_division
UD Salamanca,Xerez,3-0,https://www.besoccer.com/match/salamanca/xerez/1991977,1991,22,segunda_division
Bilbao Ath.,Sestao Sport Club,0-2,https://www.besoccer.com/match/athletic-bilbao-b/sestao-sport-club/1991978,1991,22,segunda_division
Celta,Eibar,2-1,https://www.besoccer.com/match/celta/eibar/1991979,1991,22,segunda_division
Lleida,Orihuela CF,2-2,https://www.besoccer.com/match/ue-lleida/orihuela/1991980,1991,22,segunda_division
Sabadell,Elche,0-2,https://www.besoccer.com/match/sabadell/elche/1991981,1991,23,segunda_division
Orihuela CF,Levante,3-0,https://www.besoccer.com/match/orihuela/levante/1991982,1991,23,segunda_division
CD Málaga,Lleida,0-1,https://www.besoccer.com/match/cd-malaga/ue-lleida/1991983,1991,23,segunda_division
UE Figueres,Rayo Vallecano,2-0,https://www.besoccer.com/match/figueres/rayo-vallecano/1991984,1991,23,segunda_division
Real Avilés,Las Palmas,2-0,https://www.besoccer.com/match/real-aviles-ind/ud-palmas/1991985,1991,23,segunda_division
Xerez,Palamós,3-0,https://www.besoccer.com/match/xerez/palamos-cf/1991986,1991,23,segunda_division
Albacete,Real Murcia,2-2,https://www.besoccer.com/match/albacete/real-murcia/1991987,1991,23,segunda_division
Sestao Sport Club,Celta,0-0,https://www.besoccer.com/match/sestao-sport-club/celta/1991988,1991,23,segunda_division
Deportivo,Bilbao Ath.,2-1,https://www.besoccer.com/match/deportivo/athletic-bilbao-b/1991989,1991,23,segunda_division
Eibar,UD Salamanca,2-0,https://www.besoccer.com/match/eibar/salamanca/1991990,1991,23,segunda_division
Rayo Vallecano,Sabadell,0-0,https://www.besoccer.com/match/rayo-vallecano/sabadell/1991991,1991,24,segunda_division
Deportivo,Sestao Sport Club,1-0,https://www.besoccer.com/match/deportivo/sestao-sport-club/1991992,1991,24,segunda_division
Lleida,Xerez,3-1,https://www.besoccer.com/match/ue-lleida/xerez/1991993,1991,24,segunda_division
Las Palmas,UE Figueres,0-2,https://www.besoccer.com/match/ud-palmas/figueres/1991994,1991,24,segunda_division
Elche,Albacete,2-0,https://www.besoccer.com/match/elche/albacete/1991995,1991,24,segunda_division
UD Salamanca,Celta,1-1,https://www.besoccer.com/match/salamanca/celta/1991996,1991,24,segunda_division
Bilbao Ath.,Real Avilés,2-0,https://www.besoccer.com/match/athletic-bilbao-b/real-aviles-ind/1991997,1991,24,segunda_division
Real Murcia,Orihuela CF,3-0,https://www.besoccer.com/match/real-murcia/orihuela/1991998,1991,24,segunda_division
Levante,CD Málaga,1-3,https://www.besoccer.com/match/levante/cd-malaga/1991999,1991,24,segunda_division
Palamós,Eibar,1-1,https://www.besoccer.com/match/palamos-cf/eibar/19911000,1991,24,segunda_division
Sabadell,Las Palmas,0-0,https://www.besoccer.com/match/sabadell/ud-palmas/19911009,1991,25,segunda_division
Celta,Palamós,1-2,https://www.besoccer.com/match/celta/palamos-cf/19911001,1991,25,segunda_division
Xerez,Levante,2-0,https://www.besoccer.com/match/xerez/levante/19911002,1991,25,segunda_division
UE Figueres,Bilbao Ath.,5-1,https://www.besoccer.com/match/figueres/athletic-bilbao-b/19911003,1991,25,segunda_division
Eibar,Lleida,3-0,https://www.besoccer.com/match/eibar/ue-lleida/19911004,1991,25,segunda_division
CD Málaga,Real Murcia,1-1,https://www.besoccer.com/match/cd-malaga/real-murcia/19911005,1991,25,segunda_division
Orihuela CF,Elche,3-0,https://www.besoccer.com/match/orihuela/elche/19911006,1991,25,segunda_division
Real Avilés,Deportivo,1-1,https://www.besoccer.com/match/real-aviles-ind/deportivo/19911007,1991,25,segunda_division
Albacete,Rayo Vallecano,1-1,https://www.besoccer.com/match/albacete/rayo-vallecano/19911008,1991,25,segunda_division
Sestao Sport Club,UD Salamanca,1-1,https://www.besoccer.com/match/sestao-sport-club/salamanca/19911010,1991,25,segunda_division
Bilbao Ath.,Sabadell,1-0,https://www.besoccer.com/match/athletic-bilbao-b/sabadell/19911011,1991,26,segunda_division
Real Murcia,Xerez,0-0,https://www.besoccer.com/match/real-murcia/xerez/19911012,1991,26,segunda_division
Elche,CD Málaga,0-1,https://www.besoccer.com/match/elche/cd-malaga/19911013,1991,26,segunda_division
Levante,Eibar,0-0,https://www.besoccer.com/match/levante/eibar/19911014,1991,26,segunda_division
Palamós,UD Salamanca,0-3,https://www.besoccer.com/match/palamos-cf/salamanca/19911015,1991,26,segunda_division
Las Palmas,Albacete,0-1,https://www.besoccer.com/match/ud-palmas/albacete/19911016,1991,26,segunda_division
Rayo Vallecano,Orihuela CF,0-0,https://www.besoccer.com/match/rayo-vallecano/orihuela/19911017,1991,26,segunda_division
Real Avilés,Sestao Sport Club,1-1,https://www.besoccer.com/match/real-aviles-ind/sestao-sport-club/19911018,1991,26,segunda_division
Deportivo,UE Figueres,2-1,https://www.besoccer.com/match/deportivo/figueres/19911019,1991,26,segunda_division
Lleida,Celta,2-1,https://www.besoccer.com/match/ue-lleida/celta/19911020,1991,26,segunda_division
UD Salamanca,Lleida,1-1,https://www.besoccer.com/match/salamanca/ue-lleida/19911021,1991,27,segunda_division
Eibar,Real Murcia,1-0,https://www.besoccer.com/match/eibar/real-murcia/19911022,1991,27,segunda_division
Albacete,Bilbao Ath.,1-1,https://www.besoccer.com/match/albacete/athletic-bilbao-b/19911023,1991,27,segunda_division
Celta,Levante,2-1,https://www.besoccer.com/match/celta/levante/19911024,1991,27,segunda_division
UE Figueres,Real Avilés,0-2,https://www.besoccer.com/match/figueres/real-aviles-ind/19911025,1991,27,segunda_division
Orihuela CF,Las Palmas,2-2,https://www.besoccer.com/match/orihuela/ud-palmas/19911026,1991,27,segunda_division
Xerez,Elche,1-2,https://www.besoccer.com/match/xerez/elche/19911027,1991,27,segunda_division
CD Málaga,Rayo Vallecano,1-0,https://www.besoccer.com/match/cd-malaga/rayo-vallecano/19911028,1991,27,segunda_division
Sabadell,Deportivo,1-0,https://www.besoccer.com/match/sabadell/deportivo/19911029,1991,27,segunda_division
Sestao Sport Club,Palamós,1-0,https://www.besoccer.com/match/sestao-sport-club/palamos-cf/19911030,1991,27,segunda_division
UE Figueres,Sestao Sport Club,2-0,https://www.besoccer.com/match/figueres/sestao-sport-club/19911031,1991,28,segunda_division
Lleida,Palamós,0-0,https://www.besoccer.com/match/ue-lleida/palamos-cf/19911032,1991,28,segunda_division
Levante,UD Salamanca,1-0,https://www.besoccer.com/match/levante/salamanca/19911033,1991,28,segunda_division
Real Murcia,Celta,1-1,https://www.besoccer.com/match/real-murcia/celta/19911034,1991,28,segunda_division
Deportivo,Albacete,2-1,https://www.besoccer.com/match/deportivo/albacete/19911035,1991,28,segunda_division
Elche,Eibar,0-0,https://www.besoccer.com/match/elche/eibar/19911036,1991,28,segunda_division
Real Avilés,Sabadell,1-0,https://www.besoccer.com/match/real-aviles-ind/sabadell/19911037,1991,28,segunda_division
Las Palmas,CD Málaga,3-0,https://www.besoccer.com/match/ud-palmas/cd-malaga/19911038,1991,28,segunda_division
Bilbao Ath.,Orihuela CF,1-1,https://www.besoccer.com/match/athletic-bilbao-b/orihuela/19911039,1991,28,segunda_division
Rayo Vallecano,Xerez,1-0,https://www.besoccer.com/match/rayo-vallecano/xerez/19911040,1991,28,segunda_division
Palamós,Levante,0-0,https://www.besoccer.com/match/palamos-cf/levante/19911041,1991,29,segunda_division
Xerez,Las Palmas,0-0,https://www.besoccer.com/match/xerez/ud-palmas/19911042,1991,29,segunda_division
Eibar,Rayo Vallecano,1-1,https://www.besoccer.com/match/eibar/rayo-vallecano/19911043,1991,29,segunda_division
UD Salamanca,Real Murcia,3-0,https://www.besoccer.com/match/salamanca/real-murcia/19911044,1991,29,segunda_division
Albacete,Real Avilés,0-0,https://www.besoccer.com/match/albacete/real-aviles-ind/19911045,1991,29,segunda_division
Celta,Elche,1-1,https://www.besoccer.com/match/celta/elche/19911046,1991,29,segunda_division
Orihuela CF,Deportivo,0-0,https://www.besoccer.com/match/orihuela/deportivo/19911047,1991,29,segunda_division
CD Málaga,Bilbao Ath.,1-0,https://www.besoccer.com/match/cd-malaga/athletic-bilbao-b/19911048,1991,29,segunda_division
Sabadell,UE Figueres,2-1,https://www.besoccer.com/match/sabadell/figueres/19911049,1991,29,segunda_division
Sestao Sport Club,Lleida,1-1,https://www.besoccer.com/match/sestao-sport-club/ue-lleida/19911050,1991,29,segunda_division
Levante,Lleida,2-0,https://www.besoccer.com/match/levante/ue-lleida/19911051,1991,30,segunda_division
Las Palmas,Eibar,1-0,https://www.besoccer.com/match/ud-palmas/eibar/19911052,1991,30,segunda_division
Bilbao Ath.,Xerez,0-0,https://www.besoccer.com/match/athletic-bilbao-b/xerez/19911053,1991,30,segunda_division
Real Murcia,Palamós,1-1,https://www.besoccer.com/match/real-murcia/palamos-cf/19911054,1991,30,segunda_division
Deportivo,CD Málaga,1-0,https://www.besoccer.com/match/deportivo/cd-malaga/19911055,1991,30,segunda_division
UE Figueres,Albacete,3-1,https://www.besoccer.com/match/figueres/albacete/19911056,1991,30,segunda_division
Real Avilés,Orihuela CF,1-1,https://www.besoccer.com/match/real-aviles-ind/orihuela/19911057,1991,30,segunda_division
Elche,UD Salamanca,0-0,https://www.besoccer.com/match/elche/salamanca/19911058,1991,30,segunda_division
Sabadell,Sestao Sport Club,1-1,https://www.besoccer.com/match/sabadell/sestao-sport-club/19911059,1991,30,segunda_division
Rayo Vallecano,Celta,2-1,https://www.besoccer.com/match/rayo-vallecano/celta/19911060,1991,30,segunda_division
UD Salamanca,Rayo Vallecano,2-2,https://www.besoccer.com/match/salamanca/rayo-vallecano/19911061,1991,31,segunda_division
Eibar,Bilbao Ath.,0-1,https://www.besoccer.com/match/eibar/athletic-bilbao-b/19911062,1991,31,segunda_division
Celta,Las Palmas,1-0,https://www.besoccer.com/match/celta/ud-palmas/19911063,1991,31,segunda_division
Lleida,Real Murcia,1-1,https://www.besoccer.com/match/ue-lleida/real-murcia/19911064,1991,31,segunda_division
Orihuela CF,UE Figueres,1-1,https://www.besoccer.com/match/orihuela/figueres/19911065,1991,31,segunda_division
Albacete,Sabadell,0-0,https://www.besoccer.com/match/albacete/sabadell/19911066,1991,31,segunda_division
Xerez,Deportivo,3-0,https://www.besoccer.com/match/xerez/deportivo/19911067,1991,31,segunda_division
CD Málaga,Real Avilés,1-0,https://www.besoccer.com/match/cd-malaga/real-aviles-ind/19911068,1991,31,segunda_division
Palamós,Elche,1-0,https://www.besoccer.com/match/palamos-cf/elche/19911069,1991,31,segunda_division
Sestao Sport Club,Levante,0-1,https://www.besoccer.com/match/sestao-sport-club/levante/19911070,1991,31,segunda_division
Sabadell,Orihuela CF,1-1,https://www.besoccer.com/match/sabadell/orihuela/19911071,1991,32,segunda_division
Las Palmas,UD Salamanca,2-0,https://www.besoccer.com/match/ud-palmas/salamanca/19911072,1991,32,segunda_division
Real Murcia,Levante,2-0,https://www.besoccer.com/match/real-murcia/levante/19911073,1991,32,segunda_division
Albacete,Sestao Sport Club,0-0,https://www.besoccer.com/match/albacete/sestao-sport-club/19911074,1991,32,segunda_division
Real Avilés,Xerez,5-0,https://www.besoccer.com/match/real-aviles-ind/xerez/19911075,1991,32,segunda_division
Bilbao Ath.,Celta,1-1,https://www.besoccer.com/match/athletic-bilbao-b/celta/19911076,1991,32,segunda_division
UE Figueres,CD Málaga,0-1,https://www.besoccer.com/match/figueres/cd-malaga/19911077,1991,32,segunda_division
Elche,Lleida,0-0,https://www.besoccer.com/match/elche/ue-lleida/19911078,1991,32,segunda_division
Deportivo,Eibar,2-3,https://www.besoccer.com/match/deportivo/eibar/19911079,1991,32,segunda_division
Rayo Vallecano,Palamós,0-0,https://www.besoccer.com/match/rayo-vallecano/palamos-cf/19911080,1991,32,segunda_division
Xerez,UE Figueres,0-2,https://www.besoccer.com/match/xerez/figueres/19911081,1991,33,segunda_division
UD Salamanca,Bilbao Ath.,3-0,https://www.besoccer.com/match/salamanca/athletic-bilbao-b/19911082,1991,33,segunda_division
Eibar,Real Avilés,0-0,https://www.besoccer.com/match/eibar/real-aviles-ind/19911083,1991,33,segunda_division
Palamós,Las Palmas,2-0,https://www.besoccer.com/match/palamos-cf/ud-palmas/19911084,1991,33,segunda_division
CD Málaga,Sabadell,4-2,https://www.besoccer.com/match/cd-malaga/sabadell/19911085,1991,33,segunda_division
Orihuela CF,Albacete,0-0,https://www.besoccer.com/match/orihuela/albacete/19911086,1991,33,segunda_division
Celta,Deportivo,0-0,https://www.besoccer.com/match/celta/deportivo/19911087,1991,33,segunda_division
Sestao Sport Club,Real Murcia,0-0,https://www.besoccer.com/match/sestao-sport-club/real-murcia/19911088,1991,33,segunda_division
Levante,Elche,3-1,https://www.besoccer.com/match/levante/elche/19911089,1991,33,segunda_division
Lleida,Rayo Vallecano,1-0,https://www.besoccer.com/match/ue-lleida/rayo-vallecano/19911090,1991,33,segunda_division
Sabadell,Xerez,3-2,https://www.besoccer.com/match/sabadell/xerez/19911091,1991,34,segunda_division
Rayo Vallecano,Levante,2-2,https://www.besoccer.com/match/rayo-vallecano/levante/19911092,1991,34,segunda_division
Real Avilés,Celta,0-0,https://www.besoccer.com/match/real-aviles-ind/celta/19911093,1991,34,segunda_division
Orihuela CF,Sestao Sport Club,1-0,https://www.besoccer.com/match/orihuela/sestao-sport-club/19911094,1991,34,segunda_division
Deportivo,UD Salamanca,2-1,https://www.besoccer.com/match/deportivo/salamanca/19911095,1991,34,segunda_division
Las Palmas,Lleida,2-0,https://www.besoccer.com/match/ud-palmas/ue-lleida/19911096,1991,34,segunda_division
Elche,Real Murcia,3-2,https://www.besoccer.com/match/elche/real-murcia/19911097,1991,34,segunda_division
Bilbao Ath.,Palamós,2-0,https://www.besoccer.com/match/athletic-bilbao-b/palamos-cf/19911098,1991,34,segunda_division
UE Figueres,Eibar,1-1,https://www.besoccer.com/match/figueres/eibar/19911099,1991,34,segunda_division
Albacete,CD Málaga,2-2,https://www.besoccer.com/match/albacete/cd-malaga/19911100,1991,34,segunda_division
Palamós,Deportivo,1-1,https://www.besoccer.com/match/palamos-cf/deportivo/19911101,1991,35,segunda_division
Eibar,Sabadell,3-0,https://www.besoccer.com/match/eibar/sabadell/19911102,1991,35,segunda_division
UD Salamanca,Real Avilés,0-0,https://www.besoccer.com/match/salamanca/real-aviles-ind/19911103,1991,35,segunda_division
Xerez,Albacete,1-2,https://www.besoccer.com/match/xerez/albacete/19911104,1991,35,segunda_division
Lleida,Bilbao Ath.,1-0,https://www.besoccer.com/match/ue-lleida/athletic-bilbao-b/19911105,1991,35,segunda_division
Real Murcia,Rayo Vallecano,6-1,https://www.besoccer.com/match/real-murcia/rayo-vallecano/19911106,1991,35,segunda_division
CD Málaga,Orihuela CF,2-2,https://www.besoccer.com/match/cd-malaga/orihuela/19911107,1991,35,segunda_division
Levante,Las Palmas,2-3,https://www.besoccer.com/match/levante/ud-palmas/19911108,1991,35,segunda_division
Celta,UE Figueres,2-0,https://www.besoccer.com/match/celta/figueres/19911109,1991,35,segunda_division
Sestao Sport Club,Elche,2-1,https://www.besoccer.com/match/sestao-sport-club/elche/19911110,1991,35,segunda_division
Real Avilés,Palamós,3-3,https://www.besoccer.com/match/real-aviles-ind/palamos-cf/19911111,1991,36,segunda_division
Sabadell,Celta,3-0,https://www.besoccer.com/match/sabadell/celta/19911112,1991,36,segunda_division
CD Málaga,Sestao Sport Club,1-0,https://www.besoccer.com/match/cd-malaga/sestao-sport-club/19911113,1991,36,segunda_division
Bilbao Ath.,Levante,0-1,https://www.besoccer.com/match/athletic-bilbao-b/levante/19911114,1991,36,segunda_division
UE Figueres,UD Salamanca,3-2,https://www.besoccer.com/match/figueres/salamanca/19911115,1991,36,segunda_division
Orihuela CF,Xerez,3-2,https://www.besoccer.com/match/orihuela/xerez/19911116,1991,36,segunda_division
Albacete,Eibar,3-1,https://www.besoccer.com/match/albacete/eibar/19911117,1991,36,segunda_division
Rayo Vallecano,Elche,1-2,https://www.besoccer.com/match/rayo-vallecano/elche/19911118,1991,36,segunda_division
Deportivo,Lleida,5-0,https://www.besoccer.com/match/deportivo/ue-lleida/19911119,1991,36,segunda_division
Las Palmas,Real Murcia,2-0,https://www.besoccer.com/match/ud-palmas/real-murcia/19911120,1991,36,segunda_division
Palamós,UE Figueres,3-2,https://www.besoccer.com/match/palamos-cf/figueres/19911121,1991,37,segunda_division
Lleida,Real Avilés,3-0,https://www.besoccer.com/match/ue-lleida/real-aviles-ind/19911122,1991,37,segunda_division
Rayo Vallecano,Sestao Sport Club,2-0,https://www.besoccer.com/match/rayo-vallecano/sestao-sport-club/19911123,1991,37,segunda_division
UD Salamanca,Sabadell,0-1,https://www.besoccer.com/match/salamanca/sabadell/19911124,1991,37,segunda_division
Levante,Deportivo,0-2,https://www.besoccer.com/match/levante/deportivo/19911125,1991,37,segunda_division
Elche,Las Palmas,0-0,https://www.besoccer.com/match/elche/ud-palmas/19911126,1991,37,segunda_division
Eibar,Orihuela CF,1-1,https://www.besoccer.com/match/eibar/orihuela/19911127,1991,37,segunda_division
Real Murcia,Bilbao Ath.,1-0,https://www.besoccer.com/match/real-murcia/athletic-bilbao-b/19911128,1991,37,segunda_division
Celta,Albacete,0-2,https://www.besoccer.com/match/celta/albacete/19911129,1991,37,segunda_division
Xerez,CD Málaga,1-4,https://www.besoccer.com/match/xerez/cd-malaga/19911130,1991,37,segunda_division
Sabadell,Palamós,0-0,https://www.besoccer.com/match/sabadell/palamos-cf/19911131,1991,38,segunda_division
Deportivo,Real Murcia,2-0,https://www.besoccer.com/match/deportivo/real-murcia/19911132,1991,38,segunda_division
Albacete,UD Salamanca,2-0,https://www.besoccer.com/match/albacete/salamanca/19911133,1991,38,segunda_division
Orihuela CF,Celta,1-1,https://www.besoccer.com/match/orihuela/celta/19911134,1991,38,segunda_division
Bilbao Ath.,Elche,3-0,https://www.besoccer.com/match/athletic-bilbao-b/elche/19911135,1991,38,segunda_division
Las Palmas,Rayo Vallecano,2-2,https://www.besoccer.com/match/ud-palmas/rayo-vallecano/19911136,1991,38,segunda_division
UE Figueres,Lleida,0-2,https://www.besoccer.com/match/figueres/ue-lleida/19911137,1991,38,segunda_division
CD Málaga,Eibar,0-0,https://www.besoccer.com/match/cd-malaga/eibar/19911138,1991,38,segunda_division
Real Avilés,Levante,1-1,https://www.besoccer.com/match/real-aviles-ind/levante/19911139,1991,38,segunda_division
Sestao Sport Club,Xerez,4-1,https://www.besoccer.com/match/sestao-sport-club/xerez/19911140,1991,38,segunda_division
