Home_Team,Away_Team,Result,Link,Season,Round,League
Pontevedra,Poli Ejido,0-1,https://www.besoccer.com/match/pontevedra-cf/ejido/200510239,2005,1,segunda_division
Eibar,Cádiz,2-1,https://www.besoccer.com/match/eibar/cadiz/200510237,2005,1,segunda_division
Tenerife,Elche,1-0,https://www.besoccer.com/match/tenerife/elche/200510236,2005,1,segunda_division
Lleida,Racing Ferrol,1-2,https://www.besoccer.com/match/ue-lleida/racing-club-ferrol/200510238,2005,1,segunda_division
Alavés,Real Valladolid,2-4,https://www.besoccer.com/match/alaves/valladolid/200510235,2005,1,segunda_division
Real Sporting,Recreativo,0-1,https://www.besoccer.com/match/sporting-gijon/recreativo/200510231,2005,1,segunda_division
Terrassa FC,UD Salamanca,3-0,https://www.besoccer.com/match/terrassa-ii/salamanca/200510232,2005,1,segunda_division
Almería,Celta,0-1,https://www.besoccer.com/match/almeria/celta/200510233,2005,1,segunda_division
Gimnàstic Tarragona,Real Murcia,2-0,https://www.besoccer.com/match/gimnastic-tarragona/real-murcia/200510234,2005,1,segunda_division
Xerez,At. Malagueño,1-0,https://www.besoccer.com/match/xerez/atletico-malagueno/200510230,2005,1,segunda_division
Ciudad de Murcia,Córdoba,1-0,https://www.besoccer.com/match/ciudad-de-murcia/cordoba/200510229,2005,1,segunda_division
Celta,Gimnàstic Tarragona,1-0,https://www.besoccer.com/match/celta/gimnastic-tarragona/200510228,2005,2,segunda_division
Elche,Ciudad de Murcia,3-1,https://www.besoccer.com/match/elche/ciudad-de-murcia/200510227,2005,2,segunda_division
Real Valladolid,Tenerife,2-1,https://www.besoccer.com/match/valladolid/tenerife/200510226,2005,2,segunda_division
Racing Ferrol,Almería,0-1,https://www.besoccer.com/match/racing-club-ferrol/almeria/200510225,2005,2,segunda_division
Poli Ejido,Terrassa FC,0-0,https://www.besoccer.com/match/ejido/terrassa-ii/200510220,2005,2,segunda_division
UD Salamanca,Xerez,1-1,https://www.besoccer.com/match/salamanca/xerez/200510221,2005,2,segunda_division
At. Malagueño,Eibar,0-0,https://www.besoccer.com/match/atletico-malagueno/eibar/200510222,2005,2,segunda_division
Cádiz,Lleida,0-2,https://www.besoccer.com/match/cadiz/ue-lleida/200510223,2005,2,segunda_division
Real Murcia,Real Sporting,1-3,https://www.besoccer.com/match/real-murcia/sporting-gijon/200510224,2005,2,segunda_division
Recreativo,Alavés,0-0,https://www.besoccer.com/match/recreativo/alaves/200510218,2005,2,segunda_division
Córdoba,Pontevedra,0-0,https://www.besoccer.com/match/cordoba/pontevedra-cf/200510219,2005,2,segunda_division
Alavés,Tenerife,1-0,https://www.besoccer.com/match/alaves/tenerife/200510217,2005,3,segunda_division
Terrassa FC,Córdoba,2-0,https://www.besoccer.com/match/terrassa-ii/cordoba/200510215,2005,3,segunda_division
Almería,Cádiz,0-1,https://www.besoccer.com/match/almeria/cadiz/200510216,2005,3,segunda_division
Real Sporting,Celta,1-0,https://www.besoccer.com/match/sporting-gijon/celta/200510214,2005,3,segunda_division
Gimnàstic Tarragona,Racing Ferrol,1-1,https://www.besoccer.com/match/gimnastic-tarragona/racing-club-ferrol/200510213,2005,3,segunda_division
Eibar,UD Salamanca,2-1,https://www.besoccer.com/match/eibar/salamanca/200510212,2005,3,segunda_division
Recreativo,Real Murcia,1-0,https://www.besoccer.com/match/recreativo/real-murcia/200510208,2005,3,segunda_division
Pontevedra,Elche,2-2,https://www.besoccer.com/match/pontevedra-cf/elche/200510209,2005,3,segunda_division
Xerez,Poli Ejido,1-0,https://www.besoccer.com/match/xerez/ejido/200510210,2005,3,segunda_division
Lleida,At. Malagueño,2-1,https://www.besoccer.com/match/ue-lleida/atletico-malagueno/200510211,2005,3,segunda_division
Ciudad de Murcia,Real Valladolid,2-2,https://www.besoccer.com/match/ciudad-de-murcia/valladolid/200510207,2005,3,segunda_division
Racing Ferrol,Real Sporting,0-0,https://www.besoccer.com/match/racing-club-ferrol/sporting-gijon/200510206,2005,4,segunda_division
At. Malagueño,Almería,1-2,https://www.besoccer.com/match/atletico-malagueno/almeria/200510205,2005,4,segunda_division
Poli Ejido,Eibar,4-1,https://www.besoccer.com/match/ejido/eibar/200510204,2005,4,segunda_division
Elche,Terrassa FC,1-0,https://www.besoccer.com/match/elche/terrassa-ii/200510203,2005,4,segunda_division
UD Salamanca,Lleida,0-1,https://www.besoccer.com/match/salamanca/ue-lleida/200510202,2005,4,segunda_division
Celta,Recreativo,1-1,https://www.besoccer.com/match/celta/recreativo/200510201,2005,4,segunda_division
Tenerife,Ciudad de Murcia,1-0,https://www.besoccer.com/match/tenerife/ciudad-de-murcia/200510198,2005,4,segunda_division
Real Valladolid,Pontevedra,0-1,https://www.besoccer.com/match/valladolid/pontevedra-cf/200510199,2005,4,segunda_division
Cádiz,Gimnàstic Tarragona,2-1,https://www.besoccer.com/match/cadiz/gimnastic-tarragona/200510200,2005,4,segunda_division
Real Murcia,Alavés,1-5,https://www.besoccer.com/match/real-murcia/alaves/200510197,2005,4,segunda_division
Córdoba,Xerez,1-2,https://www.besoccer.com/match/cordoba/xerez/200510196,2005,4,segunda_division
Xerez,Elche,1-1,https://www.besoccer.com/match/xerez/elche/200510195,2005,5,segunda_division
Pontevedra,Tenerife,1-1,https://www.besoccer.com/match/pontevedra-cf/tenerife/200510194,2005,5,segunda_division
Gimnàstic Tarragona,At. Malagueño,0-2,https://www.besoccer.com/match/gimnastic-tarragona/atletico-malagueno/200510193,2005,5,segunda_division
Alavés,Ciudad de Murcia,1-1,https://www.besoccer.com/match/alaves/ciudad-de-murcia/200510192,2005,5,segunda_division
Terrassa FC,Real Valladolid,2-1,https://www.besoccer.com/match/terrassa-ii/valladolid/200510191,2005,5,segunda_division
Eibar,Córdoba,1-0,https://www.besoccer.com/match/eibar/cordoba/200510190,2005,5,segunda_division
Lleida,Poli Ejido,0-1,https://www.besoccer.com/match/ue-lleida/ejido/200510185,2005,5,segunda_division
Almería,UD Salamanca,0-1,https://www.besoccer.com/match/almeria/salamanca/200510186,2005,5,segunda_division
Real Sporting,Cádiz,0-0,https://www.besoccer.com/match/sporting-gijon/cadiz/200510187,2005,5,segunda_division
Recreativo,Racing Ferrol,0-1,https://www.besoccer.com/match/recreativo/racing-club-ferrol/200510188,2005,5,segunda_division
Real Murcia,Celta,1-1,https://www.besoccer.com/match/real-murcia/celta/200510189,2005,5,segunda_division
Celta,Alavés,2-2,https://www.besoccer.com/match/celta/alaves/200510184,2005,6,segunda_division
Córdoba,Lleida,0-1,https://www.besoccer.com/match/cordoba/ue-lleida/200510183,2005,6,segunda_division
Cádiz,Recreativo,0-0,https://www.besoccer.com/match/cadiz/recreativo/200510182,2005,6,segunda_division
Real Valladolid,Xerez,1-1,https://www.besoccer.com/match/valladolid/xerez/200510181,2005,6,segunda_division
Poli Ejido,Almería,2-0,https://www.besoccer.com/match/ejido/almeria/200510178,2005,6,segunda_division
UD Salamanca,Gimnàstic Tarragona,0-1,https://www.besoccer.com/match/salamanca/gimnastic-tarragona/200510179,2005,6,segunda_division
Racing Ferrol,Real Murcia,3-1,https://www.besoccer.com/match/racing-club-ferrol/real-murcia/200510180,2005,6,segunda_division
Tenerife,Terrassa FC,2-1,https://www.besoccer.com/match/tenerife/terrassa-ii/200510175,2005,6,segunda_division
Elche,Eibar,1-0,https://www.besoccer.com/match/elche/eibar/200510176,2005,6,segunda_division
Ciudad de Murcia,Pontevedra,2-3,https://www.besoccer.com/match/ciudad-de-murcia/pontevedra-cf/200510177,2005,6,segunda_division
At. Malagueño,Real Sporting,1-0,https://www.besoccer.com/match/atletico-malagueno/sporting-gijon/200510174,2005,6,segunda_division
Lleida,Elche,1-2,https://www.besoccer.com/match/ue-lleida/elche/200510171,2005,7,segunda_division
Recreativo,At. Malagueño,0-1,https://www.besoccer.com/match/recreativo/atletico-malagueno/200510172,2005,7,segunda_division
Celta,Racing Ferrol,1-1,https://www.besoccer.com/match/celta/racing-club-ferrol/200510173,2005,7,segunda_division
Eibar,Real Valladolid,2-0,https://www.besoccer.com/match/eibar/valladolid/200510170,2005,7,segunda_division
Alavés,Pontevedra,3-2,https://www.besoccer.com/match/alaves/pontevedra-cf/200510169,2005,7,segunda_division
Almería,Córdoba,2-0,https://www.besoccer.com/match/almeria/cordoba/200510168,2005,7,segunda_division
Terrassa FC,Ciudad de Murcia,0-1,https://www.besoccer.com/match/terrassa-ii/ciudad-de-murcia/200510164,2005,7,segunda_division
Gimnàstic Tarragona,Poli Ejido,1-4,https://www.besoccer.com/match/gimnastic-tarragona/ejido/200510165,2005,7,segunda_division
Real Sporting,UD Salamanca,1-2,https://www.besoccer.com/match/sporting-gijon/salamanca/200510166,2005,7,segunda_division
Real Murcia,Cádiz,0-2,https://www.besoccer.com/match/real-murcia/cadiz/200510167,2005,7,segunda_division
Xerez,Tenerife,1-1,https://www.besoccer.com/match/xerez/tenerife/200510163,2005,7,segunda_division
Poli Ejido,Real Sporting,1-1,https://www.besoccer.com/match/ejido/sporting-gijon/200510160,2005,8,segunda_division
Tenerife,Eibar,1-1,https://www.besoccer.com/match/tenerife/eibar/200510159,2005,8,segunda_division
At. Malagueño,Real Murcia,0-2,https://www.besoccer.com/match/atletico-malagueno/real-murcia/200510161,2005,8,segunda_division
Pontevedra,Terrassa FC,3-3,https://www.besoccer.com/match/pontevedra-cf/terrassa-ii/200510162,2005,8,segunda_division
Cádiz,Celta,2-0,https://www.besoccer.com/match/cadiz/celta/200510158,2005,8,segunda_division
Real Valladolid,Lleida,1-1,https://www.besoccer.com/match/valladolid/ue-lleida/200510156,2005,8,segunda_division
UD Salamanca,Recreativo,1-0,https://www.besoccer.com/match/salamanca/recreativo/200510157,2005,8,segunda_division
Ciudad de Murcia,Xerez,0-2,https://www.besoccer.com/match/ciudad-de-murcia/xerez/200510153,2005,8,segunda_division
Elche,Almería,0-0,https://www.besoccer.com/match/elche/almeria/200510154,2005,8,segunda_division
Racing Ferrol,Alavés,2-1,https://www.besoccer.com/match/racing-club-ferrol/alaves/200510155,2005,8,segunda_division
Córdoba,Gimnàstic Tarragona,2-0,https://www.besoccer.com/match/cordoba/gimnastic-tarragona/200510152,2005,8,segunda_division
Lleida,Tenerife,1-1,https://www.besoccer.com/match/ue-lleida/tenerife/200510149,2005,9,segunda_division
Gimnàstic Tarragona,Elche,2-0,https://www.besoccer.com/match/gimnastic-tarragona/elche/200510150,2005,9,segunda_division
Xerez,Pontevedra,1-0,https://www.besoccer.com/match/xerez/pontevedra-cf/200510151,2005,9,segunda_division
Eibar,Ciudad de Murcia,3-2,https://www.besoccer.com/match/eibar/ciudad-de-murcia/200510148,2005,9,segunda_division
Alavés,Terrassa FC,4-1,https://www.besoccer.com/match/alaves/terrassa-ii/200510147,2005,9,segunda_division
Almería,Real Valladolid,0-0,https://www.besoccer.com/match/almeria/valladolid/200510144,2005,9,segunda_division
Celta,At. Malagueño,0-0,https://www.besoccer.com/match/celta/atletico-malagueno/200510145,2005,9,segunda_division
Racing Ferrol,Cádiz,1-1,https://www.besoccer.com/match/racing-club-ferrol/cadiz/200510146,2005,9,segunda_division
Real Sporting,Córdoba,3-1,https://www.besoccer.com/match/sporting-gijon/cordoba/200510141,2005,9,segunda_division
Recreativo,Poli Ejido,1-1,https://www.besoccer.com/match/recreativo/ejido/200510142,2005,9,segunda_division
Real Murcia,UD Salamanca,0-0,https://www.besoccer.com/match/real-murcia/salamanca/200510143,2005,9,segunda_division
Cádiz,Alavés,0-1,https://www.besoccer.com/match/cadiz/alaves/200510140,2005,10,segunda_division
Elche,Real Sporting,4-0,https://www.besoccer.com/match/elche/sporting-gijon/200510138,2005,10,segunda_division
At. Malagueño,Racing Ferrol,1-1,https://www.besoccer.com/match/atletico-malagueno/racing-club-ferrol/200510139,2005,10,segunda_division
Ciudad de Murcia,Lleida,1-2,https://www.besoccer.com/match/ciudad-de-murcia/ue-lleida/200510132,2005,10,segunda_division
Real Valladolid,Gimnàstic Tarragona,1-0,https://www.besoccer.com/match/valladolid/gimnastic-tarragona/200510133,2005,10,segunda_division
Córdoba,Recreativo,0-2,https://www.besoccer.com/match/cordoba/recreativo/200510134,2005,10,segunda_division
UD Salamanca,Celta,0-1,https://www.besoccer.com/match/salamanca/celta/200510135,2005,10,segunda_division
Terrassa FC,Xerez,0-1,https://www.besoccer.com/match/terrassa-ii/xerez/200510136,2005,10,segunda_division
Pontevedra,Eibar,2-3,https://www.besoccer.com/match/pontevedra-cf/eibar/200510137,2005,10,segunda_division
Poli Ejido,Real Murcia,1-1,https://www.besoccer.com/match/ejido/real-murcia/200510131,2005,10,segunda_division
Tenerife,Almería,1-3,https://www.besoccer.com/match/tenerife/almeria/200510130,2005,10,segunda_division
Eibar,Terrassa FC,1-0,https://www.besoccer.com/match/eibar/terrassa-ii/200510129,2005,11,segunda_division
Gimnàstic Tarragona,Tenerife,1-0,https://www.besoccer.com/match/gimnastic-tarragona/tenerife/200510125,2005,11,segunda_division
Racing Ferrol,UD Salamanca,2-1,https://www.besoccer.com/match/racing-club-ferrol/salamanca/200510126,2005,11,segunda_division
Cádiz,At. Malagueño,4-0,https://www.besoccer.com/match/cadiz/atletico-malagueno/200510127,2005,11,segunda_division
Alavés,Xerez,2-0,https://www.besoccer.com/match/alaves/xerez/200510128,2005,11,segunda_division
Celta,Poli Ejido,1-0,https://www.besoccer.com/match/celta/ejido/200510124,2005,11,segunda_division
Lleida,Pontevedra,3-0,https://www.besoccer.com/match/ue-lleida/pontevedra-cf/200510119,2005,11,segunda_division
Almería,Ciudad de Murcia,0-0,https://www.besoccer.com/match/almeria/ciudad-de-murcia/200510120,2005,11,segunda_division
Real Sporting,Real Valladolid,1-1,https://www.besoccer.com/match/sporting-gijon/valladolid/200510121,2005,11,segunda_division
Recreativo,Elche,2-1,https://www.besoccer.com/match/recreativo/elche/200510122,2005,11,segunda_division
Real Murcia,Córdoba,1-0,https://www.besoccer.com/match/real-murcia/cordoba/200510123,2005,11,segunda_division
Terrassa FC,Lleida,3-0,https://www.besoccer.com/match/terrassa-ii/ue-lleida/200510118,2005,12,segunda_division
Córdoba,Celta,0-1,https://www.besoccer.com/match/cordoba/celta/200510117,2005,12,segunda_division
Xerez,Eibar,0-3,https://www.besoccer.com/match/xerez/eibar/200510116,2005,12,segunda_division
At. Malagueño,Alavés,1-1,https://www.besoccer.com/match/atletico-malagueno/alaves/200510115,2005,12,segunda_division
Ciudad de Murcia,Gimnàstic Tarragona,1-1,https://www.besoccer.com/match/ciudad-de-murcia/gimnastic-tarragona/200510108,2005,12,segunda_division
Real Valladolid,Recreativo,1-0,https://www.besoccer.com/match/valladolid/recreativo/200510110,2005,12,segunda_division
Elche,Real Murcia,1-0,https://www.besoccer.com/match/elche/real-murcia/200510111,2005,12,segunda_division
Poli Ejido,Racing Ferrol,0-0,https://www.besoccer.com/match/ejido/racing-club-ferrol/200510112,2005,12,segunda_division
UD Salamanca,Cádiz,1-3,https://www.besoccer.com/match/salamanca/cadiz/200510113,2005,12,segunda_division
Pontevedra,Almería,0-2,https://www.besoccer.com/match/pontevedra-cf/almeria/200510114,2005,12,segunda_division
Tenerife,Real Sporting,1-0,https://www.besoccer.com/match/tenerife/sporting-gijon/200510109,2005,12,segunda_division
Lleida,Xerez,1-1,https://www.besoccer.com/match/ue-lleida/xerez/200510107,2005,13,segunda_division
Recreativo,Tenerife,0-0,https://www.besoccer.com/match/recreativo/tenerife/200510105,2005,13,segunda_division
Cádiz,Poli Ejido,3-0,https://www.besoccer.com/match/cadiz/ejido/200510106,2005,13,segunda_division
Gimnàstic Tarragona,Pontevedra,0-0,https://www.besoccer.com/match/gimnastic-tarragona/pontevedra-cf/200510097,2005,13,segunda_division
Alavés,Eibar,0-2,https://www.besoccer.com/match/alaves/eibar/200510104,2005,13,segunda_division
Real Sporting,Ciudad de Murcia,2-2,https://www.besoccer.com/match/sporting-gijon/ciudad-de-murcia/200510098,2005,13,segunda_division
Real Murcia,Real Valladolid,0-1,https://www.besoccer.com/match/real-murcia/valladolid/200510099,2005,13,segunda_division
Celta,Elche,2-2,https://www.besoccer.com/match/celta/elche/200510100,2005,13,segunda_division
Racing Ferrol,Córdoba,0-0,https://www.besoccer.com/match/racing-club-ferrol/cordoba/200510101,2005,13,segunda_division
At. Malagueño,UD Salamanca,1-3,https://www.besoccer.com/match/atletico-malagueno/salamanca/200510102,2005,13,segunda_division
Almería,Terrassa FC,2-2,https://www.besoccer.com/match/almeria/terrassa-ii/200510103,2005,13,segunda_division
Real Valladolid,Celta,3-3,https://www.besoccer.com/match/valladolid/celta/200510094,2005,14,segunda_division
Xerez,Almería,1-1,https://www.besoccer.com/match/xerez/almeria/200510095,2005,14,segunda_division
Terrassa FC,Gimnàstic Tarragona,1-2,https://www.besoccer.com/match/terrassa-ii/gimnastic-tarragona/200510096,2005,14,segunda_division
Elche,Racing Ferrol,2-1,https://www.besoccer.com/match/elche/racing-club-ferrol/200510093,2005,14,segunda_division
Pontevedra,Real Sporting,1-2,https://www.besoccer.com/match/pontevedra-cf/sporting-gijon/200510087,2005,14,segunda_division
Ciudad de Murcia,Recreativo,2-2,https://www.besoccer.com/match/ciudad-de-murcia/recreativo/200510088,2005,14,segunda_division
Córdoba,Cádiz,0-2,https://www.besoccer.com/match/cordoba/cadiz/200510089,2005,14,segunda_division
Poli Ejido,At. Malagueño,1-2,https://www.besoccer.com/match/ejido/atletico-malagueno/200510090,2005,14,segunda_division
UD Salamanca,Alavés,3-3,https://www.besoccer.com/match/salamanca/alaves/200510091,2005,14,segunda_division
Eibar,Lleida,1-1,https://www.besoccer.com/match/eibar/ue-lleida/200510092,2005,14,segunda_division
Tenerife,Real Murcia,2-1,https://www.besoccer.com/match/tenerife/real-murcia/200510086,2005,14,segunda_division
Recreativo,Pontevedra,2-1,https://www.besoccer.com/match/recreativo/pontevedra-cf/200510083,2005,15,segunda_division
Celta,Tenerife,1-1,https://www.besoccer.com/match/celta/tenerife/200510084,2005,15,segunda_division
Alavés,Lleida,2-0,https://www.besoccer.com/match/alaves/ue-lleida/200510085,2005,15,segunda_division
Cádiz,Elche,3-1,https://www.besoccer.com/match/cadiz/elche/200510081,2005,15,segunda_division
At. Malagueño,Córdoba,3-2,https://www.besoccer.com/match/atletico-malagueno/cordoba/200510082,2005,15,segunda_division
Real Murcia,Ciudad de Murcia,2-2,https://www.besoccer.com/match/real-murcia/ciudad-de-murcia/200510075,2005,15,segunda_division
Racing Ferrol,Real Valladolid,2-3,https://www.besoccer.com/match/racing-club-ferrol/valladolid/200510076,2005,15,segunda_division
UD Salamanca,Poli Ejido,1-1,https://www.besoccer.com/match/salamanca/ejido/200510077,2005,15,segunda_division
Almería,Eibar,2-1,https://www.besoccer.com/match/almeria/eibar/200510078,2005,15,segunda_division
Gimnàstic Tarragona,Xerez,1-0,https://www.besoccer.com/match/gimnastic-tarragona/xerez/200510079,2005,15,segunda_division
Real Sporting,Terrassa FC,2-0,https://www.besoccer.com/match/sporting-gijon/terrassa-ii/200510080,2005,15,segunda_division
Tenerife,Racing Ferrol,1-1,https://www.besoccer.com/match/tenerife/racing-club-ferrol/200510072,2005,16,segunda_division
Eibar,Gimnàstic Tarragona,0-2,https://www.besoccer.com/match/eibar/gimnastic-tarragona/200510073,2005,16,segunda_division
Xerez,Real Sporting,1-0,https://www.besoccer.com/match/xerez/sporting-gijon/200510074,2005,16,segunda_division
Real Valladolid,Cádiz,0-1,https://www.besoccer.com/match/valladolid/cadiz/200510071,2005,16,segunda_division
Pontevedra,Real Murcia,0-1,https://www.besoccer.com/match/pontevedra-cf/real-murcia/200510064,2005,16,segunda_division
Ciudad de Murcia,Celta,2-2,https://www.besoccer.com/match/ciudad-de-murcia/celta/200510065,2005,16,segunda_division
Elche,At. Malagueño,2-1,https://www.besoccer.com/match/elche/atletico-malagueno/200510066,2005,16,segunda_division
Córdoba,UD Salamanca,0-0,https://www.besoccer.com/match/cordoba/salamanca/200510067,2005,16,segunda_division
Poli Ejido,Alavés,0-1,https://www.besoccer.com/match/ejido/alaves/200510068,2005,16,segunda_division
Lleida,Almería,1-0,https://www.besoccer.com/match/ue-lleida/almeria/200510069,2005,16,segunda_division
Terrassa FC,Recreativo,1-0,https://www.besoccer.com/match/terrassa-ii/recreativo/200510070,2005,16,segunda_division
Recreativo,Xerez,1-0,https://www.besoccer.com/match/recreativo/xerez/200510063,2005,17,segunda_division
Real Murcia,Terrassa FC,0-1,https://www.besoccer.com/match/real-murcia/terrassa-ii/200510062,2005,17,segunda_division
Racing Ferrol,Ciudad de Murcia,4-0,https://www.besoccer.com/match/racing-club-ferrol/ciudad-de-murcia/200510059,2005,17,segunda_division
Cádiz,Tenerife,4-1,https://www.besoccer.com/match/cadiz/tenerife/200510060,2005,17,segunda_division
Gimnàstic Tarragona,Lleida,2-1,https://www.besoccer.com/match/gimnastic-tarragona/ue-lleida/200510061,2005,17,segunda_division
Poli Ejido,Córdoba,2-0,https://www.besoccer.com/match/ejido/cordoba/200510058,2005,17,segunda_division
Real Sporting,Eibar,0-0,https://www.besoccer.com/match/sporting-gijon/eibar/200510057,2005,17,segunda_division
Celta,Pontevedra,2-0,https://www.besoccer.com/match/celta/pontevedra-cf/200510055,2005,17,segunda_division
At. Malagueño,Real Valladolid,0-2,https://www.besoccer.com/match/atletico-malagueno/valladolid/200510056,2005,17,segunda_division
UD Salamanca,Elche,2-0,https://www.besoccer.com/match/salamanca/elche/200510053,2005,17,segunda_division
Alavés,Almería,2-1,https://www.besoccer.com/match/alaves/almeria/200510054,2005,17,segunda_division
Eibar,Recreativo,1-2,https://www.besoccer.com/match/eibar/recreativo/200510052,2005,18,segunda_division
Real Valladolid,UD Salamanca,3-2,https://www.besoccer.com/match/valladolid/salamanca/200510051,2005,18,segunda_division
Lleida,Real Sporting,0-2,https://www.besoccer.com/match/ue-lleida/sporting-gijon/200510050,2005,18,segunda_division
Ciudad de Murcia,Cádiz,0-0,https://www.besoccer.com/match/ciudad-de-murcia/cadiz/200510044,2005,18,segunda_division
Córdoba,Alavés,1-2,https://www.besoccer.com/match/cordoba/alaves/200510046,2005,18,segunda_division
Almería,Gimnàstic Tarragona,1-1,https://www.besoccer.com/match/almeria/gimnastic-tarragona/200510047,2005,18,segunda_division
Xerez,Real Murcia,0-1,https://www.besoccer.com/match/xerez/real-murcia/200510048,2005,18,segunda_division
Terrassa FC,Celta,1-4,https://www.besoccer.com/match/terrassa-ii/celta/200510049,2005,18,segunda_division
Elche,Poli Ejido,3-1,https://www.besoccer.com/match/elche/ejido/200510043,2005,18,segunda_division
Tenerife,At. Malagueño,1-1,https://www.besoccer.com/match/tenerife/atletico-malagueno/200510045,2005,18,segunda_division
Pontevedra,Racing Ferrol,1-1,https://www.besoccer.com/match/pontevedra-cf/racing-club-ferrol/200510042,2005,18,segunda_division
At. Malagueño,Ciudad de Murcia,3-1,https://www.besoccer.com/match/atletico-malagueno/ciudad-de-murcia/200510041,2005,19,segunda_division
UD Salamanca,Tenerife,4-5,https://www.besoccer.com/match/salamanca/tenerife/200510039,2005,19,segunda_division
Racing Ferrol,Terrassa FC,3-0,https://www.besoccer.com/match/racing-club-ferrol/terrassa-ii/200510038,2005,19,segunda_division
Córdoba,Elche,0-2,https://www.besoccer.com/match/cordoba/elche/200510040,2005,19,segunda_division
Celta,Xerez,2-1,https://www.besoccer.com/match/celta/xerez/200510037,2005,19,segunda_division
Cádiz,Pontevedra,4-0,https://www.besoccer.com/match/cadiz/pontevedra-cf/200510031,2005,19,segunda_division
Poli Ejido,Real Valladolid,0-3,https://www.besoccer.com/match/ejido/valladolid/200510032,2005,19,segunda_division
Alavés,Gimnàstic Tarragona,1-1,https://www.besoccer.com/match/alaves/gimnastic-tarragona/200510033,2005,19,segunda_division
Real Sporting,Almería,1-0,https://www.besoccer.com/match/sporting-gijon/almeria/200510034,2005,19,segunda_division
Recreativo,Lleida,3-0,https://www.besoccer.com/match/recreativo/ue-lleida/200510035,2005,19,segunda_division
Real Murcia,Eibar,1-0,https://www.besoccer.com/match/real-murcia/eibar/200510036,2005,19,segunda_division
Lleida,Real Murcia,5-1,https://www.besoccer.com/match/ue-lleida/real-murcia/200510030,2005,20,segunda_division
Almería,Recreativo,1-0,https://www.besoccer.com/match/almeria/recreativo/200510028,2005,20,segunda_division
Eibar,Celta,2-1,https://www.besoccer.com/match/eibar/celta/200510029,2005,20,segunda_division
Alavés,Elche,1-0,https://www.besoccer.com/match/alaves/elche/200510027,2005,20,segunda_division
Terrassa FC,Cádiz,3-2,https://www.besoccer.com/match/terrassa-ii/cadiz/200510021,2005,20,segunda_division
Pontevedra,At. Malagueño,1-1,https://www.besoccer.com/match/pontevedra-cf/atletico-malagueno/200510022,2005,20,segunda_division
Ciudad de Murcia,UD Salamanca,2-1,https://www.besoccer.com/match/ciudad-de-murcia/salamanca/200510023,2005,20,segunda_division
Real Valladolid,Córdoba,0-1,https://www.besoccer.com/match/valladolid/cordoba/200510024,2005,20,segunda_division
Gimnàstic Tarragona,Real Sporting,1-0,https://www.besoccer.com/match/gimnastic-tarragona/sporting-gijon/200510025,2005,20,segunda_division
Xerez,Racing Ferrol,2-2,https://www.besoccer.com/match/xerez/racing-club-ferrol/200510026,2005,20,segunda_division
Tenerife,Poli Ejido,1-1,https://www.besoccer.com/match/tenerife/ejido/200510020,2005,20,segunda_division
Elche,Real Valladolid,3-2,https://www.besoccer.com/match/elche/valladolid/200510017,2005,21,segunda_division
Córdoba,Tenerife,2-0,https://www.besoccer.com/match/cordoba/tenerife/200510016,2005,21,segunda_division
Recreativo,Gimnàstic Tarragona,1-0,https://www.besoccer.com/match/recreativo/gimnastic-tarragona/200510018,2005,21,segunda_division
Racing Ferrol,Eibar,0-1,https://www.besoccer.com/match/racing-club-ferrol/eibar/200510019,2005,21,segunda_division
Cádiz,Xerez,0-1,https://www.besoccer.com/match/cadiz/xerez/200510015,2005,21,segunda_division
UD Salamanca,Pontevedra,2-0,https://www.besoccer.com/match/salamanca/pontevedra-cf/200510010,2005,21,segunda_division
Poli Ejido,Ciudad de Murcia,2-2,https://www.besoccer.com/match/ejido/ciudad-de-murcia/200510011,2005,21,segunda_division
Real Sporting,Alavés,1-2,https://www.besoccer.com/match/sporting-gijon/alaves/200510012,2005,21,segunda_division
Real Murcia,Almería,0-0,https://www.besoccer.com/match/real-murcia/almeria/200510013,2005,21,segunda_division
Celta,Lleida,0-0,https://www.besoccer.com/match/celta/ue-lleida/200510014,2005,21,segunda_division
At. Malagueño,Terrassa FC,0-0,https://www.besoccer.com/match/atletico-malagueno/terrassa-ii/200510009,2005,21,segunda_division
Elche,Tenerife,0-0,https://www.besoccer.com/match/elche/tenerife/200510006,2005,22,segunda_division
Poli Ejido,Pontevedra,1-0,https://www.besoccer.com/match/ejido/pontevedra-cf/200510007,2005,22,segunda_division
At. Malagueño,Xerez,0-3,https://www.besoccer.com/match/atletico-malagueno/xerez/200510008,2005,22,segunda_division
Real Valladolid,Alavés,1-0,https://www.besoccer.com/match/valladolid/alaves/200510005,2005,22,segunda_division
Cádiz,Eibar,1-2,https://www.besoccer.com/match/cadiz/eibar/20059998,2005,22,segunda_division
Racing Ferrol,Lleida,1-3,https://www.besoccer.com/match/racing-club-ferrol/ue-lleida/20059999,2005,22,segunda_division
Celta,Almería,1-0,https://www.besoccer.com/match/celta/almeria/200510000,2005,22,segunda_division
Real Murcia,Gimnàstic Tarragona,1-0,https://www.besoccer.com/match/real-murcia/gimnastic-tarragona/200510001,2005,22,segunda_division
Recreativo,Real Sporting,1-1,https://www.besoccer.com/match/recreativo/sporting-gijon/200510002,2005,22,segunda_division
Córdoba,Ciudad de Murcia,0-1,https://www.besoccer.com/match/cordoba/ciudad-de-murcia/200510003,2005,22,segunda_division
UD Salamanca,Terrassa FC,3-1,https://www.besoccer.com/match/salamanca/terrassa-ii/200510004,2005,22,segunda_division
Xerez,UD Salamanca,1-0,https://www.besoccer.com/match/xerez/salamanca/20059997,2005,23,segunda_division
Gimnàstic Tarragona,Celta,0-2,https://www.besoccer.com/match/gimnastic-tarragona/celta/20059996,2005,23,segunda_division
Alavés,Recreativo,0-2,https://www.besoccer.com/match/alaves/recreativo/20059995,2005,23,segunda_division
Lleida,Cádiz,1-3,https://www.besoccer.com/match/ue-lleida/cadiz/20059988,2005,23,segunda_division
Almería,Racing Ferrol,1-6,https://www.besoccer.com/match/almeria/racing-club-ferrol/20059989,2005,23,segunda_division
Real Sporting,Real Murcia,2-0,https://www.besoccer.com/match/sporting-gijon/real-murcia/20059990,2005,23,segunda_division
Ciudad de Murcia,Elche,0-0,https://www.besoccer.com/match/ciudad-de-murcia/elche/20059991,2005,23,segunda_division
Pontevedra,Córdoba,1-1,https://www.besoccer.com/match/pontevedra-cf/cordoba/20059992,2005,23,segunda_division
Terrassa FC,Poli Ejido,2-0,https://www.besoccer.com/match/terrassa-ii/ejido/20059993,2005,23,segunda_division
Eibar,At. Malagueño,0-0,https://www.besoccer.com/match/eibar/atletico-malagueno/20059994,2005,23,segunda_division
Tenerife,Real Valladolid,0-2,https://www.besoccer.com/match/tenerife/valladolid/20059987,2005,23,segunda_division
Tenerife,Alavés,1-0,https://www.besoccer.com/match/tenerife/alaves/20059986,2005,24,segunda_division
Cádiz,Almería,2-1,https://www.besoccer.com/match/cadiz/almeria/20059985,2005,24,segunda_division
UD Salamanca,Eibar,1-2,https://www.besoccer.com/match/salamanca/eibar/20059984,2005,24,segunda_division
At. Malagueño,Lleida,1-0,https://www.besoccer.com/match/atletico-malagueno/ue-lleida/20059983,2005,24,segunda_division
Racing Ferrol,Gimnàstic Tarragona,1-4,https://www.besoccer.com/match/racing-club-ferrol/gimnastic-tarragona/20059976,2005,24,segunda_division
Celta,Real Sporting,1-0,https://www.besoccer.com/match/celta/sporting-gijon/20059977,2005,24,segunda_division
Real Murcia,Recreativo,1-3,https://www.besoccer.com/match/real-murcia/recreativo/20059978,2005,24,segunda_division
Real Valladolid,Ciudad de Murcia,2-1,https://www.besoccer.com/match/valladolid/ciudad-de-murcia/20059979,2005,24,segunda_division
Elche,Pontevedra,2-0,https://www.besoccer.com/match/elche/pontevedra-cf/20059980,2005,24,segunda_division
Córdoba,Terrassa FC,2-1,https://www.besoccer.com/match/cordoba/terrassa-ii/20059981,2005,24,segunda_division
Poli Ejido,Xerez,0-0,https://www.besoccer.com/match/ejido/xerez/20059982,2005,24,segunda_division
Pontevedra,Real Valladolid,3-0,https://www.besoccer.com/match/pontevedra-cf/valladolid/20059973,2005,25,segunda_division
Terrassa FC,Elche,0-1,https://www.besoccer.com/match/terrassa-ii/elche/20059974,2005,25,segunda_division
Almería,At. Malagueño,0-1,https://www.besoccer.com/match/almeria/atletico-malagueno/20059975,2005,25,segunda_division
Ciudad de Murcia,Tenerife,0-1,https://www.besoccer.com/match/ciudad-de-murcia/tenerife/20059972,2005,25,segunda_division
Real Sporting,Racing Ferrol,3-2,https://www.besoccer.com/match/sporting-gijon/racing-club-ferrol/20059971,2005,25,segunda_division
Gimnàstic Tarragona,Cádiz,1-1,https://www.besoccer.com/match/gimnastic-tarragona/cadiz/20059966,2005,25,segunda_division
Recreativo,Celta,1-2,https://www.besoccer.com/match/recreativo/celta/20059967,2005,25,segunda_division
Alavés,Real Murcia,2-3,https://www.besoccer.com/match/alaves/real-murcia/20059968,2005,25,segunda_division
Eibar,Poli Ejido,0-0,https://www.besoccer.com/match/eibar/ejido/20059969,2005,25,segunda_division
Lleida,UD Salamanca,2-1,https://www.besoccer.com/match/ue-lleida/salamanca/20059970,2005,25,segunda_division
Xerez,Córdoba,1-1,https://www.besoccer.com/match/xerez/cordoba/20059965,2005,25,segunda_division
At. Malagueño,Gimnàstic Tarragona,0-1,https://www.besoccer.com/match/atletico-malagueno/gimnastic-tarragona/20059964,2005,26,segunda_division
Cádiz,Real Sporting,0-0,https://www.besoccer.com/match/cadiz/sporting-gijon/20059963,2005,26,segunda_division
Elche,Xerez,1-2,https://www.besoccer.com/match/elche/xerez/20059962,2005,26,segunda_division
Racing Ferrol,Recreativo,0-1,https://www.besoccer.com/match/racing-club-ferrol/recreativo/20059956,2005,26,segunda_division
Celta,Real Murcia,1-0,https://www.besoccer.com/match/celta/real-murcia/20059957,2005,26,segunda_division
Ciudad de Murcia,Alavés,2-0,https://www.besoccer.com/match/ciudad-de-murcia/alaves/20059958,2005,26,segunda_division
Real Valladolid,Terrassa FC,2-2,https://www.besoccer.com/match/valladolid/terrassa-ii/20059959,2005,26,segunda_division
Poli Ejido,Lleida,2-0,https://www.besoccer.com/match/ejido/ue-lleida/20059960,2005,26,segunda_division
UD Salamanca,Almería,3-2,https://www.besoccer.com/match/salamanca/almeria/20059961,2005,26,segunda_division
Tenerife,Pontevedra,0-0,https://www.besoccer.com/match/tenerife/pontevedra-cf/20059955,2005,26,segunda_division
Córdoba,Eibar,0-0,https://www.besoccer.com/match/cordoba/eibar/20059954,2005,26,segunda_division
Terrassa FC,Tenerife,0-0,https://www.besoccer.com/match/terrassa-ii/tenerife/20059953,2005,27,segunda_division
Recreativo,Cádiz,1-1,https://www.besoccer.com/match/recreativo/cadiz/20059952,2005,27,segunda_division
Alavés,Celta,0-3,https://www.besoccer.com/match/alaves/celta/20059951,2005,27,segunda_division
Real Murcia,Racing Ferrol,1-0,https://www.besoccer.com/match/real-murcia/racing-club-ferrol/20059943,2005,27,segunda_division
Pontevedra,Ciudad de Murcia,2-2,https://www.besoccer.com/match/pontevedra-cf/ciudad-de-murcia/20059944,2005,27,segunda_division
Xerez,Real Valladolid,0-0,https://www.besoccer.com/match/xerez/valladolid/20059945,2005,27,segunda_division
Eibar,Elche,5-2,https://www.besoccer.com/match/eibar/elche/20059946,2005,27,segunda_division
Lleida,Córdoba,1-2,https://www.besoccer.com/match/ue-lleida/cordoba/20059947,2005,27,segunda_division
Almería,Poli Ejido,1-1,https://www.besoccer.com/match/almeria/ejido/20059948,2005,27,segunda_division
Gimnàstic Tarragona,UD Salamanca,2-0,https://www.besoccer.com/match/gimnastic-tarragona/salamanca/20059949,2005,27,segunda_division
Real Sporting,At. Malagueño,2-0,https://www.besoccer.com/match/sporting-gijon/atletico-malagueno/20059950,2005,27,segunda_division
Racing Ferrol,Celta,1-2,https://www.besoccer.com/match/racing-club-ferrol/celta/20059940,2005,28,segunda_division
Tenerife,Xerez,1-0,https://www.besoccer.com/match/tenerife/xerez/20059941,2005,28,segunda_division
Poli Ejido,Gimnàstic Tarragona,1-0,https://www.besoccer.com/match/ejido/gimnastic-tarragona/20059942,2005,28,segunda_division
Real Valladolid,Eibar,1-2,https://www.besoccer.com/match/valladolid/eibar/20059939,2005,28,segunda_division
At. Malagueño,Recreativo,0-1,https://www.besoccer.com/match/atletico-malagueno/recreativo/20059932,2005,28,segunda_division
Cádiz,Real Murcia,0-1,https://www.besoccer.com/match/cadiz/real-murcia/20059933,2005,28,segunda_division
Pontevedra,Alavés,1-3,https://www.besoccer.com/match/pontevedra-cf/alaves/20059934,2005,28,segunda_division
Ciudad de Murcia,Terrassa FC,2-0,https://www.besoccer.com/match/ciudad-de-murcia/terrassa-ii/20059935,2005,28,segunda_division
Elche,Lleida,2-1,https://www.besoccer.com/match/elche/ue-lleida/20059936,2005,28,segunda_division
Córdoba,Almería,3-0,https://www.besoccer.com/match/cordoba/almeria/20059937,2005,28,segunda_division
UD Salamanca,Real Sporting,2-1,https://www.besoccer.com/match/salamanca/sporting-gijon/20059938,2005,28,segunda_division
Eibar,Tenerife,0-0,https://www.besoccer.com/match/eibar/tenerife/20059929,2005,29,segunda_division
Alavés,Racing Ferrol,2-1,https://www.besoccer.com/match/alaves/racing-club-ferrol/20059928,2005,29,segunda_division
Lleida,Real Valladolid,2-0,https://www.besoccer.com/match/ue-lleida/valladolid/20059930,2005,29,segunda_division
Recreativo,UD Salamanca,0-0,https://www.besoccer.com/match/recreativo/salamanca/20059931,2005,29,segunda_division
Xerez,Ciudad de Murcia,3-5,https://www.besoccer.com/match/xerez/ciudad-de-murcia/20059927,2005,29,segunda_division
Celta,Cádiz,0-2,https://www.besoccer.com/match/celta/cadiz/20059926,2005,29,segunda_division
Real Murcia,At. Malagueño,0-1,https://www.besoccer.com/match/real-murcia/atletico-malagueno/20059921,2005,29,segunda_division
Terrassa FC,Pontevedra,1-0,https://www.besoccer.com/match/terrassa-ii/pontevedra-cf/20059922,2005,29,segunda_division
Almería,Elche,2-2,https://www.besoccer.com/match/almeria/elche/20059923,2005,29,segunda_division
Gimnàstic Tarragona,Córdoba,1-1,https://www.besoccer.com/match/gimnastic-tarragona/cordoba/20059924,2005,29,segunda_division
Real Sporting,Poli Ejido,1-0,https://www.besoccer.com/match/sporting-gijon/ejido/20059925,2005,29,segunda_division
Terrassa FC,Alavés,0-2,https://www.besoccer.com/match/terrassa-ii/alaves/20059920,2005,30,segunda_division
At. Malagueño,Celta,0-1,https://www.besoccer.com/match/atletico-malagueno/celta/20059919,2005,30,segunda_division
Cádiz,Racing Ferrol,2-0,https://www.besoccer.com/match/cadiz/racing-club-ferrol/20059918,2005,30,segunda_division
Pontevedra,Xerez,2-1,https://www.besoccer.com/match/pontevedra-cf/xerez/20059914,2005,30,segunda_division
Real Valladolid,Almería,0-1,https://www.besoccer.com/match/valladolid/almeria/20059915,2005,30,segunda_division
Poli Ejido,Recreativo,1-0,https://www.besoccer.com/match/ejido/recreativo/20059916,2005,30,segunda_division
UD Salamanca,Real Murcia,3-1,https://www.besoccer.com/match/salamanca/real-murcia/20059917,2005,30,segunda_division
Córdoba,Real Sporting,0-0,https://www.besoccer.com/match/cordoba/sporting-gijon/20059913,2005,30,segunda_division
Ciudad de Murcia,Eibar,1-1,https://www.besoccer.com/match/ciudad-de-murcia/eibar/20059911,2005,30,segunda_division
Tenerife,Lleida,1-1,https://www.besoccer.com/match/tenerife/ue-lleida/20059912,2005,30,segunda_division
Elche,Gimnàstic Tarragona,3-3,https://www.besoccer.com/match/elche/gimnastic-tarragona/20059910,2005,30,segunda_division
Xerez,Terrassa FC,0-0,https://www.besoccer.com/match/xerez/terrassa-ii/20059907,2005,31,segunda_division
Almería,Tenerife,0-1,https://www.besoccer.com/match/almeria/tenerife/20059908,2005,31,segunda_division
Celta,UD Salamanca,2-0,https://www.besoccer.com/match/celta/salamanca/20059909,2005,31,segunda_division
Alavés,Cádiz,1-3,https://www.besoccer.com/match/alaves/cadiz/20059906,2005,31,segunda_division
Racing Ferrol,At. Malagueño,1-0,https://www.besoccer.com/match/racing-club-ferrol/atletico-malagueno/20059905,2005,31,segunda_division
Eibar,Pontevedra,1-2,https://www.besoccer.com/match/eibar/pontevedra-cf/20059899,2005,31,segunda_division
Lleida,Ciudad de Murcia,0-0,https://www.besoccer.com/match/ue-lleida/ciudad-de-murcia/20059900,2005,31,segunda_division
Gimnàstic Tarragona,Real Valladolid,0-1,https://www.besoccer.com/match/gimnastic-tarragona/valladolid/20059901,2005,31,segunda_division
Real Sporting,Elche,3-1,https://www.besoccer.com/match/sporting-gijon/elche/20059902,2005,31,segunda_division
Recreativo,Córdoba,3-1,https://www.besoccer.com/match/recreativo/cordoba/20059903,2005,31,segunda_division
Real Murcia,Poli Ejido,3-3,https://www.besoccer.com/match/real-murcia/ejido/20059904,2005,31,segunda_division
UD Salamanca,Racing Ferrol,0-2,https://www.besoccer.com/match/salamanca/racing-club-ferrol/20059896,2005,32,segunda_division
At. Malagueño,Cádiz,1-1,https://www.besoccer.com/match/atletico-malagueno/cadiz/20059897,2005,32,segunda_division
Tenerife,Gimnàstic Tarragona,0-0,https://www.besoccer.com/match/tenerife/gimnastic-tarragona/20059898,2005,32,segunda_division
Córdoba,Real Murcia,1-1,https://www.besoccer.com/match/cordoba/real-murcia/20059895,2005,32,segunda_division
Terrassa FC,Eibar,2-3,https://www.besoccer.com/match/terrassa-ii/eibar/20059892,2005,32,segunda_division
Elche,Recreativo,0-1,https://www.besoccer.com/match/elche/recreativo/20059893,2005,32,segunda_division
Poli Ejido,Celta,0-3,https://www.besoccer.com/match/ejido/celta/20059894,2005,32,segunda_division
Xerez,Alavés,0-1,https://www.besoccer.com/match/xerez/alaves/20059888,2005,32,segunda_division
Pontevedra,Lleida,5-0,https://www.besoccer.com/match/pontevedra-cf/ue-lleida/20059889,2005,32,segunda_division
Ciudad de Murcia,Almería,0-1,https://www.besoccer.com/match/ciudad-de-murcia/almeria/20059890,2005,32,segunda_division
Real Valladolid,Real Sporting,2-0,https://www.besoccer.com/match/valladolid/sporting-gijon/20059891,2005,32,segunda_division
Eibar,Xerez,0-0,https://www.besoccer.com/match/eibar/xerez/20059887,2005,33,segunda_division
Almería,Pontevedra,1-0,https://www.besoccer.com/match/almeria/pontevedra-cf/20059885,2005,33,segunda_division
Lleida,Terrassa FC,4-2,https://www.besoccer.com/match/ue-lleida/terrassa-ii/20059884,2005,33,segunda_division
Real Sporting,Tenerife,1-1,https://www.besoccer.com/match/sporting-gijon/tenerife/20059886,2005,33,segunda_division
Real Murcia,Elche,1-0,https://www.besoccer.com/match/real-murcia/elche/20059883,2005,33,segunda_division
Recreativo,Real Valladolid,2-0,https://www.besoccer.com/match/recreativo/valladolid/20059882,2005,33,segunda_division
Cádiz,UD Salamanca,0-0,https://www.besoccer.com/match/cadiz/salamanca/20059881,2005,33,segunda_division
Alavés,At. Malagueño,3-1,https://www.besoccer.com/match/alaves/atletico-malagueno/20059877,2005,33,segunda_division
Gimnàstic Tarragona,Ciudad de Murcia,0-0,https://www.besoccer.com/match/gimnastic-tarragona/ciudad-de-murcia/20059878,2005,33,segunda_division
Celta,Córdoba,0-1,https://www.besoccer.com/match/celta/cordoba/20059879,2005,33,segunda_division
Racing Ferrol,Poli Ejido,2-0,https://www.besoccer.com/match/racing-club-ferrol/ejido/20059880,2005,33,segunda_division
Córdoba,Racing Ferrol,1-2,https://www.besoccer.com/match/cordoba/racing-club-ferrol/20059876,2005,34,segunda_division
Eibar,Alavés,1-2,https://www.besoccer.com/match/eibar/alaves/20059875,2005,34,segunda_division
Elche,Celta,0-1,https://www.besoccer.com/match/elche/celta/20059874,2005,34,segunda_division
Real Valladolid,Real Murcia,0-2,https://www.besoccer.com/match/valladolid/real-murcia/20059872,2005,34,segunda_division
Poli Ejido,Cádiz,0-0,https://www.besoccer.com/match/ejido/cadiz/20059873,2005,34,segunda_division
UD Salamanca,At. Malagueño,1-2,https://www.besoccer.com/match/salamanca/atletico-malagueno/20059867,2005,34,segunda_division
Terrassa FC,Almería,1-1,https://www.besoccer.com/match/terrassa-ii/almeria/20059868,2005,34,segunda_division
Pontevedra,Gimnàstic Tarragona,3-1,https://www.besoccer.com/match/pontevedra-cf/gimnastic-tarragona/20059869,2005,34,segunda_division
Ciudad de Murcia,Real Sporting,0-2,https://www.besoccer.com/match/ciudad-de-murcia/sporting-gijon/20059870,2005,34,segunda_division
Tenerife,Recreativo,2-0,https://www.besoccer.com/match/tenerife/recreativo/20059871,2005,34,segunda_division
Xerez,Lleida,0-0,https://www.besoccer.com/match/xerez/ue-lleida/20059866,2005,34,segunda_division
At. Malagueño,Poli Ejido,0-0,https://www.besoccer.com/match/atletico-malagueno/ejido/20059865,2005,35,segunda_division
Gimnàstic Tarragona,Terrassa FC,3-1,https://www.besoccer.com/match/gimnastic-tarragona/terrassa-ii/20059863,2005,35,segunda_division
Almería,Xerez,1-2,https://www.besoccer.com/match/almeria/xerez/20059862,2005,35,segunda_division
Racing Ferrol,Elche,0-1,https://www.besoccer.com/match/racing-club-ferrol/elche/20059864,2005,35,segunda_division
Alavés,UD Salamanca,2-1,https://www.besoccer.com/match/alaves/salamanca/20059861,2005,35,segunda_division
Celta,Real Valladolid,2-0,https://www.besoccer.com/match/celta/valladolid/20059860,2005,35,segunda_division
Lleida,Eibar,1-1,https://www.besoccer.com/match/ue-lleida/eibar/20059857,2005,35,segunda_division
Real Sporting,Pontevedra,3-2,https://www.besoccer.com/match/sporting-gijon/pontevedra-cf/20059858,2005,35,segunda_division
Cádiz,Córdoba,4-1,https://www.besoccer.com/match/cadiz/cordoba/20059859,2005,35,segunda_division
Recreativo,Ciudad de Murcia,3-2,https://www.besoccer.com/match/recreativo/ciudad-de-murcia/20059855,2005,35,segunda_division
Real Murcia,Tenerife,1-0,https://www.besoccer.com/match/real-murcia/tenerife/20059856,2005,35,segunda_division
Eibar,Almería,1-0,https://www.besoccer.com/match/eibar/almeria/20059854,2005,36,segunda_division
Tenerife,Celta,3-1,https://www.besoccer.com/match/tenerife/celta/20059852,2005,36,segunda_division
Terrassa FC,Real Sporting,1-0,https://www.besoccer.com/match/terrassa-ii/sporting-gijon/20059851,2005,36,segunda_division
Elche,Cádiz,1-1,https://www.besoccer.com/match/elche/cadiz/20059853,2005,36,segunda_division
Lleida,Alavés,0-1,https://www.besoccer.com/match/ue-lleida/alaves/20059850,2005,36,segunda_division
Real Valladolid,Racing Ferrol,1-1,https://www.besoccer.com/match/valladolid/racing-club-ferrol/20059849,2005,36,segunda_division
Pontevedra,Recreativo,0-0,https://www.besoccer.com/match/pontevedra-cf/recreativo/20059848,2005,36,segunda_division
Xerez,Gimnàstic Tarragona,1-1,https://www.besoccer.com/match/xerez/gimnastic-tarragona/20059845,2005,36,segunda_division
Córdoba,At. Malagueño,5-2,https://www.besoccer.com/match/cordoba/atletico-malagueno/20059846,2005,36,segunda_division
Poli Ejido,UD Salamanca,1-1,https://www.besoccer.com/match/ejido/salamanca/20059847,2005,36,segunda_division
Ciudad de Murcia,Real Murcia,1-3,https://www.besoccer.com/match/ciudad-de-murcia/real-murcia/20059844,2005,36,segunda_division
Celta,Ciudad de Murcia,0-1,https://www.besoccer.com/match/celta/ciudad-de-murcia/20059841,2005,37,segunda_division
Racing Ferrol,Tenerife,2-2,https://www.besoccer.com/match/racing-club-ferrol/tenerife/20059842,2005,37,segunda_division
At. Malagueño,Elche,1-0,https://www.besoccer.com/match/atletico-malagueno/elche/20059843,2005,37,segunda_division
Gimnàstic Tarragona,Eibar,3-2,https://www.besoccer.com/match/gimnastic-tarragona/eibar/20059839,2005,37,segunda_division
Real Murcia,Pontevedra,2-2,https://www.besoccer.com/match/real-murcia/pontevedra-cf/20059840,2005,37,segunda_division
Cádiz,Real Valladolid,6-1,https://www.besoccer.com/match/cadiz/valladolid/20059838,2005,37,segunda_division
Real Sporting,Xerez,0-0,https://www.besoccer.com/match/sporting-gijon/xerez/20059836,2005,37,segunda_division
Alavés,Poli Ejido,2-0,https://www.besoccer.com/match/alaves/ejido/20059837,2005,37,segunda_division
Almería,Lleida,1-1,https://www.besoccer.com/match/almeria/ue-lleida/20059833,2005,37,segunda_division
Recreativo,Terrassa FC,2-1,https://www.besoccer.com/match/recreativo/terrassa-ii/20059834,2005,37,segunda_division
UD Salamanca,Córdoba,0-3,https://www.besoccer.com/match/salamanca/cordoba/20059835,2005,37,segunda_division
Tenerife,Cádiz,2-0,https://www.besoccer.com/match/tenerife/cadiz/20059832,2005,38,segunda_division
Eibar,Real Sporting,1-0,https://www.besoccer.com/match/eibar/sporting-gijon/20059831,2005,38,segunda_division
Lleida,Gimnàstic Tarragona,2-0,https://www.besoccer.com/match/ue-lleida/gimnastic-tarragona/20059830,2005,38,segunda_division
Pontevedra,Celta,3-1,https://www.besoccer.com/match/pontevedra-cf/celta/20059829,2005,38,segunda_division
Xerez,Recreativo,0-0,https://www.besoccer.com/match/xerez/recreativo/20059824,2005,38,segunda_division
Real Valladolid,At. Malagueño,3-0,https://www.besoccer.com/match/valladolid/atletico-malagueno/20059826,2005,38,segunda_division
Elche,UD Salamanca,0-2,https://www.besoccer.com/match/elche/salamanca/20059827,2005,38,segunda_division
Terrassa FC,Real Murcia,0-2,https://www.besoccer.com/match/terrassa-ii/real-murcia/20059822,2005,38,segunda_division
Almería,Alavés,0-1,https://www.besoccer.com/match/almeria/alaves/20059823,2005,38,segunda_division
Ciudad de Murcia,Racing Ferrol,3-0,https://www.besoccer.com/match/ciudad-de-murcia/racing-club-ferrol/20059825,2005,38,segunda_division
Córdoba,Poli Ejido,2-1,https://www.besoccer.com/match/cordoba/ejido/20059828,2005,38,segunda_division
At. Malagueño,Tenerife,2-1,https://www.besoccer.com/match/atletico-malagueno/tenerife/20059821,2005,39,segunda_division
Real Sporting,Lleida,1-1,https://www.besoccer.com/match/sporting-gijon/ue-lleida/20059820,2005,39,segunda_division
Alavés,Córdoba,1-1,https://www.besoccer.com/match/alaves/cordoba/20059819,2005,39,segunda_division
Real Murcia,Xerez,1-1,https://www.besoccer.com/match/real-murcia/xerez/20059818,2005,39,segunda_division
Celta,Terrassa FC,2-1,https://www.besoccer.com/match/celta/terrassa-ii/20059817,2005,39,segunda_division
Recreativo,Eibar,0-0,https://www.besoccer.com/match/recreativo/eibar/20059816,2005,39,segunda_division
Racing Ferrol,Pontevedra,1-2,https://www.besoccer.com/match/racing-club-ferrol/pontevedra-cf/20059813,2005,39,segunda_division
UD Salamanca,Real Valladolid,1-2,https://www.besoccer.com/match/salamanca/valladolid/20059814,2005,39,segunda_division
Poli Ejido,Elche,1-0,https://www.besoccer.com/match/ejido/elche/20059815,2005,39,segunda_division
Cádiz,Ciudad de Murcia,0-0,https://www.besoccer.com/match/cadiz/ciudad-de-murcia/20059811,2005,39,segunda_division
Gimnàstic Tarragona,Almería,1-2,https://www.besoccer.com/match/gimnastic-tarragona/almeria/20059812,2005,39,segunda_division
Gimnàstic Tarragona,Alavés,1-0,https://www.besoccer.com/match/gimnastic-tarragona/alaves/20059810,2005,40,segunda_division
Pontevedra,Cádiz,1-1,https://www.besoccer.com/match/pontevedra-cf/cadiz/20059809,2005,40,segunda_division
Elche,Córdoba,1-2,https://www.besoccer.com/match/elche/cordoba/20059808,2005,40,segunda_division
Real Valladolid,Poli Ejido,2-1,https://www.besoccer.com/match/valladolid/ejido/20059807,2005,40,segunda_division
Almería,Real Sporting,1-0,https://www.besoccer.com/match/almeria/sporting-gijon/20059803,2005,40,segunda_division
Lleida,Recreativo,2-3,https://www.besoccer.com/match/ue-lleida/recreativo/20059804,2005,40,segunda_division
Eibar,Real Murcia,1-0,https://www.besoccer.com/match/eibar/real-murcia/20059805,2005,40,segunda_division
Tenerife,UD Salamanca,1-4,https://www.besoccer.com/match/tenerife/salamanca/20059806,2005,40,segunda_division
Xerez,Celta,3-0,https://www.besoccer.com/match/xerez/celta/20059801,2005,40,segunda_division
Terrassa FC,Racing Ferrol,3-2,https://www.besoccer.com/match/terrassa-ii/racing-club-ferrol/20059802,2005,40,segunda_division
Ciudad de Murcia,At. Malagueño,0-0,https://www.besoccer.com/match/ciudad-de-murcia/atletico-malagueno/20059800,2005,40,segunda_division
Real Sporting,Gimnàstic Tarragona,0-3,https://www.besoccer.com/match/sporting-gijon/gimnastic-tarragona/20059799,2005,41,segunda_division
Real Murcia,Lleida,1-0,https://www.besoccer.com/match/real-murcia/ue-lleida/20059798,2005,41,segunda_division
Celta,Eibar,1-2,https://www.besoccer.com/match/celta/eibar/20059789,2005,41,segunda_division
Racing Ferrol,Xerez,1-2,https://www.besoccer.com/match/racing-club-ferrol/xerez/20059790,2005,41,segunda_division
Cádiz,Terrassa FC,3-1,https://www.besoccer.com/match/cadiz/terrassa-ii/20059791,2005,41,segunda_division
At. Malagueño,Pontevedra,1-1,https://www.besoccer.com/match/atletico-malagueno/pontevedra-cf/20059792,2005,41,segunda_division
UD Salamanca,Ciudad de Murcia,0-2,https://www.besoccer.com/match/salamanca/ciudad-de-murcia/20059793,2005,41,segunda_division
Poli Ejido,Tenerife,2-2,https://www.besoccer.com/match/ejido/tenerife/20059794,2005,41,segunda_division
Córdoba,Real Valladolid,3-4,https://www.besoccer.com/match/cordoba/valladolid/20059795,2005,41,segunda_division
Elche,Alavés,1-2,https://www.besoccer.com/match/elche/alaves/20059796,2005,41,segunda_division
Recreativo,Almería,1-1,https://www.besoccer.com/match/recreativo/almeria/20059797,2005,41,segunda_division
Ciudad de Murcia,Poli Ejido,1-3,https://www.besoccer.com/match/ciudad-de-murcia/ejido/20059788,2005,42,segunda_division
Real Valladolid,Elche,1-2,https://www.besoccer.com/match/valladolid/elche/20059787,2005,42,segunda_division
Lleida,Celta,0-2,https://www.besoccer.com/match/ue-lleida/celta/20059780,2005,42,segunda_division
Eibar,Racing Ferrol,1-1,https://www.besoccer.com/match/eibar/racing-club-ferrol/20059781,2005,42,segunda_division
Xerez,Cádiz,0-2,https://www.besoccer.com/match/xerez/cadiz/20059782,2005,42,segunda_division
Terrassa FC,At. Malagueño,1-0,https://www.besoccer.com/match/terrassa-ii/atletico-malagueno/20059783,2005,42,segunda_division
Tenerife,Córdoba,0-2,https://www.besoccer.com/match/tenerife/cordoba/20059784,2005,42,segunda_division
Alavés,Real Sporting,0-1,https://www.besoccer.com/match/alaves/sporting-gijon/20059785,2005,42,segunda_division
Gimnàstic Tarragona,Recreativo,4-4,https://www.besoccer.com/match/gimnastic-tarragona/recreativo/20059786,2005,42,segunda_division
Pontevedra,UD Salamanca,4-1,https://www.besoccer.com/match/pontevedra-cf/salamanca/20059779,2005,42,segunda_division
Almería,Real Murcia,1-0,https://www.besoccer.com/match/almeria/real-murcia/20059778,2005,42,segunda_division
