Home_Team,Away_Team,Result,Link,Season,Round,League
Osasuna,Barcelona B,2-0,https://www.besoccer.com/match/osasuna/barcelona-b/201520021,2015,1,segunda_division
Recreativo,Real Zaragoza,0-0,https://www.besoccer.com/match/recreativo/real-zaragoza/201520022,2015,1,segunda_division
Real Valladolid,Mallorca,2-1,https://www.besoccer.com/match/valladolid/mallorca/201520025,2015,1,segunda_division
Las Palmas,Llagostera,2-0,https://www.besoccer.com/match/ud-palmas/llagostera/201520024,2015,1,segunda_division
Numancia,Real Sporting,1-2,https://www.besoccer.com/match/numancia/sporting-gijon/201520030,2015,1,segunda_division
Leganés,Alavés,1-1,https://www.besoccer.com/match/leganes/alaves/201520023,2015,1,segunda_division
Mirandés,Lugo,0-0,https://www.besoccer.com/match/mirandes/lugo/201520026,2015,1,segunda_division
Sabadell,Real Betis,2-3,https://www.besoccer.com/match/sabadell/betis/201520031,2015,1,segunda_division
Girona,Racing,1-0,https://www.besoccer.com/match/girona-fc/racing/201520027,2015,1,segunda_division
Albacete,Alcorcón,2-3,https://www.besoccer.com/match/albacete/ad-alcorcon/201520028,2015,1,segunda_division
Ponferradina,Tenerife,1-0,https://www.besoccer.com/match/ponferradina-sd/tenerife/201520029,2015,1,segunda_division
Barcelona B,Sabadell,3-1,https://www.besoccer.com/match/barcelona-b/sabadell/201520043,2015,2,segunda_division
Real Zaragoza,Osasuna,1-1,https://www.besoccer.com/match/real-zaragoza/osasuna/201520044,2015,2,segunda_division
Lugo,Real Valladolid,1-0,https://www.besoccer.com/match/lugo/valladolid/201520048,2015,2,segunda_division
Alcorcón,Girona,1-2,https://www.besoccer.com/match/ad-alcorcon/girona-fc/201520050,2015,2,segunda_division
Racing,Mirandés,1-2,https://www.besoccer.com/match/racing/mirandes/201520049,2015,2,segunda_division
Tenerife,Albacete,1-1,https://www.besoccer.com/match/tenerife/albacete/201520051,2015,2,segunda_division
Llagostera,Leganés,2-0,https://www.besoccer.com/match/llagostera/leganes/201520046,2015,2,segunda_division
Real Sporting,Ponferradina,2-1,https://www.besoccer.com/match/sporting-gijon/ponferradina-sd/201520052,2015,2,segunda_division
Real Betis,Numancia,2-1,https://www.besoccer.com/match/betis/numancia/201520053,2015,2,segunda_division
Alavés,Recreativo,0-0,https://www.besoccer.com/match/alaves/recreativo/201520045,2015,2,segunda_division
Mallorca,Las Palmas,1-1,https://www.besoccer.com/match/mallorca/ud-palmas/201520047,2015,2,segunda_division
Recreativo,Llagostera,2-0,https://www.besoccer.com/match/recreativo/llagostera/201520067,2015,3,segunda_division
Albacete,Real Sporting,1-1,https://www.besoccer.com/match/albacete/sporting-gijon/201520073,2015,3,segunda_division
Osasuna,Alavés,1-3,https://www.besoccer.com/match/osasuna/alaves/201520066,2015,3,segunda_division
Sabadell,Numancia,0-3,https://www.besoccer.com/match/sabadell/numancia/201520075,2015,3,segunda_division
Girona,Tenerife,2-0,https://www.besoccer.com/match/girona-fc/tenerife/201520072,2015,3,segunda_division
Ponferradina,Real Betis,4-1,https://www.besoccer.com/match/ponferradina-sd/betis/201520074,2015,3,segunda_division
Mirandés,Alcorcón,1-2,https://www.besoccer.com/match/mirandes/ad-alcorcon/201520071,2015,3,segunda_division
Real Valladolid,Racing,3-1,https://www.besoccer.com/match/valladolid/racing/201520070,2015,3,segunda_division
Barcelona B,Real Zaragoza,4-1,https://www.besoccer.com/match/barcelona-b/real-zaragoza/201520065,2015,3,segunda_division
Leganés,Mallorca,3-1,https://www.besoccer.com/match/leganes/mallorca/201520068,2015,3,segunda_division
Las Palmas,Lugo,3-0,https://www.besoccer.com/match/ud-palmas/lugo/201520069,2015,3,segunda_division
Numancia,Ponferradina,1-3,https://www.besoccer.com/match/numancia/ponferradina-sd/201520097,2015,4,segunda_division
Mallorca,Recreativo,1-2,https://www.besoccer.com/match/mallorca/recreativo/201520090,2015,4,segunda_division
Alavés,Barcelona B,2-3,https://www.besoccer.com/match/alaves/barcelona-b/201520088,2015,4,segunda_division
Racing,Las Palmas,1-2,https://www.besoccer.com/match/racing/ud-palmas/201520092,2015,4,segunda_division
Llagostera,Osasuna,0-0,https://www.besoccer.com/match/llagostera/osasuna/201520089,2015,4,segunda_division
Real Sporting,Girona,1-1,https://www.besoccer.com/match/sporting-gijon/girona-fc/201520095,2015,4,segunda_division
Real Zaragoza,Sabadell,1-1,https://www.besoccer.com/match/real-zaragoza/sabadell/201520087,2015,4,segunda_division
Lugo,Leganés,0-0,https://www.besoccer.com/match/lugo/leganes/201520091,2015,4,segunda_division
Real Betis,Albacete,0-1,https://www.besoccer.com/match/betis/albacete/201520096,2015,4,segunda_division
Alcorcón,Real Valladolid,0-1,https://www.besoccer.com/match/ad-alcorcon/valladolid/201520093,2015,4,segunda_division
Tenerife,Mirandés,1-0,https://www.besoccer.com/match/tenerife/mirandes/201520094,2015,4,segunda_division
Recreativo,Lugo,0-0,https://www.besoccer.com/match/recreativo/lugo/201520112,2015,5,segunda_division
Barcelona B,Llagostera,0-1,https://www.besoccer.com/match/barcelona-b/llagostera/201520110,2015,5,segunda_division
Mirandés,Real Sporting,0-2,https://www.besoccer.com/match/mirandes/sporting-gijon/201520116,2015,5,segunda_division
Real Zaragoza,Alavés,1-0,https://www.besoccer.com/match/real-zaragoza/alaves/201520109,2015,5,segunda_division
Las Palmas,Alcorcón,4-1,https://www.besoccer.com/match/ud-palmas/ad-alcorcon/201520114,2015,5,segunda_division
Sabadell,Ponferradina,1-0,https://www.besoccer.com/match/sabadell/ponferradina-sd/201520119,2015,5,segunda_division
Osasuna,Mallorca,6-4,https://www.besoccer.com/match/osasuna/mallorca/201520111,2015,5,segunda_division
Girona,Real Betis,1-3,https://www.besoccer.com/match/girona-fc/betis/201520117,2015,5,segunda_division
Leganés,Racing,2-2,https://www.besoccer.com/match/leganes/racing/201520113,2015,5,segunda_division
Real Valladolid,Tenerife,2-1,https://www.besoccer.com/match/valladolid/tenerife/201520115,2015,5,segunda_division
Albacete,Numancia,0-1,https://www.besoccer.com/match/albacete/numancia/201520118,2015,5,segunda_division
Llagostera,Real Zaragoza,0-1,https://www.besoccer.com/match/llagostera/real-zaragoza/201520132,2015,6,segunda_division
Lugo,Osasuna,4-3,https://www.besoccer.com/match/lugo/osasuna/201520134,2015,6,segunda_division
Alavés,Sabadell,3-1,https://www.besoccer.com/match/alaves/sabadell/201520131,2015,6,segunda_division
Racing,Recreativo,3-0,https://www.besoccer.com/match/racing/recreativo/201520135,2015,6,segunda_division
Tenerife,Las Palmas,2-1,https://www.besoccer.com/match/tenerife/ud-palmas/201520137,2015,6,segunda_division
Mallorca,Barcelona B,3-3,https://www.besoccer.com/match/mallorca/barcelona-b/201520133,2015,6,segunda_division
Real Sporting,Real Valladolid,1-1,https://www.besoccer.com/match/sporting-gijon/valladolid/201520138,2015,6,segunda_division
Numancia,Girona,2-2,https://www.besoccer.com/match/numancia/girona-fc/201520140,2015,6,segunda_division
Alcorcón,Leganés,1-0,https://www.besoccer.com/match/ad-alcorcon/leganes/201520136,2015,6,segunda_division
Real Betis,Mirandés,2-0,https://www.besoccer.com/match/betis/mirandes/201520139,2015,6,segunda_division
Ponferradina,Albacete,1-0,https://www.besoccer.com/match/ponferradina-sd/albacete/201520141,2015,6,segunda_division
Alavés,Llagostera,0-0,https://www.besoccer.com/match/alaves/llagostera/201520142,2015,7,segunda_division
Barcelona B,Lugo,0-1,https://www.besoccer.com/match/barcelona-b/lugo/201520144,2015,7,segunda_division
Girona,Ponferradina,3-0,https://www.besoccer.com/match/girona-fc/ponferradina-sd/201520151,2015,7,segunda_division
Osasuna,Racing,0-2,https://www.besoccer.com/match/osasuna/racing/201520145,2015,7,segunda_division
Las Palmas,Real Sporting,1-1,https://www.besoccer.com/match/ud-palmas/sporting-gijon/201520148,2015,7,segunda_division
Real Valladolid,Real Betis,0-0,https://www.besoccer.com/match/valladolid/betis/201520149,2015,7,segunda_division
Recreativo,Alcorcón,2-1,https://www.besoccer.com/match/recreativo/ad-alcorcon/201520146,2015,7,segunda_division
Sabadell,Albacete,6-1,https://www.besoccer.com/match/sabadell/albacete/201520152,2015,7,segunda_division
Real Zaragoza,Mallorca,2-0,https://www.besoccer.com/match/real-zaragoza/mallorca/201520143,2015,7,segunda_division
Leganés,Tenerife,2-0,https://www.besoccer.com/match/leganes/tenerife/201520147,2015,7,segunda_division
Mirandés,Numancia,2-0,https://www.besoccer.com/match/mirandes/numancia/201520150,2015,7,segunda_division
Mallorca,Alavés,2-0,https://www.besoccer.com/match/mallorca/alaves/201520165,2015,8,segunda_division
Ponferradina,Mirandés,1-0,https://www.besoccer.com/match/ponferradina-sd/mirandes/201520173,2015,8,segunda_division
Racing,Barcelona B,0-0,https://www.besoccer.com/match/racing/barcelona-b/201520167,2015,8,segunda_division
Alcorcón,Osasuna,2-0,https://www.besoccer.com/match/ad-alcorcon/osasuna/201520168,2015,8,segunda_division
Albacete,Girona,0-1,https://www.besoccer.com/match/albacete/girona-fc/201520174,2015,8,segunda_division
Tenerife,Recreativo,0-2,https://www.besoccer.com/match/tenerife/recreativo/201520169,2015,8,segunda_division
Numancia,Real Valladolid,0-1,https://www.besoccer.com/match/numancia/valladolid/201520172,2015,8,segunda_division
Real Betis,Las Palmas,0-0,https://www.besoccer.com/match/betis/ud-palmas/201520171,2015,8,segunda_division
Real Sporting,Leganés,2-1,https://www.besoccer.com/match/sporting-gijon/leganes/201520170,2015,8,segunda_division
Lugo,Real Zaragoza,3-3,https://www.besoccer.com/match/lugo/real-zaragoza/201520166,2015,8,segunda_division
Llagostera,Sabadell,0-1,https://www.besoccer.com/match/llagostera/sabadell/201520164,2015,8,segunda_division
Real Valladolid,Ponferradina,0-0,https://www.besoccer.com/match/valladolid/ponferradina-sd/201520194,2015,9,segunda_division
Alavés,Lugo,1-0,https://www.besoccer.com/match/alaves/lugo/201520187,2015,9,segunda_division
Mirandés,Albacete,3-2,https://www.besoccer.com/match/mirandes/albacete/201520195,2015,9,segunda_division
Real Zaragoza,Racing,2-1,https://www.besoccer.com/match/real-zaragoza/racing/201520188,2015,9,segunda_division
Osasuna,Tenerife,3-2,https://www.besoccer.com/match/osasuna/tenerife/201520190,2015,9,segunda_division
Sabadell,Girona,0-2,https://www.besoccer.com/match/sabadell/girona-fc/201520196,2015,9,segunda_division
Recreativo,Real Sporting,1-1,https://www.besoccer.com/match/recreativo/sporting-gijon/201520191,2015,9,segunda_division
Llagostera,Mallorca,1-4,https://www.besoccer.com/match/llagostera/mallorca/201520186,2015,9,segunda_division
Leganés,Real Betis,1-0,https://www.besoccer.com/match/leganes/betis/201520192,2015,9,segunda_division
Las Palmas,Numancia,2-0,https://www.besoccer.com/match/ud-palmas/numancia/201520193,2015,9,segunda_division
Barcelona B,Alcorcón,4-1,https://www.besoccer.com/match/barcelona-b/ad-alcorcon/201520189,2015,9,segunda_division
Mallorca,Sabadell,1-0,https://www.besoccer.com/match/mallorca/sabadell/201520208,2015,10,segunda_division
Racing,Alavés,1-1,https://www.besoccer.com/match/racing/alaves/201520210,2015,10,segunda_division
Real Betis,Recreativo,3-2,https://www.besoccer.com/match/betis/recreativo/201520214,2015,10,segunda_division
Ponferradina,Las Palmas,2-2,https://www.besoccer.com/match/ponferradina-sd/ud-palmas/201520216,2015,10,segunda_division
Albacete,Real Valladolid,3-4,https://www.besoccer.com/match/albacete/valladolid/201520217,2015,10,segunda_division
Lugo,Llagostera,1-1,https://www.besoccer.com/match/lugo/llagostera/201520209,2015,10,segunda_division
Real Sporting,Osasuna,2-0,https://www.besoccer.com/match/sporting-gijon/osasuna/201520213,2015,10,segunda_division
Girona,Mirandés,3-0,https://www.besoccer.com/match/girona-fc/mirandes/201520218,2015,10,segunda_division
Alcorcón,Real Zaragoza,1-3,https://www.besoccer.com/match/ad-alcorcon/real-zaragoza/201520211,2015,10,segunda_division
Tenerife,Barcelona B,2-0,https://www.besoccer.com/match/tenerife/barcelona-b/201520212,2015,10,segunda_division
Numancia,Leganés,1-1,https://www.besoccer.com/match/numancia/leganes/201520215,2015,10,segunda_division
Mallorca,Lugo,2-1,https://www.besoccer.com/match/mallorca/lugo/201520219,2015,11,segunda_division
Alavés,Alcorcón,1-1,https://www.besoccer.com/match/alaves/ad-alcorcon/201520221,2015,11,segunda_division
Barcelona B,Real Sporting,0-0,https://www.besoccer.com/match/barcelona-b/sporting-gijon/201520224,2015,11,segunda_division
Llagostera,Racing,0-2,https://www.besoccer.com/match/llagostera/racing/201520220,2015,11,segunda_division
Las Palmas,Albacete,2-1,https://www.besoccer.com/match/ud-palmas/albacete/201520232,2015,11,segunda_division
Sabadell,Mirandés,3-2,https://www.besoccer.com/match/sabadell/mirandes/201520236,2015,11,segunda_division
Osasuna,Real Betis,3-2,https://www.besoccer.com/match/osasuna/betis/201520227,2015,11,segunda_division
Real Valladolid,Girona,2-1,https://www.besoccer.com/match/valladolid/girona-fc/201520234,2015,11,segunda_division
Recreativo,Numancia,0-3,https://www.besoccer.com/match/recreativo/numancia/201520229,2015,11,segunda_division
Leganés,Ponferradina,1-1,https://www.besoccer.com/match/leganes/ponferradina-sd/201520231,2015,11,segunda_division
Real Zaragoza,Tenerife,2-3,https://www.besoccer.com/match/real-zaragoza/tenerife/201520222,2015,11,segunda_division
Mirandés,Real Valladolid,0-0,https://www.besoccer.com/match/mirandes/valladolid/201520273,2015,12,segunda_division
Albacete,Leganés,1-0,https://www.besoccer.com/match/albacete/leganes/201520268,2015,12,segunda_division
Real Betis,Barcelona B,1-0,https://www.besoccer.com/match/betis/barcelona-b/201520255,2015,12,segunda_division
Numancia,Osasuna,0-0,https://www.besoccer.com/match/numancia/osasuna/201520259,2015,12,segunda_division
Girona,Las Palmas,1-2,https://www.besoccer.com/match/girona-fc/ud-palmas/201520270,2015,12,segunda_division
Alcorcón,Llagostera,2-0,https://www.besoccer.com/match/ad-alcorcon/llagostera/201520247,2015,12,segunda_division
Real Sporting,Real Zaragoza,3-1,https://www.besoccer.com/match/sporting-gijon/real-zaragoza/201520252,2015,12,segunda_division
Lugo,Sabadell,2-1,https://www.besoccer.com/match/lugo/sabadell/201520243,2015,12,segunda_division
Ponferradina,Recreativo,3-3,https://www.besoccer.com/match/ponferradina-sd/recreativo/201520266,2015,12,segunda_division
Racing,Mallorca,0-1,https://www.besoccer.com/match/racing/mallorca/201520245,2015,12,segunda_division
Tenerife,Alavés,1-1,https://www.besoccer.com/match/tenerife/alaves/201520249,2015,12,segunda_division
Leganés,Girona,1-2,https://www.besoccer.com/match/leganes/girona-fc/201520291,2015,13,segunda_division
Mallorca,Alcorcón,1-1,https://www.besoccer.com/match/mallorca/ad-alcorcon/201520276,2015,13,segunda_division
Alavés,Real Sporting,0-0,https://www.besoccer.com/match/alaves/sporting-gijon/201520280,2015,13,segunda_division
Barcelona B,Numancia,1-1,https://www.besoccer.com/match/barcelona-b/numancia/201520284,2015,13,segunda_division
Sabadell,Real Valladolid,0-0,https://www.besoccer.com/match/sabadell/valladolid/201520295,2015,13,segunda_division
Osasuna,Ponferradina,0-1,https://www.besoccer.com/match/osasuna/ponferradina-sd/201520286,2015,13,segunda_division
Las Palmas,Mirandés,0-0,https://www.besoccer.com/match/ud-palmas/mirandes/201520293,2015,13,segunda_division
Lugo,Racing,0-0,https://www.besoccer.com/match/lugo/racing/201520275,2015,13,segunda_division
Recreativo,Albacete,4-1,https://www.besoccer.com/match/recreativo/albacete/201520288,2015,13,segunda_division
Llagostera,Tenerife,2-0,https://www.besoccer.com/match/llagostera/tenerife/201520278,2015,13,segunda_division
Real Zaragoza,Real Betis,2-2,https://www.besoccer.com/match/real-zaragoza/betis/201520283,2015,13,segunda_division
Ponferradina,Barcelona B,4-4,https://www.besoccer.com/match/ponferradina-sd/barcelona-b/201520318,2015,14,segunda_division
Racing,Sabadell,3-1,https://www.besoccer.com/match/racing/sabadell/201520302,2015,14,segunda_division
Real Sporting,Llagostera,0-0,https://www.besoccer.com/match/sporting-gijon/llagostera/201520312,2015,14,segunda_division
Numancia,Real Zaragoza,2-0,https://www.besoccer.com/match/numancia/real-zaragoza/201520316,2015,14,segunda_division
Tenerife,Mallorca,0-0,https://www.besoccer.com/match/tenerife/mallorca/201520307,2015,14,segunda_division
Real Valladolid,Las Palmas,1-2,https://www.besoccer.com/match/valladolid/ud-palmas/201520326,2015,14,segunda_division
Girona,Recreativo,2-0,https://www.besoccer.com/match/girona-fc/recreativo/201520322,2015,14,segunda_division
Mirandés,Leganés,1-0,https://www.besoccer.com/match/mirandes/leganes/201520324,2015,14,segunda_division
Real Betis,Alavés,1-2,https://www.besoccer.com/match/betis/alaves/201520315,2015,14,segunda_division
Albacete,Osasuna,2-0,https://www.besoccer.com/match/albacete/osasuna/201520319,2015,14,segunda_division
Alcorcón,Lugo,1-0,https://www.besoccer.com/match/ad-alcorcon/lugo/201520305,2015,14,segunda_division
Alavés,Numancia,0-2,https://www.besoccer.com/match/alaves/numancia/201520337,2015,15,segunda_division
Osasuna,Girona,0-0,https://www.besoccer.com/match/osasuna/girona-fc/201520343,2015,15,segunda_division
Llagostera,Real Betis,0-2,https://www.besoccer.com/match/llagostera/betis/201520334,2015,15,segunda_division
Leganés,Real Valladolid,1-0,https://www.besoccer.com/match/leganes/valladolid/201520348,2015,15,segunda_division
Mallorca,Real Sporting,0-1,https://www.besoccer.com/match/mallorca/sporting-gijon/201520332,2015,15,segunda_division
Racing,Alcorcón,0-1,https://www.besoccer.com/match/racing/ad-alcorcon/201520328,2015,15,segunda_division
Barcelona B,Albacete,1-2,https://www.besoccer.com/match/barcelona-b/albacete/201520340,2015,15,segunda_division
Recreativo,Mirandés,0-1,https://www.besoccer.com/match/recreativo/mirandes/201520346,2015,15,segunda_division
Real Zaragoza,Ponferradina,4-1,https://www.besoccer.com/match/real-zaragoza/ponferradina-sd/201520338,2015,15,segunda_division
Lugo,Tenerife,1-0,https://www.besoccer.com/match/lugo/tenerife/201520330,2015,15,segunda_division
Sabadell,Las Palmas,2-2,https://www.besoccer.com/match/sabadell/ud-palmas/201520351,2015,15,segunda_division
Numancia,Llagostera,3-2,https://www.besoccer.com/match/numancia/llagostera/201520365,2015,16,segunda_division
Mirandés,Osasuna,1-0,https://www.besoccer.com/match/mirandes/osasuna/201520378,2015,16,segunda_division
Ponferradina,Alavés,2-1,https://www.besoccer.com/match/ponferradina-sd/alaves/201520369,2015,16,segunda_division
Las Palmas,Leganés,1-0,https://www.besoccer.com/match/ud-palmas/leganes/201520382,2015,16,segunda_division
Girona,Barcelona B,0-1,https://www.besoccer.com/match/girona-fc/barcelona-b/201520374,2015,16,segunda_division
Alcorcón,Sabadell,3-2,https://www.besoccer.com/match/ad-alcorcon/sabadell/201520355,2015,16,segunda_division
Real Sporting,Lugo,2-1,https://www.besoccer.com/match/sporting-gijon/lugo/201520358,2015,16,segunda_division
Real Valladolid,Recreativo,1-0,https://www.besoccer.com/match/valladolid/recreativo/201520380,2015,16,segunda_division
Tenerife,Racing,1-0,https://www.besoccer.com/match/tenerife/racing/201520357,2015,16,segunda_division
Real Betis,Mallorca,1-0,https://www.besoccer.com/match/betis/mallorca/201520360,2015,16,segunda_division
Albacete,Real Zaragoza,2-2,https://www.besoccer.com/match/albacete/real-zaragoza/201520372,2015,16,segunda_division
Racing,Real Sporting,1-1,https://www.besoccer.com/match/racing/sporting-gijon/201520390,2015,17,segunda_division
Barcelona B,Mirandés,1-3,https://www.besoccer.com/match/barcelona-b/mirandes/201520404,2015,17,segunda_division
Lugo,Real Betis,0-1,https://www.besoccer.com/match/lugo/betis/201520392,2015,17,segunda_division
Recreativo,Las Palmas,2-4,https://www.besoccer.com/match/recreativo/ud-palmas/201520410,2015,17,segunda_division
Osasuna,Real Valladolid,2-1,https://www.besoccer.com/match/osasuna/valladolid/201520407,2015,17,segunda_division
Mallorca,Numancia,1-1,https://www.besoccer.com/match/mallorca/numancia/201520396,2015,17,segunda_division
Llagostera,Ponferradina,3-1,https://www.besoccer.com/match/llagostera/ponferradina-sd/201520397,2015,17,segunda_division
Real Zaragoza,Girona,2-1,https://www.besoccer.com/match/real-zaragoza/girona-fc/201520402,2015,17,segunda_division
Alavés,Albacete,2-1,https://www.besoccer.com/match/alaves/albacete/201520400,2015,17,segunda_division
Alcorcón,Tenerife,0-0,https://www.besoccer.com/match/ad-alcorcon/tenerife/201520387,2015,17,segunda_division
Sabadell,Leganés,1-2,https://www.besoccer.com/match/sabadell/leganes/201520412,2015,17,segunda_division
Girona,Alavés,2-2,https://www.besoccer.com/match/girona-fc/alaves/201520433,2015,18,segunda_division
Ponferradina,Mallorca,3-1,https://www.besoccer.com/match/ponferradina-sd/mallorca/201520429,2015,18,segunda_division
Mirandés,Real Zaragoza,1-1,https://www.besoccer.com/match/mirandes/real-zaragoza/201520437,2015,18,segunda_division
Tenerife,Sabadell,1-0,https://www.besoccer.com/match/tenerife/sabadell/201520416,2015,18,segunda_division
Numancia,Lugo,6-6,https://www.besoccer.com/match/numancia/lugo/201520426,2015,18,segunda_division
Real Betis,Racing,2-0,https://www.besoccer.com/match/betis/racing/201520424,2015,18,segunda_division
Albacete,Llagostera,0-2,https://www.besoccer.com/match/albacete/llagostera/201520431,2015,18,segunda_division
Real Sporting,Alcorcón,2-1,https://www.besoccer.com/match/sporting-gijon/ad-alcorcon/201520418,2015,18,segunda_division
Leganés,Recreativo,2-0,https://www.besoccer.com/match/leganes/recreativo/201520445,2015,18,segunda_division
Real Valladolid,Barcelona B,7-0,https://www.besoccer.com/match/valladolid/barcelona-b/201520442,2015,18,segunda_division
Las Palmas,Osasuna,1-2,https://www.besoccer.com/match/ud-palmas/osasuna/201520443,2015,18,segunda_division
Alavés,Mirandés,1-3,https://www.besoccer.com/match/alaves/mirandes/201520468,2015,19,segunda_division
Mallorca,Albacete,2-0,https://www.besoccer.com/match/mallorca/albacete/201520463,2015,19,segunda_division
Llagostera,Girona,1-2,https://www.besoccer.com/match/llagostera/girona-fc/201520466,2015,19,segunda_division
Osasuna,Leganés,2-1,https://www.besoccer.com/match/osasuna/leganes/201520473,2015,19,segunda_division
Barcelona B,Las Palmas,0-2,https://www.besoccer.com/match/barcelona-b/ud-palmas/201520472,2015,19,segunda_division
Real Zaragoza,Real Valladolid,0-2,https://www.besoccer.com/match/real-zaragoza/valladolid/201520471,2015,19,segunda_division
Lugo,Ponferradina,0-0,https://www.besoccer.com/match/lugo/ponferradina-sd/201520461,2015,19,segunda_division
Sabadell,Recreativo,1-0,https://www.besoccer.com/match/sabadell/recreativo/201520475,2015,19,segunda_division
Alcorcón,Real Betis,0-0,https://www.besoccer.com/match/ad-alcorcon/betis/201520456,2015,19,segunda_division
Tenerife,Real Sporting,1-1,https://www.besoccer.com/match/tenerife/sporting-gijon/201520453,2015,19,segunda_division
Racing,Numancia,1-1,https://www.besoccer.com/match/racing/numancia/201520458,2015,19,segunda_division
Leganés,Barcelona B,2-0,https://www.besoccer.com/match/leganes/barcelona-b/201520503,2015,20,segunda_division
Albacete,Lugo,3-0,https://www.besoccer.com/match/albacete/lugo/201520484,2015,20,segunda_division
Girona,Mallorca,0-0,https://www.besoccer.com/match/girona-fc/mallorca/201520485,2015,20,segunda_division
Recreativo,Osasuna,1-1,https://www.besoccer.com/match/recreativo/osasuna/201520504,2015,20,segunda_division
Real Betis,Tenerife,3-1,https://www.besoccer.com/match/betis/tenerife/201520480,2015,20,segunda_division
Las Palmas,Real Zaragoza,5-3,https://www.besoccer.com/match/ud-palmas/real-zaragoza/201520500,2015,20,segunda_division
Numancia,Alcorcón,2-2,https://www.besoccer.com/match/numancia/ad-alcorcon/201520481,2015,20,segunda_division
Sabadell,Real Sporting,2-2,https://www.besoccer.com/match/sabadell/sporting-gijon/201520478,2015,20,segunda_division
Mirandés,Llagostera,1-0,https://www.besoccer.com/match/mirandes/llagostera/201520486,2015,20,segunda_division
Real Valladolid,Alavés,2-0,https://www.besoccer.com/match/valladolid/alaves/201520488,2015,20,segunda_division
Ponferradina,Racing,1-1,https://www.besoccer.com/match/ponferradina-sd/racing/201520483,2015,20,segunda_division
Osasuna,Sabadell,0-0,https://www.besoccer.com/match/osasuna/sabadell/201520540,2015,21,segunda_division
Lugo,Girona,1-2,https://www.besoccer.com/match/lugo/girona-fc/201520521,2015,21,segunda_division
Racing,Albacete,1-0,https://www.besoccer.com/match/racing/albacete/201520518,2015,21,segunda_division
Alavés,Las Palmas,1-1,https://www.besoccer.com/match/alaves/ud-palmas/201520532,2015,21,segunda_division
Real Sporting,Real Betis,1-2,https://www.besoccer.com/match/sporting-gijon/betis/201520509,2015,21,segunda_division
Mallorca,Mirandés,2-0,https://www.besoccer.com/match/mallorca/mirandes/201520522,2015,21,segunda_division
Llagostera,Real Valladolid,2-0,https://www.besoccer.com/match/llagostera/valladolid/201520528,2015,21,segunda_division
Barcelona B,Recreativo,3-1,https://www.besoccer.com/match/barcelona-b/recreativo/201520537,2015,21,segunda_division
Real Zaragoza,Leganés,2-0,https://www.besoccer.com/match/real-zaragoza/leganes/201520535,2015,21,segunda_division
Tenerife,Numancia,0-0,https://www.besoccer.com/match/tenerife/numancia/201520512,2015,21,segunda_division
Alcorcón,Ponferradina,1-1,https://www.besoccer.com/match/ad-alcorcon/ponferradina-sd/201520514,2015,21,segunda_division
Alavés,Leganés,2-0,https://www.besoccer.com/match/alaves/leganes/201520226,2015,22,segunda_division
Real Betis,Sabadell,2-0,https://www.besoccer.com/match/betis/sabadell/201520241,2015,22,segunda_division
Real Zaragoza,Recreativo,2-0,https://www.besoccer.com/match/real-zaragoza/recreativo/201520225,2015,22,segunda_division
Tenerife,Ponferradina,0-1,https://www.besoccer.com/match/tenerife/ponferradina-sd/201520239,2015,22,segunda_division
Mallorca,Real Valladolid,1-5,https://www.besoccer.com/match/mallorca/valladolid/201520230,2015,22,segunda_division
Barcelona B,Osasuna,0-1,https://www.besoccer.com/match/barcelona-b/osasuna/201520223,2015,22,segunda_division
Real Sporting,Numancia,3-0,https://www.besoccer.com/match/sporting-gijon/numancia/201520240,2015,22,segunda_division
Alcorcón,Albacete,2-3,https://www.besoccer.com/match/ad-alcorcon/albacete/201520238,2015,22,segunda_division
Racing,Girona,0-1,https://www.besoccer.com/match/racing/girona-fc/201520235,2015,22,segunda_division
Llagostera,Las Palmas,0-0,https://www.besoccer.com/match/llagostera/ud-palmas/201520244,2015,22,segunda_division
Lugo,Mirandés,1-1,https://www.besoccer.com/match/lugo/mirandes/201520233,2015,22,segunda_division
Albacete,Tenerife,3-2,https://www.besoccer.com/match/albacete/tenerife/201520267,2015,23,segunda_division
Sabadell,Barcelona B,1-4,https://www.besoccer.com/match/sabadell/barcelona-b/201520248,2015,23,segunda_division
Ponferradina,Real Sporting,0-2,https://www.besoccer.com/match/ponferradina-sd/sporting-gijon/201520269,2015,23,segunda_division
Numancia,Real Betis,1-1,https://www.besoccer.com/match/numancia/betis/201520272,2015,23,segunda_division
Leganés,Llagostera,2-0,https://www.besoccer.com/match/leganes/llagostera/201520256,2015,23,segunda_division
Mirandés,Racing,0-2,https://www.besoccer.com/match/mirandes/racing/201520263,2015,23,segunda_division
Las Palmas,Mallorca,2-1,https://www.besoccer.com/match/ud-palmas/mallorca/201520258,2015,23,segunda_division
Recreativo,Alavés,0-0,https://www.besoccer.com/match/recreativo/alaves/201520254,2015,23,segunda_division
Girona,Alcorcón,3-0,https://www.besoccer.com/match/girona-fc/ad-alcorcon/201520265,2015,23,segunda_division
Real Valladolid,Lugo,0-0,https://www.besoccer.com/match/valladolid/lugo/201520261,2015,23,segunda_division
Osasuna,Real Zaragoza,0-1,https://www.besoccer.com/match/osasuna/real-zaragoza/201520251,2015,23,segunda_division
Real Zaragoza,Barcelona B,4-0,https://www.besoccer.com/match/real-zaragoza/barcelona-b/201520277,2015,24,segunda_division
Racing,Real Valladolid,1-4,https://www.besoccer.com/match/racing/valladolid/201520287,2015,24,segunda_division
Llagostera,Recreativo,1-0,https://www.besoccer.com/match/llagostera/recreativo/201520281,2015,24,segunda_division
Alcorcón,Mirandés,2-2,https://www.besoccer.com/match/ad-alcorcon/mirandes/201520289,2015,24,segunda_division
Lugo,Las Palmas,2-1,https://www.besoccer.com/match/lugo/ud-palmas/201520285,2015,24,segunda_division
Mallorca,Leganés,0-2,https://www.besoccer.com/match/mallorca/leganes/201520282,2015,24,segunda_division
Real Sporting,Albacete,2-1,https://www.besoccer.com/match/sporting-gijon/albacete/201520297,2015,24,segunda_division
Numancia,Sabadell,3-0,https://www.besoccer.com/match/numancia/sabadell/201520300,2015,24,segunda_division
Real Betis,Ponferradina,1-1,https://www.besoccer.com/match/betis/ponferradina-sd/201520299,2015,24,segunda_division
Tenerife,Girona,0-1,https://www.besoccer.com/match/tenerife/girona-fc/201520292,2015,24,segunda_division
Alavés,Osasuna,3-0,https://www.besoccer.com/match/alaves/osasuna/201520279,2015,24,segunda_division
Osasuna,Llagostera,0-1,https://www.besoccer.com/match/osasuna/llagostera/201520308,2015,25,segunda_division
Recreativo,Mallorca,0-0,https://www.besoccer.com/match/recreativo/mallorca/201520310,2015,25,segunda_division
Barcelona B,Alavés,0-0,https://www.besoccer.com/match/barcelona-b/alaves/201520306,2015,25,segunda_division
Mirandés,Tenerife,1-1,https://www.besoccer.com/match/mirandes/tenerife/201520320,2015,25,segunda_division
Girona,Real Sporting,0-0,https://www.besoccer.com/match/girona-fc/sporting-gijon/201520323,2015,25,segunda_division
Real Valladolid,Alcorcón,1-0,https://www.besoccer.com/match/valladolid/ad-alcorcon/201520317,2015,25,segunda_division
Ponferradina,Numancia,1-2,https://www.besoccer.com/match/ponferradina-sd/numancia/201520327,2015,25,segunda_division
Sabadell,Real Zaragoza,0-0,https://www.besoccer.com/match/sabadell/real-zaragoza/201520303,2015,25,segunda_division
Albacete,Real Betis,0-0,https://www.besoccer.com/match/albacete/betis/201520325,2015,25,segunda_division
Las Palmas,Racing,1-0,https://www.besoccer.com/match/ud-palmas/racing/201520314,2015,25,segunda_division
Leganés,Lugo,2-0,https://www.besoccer.com/match/leganes/lugo/201520313,2015,25,segunda_division
Racing,Leganés,1-2,https://www.besoccer.com/match/racing/leganes/201520342,2015,26,segunda_division
Mallorca,Osasuna,3-0,https://www.besoccer.com/match/mallorca/osasuna/201520336,2015,26,segunda_division
Alcorcón,Las Palmas,0-0,https://www.besoccer.com/match/ad-alcorcon/ud-palmas/201520344,2015,26,segunda_division
Real Betis,Girona,2-1,https://www.besoccer.com/match/betis/girona-fc/201520352,2015,26,segunda_division
Lugo,Recreativo,2-1,https://www.besoccer.com/match/lugo/recreativo/201520339,2015,26,segunda_division
Ponferradina,Sabadell,3-0,https://www.besoccer.com/match/ponferradina-sd/sabadell/201520356,2015,26,segunda_division
Llagostera,Barcelona B,1-0,https://www.besoccer.com/match/llagostera/barcelona-b/201520335,2015,26,segunda_division
Real Sporting,Mirandés,4-1,https://www.besoccer.com/match/sporting-gijon/mirandes/201520350,2015,26,segunda_division
Alavés,Real Zaragoza,4-0,https://www.besoccer.com/match/alaves/real-zaragoza/201520331,2015,26,segunda_division
Tenerife,Real Valladolid,2-0,https://www.besoccer.com/match/tenerife/valladolid/201520347,2015,26,segunda_division
Numancia,Albacete,1-1,https://www.besoccer.com/match/numancia/albacete/201520354,2015,26,segunda_division
Osasuna,Lugo,0-2,https://www.besoccer.com/match/osasuna/lugo/201520364,2015,27,segunda_division
Sabadell,Alavés,2-1,https://www.besoccer.com/match/sabadell/alaves/201520361,2015,27,segunda_division
Real Valladolid,Real Sporting,3-0,https://www.besoccer.com/match/valladolid/sporting-gijon/201520373,2015,27,segunda_division
Barcelona B,Mallorca,2-4,https://www.besoccer.com/match/barcelona-b/mallorca/201520363,2015,27,segunda_division
Las Palmas,Tenerife,1-1,https://www.besoccer.com/match/ud-palmas/tenerife/201520370,2015,27,segunda_division
Recreativo,Racing,1-0,https://www.besoccer.com/match/recreativo/racing/201520366,2015,27,segunda_division
Albacete,Ponferradina,2-1,https://www.besoccer.com/match/albacete/ponferradina-sd/201520383,2015,27,segunda_division
Girona,Numancia,2-1,https://www.besoccer.com/match/girona-fc/numancia/201520379,2015,27,segunda_division
Mirandés,Real Betis,0-0,https://www.besoccer.com/match/mirandes/betis/201520377,2015,27,segunda_division
Real Zaragoza,Llagostera,2-2,https://www.besoccer.com/match/real-zaragoza/llagostera/201520362,2015,27,segunda_division
Leganés,Alcorcón,1-2,https://www.besoccer.com/match/leganes/ad-alcorcon/201520368,2015,27,segunda_division
Numancia,Mirandés,1-0,https://www.besoccer.com/match/numancia/mirandes/201520408,2015,28,segunda_division
Lugo,Barcelona B,3-2,https://www.besoccer.com/match/lugo/barcelona-b/201520391,2015,28,segunda_division
Racing,Osasuna,2-0,https://www.besoccer.com/match/racing/osasuna/201520393,2015,28,segunda_division
Tenerife,Leganés,1-0,https://www.besoccer.com/match/tenerife/leganes/201520399,2015,28,segunda_division
Albacete,Sabadell,0-0,https://www.besoccer.com/match/albacete/sabadell/201520413,2015,28,segunda_division
Real Betis,Real Valladolid,4-0,https://www.besoccer.com/match/betis/valladolid/201520405,2015,28,segunda_division
Llagostera,Alavés,3-1,https://www.besoccer.com/match/llagostera/alaves/201520385,2015,28,segunda_division
Ponferradina,Girona,3-0,https://www.besoccer.com/match/ponferradina-sd/girona-fc/201520411,2015,28,segunda_division
Mallorca,Real Zaragoza,3-2,https://www.besoccer.com/match/mallorca/real-zaragoza/201520388,2015,28,segunda_division
Real Sporting,Las Palmas,1-1,https://www.besoccer.com/match/sporting-gijon/ud-palmas/201520403,2015,28,segunda_division
Alcorcón,Recreativo,1-1,https://www.besoccer.com/match/ad-alcorcon/recreativo/201520395,2015,28,segunda_division
Osasuna,Alcorcón,1-1,https://www.besoccer.com/match/osasuna/ad-alcorcon/201520425,2015,29,segunda_division
Sabadell,Llagostera,1-1,https://www.besoccer.com/match/sabadell/llagostera/201520417,2015,29,segunda_division
Alavés,Mallorca,2-0,https://www.besoccer.com/match/alaves/mallorca/201520420,2015,29,segunda_division
Leganés,Real Sporting,0-1,https://www.besoccer.com/match/leganes/sporting-gijon/201520432,2015,29,segunda_division
Real Zaragoza,Lugo,0-0,https://www.besoccer.com/match/real-zaragoza/lugo/201520421,2015,29,segunda_division
Recreativo,Tenerife,1-1,https://www.besoccer.com/match/recreativo/tenerife/201520428,2015,29,segunda_division
Real Valladolid,Numancia,4-0,https://www.besoccer.com/match/valladolid/numancia/201520436,2015,29,segunda_division
Las Palmas,Real Betis,0-3,https://www.besoccer.com/match/ud-palmas/betis/201520434,2015,29,segunda_division
Mirandés,Ponferradina,2-1,https://www.besoccer.com/match/mirandes/ponferradina-sd/201520439,2015,29,segunda_division
Girona,Albacete,2-2,https://www.besoccer.com/match/girona-fc/albacete/201520440,2015,29,segunda_division
Barcelona B,Racing,1-1,https://www.besoccer.com/match/barcelona-b/racing/201520423,2015,29,segunda_division
Mallorca,Llagostera,0-1,https://www.besoccer.com/match/mallorca/llagostera/201520447,2015,30,segunda_division
Alcorcón,Barcelona B,3-1,https://www.besoccer.com/match/ad-alcorcon/barcelona-b/201520452,2015,30,segunda_division
Real Betis,Leganés,1-3,https://www.besoccer.com/match/betis/leganes/201520460,2015,30,segunda_division
Numancia,Las Palmas,4-2,https://www.besoccer.com/match/numancia/ud-palmas/201520462,2015,30,segunda_division
Albacete,Mirandés,0-0,https://www.besoccer.com/match/albacete/mirandes/201520467,2015,30,segunda_division
Racing,Real Zaragoza,0-2,https://www.besoccer.com/match/racing/real-zaragoza/201520450,2015,30,segunda_division
Lugo,Alavés,3-2,https://www.besoccer.com/match/lugo/alaves/201520448,2015,30,segunda_division
Real Sporting,Recreativo,1-1,https://www.besoccer.com/match/sporting-gijon/recreativo/201520457,2015,30,segunda_division
Girona,Sabadell,0-0,https://www.besoccer.com/match/girona-fc/sabadell/201520470,2015,30,segunda_division
Ponferradina,Real Valladolid,2-0,https://www.besoccer.com/match/ponferradina-sd/valladolid/201520465,2015,30,segunda_division
Tenerife,Osasuna,2-1,https://www.besoccer.com/match/tenerife/osasuna/201520455,2015,30,segunda_division
Leganés,Numancia,0-0,https://www.besoccer.com/match/leganes/numancia/201520490,2015,31,segunda_division
Llagostera,Lugo,3-2,https://www.besoccer.com/match/llagostera/lugo/201520476,2015,31,segunda_division
Alavés,Racing,2-1,https://www.besoccer.com/match/alaves/racing/201520477,2015,31,segunda_division
Real Valladolid,Albacete,0-1,https://www.besoccer.com/match/valladolid/albacete/201520492,2015,31,segunda_division
Recreativo,Real Betis,0-1,https://www.besoccer.com/match/recreativo/betis/201520489,2015,31,segunda_division
Las Palmas,Ponferradina,4-2,https://www.besoccer.com/match/ud-palmas/ponferradina-sd/201520491,2015,31,segunda_division
Osasuna,Real Sporting,0-0,https://www.besoccer.com/match/osasuna/sporting-gijon/201520487,2015,31,segunda_division
Mirandés,Girona,0-1,https://www.besoccer.com/match/mirandes/girona-fc/201520494,2015,31,segunda_division
Real Zaragoza,Alcorcón,1-1,https://www.besoccer.com/match/real-zaragoza/ad-alcorcon/201520479,2015,31,segunda_division
Barcelona B,Tenerife,2-2,https://www.besoccer.com/match/barcelona-b/tenerife/201520482,2015,31,segunda_division
Sabadell,Mallorca,1-1,https://www.besoccer.com/match/sabadell/mallorca/201520474,2015,31,segunda_division
Mirandés,Sabadell,0-0,https://www.besoccer.com/match/mirandes/sabadell/201520520,2015,32,segunda_division
Girona,Real Valladolid,2-1,https://www.besoccer.com/match/girona-fc/valladolid/201520517,2015,32,segunda_division
Lugo,Mallorca,4-0,https://www.besoccer.com/match/lugo/mallorca/201520498,2015,32,segunda_division
Albacete,Las Palmas,1-0,https://www.besoccer.com/match/albacete/ud-palmas/201520515,2015,32,segunda_division
Real Betis,Osasuna,3-0,https://www.besoccer.com/match/betis/osasuna/201520508,2015,32,segunda_division
Ponferradina,Leganés,1-1,https://www.besoccer.com/match/ponferradina-sd/leganes/201520513,2015,32,segunda_division
Real Sporting,Barcelona B,0-0,https://www.besoccer.com/match/sporting-gijon/barcelona-b/201520507,2015,32,segunda_division
Numancia,Recreativo,1-2,https://www.besoccer.com/match/numancia/recreativo/201520510,2015,32,segunda_division
Racing,Llagostera,0-2,https://www.besoccer.com/match/racing/llagostera/201520499,2015,32,segunda_division
Tenerife,Real Zaragoza,1-1,https://www.besoccer.com/match/tenerife/real-zaragoza/201520505,2015,32,segunda_division
Alcorcón,Alavés,0-1,https://www.besoccer.com/match/ad-alcorcon/alaves/201520502,2015,32,segunda_division
Mallorca,Racing,2-3,https://www.besoccer.com/match/mallorca/racing/201520525,2015,33,segunda_division
Sabadell,Lugo,2-1,https://www.besoccer.com/match/sabadell/lugo/201520524,2015,33,segunda_division
Real Zaragoza,Real Sporting,1-1,https://www.besoccer.com/match/real-zaragoza/sporting-gijon/201520531,2015,33,segunda_division
Real Valladolid,Mirandés,2-1,https://www.besoccer.com/match/valladolid/mirandes/201520544,2015,33,segunda_division
Llagostera,Alcorcón,0-0,https://www.besoccer.com/match/llagostera/ad-alcorcon/201520527,2015,33,segunda_division
Alavés,Tenerife,1-0,https://www.besoccer.com/match/alaves/tenerife/201520529,2015,33,segunda_division
Las Palmas,Girona,2-0,https://www.besoccer.com/match/ud-palmas/girona-fc/201520543,2015,33,segunda_division
Recreativo,Ponferradina,0-1,https://www.besoccer.com/match/recreativo/ponferradina-sd/201520539,2015,33,segunda_division
Barcelona B,Real Betis,1-2,https://www.besoccer.com/match/barcelona-b/betis/201520534,2015,33,segunda_division
Osasuna,Numancia,1-1,https://www.besoccer.com/match/osasuna/numancia/201520536,2015,33,segunda_division
Leganés,Albacete,2-0,https://www.besoccer.com/match/leganes/albacete/201520541,2015,33,segunda_division
Girona,Leganés,2-1,https://www.besoccer.com/match/girona-fc/leganes/201520555,2015,34,segunda_division
Real Sporting,Alavés,1-0,https://www.besoccer.com/match/sporting-gijon/alaves/201520550,2015,34,segunda_division
Ponferradina,Osasuna,1-0,https://www.besoccer.com/match/ponferradina-sd/osasuna/201520553,2015,34,segunda_division
Mirandés,Las Palmas,2-1,https://www.besoccer.com/match/mirandes/ud-palmas/201520557,2015,34,segunda_division
Racing,Lugo,1-0,https://www.besoccer.com/match/racing/lugo/201520547,2015,34,segunda_division
Albacete,Recreativo,3-1,https://www.besoccer.com/match/albacete/recreativo/201520554,2015,34,segunda_division
Real Betis,Real Zaragoza,4-0,https://www.besoccer.com/match/betis/real-zaragoza/201520551,2015,34,segunda_division
Alcorcón,Mallorca,0-0,https://www.besoccer.com/match/ad-alcorcon/mallorca/201520548,2015,34,segunda_division
Numancia,Barcelona B,1-0,https://www.besoccer.com/match/numancia/barcelona-b/201520552,2015,34,segunda_division
Real Valladolid,Sabadell,0-0,https://www.besoccer.com/match/valladolid/sabadell/201520558,2015,34,segunda_division
Tenerife,Llagostera,0-0,https://www.besoccer.com/match/tenerife/llagostera/201520549,2015,34,segunda_division
Lugo,Alcorcón,0-0,https://www.besoccer.com/match/lugo/ad-alcorcon/201520563,2015,35,segunda_division
Osasuna,Albacete,2-1,https://www.besoccer.com/match/osasuna/albacete/201520569,2015,35,segunda_division
Alavés,Real Betis,1-2,https://www.besoccer.com/match/alaves/betis/201520566,2015,35,segunda_division
Barcelona B,Ponferradina,2-1,https://www.besoccer.com/match/barcelona-b/ponferradina-sd/201520568,2015,35,segunda_division
Mallorca,Tenerife,2-1,https://www.besoccer.com/match/mallorca/tenerife/201520564,2015,35,segunda_division
Las Palmas,Real Valladolid,1-1,https://www.besoccer.com/match/ud-palmas/valladolid/201520572,2015,35,segunda_division
Sabadell,Racing,3-2,https://www.besoccer.com/match/sabadell/racing/201520562,2015,35,segunda_division
Llagostera,Real Sporting,0-0,https://www.besoccer.com/match/llagostera/sporting-gijon/201520565,2015,35,segunda_division
Recreativo,Girona,0-3,https://www.besoccer.com/match/recreativo/girona-fc/201520570,2015,35,segunda_division
Real Zaragoza,Numancia,1-0,https://www.besoccer.com/match/real-zaragoza/numancia/201520567,2015,35,segunda_division
Leganés,Mirandés,0-0,https://www.besoccer.com/match/leganes/mirandes/201520571,2015,35,segunda_division
Alcorcón,Racing,2-0,https://www.besoccer.com/match/ad-alcorcon/racing/201520530,2015,36,segunda_division
Numancia,Alavés,1-0,https://www.besoccer.com/match/numancia/alaves/201520542,2015,36,segunda_division
Real Betis,Llagostera,2-2,https://www.besoccer.com/match/betis/llagostera/201527194,2015,36,segunda_division
Girona,Osasuna,3-0,https://www.besoccer.com/match/girona-fc/osasuna/201520556,2015,36,segunda_division
Las Palmas,Sabadell,2-0,https://www.besoccer.com/match/ud-palmas/sabadell/201520561,2015,36,segunda_division
Ponferradina,Real Zaragoza,1-1,https://www.besoccer.com/match/ponferradina-sd/real-zaragoza/201520545,2015,36,segunda_division
Real Sporting,Mallorca,1-0,https://www.besoccer.com/match/sporting-gijon/mallorca/201520538,2015,36,segunda_division
Real Valladolid,Leganés,2-0,https://www.besoccer.com/match/valladolid/leganes/201520560,2015,36,segunda_division
Tenerife,Lugo,1-1,https://www.besoccer.com/match/tenerife/lugo/201520533,2015,36,segunda_division
Albacete,Barcelona B,2-1,https://www.besoccer.com/match/albacete/barcelona-b/201520546,2015,36,segunda_division
Mirandés,Recreativo,2-1,https://www.besoccer.com/match/mirandes/recreativo/201520559,2015,36,segunda_division
Barcelona B,Girona,2-4,https://www.besoccer.com/match/barcelona-b/girona-fc/201520516,2015,37,segunda_division
Sabadell,Alcorcón,0-1,https://www.besoccer.com/match/sabadell/ad-alcorcon/201520493,2015,37,segunda_division
Lugo,Real Sporting,1-2,https://www.besoccer.com/match/lugo/sporting-gijon/201520496,2015,37,segunda_division
Recreativo,Real Valladolid,0-3,https://www.besoccer.com/match/recreativo/valladolid/201520523,2015,37,segunda_division
Leganés,Las Palmas,2-1,https://www.besoccer.com/match/leganes/ud-palmas/201520526,2015,37,segunda_division
Mallorca,Real Betis,1-2,https://www.besoccer.com/match/mallorca/betis/201520497,2015,37,segunda_division
Llagostera,Numancia,0-0,https://www.besoccer.com/match/llagostera/numancia/201520501,2015,37,segunda_division
Osasuna,Mirandés,2-0,https://www.besoccer.com/match/osasuna/mirandes/201520519,2015,37,segunda_division
Real Zaragoza,Albacete,3-1,https://www.besoccer.com/match/real-zaragoza/albacete/201520511,2015,37,segunda_division
Racing,Tenerife,1-0,https://www.besoccer.com/match/racing/tenerife/201520495,2015,37,segunda_division
Alavés,Ponferradina,2-1,https://www.besoccer.com/match/alaves/ponferradina-sd/201520506,2015,37,segunda_division
Leganés,Sabadell,1-1,https://www.besoccer.com/match/leganes/sabadell/201520469,2015,38,segunda_division
Albacete,Alavés,2-3,https://www.besoccer.com/match/albacete/alaves/201520449,2015,38,segunda_division
Real Sporting,Racing,3-1,https://www.besoccer.com/match/sporting-gijon/racing/201520438,2015,38,segunda_division
Real Valladolid,Osasuna,1-1,https://www.besoccer.com/match/valladolid/osasuna/201520459,2015,38,segunda_division
Numancia,Mallorca,1-2,https://www.besoccer.com/match/numancia/mallorca/201520444,2015,38,segunda_division
Mirandés,Barcelona B,2-3,https://www.besoccer.com/match/mirandes/barcelona-b/201520454,2015,38,segunda_division
Las Palmas,Recreativo,3-0,https://www.besoccer.com/match/ud-palmas/recreativo/201520464,2015,38,segunda_division
Girona,Real Zaragoza,1-1,https://www.besoccer.com/match/girona-fc/real-zaragoza/201520451,2015,38,segunda_division
Ponferradina,Llagostera,0-1,https://www.besoccer.com/match/ponferradina-sd/llagostera/201520446,2015,38,segunda_division
Real Betis,Lugo,5-1,https://www.besoccer.com/match/betis/lugo/201520441,2015,38,segunda_division
Tenerife,Alcorcón,1-1,https://www.besoccer.com/match/tenerife/ad-alcorcon/201520435,2015,38,segunda_division
Barcelona B,Real Valladolid,1-3,https://www.besoccer.com/match/barcelona-b/valladolid/201520422,2015,39,segunda_division
Osasuna,Las Palmas,1-2,https://www.besoccer.com/match/osasuna/ud-palmas/201520427,2015,39,segunda_division
Alcorcón,Real Sporting,0-0,https://www.besoccer.com/match/ad-alcorcon/sporting-gijon/201520398,2015,39,segunda_division
Mallorca,Ponferradina,1-0,https://www.besoccer.com/match/mallorca/ponferradina-sd/201520409,2015,39,segunda_division
Recreativo,Leganés,1-0,https://www.besoccer.com/match/recreativo/leganes/201520430,2015,39,segunda_division
Lugo,Numancia,1-1,https://www.besoccer.com/match/lugo/numancia/201520406,2015,39,segunda_division
Alavés,Girona,0-3,https://www.besoccer.com/match/alaves/girona-fc/201520415,2015,39,segunda_division
Sabadell,Tenerife,1-3,https://www.besoccer.com/match/sabadell/tenerife/201520394,2015,39,segunda_division
Real Zaragoza,Mirandés,0-1,https://www.besoccer.com/match/real-zaragoza/mirandes/201520419,2015,39,segunda_division
Racing,Real Betis,2-4,https://www.besoccer.com/match/racing/betis/201520401,2015,39,segunda_division
Llagostera,Albacete,2-3,https://www.besoccer.com/match/llagostera/albacete/201520414,2015,39,segunda_division
Recreativo,Sabadell,3-1,https://www.besoccer.com/match/recreativo/sabadell/201520389,2015,40,segunda_division
Mirandés,Alavés,3-0,https://www.besoccer.com/match/mirandes/alaves/201520375,2015,40,segunda_division
Ponferradina,Lugo,1-0,https://www.besoccer.com/match/ponferradina-sd/lugo/201520359,2015,40,segunda_division
Leganés,Osasuna,1-1,https://www.besoccer.com/match/leganes/osasuna/201520386,2015,40,segunda_division
Las Palmas,Barcelona B,4-3,https://www.besoccer.com/match/ud-palmas/barcelona-b/201520384,2015,40,segunda_division
Girona,Llagostera,1-0,https://www.besoccer.com/match/girona-fc/llagostera/201520371,2015,40,segunda_division
Real Sporting,Tenerife,2-0,https://www.besoccer.com/match/sporting-gijon/tenerife/201520341,2015,40,segunda_division
Numancia,Racing,0-2,https://www.besoccer.com/match/numancia/racing/201520353,2015,40,segunda_division
Real Valladolid,Real Zaragoza,1-3,https://www.besoccer.com/match/valladolid/real-zaragoza/201520381,2015,40,segunda_division
Real Betis,Alcorcón,3-0,https://www.besoccer.com/match/betis/ad-alcorcon/201520349,2015,40,segunda_division
Albacete,Mallorca,4-2,https://www.besoccer.com/match/albacete/mallorca/201520367,2015,40,segunda_division
Real Sporting,Sabadell,2-0,https://www.besoccer.com/match/sporting-gijon/sabadell/201520290,2015,41,segunda_division
Tenerife,Real Betis,2-0,https://www.besoccer.com/match/tenerife/betis/201520296,2015,41,segunda_division
Alcorcón,Numancia,1-1,https://www.besoccer.com/match/ad-alcorcon/numancia/201520298,2015,41,segunda_division
Racing,Ponferradina,0-1,https://www.besoccer.com/match/racing/ponferradina-sd/201520301,2015,41,segunda_division
Lugo,Albacete,1-1,https://www.besoccer.com/match/lugo/albacete/201520304,2015,41,segunda_division
Mallorca,Girona,0-1,https://www.besoccer.com/match/mallorca/girona-fc/201520309,2015,41,segunda_division
Llagostera,Mirandés,0-1,https://www.besoccer.com/match/llagostera/mirandes/201520311,2015,41,segunda_division
Alavés,Real Valladolid,0-2,https://www.besoccer.com/match/alaves/valladolid/201520321,2015,41,segunda_division
Real Zaragoza,Las Palmas,0-2,https://www.besoccer.com/match/real-zaragoza/ud-palmas/201520329,2015,41,segunda_division
Osasuna,Recreativo,2-0,https://www.besoccer.com/match/osasuna/recreativo/201520333,2015,41,segunda_division
Barcelona B,Leganés,2-5,https://www.besoccer.com/match/barcelona-b/leganes/201527195,2015,41,segunda_division
Ponferradina,Alcorcón,1-1,https://www.besoccer.com/match/ponferradina-sd/ad-alcorcon/201520250,2015,42,segunda_division
Albacete,Racing,0-1,https://www.besoccer.com/match/albacete/racing/201520253,2015,42,segunda_division
Girona,Lugo,1-1,https://www.besoccer.com/match/girona-fc/lugo/201520257,2015,42,segunda_division
Mirandés,Mallorca,2-0,https://www.besoccer.com/match/mirandes/mallorca/201520260,2015,42,segunda_division
Real Valladolid,Llagostera,2-4,https://www.besoccer.com/match/valladolid/llagostera/201520262,2015,42,segunda_division
Las Palmas,Alavés,3-2,https://www.besoccer.com/match/ud-palmas/alaves/201520264,2015,42,segunda_division
Recreativo,Barcelona B,2-0,https://www.besoccer.com/match/recreativo/barcelona-b/201520271,2015,42,segunda_division
Sabadell,Osasuna,2-2,https://www.besoccer.com/match/sabadell/osasuna/201520274,2015,42,segunda_division
Real Betis,Real Sporting,0-3,https://www.besoccer.com/match/betis/sporting-gijon/201527196,2015,42,segunda_division
Leganés,Real Zaragoza,2-2,https://www.besoccer.com/match/leganes/real-zaragoza/201527197,2015,42,segunda_division
Numancia,Tenerife,3-3,https://www.besoccer.com/match/numancia/tenerife/201520246,2015,42,segunda_division
