Home_Team,Away_Team,Result,Link,Season,Round,League
RM Castilla,Barcelona B,1-0,https://www.besoccer.com/match/rm-castilla/barcelona-b/1992761,1992,1,segunda_division
Real Betis,Sabadell,2-0,https://www.besoccer.com/match/betis/sabadell/1992762,1992,1,segunda_division
Real Avilés,Palamós,1-0,https://www.besoccer.com/match/real-aviles-ind/palamos-cf/1992763,1992,1,segunda_division
Rayo Vallecano,Las Palmas,3-0,https://www.besoccer.com/match/rayo-vallecano/ud-palmas/1992764,1992,1,segunda_division
Eibar,Sestao Sport Club,1-0,https://www.besoccer.com/match/eibar/sestao-sport-club/1992765,1992,1,segunda_division
UE Figueres,Mérida CP,2-0,https://www.besoccer.com/match/figueres/merida-cp/1992766,1992,1,segunda_division
Real Murcia,CD Málaga,2-1,https://www.besoccer.com/match/real-murcia/cd-malaga/1992767,1992,1,segunda_division
Celta,Lleida,3-0,https://www.besoccer.com/match/celta/ue-lleida/1992768,1992,1,segunda_division
Racing,Bilbao Ath.,3-0,https://www.besoccer.com/match/racing/athletic-bilbao-b/1992769,1992,1,segunda_division
Compostela,CD Castellón,0-2,https://www.besoccer.com/match/sd-Compostela/cd-castellon/1992770,1992,1,segunda_division
Barcelona B,Rayo Vallecano,0-3,https://www.besoccer.com/match/barcelona-b/rayo-vallecano/1992771,1992,2,segunda_division
Palamós,RM Castilla,2-2,https://www.besoccer.com/match/palamos-cf/rm-castilla/1992772,1992,2,segunda_division
CD Málaga,UE Figueres,0-5,https://www.besoccer.com/match/cd-malaga/figueres/1992773,1992,2,segunda_division
Mérida CP,Eibar,1-0,https://www.besoccer.com/match/merida-cp/eibar/1992774,1992,2,segunda_division
Sabadell,Real Avilés,0-0,https://www.besoccer.com/match/sabadell/real-aviles-ind/1992775,1992,2,segunda_division
Sestao Sport Club,Racing,1-2,https://www.besoccer.com/match/sestao-sport-club/racing/1992776,1992,2,segunda_division
Lleida,Real Murcia,2-0,https://www.besoccer.com/match/ue-lleida/real-murcia/1992777,1992,2,segunda_division
CD Castellón,Celta,0-2,https://www.besoccer.com/match/cd-castellon/celta/1992778,1992,2,segunda_division
Bilbao Ath.,Real Betis,3-3,https://www.besoccer.com/match/athletic-bilbao-b/betis/1992779,1992,2,segunda_division
Las Palmas,Compostela,0-0,https://www.besoccer.com/match/ud-palmas/sd-Compostela/1992780,1992,2,segunda_division
Rayo Vallecano,Palamós,4-0,https://www.besoccer.com/match/rayo-vallecano/palamos-cf/1992781,1992,3,segunda_division
Celta,Las Palmas,3-0,https://www.besoccer.com/match/celta/ud-palmas/1992782,1992,3,segunda_division
Compostela,Barcelona B,1-1,https://www.besoccer.com/match/sd-Compostela/barcelona-b/1992783,1992,3,segunda_division
Real Avilés,Bilbao Ath.,1-1,https://www.besoccer.com/match/real-aviles-ind/athletic-bilbao-b/1992784,1992,3,segunda_division
Real Murcia,CD Castellón,3-0,https://www.besoccer.com/match/real-murcia/cd-castellon/1992785,1992,3,segunda_division
Racing,Real Betis,0-1,https://www.besoccer.com/match/racing/betis/1992786,1992,3,segunda_division
RM Castilla,Sabadell,2-1,https://www.besoccer.com/match/rm-castilla/sabadell/1992787,1992,3,segunda_division
Sestao Sport Club,Mérida CP,2-1,https://www.besoccer.com/match/sestao-sport-club/merida-cp/1992788,1992,3,segunda_division
UE Figueres,Lleida,1-3,https://www.besoccer.com/match/figueres/ue-lleida/1992789,1992,3,segunda_division
Eibar,CD Málaga,1-0,https://www.besoccer.com/match/eibar/cd-malaga/1992790,1992,3,segunda_division
Barcelona B,Celta,4-1,https://www.besoccer.com/match/barcelona-b/celta/1992800,1992,4,segunda_division
CD Málaga,Sestao Sport Club,0-0,https://www.besoccer.com/match/cd-malaga/sestao-sport-club/1992791,1992,4,segunda_division
Bilbao Ath.,RM Castilla,0-0,https://www.besoccer.com/match/athletic-bilbao-b/rm-castilla/1992792,1992,4,segunda_division
Mérida CP,Racing,1-1,https://www.besoccer.com/match/merida-cp/racing/1992793,1992,4,segunda_division
Real Betis,Real Avilés,2-0,https://www.besoccer.com/match/betis/real-aviles-ind/1992794,1992,4,segunda_division
Lleida,Eibar,2-0,https://www.besoccer.com/match/ue-lleida/eibar/1992795,1992,4,segunda_division
Palamós,Compostela,0-3,https://www.besoccer.com/match/palamos-cf/sd-Compostela/1992796,1992,4,segunda_division
CD Castellón,UE Figueres,1-3,https://www.besoccer.com/match/cd-castellon/figueres/1992797,1992,4,segunda_division
Sabadell,Rayo Vallecano,1-2,https://www.besoccer.com/match/sabadell/rayo-vallecano/1992798,1992,4,segunda_division
Las Palmas,Real Murcia,1-1,https://www.besoccer.com/match/ud-palmas/real-murcia/1992799,1992,4,segunda_division
Celta,Palamós,3-0,https://www.besoccer.com/match/celta/palamos-cf/1992801,1992,5,segunda_division
Mérida CP,CD Málaga,3-0,https://www.besoccer.com/match/merida-cp/cd-malaga/1992802,1992,5,segunda_division
Racing,Real Avilés,1-0,https://www.besoccer.com/match/racing/real-aviles-ind/1992803,1992,5,segunda_division
Eibar,CD Castellón,1-0,https://www.besoccer.com/match/eibar/cd-castellon/1992804,1992,5,segunda_division
UE Figueres,Las Palmas,1-1,https://www.besoccer.com/match/figueres/ud-palmas/1992805,1992,5,segunda_division
Compostela,Sabadell,0-1,https://www.besoccer.com/match/sd-Compostela/sabadell/1992806,1992,5,segunda_division
Sestao Sport Club,Lleida,0-0,https://www.besoccer.com/match/sestao-sport-club/ue-lleida/1992807,1992,5,segunda_division
Real Murcia,Barcelona B,2-1,https://www.besoccer.com/match/real-murcia/barcelona-b/1992808,1992,5,segunda_division
Rayo Vallecano,Bilbao Ath.,1-0,https://www.besoccer.com/match/rayo-vallecano/athletic-bilbao-b/1992809,1992,5,segunda_division
RM Castilla,Real Betis,3-1,https://www.besoccer.com/match/rm-castilla/betis/1992810,1992,5,segunda_division
Real Avilés,RM Castilla,3-0,https://www.besoccer.com/match/real-aviles-ind/rm-castilla/1992811,1992,6,segunda_division
Bilbao Ath.,Compostela,0-0,https://www.besoccer.com/match/athletic-bilbao-b/sd-Compostela/1992812,1992,6,segunda_division
Real Betis,Rayo Vallecano,4-2,https://www.besoccer.com/match/betis/rayo-vallecano/1992813,1992,6,segunda_division
Lleida,Mérida CP,2-2,https://www.besoccer.com/match/ue-lleida/merida-cp/1992814,1992,6,segunda_division
Palamós,Real Murcia,2-2,https://www.besoccer.com/match/palamos-cf/real-murcia/1992815,1992,6,segunda_division
CD Castellón,Sestao Sport Club,2-0,https://www.besoccer.com/match/cd-castellon/sestao-sport-club/1992816,1992,6,segunda_division
Sabadell,Celta,0-1,https://www.besoccer.com/match/sabadell/celta/1992817,1992,6,segunda_division
Las Palmas,Eibar,0-1,https://www.besoccer.com/match/ud-palmas/eibar/1992818,1992,6,segunda_division
CD Málaga,Racing,2-1,https://www.besoccer.com/match/cd-malaga/racing/1992819,1992,6,segunda_division
Barcelona B,UE Figueres,0-0,https://www.besoccer.com/match/barcelona-b/figueres/1992820,1992,6,segunda_division
CD Málaga,Lleida,0-1,https://www.besoccer.com/match/cd-malaga/ue-lleida/1992821,1992,7,segunda_division
Racing,RM Castilla,2-0,https://www.besoccer.com/match/racing/rm-castilla/1992822,1992,7,segunda_division
Eibar,Barcelona B,2-1,https://www.besoccer.com/match/eibar/barcelona-b/1992823,1992,7,segunda_division
UE Figueres,Palamós,2-0,https://www.besoccer.com/match/figueres/palamos-cf/1992824,1992,7,segunda_division
Compostela,Real Betis,0-0,https://www.besoccer.com/match/sd-Compostela/betis/1992825,1992,7,segunda_division
Sestao Sport Club,Las Palmas,2-0,https://www.besoccer.com/match/sestao-sport-club/ud-palmas/1992826,1992,7,segunda_division
Real Murcia,Sabadell,0-1,https://www.besoccer.com/match/real-murcia/sabadell/1992827,1992,7,segunda_division
Rayo Vallecano,Real Avilés,2-0,https://www.besoccer.com/match/rayo-vallecano/real-aviles-ind/1992828,1992,7,segunda_division
Celta,Bilbao Ath.,1-0,https://www.besoccer.com/match/celta/athletic-bilbao-b/1992829,1992,7,segunda_division
Mérida CP,CD Castellón,1-1,https://www.besoccer.com/match/merida-cp/cd-castellon/1992830,1992,7,segunda_division
Real Avilés,Compostela,0-0,https://www.besoccer.com/match/real-aviles-ind/sd-Compostela/1992831,1992,8,segunda_division
Barcelona B,Sestao Sport Club,2-1,https://www.besoccer.com/match/barcelona-b/sestao-sport-club/1992832,1992,8,segunda_division
Bilbao Ath.,Real Murcia,0-1,https://www.besoccer.com/match/athletic-bilbao-b/real-murcia/1992833,1992,8,segunda_division
Real Betis,Celta,1-0,https://www.besoccer.com/match/betis/celta/1992834,1992,8,segunda_division
Lleida,Racing,0-1,https://www.besoccer.com/match/ue-lleida/racing/1992835,1992,8,segunda_division
Palamós,Eibar,3-0,https://www.besoccer.com/match/palamos-cf/eibar/1992836,1992,8,segunda_division
CD Castellón,CD Málaga,1-1,https://www.besoccer.com/match/cd-castellon/cd-malaga/1992837,1992,8,segunda_division
Sabadell,UE Figueres,0-2,https://www.besoccer.com/match/sabadell/figueres/1992838,1992,8,segunda_division
Las Palmas,Mérida CP,0-2,https://www.besoccer.com/match/ud-palmas/merida-cp/1992839,1992,8,segunda_division
RM Castilla,Rayo Vallecano,3-1,https://www.besoccer.com/match/rm-castilla/rayo-vallecano/1992840,1992,8,segunda_division
CD Málaga,Las Palmas,2-1,https://www.besoccer.com/match/cd-malaga/ud-palmas/1992841,1992,9,segunda_division
Racing,Rayo Vallecano,0-0,https://www.besoccer.com/match/racing/rayo-vallecano/1992842,1992,9,segunda_division
Eibar,Sabadell,0-0,https://www.besoccer.com/match/eibar/sabadell/1992843,1992,9,segunda_division
UE Figueres,Bilbao Ath.,3-2,https://www.besoccer.com/match/figueres/athletic-bilbao-b/1992844,1992,9,segunda_division
Lleida,CD Castellón,4-1,https://www.besoccer.com/match/ue-lleida/cd-castellon/1992845,1992,9,segunda_division
Compostela,RM Castilla,2-0,https://www.besoccer.com/match/sd-Compostela/rm-castilla/1992846,1992,9,segunda_division
Sestao Sport Club,Palamós,1-2,https://www.besoccer.com/match/sestao-sport-club/palamos-cf/1992847,1992,9,segunda_division
Real Murcia,Real Betis,1-0,https://www.besoccer.com/match/real-murcia/betis/1992848,1992,9,segunda_division
Celta,Real Avilés,2-0,https://www.besoccer.com/match/celta/real-aviles-ind/1992849,1992,9,segunda_division
Mérida CP,Barcelona B,3-2,https://www.besoccer.com/match/merida-cp/barcelona-b/1992850,1992,9,segunda_division
RM Castilla,Celta,0-1,https://www.besoccer.com/match/rm-castilla/celta/1992860,1992,10,segunda_division
Real Avilés,Real Murcia,3-2,https://www.besoccer.com/match/real-aviles-ind/real-murcia/1992851,1992,10,segunda_division
Barcelona B,CD Málaga,2-0,https://www.besoccer.com/match/barcelona-b/cd-malaga/1992852,1992,10,segunda_division
Bilbao Ath.,Eibar,1-0,https://www.besoccer.com/match/athletic-bilbao-b/eibar/1992853,1992,10,segunda_division
Real Betis,UE Figueres,3-0,https://www.besoccer.com/match/betis/figueres/1992854,1992,10,segunda_division
Palamós,Mérida CP,3-2,https://www.besoccer.com/match/palamos-cf/merida-cp/1992855,1992,10,segunda_division
CD Castellón,Racing,2-0,https://www.besoccer.com/match/cd-castellon/racing/1992856,1992,10,segunda_division
Sabadell,Sestao Sport Club,1-1,https://www.besoccer.com/match/sabadell/sestao-sport-club/1992857,1992,10,segunda_division
Rayo Vallecano,Compostela,1-0,https://www.besoccer.com/match/rayo-vallecano/sd-Compostela/1992858,1992,10,segunda_division
Las Palmas,Lleida,1-2,https://www.besoccer.com/match/ud-palmas/ue-lleida/1992859,1992,10,segunda_division
Celta,Rayo Vallecano,1-0,https://www.besoccer.com/match/celta/rayo-vallecano/1992869,1992,11,segunda_division
UE Figueres,Real Avilés,1-0,https://www.besoccer.com/match/figueres/real-aviles-ind/1992861,1992,11,segunda_division
Lleida,Barcelona B,1-1,https://www.besoccer.com/match/ue-lleida/barcelona-b/1992862,1992,11,segunda_division
Eibar,Real Betis,0-0,https://www.besoccer.com/match/eibar/betis/1992863,1992,11,segunda_division
CD Málaga,Palamós,1-1,https://www.besoccer.com/match/cd-malaga/palamos-cf/1992864,1992,11,segunda_division
CD Castellón,Las Palmas,0-0,https://www.besoccer.com/match/cd-castellon/ud-palmas/1992865,1992,11,segunda_division
Mérida CP,Sabadell,0-1,https://www.besoccer.com/match/merida-cp/sabadell/1992866,1992,11,segunda_division
Real Murcia,RM Castilla,0-1,https://www.besoccer.com/match/real-murcia/rm-castilla/1992867,1992,11,segunda_division
Racing,Compostela,0-2,https://www.besoccer.com/match/racing/sd-Compostela/1992868,1992,11,segunda_division
Sestao Sport Club,Bilbao Ath.,0-1,https://www.besoccer.com/match/sestao-sport-club/athletic-bilbao-b/1992870,1992,11,segunda_division
Compostela,Celta,2-0,https://www.besoccer.com/match/sd-Compostela/celta/1992878,1992,12,segunda_division
Palamós,Lleida,1-0,https://www.besoccer.com/match/palamos-cf/ue-lleida/1992871,1992,12,segunda_division
Bilbao Ath.,Mérida CP,1-2,https://www.besoccer.com/match/athletic-bilbao-b/merida-cp/1992872,1992,12,segunda_division
Sabadell,CD Málaga,1-2,https://www.besoccer.com/match/sabadell/cd-malaga/1992873,1992,12,segunda_division
Real Avilés,Eibar,0-0,https://www.besoccer.com/match/real-aviles-ind/eibar/1992874,1992,12,segunda_division
Real Betis,Sestao Sport Club,4-1,https://www.besoccer.com/match/betis/sestao-sport-club/1992875,1992,12,segunda_division
Rayo Vallecano,Real Murcia,0-0,https://www.besoccer.com/match/rayo-vallecano/real-murcia/1992876,1992,12,segunda_division
Barcelona B,CD Castellón,3-2,https://www.besoccer.com/match/barcelona-b/cd-castellon/1992877,1992,12,segunda_division
RM Castilla,UE Figueres,1-1,https://www.besoccer.com/match/rm-castilla/figueres/1992879,1992,12,segunda_division
Las Palmas,Racing,1-1,https://www.besoccer.com/match/ud-palmas/racing/1992880,1992,12,segunda_division
UE Figueres,Rayo Vallecano,1-2,https://www.besoccer.com/match/figueres/rayo-vallecano/1992881,1992,13,segunda_division
CD Castellón,Palamós,1-2,https://www.besoccer.com/match/cd-castellon/palamos-cf/1992882,1992,13,segunda_division
CD Málaga,Bilbao Ath.,1-0,https://www.besoccer.com/match/cd-malaga/athletic-bilbao-b/1992883,1992,13,segunda_division
Real Murcia,Compostela,0-0,https://www.besoccer.com/match/real-murcia/sd-Compostela/1992884,1992,13,segunda_division
Mérida CP,Real Betis,3-2,https://www.besoccer.com/match/merida-cp/betis/1992885,1992,13,segunda_division
Racing,Celta,1-1,https://www.besoccer.com/match/racing/celta/1992886,1992,13,segunda_division
Sestao Sport Club,Real Avilés,1-0,https://www.besoccer.com/match/sestao-sport-club/real-aviles-ind/1992887,1992,13,segunda_division
Eibar,RM Castilla,1-0,https://www.besoccer.com/match/eibar/rm-castilla/1992888,1992,13,segunda_division
Las Palmas,Barcelona B,3-1,https://www.besoccer.com/match/ud-palmas/barcelona-b/1992889,1992,13,segunda_division
Lleida,Sabadell,0-1,https://www.besoccer.com/match/ue-lleida/sabadell/1992890,1992,13,segunda_division
Compostela,UE Figueres,0-0,https://www.besoccer.com/match/sd-Compostela/figueres/1992891,1992,14,segunda_division
Palamós,Las Palmas,1-2,https://www.besoccer.com/match/palamos-cf/ud-palmas/1992892,1992,14,segunda_division
Bilbao Ath.,Lleida,1-0,https://www.besoccer.com/match/athletic-bilbao-b/ue-lleida/1992893,1992,14,segunda_division
Sabadell,CD Castellón,0-2,https://www.besoccer.com/match/sabadell/cd-castellon/1992894,1992,14,segunda_division
Real Betis,CD Málaga,2-1,https://www.besoccer.com/match/betis/cd-malaga/1992895,1992,14,segunda_division
Celta,Real Murcia,1-1,https://www.besoccer.com/match/celta/real-murcia/1992896,1992,14,segunda_division
Real Avilés,Mérida CP,4-2,https://www.besoccer.com/match/real-aviles-ind/merida-cp/1992897,1992,14,segunda_division
Rayo Vallecano,Eibar,2-0,https://www.besoccer.com/match/rayo-vallecano/eibar/1992898,1992,14,segunda_division
Barcelona B,Racing,0-1,https://www.besoccer.com/match/barcelona-b/racing/1992899,1992,14,segunda_division
RM Castilla,Sestao Sport Club,0-2,https://www.besoccer.com/match/rm-castilla/sestao-sport-club/1992900,1992,14,segunda_division
Racing,Real Murcia,3-1,https://www.besoccer.com/match/racing/real-murcia/1992901,1992,15,segunda_division
CD Castellón,Bilbao Ath.,3-1,https://www.besoccer.com/match/cd-castellon/athletic-bilbao-b/1992902,1992,15,segunda_division
Eibar,Compostela,0-0,https://www.besoccer.com/match/eibar/sd-Compostela/1992903,1992,15,segunda_division
Mérida CP,RM Castilla,2-2,https://www.besoccer.com/match/merida-cp/rm-castilla/1992904,1992,15,segunda_division
Lleida,Real Betis,6-2,https://www.besoccer.com/match/ue-lleida/betis/1992905,1992,15,segunda_division
CD Málaga,Real Avilés,1-0,https://www.besoccer.com/match/cd-malaga/real-aviles-ind/1992906,1992,15,segunda_division
Sestao Sport Club,Rayo Vallecano,1-0,https://www.besoccer.com/match/sestao-sport-club/rayo-vallecano/1992907,1992,15,segunda_division
UE Figueres,Celta,2-0,https://www.besoccer.com/match/figueres/celta/1992908,1992,15,segunda_division
Las Palmas,Sabadell,1-0,https://www.besoccer.com/match/ud-palmas/sabadell/1992909,1992,15,segunda_division
Barcelona B,Palamós,1-2,https://www.besoccer.com/match/barcelona-b/palamos-cf/1992910,1992,15,segunda_division
RM Castilla,CD Málaga,1-1,https://www.besoccer.com/match/rm-castilla/cd-malaga/1992911,1992,16,segunda_division
Sabadell,Barcelona B,1-2,https://www.besoccer.com/match/sabadell/barcelona-b/1992912,1992,16,segunda_division
Real Murcia,UE Figueres,0-0,https://www.besoccer.com/match/real-murcia/figueres/1992913,1992,16,segunda_division
Bilbao Ath.,Las Palmas,2-5,https://www.besoccer.com/match/athletic-bilbao-b/ud-palmas/1992914,1992,16,segunda_division
Real Betis,CD Castellón,1-1,https://www.besoccer.com/match/betis/cd-castellon/1992915,1992,16,segunda_division
Compostela,Sestao Sport Club,1-2,https://www.besoccer.com/match/sd-Compostela/sestao-sport-club/1992916,1992,16,segunda_division
Rayo Vallecano,Mérida CP,1-2,https://www.besoccer.com/match/rayo-vallecano/merida-cp/1992917,1992,16,segunda_division
Real Avilés,Lleida,0-1,https://www.besoccer.com/match/real-aviles-ind/ue-lleida/1992918,1992,16,segunda_division
Celta,Eibar,1-1,https://www.besoccer.com/match/celta/eibar/1992919,1992,16,segunda_division
Palamós,Racing,1-0,https://www.besoccer.com/match/palamos-cf/racing/1992920,1992,16,segunda_division
Racing,UE Figueres,1-2,https://www.besoccer.com/match/racing/figueres/1992921,1992,17,segunda_division
Mérida CP,Compostela,0-1,https://www.besoccer.com/match/merida-cp/sd-Compostela/1992922,1992,17,segunda_division
Lleida,RM Castilla,1-0,https://www.besoccer.com/match/ue-lleida/rm-castilla/1992923,1992,17,segunda_division
Sestao Sport Club,Celta,0-0,https://www.besoccer.com/match/sestao-sport-club/celta/1992924,1992,17,segunda_division
Las Palmas,Real Betis,1-0,https://www.besoccer.com/match/ud-palmas/betis/1992925,1992,17,segunda_division
Eibar,Real Murcia,0-0,https://www.besoccer.com/match/eibar/real-murcia/1992926,1992,17,segunda_division
CD Castellón,Real Avilés,1-0,https://www.besoccer.com/match/cd-castellon/real-aviles-ind/1992927,1992,17,segunda_division
CD Málaga,Rayo Vallecano,0-1,https://www.besoccer.com/match/cd-malaga/rayo-vallecano/1992928,1992,17,segunda_division
Palamós,Sabadell,1-1,https://www.besoccer.com/match/palamos-cf/sabadell/1992929,1992,17,segunda_division
Barcelona B,Bilbao Ath.,2-0,https://www.besoccer.com/match/barcelona-b/athletic-bilbao-b/1992930,1992,17,segunda_division
Rayo Vallecano,Lleida,1-0,https://www.besoccer.com/match/rayo-vallecano/ue-lleida/1992931,1992,18,segunda_division
Real Avilés,Las Palmas,1-2,https://www.besoccer.com/match/real-aviles-ind/ud-palmas/1992932,1992,18,segunda_division
Bilbao Ath.,Palamós,1-0,https://www.besoccer.com/match/athletic-bilbao-b/palamos-cf/1992933,1992,18,segunda_division
Real Murcia,Sestao Sport Club,0-0,https://www.besoccer.com/match/real-murcia/sestao-sport-club/1992934,1992,18,segunda_division
Racing,Sabadell,1-0,https://www.besoccer.com/match/racing/sabadell/1992935,1992,18,segunda_division
RM Castilla,CD Castellón,3-1,https://www.besoccer.com/match/rm-castilla/cd-castellon/1992936,1992,18,segunda_division
UE Figueres,Eibar,0-0,https://www.besoccer.com/match/figueres/eibar/1992937,1992,18,segunda_division
Real Betis,Barcelona B,1-0,https://www.besoccer.com/match/betis/barcelona-b/1992938,1992,18,segunda_division
Compostela,CD Málaga,1-0,https://www.besoccer.com/match/sd-Compostela/cd-malaga/1992939,1992,18,segunda_division
Celta,Mérida CP,2-2,https://www.besoccer.com/match/celta/merida-cp/1992940,1992,18,segunda_division
CD Castellón,Rayo Vallecano,2-1,https://www.besoccer.com/match/cd-castellon/rayo-vallecano/1992941,1992,19,segunda_division
CD Málaga,Celta,0-2,https://www.besoccer.com/match/cd-malaga/celta/1992942,1992,19,segunda_division
Palamós,Real Betis,1-0,https://www.besoccer.com/match/palamos-cf/betis/1992943,1992,19,segunda_division
Mérida CP,Real Murcia,3-0,https://www.besoccer.com/match/merida-cp/real-murcia/1992944,1992,19,segunda_division
Eibar,Racing,0-1,https://www.besoccer.com/match/eibar/racing/1992945,1992,19,segunda_division
Lleida,Compostela,2-0,https://www.besoccer.com/match/ue-lleida/sd-Compostela/1992946,1992,19,segunda_division
Sestao Sport Club,UE Figueres,0-1,https://www.besoccer.com/match/sestao-sport-club/figueres/1992947,1992,19,segunda_division
Sabadell,Bilbao Ath.,2-0,https://www.besoccer.com/match/sabadell/athletic-bilbao-b/1992948,1992,19,segunda_division
Barcelona B,Real Avilés,5-2,https://www.besoccer.com/match/barcelona-b/real-aviles-ind/1992949,1992,19,segunda_division
Las Palmas,RM Castilla,1-2,https://www.besoccer.com/match/ud-palmas/rm-castilla/1992950,1992,19,segunda_division
Lleida,Celta,2-0,https://www.besoccer.com/match/ue-lleida/celta/1992959,1992,20,segunda_division
Sabadell,Real Betis,3-0,https://www.besoccer.com/match/sabadell/betis/1992951,1992,20,segunda_division
Mérida CP,UE Figueres,1-2,https://www.besoccer.com/match/merida-cp/figueres/1992952,1992,20,segunda_division
Palamós,Real Avilés,0-1,https://www.besoccer.com/match/palamos-cf/real-aviles-ind/1992953,1992,20,segunda_division
CD Castellón,Compostela,0-1,https://www.besoccer.com/match/cd-castellon/sd-Compostela/1992954,1992,20,segunda_division
CD Málaga,Real Murcia,1-0,https://www.besoccer.com/match/cd-malaga/real-murcia/1992955,1992,20,segunda_division
Bilbao Ath.,Racing,1-1,https://www.besoccer.com/match/athletic-bilbao-b/racing/1992956,1992,20,segunda_division
Sestao Sport Club,Eibar,0-1,https://www.besoccer.com/match/sestao-sport-club/eibar/1992957,1992,20,segunda_division
Barcelona B,RM Castilla,3-3,https://www.besoccer.com/match/barcelona-b/rm-castilla/1992958,1992,20,segunda_division
Las Palmas,Rayo Vallecano,3-0,https://www.besoccer.com/match/ud-palmas/rayo-vallecano/1992960,1992,20,segunda_division
Rayo Vallecano,Barcelona B,1-4,https://www.besoccer.com/match/rayo-vallecano/barcelona-b/1992961,1992,21,segunda_division
RM Castilla,Palamós,0-0,https://www.besoccer.com/match/rm-castilla/palamos-cf/1992962,1992,21,segunda_division
Real Avilés,Sabadell,0-1,https://www.besoccer.com/match/real-aviles-ind/sabadell/1992963,1992,21,segunda_division
Real Murcia,Lleida,0-0,https://www.besoccer.com/match/real-murcia/ue-lleida/1992964,1992,21,segunda_division
Racing,Sestao Sport Club,4-0,https://www.besoccer.com/match/racing/sestao-sport-club/1992965,1992,21,segunda_division
Real Betis,Bilbao Ath.,0-0,https://www.besoccer.com/match/betis/athletic-bilbao-b/1992966,1992,21,segunda_division
Eibar,Mérida CP,0-0,https://www.besoccer.com/match/eibar/merida-cp/1992967,1992,21,segunda_division
Compostela,Las Palmas,2-0,https://www.besoccer.com/match/sd-Compostela/ud-palmas/1992968,1992,21,segunda_division
Celta,CD Castellón,1-1,https://www.besoccer.com/match/celta/cd-castellon/1992969,1992,21,segunda_division
UE Figueres,CD Málaga,0-1,https://www.besoccer.com/match/figueres/cd-malaga/1992970,1992,21,segunda_division
Las Palmas,Celta,1-2,https://www.besoccer.com/match/ud-palmas/celta/1992979,1992,22,segunda_division
Palamós,Rayo Vallecano,0-0,https://www.besoccer.com/match/palamos-cf/rayo-vallecano/1992971,1992,22,segunda_division
CD Málaga,Eibar,0-0,https://www.besoccer.com/match/cd-malaga/eibar/1992972,1992,22,segunda_division
Sabadell,RM Castilla,1-0,https://www.besoccer.com/match/sabadell/rm-castilla/1992973,1992,22,segunda_division
CD Castellón,Real Murcia,1-0,https://www.besoccer.com/match/cd-castellon/real-murcia/1992974,1992,22,segunda_division
Bilbao Ath.,Real Avilés,2-0,https://www.besoccer.com/match/athletic-bilbao-b/real-aviles-ind/1992975,1992,22,segunda_division
Real Betis,Racing,3-0,https://www.besoccer.com/match/betis/racing/1992976,1992,22,segunda_division
Mérida CP,Sestao Sport Club,0-1,https://www.besoccer.com/match/merida-cp/sestao-sport-club/1992977,1992,22,segunda_division
Barcelona B,Compostela,1-0,https://www.besoccer.com/match/barcelona-b/sd-Compostela/1992978,1992,22,segunda_division
Lleida,UE Figueres,1-1,https://www.besoccer.com/match/ue-lleida/figueres/1992980,1992,22,segunda_division
Rayo Vallecano,Sabadell,2-0,https://www.besoccer.com/match/rayo-vallecano/sabadell/1992981,1992,23,segunda_division
Compostela,Palamós,1-0,https://www.besoccer.com/match/sd-Compostela/palamos-cf/1992982,1992,23,segunda_division
Eibar,Lleida,0-0,https://www.besoccer.com/match/eibar/ue-lleida/1992983,1992,23,segunda_division
Real Avilés,Real Betis,2-2,https://www.besoccer.com/match/real-aviles-ind/betis/1992984,1992,23,segunda_division
Celta,Barcelona B,2-0,https://www.besoccer.com/match/celta/barcelona-b/1992985,1992,23,segunda_division
Real Murcia,Las Palmas,2-1,https://www.besoccer.com/match/real-murcia/ud-palmas/1992986,1992,23,segunda_division
Racing,Mérida CP,0-1,https://www.besoccer.com/match/racing/merida-cp/1992987,1992,23,segunda_division
RM Castilla,Bilbao Ath.,0-3,https://www.besoccer.com/match/rm-castilla/athletic-bilbao-b/1992988,1992,23,segunda_division
UE Figueres,CD Castellón,0-0,https://www.besoccer.com/match/figueres/cd-castellon/1992989,1992,23,segunda_division
Sestao Sport Club,CD Málaga,1-0,https://www.besoccer.com/match/sestao-sport-club/cd-malaga/1992990,1992,23,segunda_division
Palamós,Celta,0-0,https://www.besoccer.com/match/palamos-cf/celta/1992999,1992,24,segunda_division
Lleida,Sestao Sport Club,1-0,https://www.besoccer.com/match/ue-lleida/sestao-sport-club/1992991,1992,24,segunda_division
Sabadell,Compostela,3-0,https://www.besoccer.com/match/sabadell/sd-Compostela/1992992,1992,24,segunda_division
CD Castellón,Eibar,1-0,https://www.besoccer.com/match/cd-castellon/eibar/1992993,1992,24,segunda_division
Real Betis,RM Castilla,1-0,https://www.besoccer.com/match/betis/rm-castilla/1992994,1992,24,segunda_division
CD Málaga,Mérida CP,1-1,https://www.besoccer.com/match/cd-malaga/merida-cp/1992995,1992,24,segunda_division
Real Avilés,Racing,1-0,https://www.besoccer.com/match/real-aviles-ind/racing/1992996,1992,24,segunda_division
Bilbao Ath.,Rayo Vallecano,0-1,https://www.besoccer.com/match/athletic-bilbao-b/rayo-vallecano/1992997,1992,24,segunda_division
Las Palmas,UE Figueres,1-2,https://www.besoccer.com/match/ud-palmas/figueres/1992998,1992,24,segunda_division
Barcelona B,Real Murcia,2-2,https://www.besoccer.com/match/barcelona-b/real-murcia/19921000,1992,24,segunda_division
Celta,Sabadell,2-0,https://www.besoccer.com/match/celta/sabadell/19921008,1992,25,segunda_division
Mérida CP,Lleida,0-0,https://www.besoccer.com/match/merida-cp/ue-lleida/19921001,1992,25,segunda_division
RM Castilla,Real Avilés,2-1,https://www.besoccer.com/match/rm-castilla/real-aviles-ind/19921002,1992,25,segunda_division
UE Figueres,Barcelona B,3-0,https://www.besoccer.com/match/figueres/barcelona-b/19921003,1992,25,segunda_division
Eibar,Las Palmas,1-0,https://www.besoccer.com/match/eibar/ud-palmas/19921004,1992,25,segunda_division
Racing,CD Málaga,5-2,https://www.besoccer.com/match/racing/cd-malaga/19921005,1992,25,segunda_division
Real Murcia,Palamós,2-1,https://www.besoccer.com/match/real-murcia/palamos-cf/19921006,1992,25,segunda_division
Compostela,Bilbao Ath.,0-3,https://www.besoccer.com/match/sd-Compostela/athletic-bilbao-b/19921007,1992,25,segunda_division
Sestao Sport Club,CD Castellón,1-0,https://www.besoccer.com/match/sestao-sport-club/cd-castellon/19921009,1992,25,segunda_division
Rayo Vallecano,Real Betis,3-0,https://www.besoccer.com/match/rayo-vallecano/betis/19921010,1992,25,segunda_division
Palamós,UE Figueres,0-0,https://www.besoccer.com/match/palamos-cf/figueres/19921011,1992,26,segunda_division
Sabadell,Real Murcia,1-0,https://www.besoccer.com/match/sabadell/real-murcia/19921012,1992,26,segunda_division
CD Castellón,Mérida CP,0-2,https://www.besoccer.com/match/cd-castellon/merida-cp/19921013,1992,26,segunda_division
RM Castilla,Racing,4-0,https://www.besoccer.com/match/rm-castilla/racing/19921014,1992,26,segunda_division
Real Betis,Compostela,3-1,https://www.besoccer.com/match/betis/sd-Compostela/19921015,1992,26,segunda_division
Real Avilés,Rayo Vallecano,0-2,https://www.besoccer.com/match/real-aviles-ind/rayo-vallecano/19921016,1992,26,segunda_division
Bilbao Ath.,Celta,0-0,https://www.besoccer.com/match/athletic-bilbao-b/celta/19921017,1992,26,segunda_division
Las Palmas,Sestao Sport Club,0-0,https://www.besoccer.com/match/ud-palmas/sestao-sport-club/19921018,1992,26,segunda_division
Lleida,CD Málaga,0-1,https://www.besoccer.com/match/ue-lleida/cd-malaga/19921019,1992,26,segunda_division
Barcelona B,Eibar,1-0,https://www.besoccer.com/match/barcelona-b/eibar/19921020,1992,26,segunda_division
UE Figueres,Sabadell,2-1,https://www.besoccer.com/match/figueres/sabadell/19921021,1992,27,segunda_division
Eibar,Palamós,2-0,https://www.besoccer.com/match/eibar/palamos-cf/19921022,1992,27,segunda_division
Racing,Lleida,0-4,https://www.besoccer.com/match/racing/ue-lleida/19921023,1992,27,segunda_division
Celta,Real Betis,3-0,https://www.besoccer.com/match/celta/betis/19921024,1992,27,segunda_division
Compostela,Real Avilés,5-1,https://www.besoccer.com/match/sd-Compostela/real-aviles-ind/19921025,1992,27,segunda_division
Mérida CP,Las Palmas,3-2,https://www.besoccer.com/match/merida-cp/ud-palmas/19921026,1992,27,segunda_division
Real Murcia,Bilbao Ath.,1-0,https://www.besoccer.com/match/real-murcia/athletic-bilbao-b/19921027,1992,27,segunda_division
Sestao Sport Club,Barcelona B,4-1,https://www.besoccer.com/match/sestao-sport-club/barcelona-b/19921028,1992,27,segunda_division
Rayo Vallecano,RM Castilla,4-0,https://www.besoccer.com/match/rayo-vallecano/rm-castilla/19921029,1992,27,segunda_division
CD Málaga,CD Castellón,0-0,https://www.besoccer.com/match/cd-malaga/cd-castellon/19921030,1992,27,segunda_division
Bilbao Ath.,UE Figueres,2-0,https://www.besoccer.com/match/athletic-bilbao-b/figueres/19921031,1992,28,segunda_division
Sabadell,Eibar,1-0,https://www.besoccer.com/match/sabadell/eibar/19921032,1992,28,segunda_division
Palamós,Sestao Sport Club,3-1,https://www.besoccer.com/match/palamos-cf/sestao-sport-club/19921033,1992,28,segunda_division
Real Betis,Real Murcia,2-1,https://www.besoccer.com/match/betis/real-murcia/19921034,1992,28,segunda_division
RM Castilla,Compostela,2-2,https://www.besoccer.com/match/rm-castilla/sd-Compostela/19921035,1992,28,segunda_division
Real Avilés,Celta,2-3,https://www.besoccer.com/match/real-aviles-ind/celta/19921036,1992,28,segunda_division
Barcelona B,Mérida CP,5-3,https://www.besoccer.com/match/barcelona-b/merida-cp/19921037,1992,28,segunda_division
CD Castellón,Lleida,2-0,https://www.besoccer.com/match/cd-castellon/ue-lleida/19921038,1992,28,segunda_division
Las Palmas,CD Málaga,1-2,https://www.besoccer.com/match/ud-palmas/cd-malaga/19921039,1992,28,segunda_division
Rayo Vallecano,Racing,1-0,https://www.besoccer.com/match/rayo-vallecano/racing/19921040,1992,28,segunda_division
UE Figueres,Real Betis,0-0,https://www.besoccer.com/match/figueres/betis/19921041,1992,29,segunda_division
Celta,RM Castilla,2-1,https://www.besoccer.com/match/celta/rm-castilla/19921042,1992,29,segunda_division
Sestao Sport Club,Sabadell,2-1,https://www.besoccer.com/match/sestao-sport-club/sabadell/19921043,1992,29,segunda_division
Mérida CP,Palamós,2-1,https://www.besoccer.com/match/merida-cp/palamos-cf/19921044,1992,29,segunda_division
CD Málaga,Barcelona B,0-1,https://www.besoccer.com/match/cd-malaga/barcelona-b/19921045,1992,29,segunda_division
Lleida,Las Palmas,2-2,https://www.besoccer.com/match/ue-lleida/ud-palmas/19921046,1992,29,segunda_division
Eibar,Bilbao Ath.,1-1,https://www.besoccer.com/match/eibar/athletic-bilbao-b/19921047,1992,29,segunda_division
Racing,CD Castellón,2-0,https://www.besoccer.com/match/racing/cd-castellon/19921048,1992,29,segunda_division
Compostela,Rayo Vallecano,1-0,https://www.besoccer.com/match/sd-Compostela/rayo-vallecano/19921049,1992,29,segunda_division
Real Murcia,Real Avilés,0-1,https://www.besoccer.com/match/real-murcia/real-aviles-ind/19921050,1992,29,segunda_division
Rayo Vallecano,Celta,0-0,https://www.besoccer.com/match/rayo-vallecano/celta/19921059,1992,30,segunda_division
Sabadell,Mérida CP,1-0,https://www.besoccer.com/match/sabadell/merida-cp/19921051,1992,30,segunda_division
RM Castilla,Real Murcia,1-1,https://www.besoccer.com/match/rm-castilla/real-murcia/19921052,1992,30,segunda_division
Compostela,Racing,0-1,https://www.besoccer.com/match/sd-Compostela/racing/19921053,1992,30,segunda_division
Bilbao Ath.,Sestao Sport Club,3-0,https://www.besoccer.com/match/athletic-bilbao-b/sestao-sport-club/19921054,1992,30,segunda_division
Barcelona B,Lleida,4-1,https://www.besoccer.com/match/barcelona-b/ue-lleida/19921055,1992,30,segunda_division
Real Betis,Eibar,2-1,https://www.besoccer.com/match/betis/eibar/19921056,1992,30,segunda_division
Real Avilés,UE Figueres,1-1,https://www.besoccer.com/match/real-aviles-ind/figueres/19921057,1992,30,segunda_division
Palamós,CD Málaga,1-0,https://www.besoccer.com/match/palamos-cf/cd-malaga/19921058,1992,30,segunda_division
Las Palmas,CD Castellón,1-2,https://www.besoccer.com/match/ud-palmas/cd-castellon/19921060,1992,30,segunda_division
UE Figueres,RM Castilla,2-0,https://www.besoccer.com/match/figueres/rm-castilla/19921061,1992,31,segunda_division
CD Castellón,Barcelona B,1-1,https://www.besoccer.com/match/cd-castellon/barcelona-b/19921062,1992,31,segunda_division
Racing,Las Palmas,3-0,https://www.besoccer.com/match/racing/ud-palmas/19921063,1992,31,segunda_division
CD Málaga,Sabadell,0-0,https://www.besoccer.com/match/cd-malaga/sabadell/19921064,1992,31,segunda_division
Real Murcia,Rayo Vallecano,1-1,https://www.besoccer.com/match/real-murcia/rayo-vallecano/19921065,1992,31,segunda_division
Sestao Sport Club,Real Betis,0-1,https://www.besoccer.com/match/sestao-sport-club/betis/19921066,1992,31,segunda_division
Eibar,Real Avilés,0-0,https://www.besoccer.com/match/eibar/real-aviles-ind/19921067,1992,31,segunda_division
Lleida,Palamós,2-0,https://www.besoccer.com/match/ue-lleida/palamos-cf/19921068,1992,31,segunda_division
Celta,Compostela,4-1,https://www.besoccer.com/match/celta/sd-Compostela/19921069,1992,31,segunda_division
Mérida CP,Bilbao Ath.,0-0,https://www.besoccer.com/match/merida-cp/athletic-bilbao-b/19921070,1992,31,segunda_division
Sabadell,Lleida,2-0,https://www.besoccer.com/match/sabadell/ue-lleida/19921071,1992,32,segunda_division
Celta,Racing,5-0,https://www.besoccer.com/match/celta/racing/19921072,1992,32,segunda_division
RM Castilla,Eibar,1-1,https://www.besoccer.com/match/rm-castilla/eibar/19921073,1992,32,segunda_division
Compostela,Real Murcia,3-1,https://www.besoccer.com/match/sd-Compostela/real-murcia/19921074,1992,32,segunda_division
Real Avilés,Sestao Sport Club,0-0,https://www.besoccer.com/match/real-aviles-ind/sestao-sport-club/19921075,1992,32,segunda_division
Bilbao Ath.,CD Málaga,1-0,https://www.besoccer.com/match/athletic-bilbao-b/cd-malaga/19921076,1992,32,segunda_division
Barcelona B,Las Palmas,2-1,https://www.besoccer.com/match/barcelona-b/ud-palmas/19921077,1992,32,segunda_division
Real Betis,Mérida CP,3-1,https://www.besoccer.com/match/betis/merida-cp/19921078,1992,32,segunda_division
Palamós,CD Castellón,3-1,https://www.besoccer.com/match/palamos-cf/cd-castellon/19921079,1992,32,segunda_division
Rayo Vallecano,UE Figueres,1-1,https://www.besoccer.com/match/rayo-vallecano/figueres/19921080,1992,32,segunda_division
Las Palmas,Palamós,1-2,https://www.besoccer.com/match/ud-palmas/palamos-cf/19921086,1992,33,segunda_division
UE Figueres,Compostela,0-0,https://www.besoccer.com/match/figueres/sd-Compostela/19921081,1992,33,segunda_division
Lleida,Bilbao Ath.,4-1,https://www.besoccer.com/match/ue-lleida/athletic-bilbao-b/19921082,1992,33,segunda_division
Racing,Barcelona B,3-0,https://www.besoccer.com/match/racing/barcelona-b/19921083,1992,33,segunda_division
CD Castellón,Sabadell,2-0,https://www.besoccer.com/match/cd-castellon/sabadell/19921084,1992,33,segunda_division
Real Murcia,Celta,2-1,https://www.besoccer.com/match/real-murcia/celta/19921085,1992,33,segunda_division
Eibar,Rayo Vallecano,0-0,https://www.besoccer.com/match/eibar/rayo-vallecano/19921087,1992,33,segunda_division
Mérida CP,Real Avilés,6-0,https://www.besoccer.com/match/merida-cp/real-aviles-ind/19921088,1992,33,segunda_division
CD Málaga,Real Betis,0-0,https://www.besoccer.com/match/cd-malaga/betis/19921089,1992,33,segunda_division
Sestao Sport Club,RM Castilla,0-0,https://www.besoccer.com/match/sestao-sport-club/rm-castilla/19921090,1992,33,segunda_division
Sabadell,Las Palmas,2-0,https://www.besoccer.com/match/sabadell/ud-palmas/19921098,1992,34,segunda_division
Palamós,Barcelona B,0-1,https://www.besoccer.com/match/palamos-cf/barcelona-b/19921091,1992,34,segunda_division
Real Betis,Lleida,3-3,https://www.besoccer.com/match/betis/ue-lleida/19921092,1992,34,segunda_division
Real Murcia,Racing,2-0,https://www.besoccer.com/match/real-murcia/racing/19921093,1992,34,segunda_division
Rayo Vallecano,Sestao Sport Club,4-0,https://www.besoccer.com/match/rayo-vallecano/sestao-sport-club/19921094,1992,34,segunda_division
Real Avilés,CD Málaga,3-2,https://www.besoccer.com/match/real-aviles-ind/cd-malaga/19921095,1992,34,segunda_division
Compostela,Eibar,1-0,https://www.besoccer.com/match/sd-Compostela/eibar/19921096,1992,34,segunda_division
Celta,UE Figueres,2-0,https://www.besoccer.com/match/celta/figueres/19921097,1992,34,segunda_division
Bilbao Ath.,CD Castellón,2-1,https://www.besoccer.com/match/athletic-bilbao-b/cd-castellon/19921099,1992,34,segunda_division
RM Castilla,Mérida CP,3-2,https://www.besoccer.com/match/rm-castilla/merida-cp/19921100,1992,34,segunda_division
Las Palmas,Bilbao Ath.,0-0,https://www.besoccer.com/match/ud-palmas/athletic-bilbao-b/19921110,1992,35,segunda_division
UE Figueres,Real Murcia,0-0,https://www.besoccer.com/match/figueres/real-murcia/19921101,1992,35,segunda_division
CD Málaga,RM Castilla,2-1,https://www.besoccer.com/match/cd-malaga/rm-castilla/19921102,1992,35,segunda_division
Barcelona B,Sabadell,3-0,https://www.besoccer.com/match/barcelona-b/sabadell/19921103,1992,35,segunda_division
Lleida,Real Avilés,2-0,https://www.besoccer.com/match/ue-lleida/real-aviles-ind/19921104,1992,35,segunda_division
Racing,Palamós,0-3,https://www.besoccer.com/match/racing/palamos-cf/19921105,1992,35,segunda_division
Eibar,Celta,0-1,https://www.besoccer.com/match/eibar/celta/19921106,1992,35,segunda_division
Mérida CP,Rayo Vallecano,0-1,https://www.besoccer.com/match/merida-cp/rayo-vallecano/19921107,1992,35,segunda_division
CD Castellón,Real Betis,1-1,https://www.besoccer.com/match/cd-castellon/betis/19921108,1992,35,segunda_division
Sestao Sport Club,Compostela,1-1,https://www.besoccer.com/match/sestao-sport-club/sd-Compostela/19921109,1992,35,segunda_division
Celta,Sestao Sport Club,4-0,https://www.besoccer.com/match/celta/sestao-sport-club/19921120,1992,36,segunda_division
RM Castilla,Lleida,1-0,https://www.besoccer.com/match/rm-castilla/ue-lleida/19921111,1992,36,segunda_division
Compostela,Mérida CP,0-1,https://www.besoccer.com/match/sd-Compostela/merida-cp/19921112,1992,36,segunda_division
UE Figueres,Racing,0-0,https://www.besoccer.com/match/figueres/racing/19921113,1992,36,segunda_division
Real Betis,Las Palmas,3-0,https://www.besoccer.com/match/betis/ud-palmas/19921114,1992,36,segunda_division
Bilbao Ath.,Barcelona B,1-0,https://www.besoccer.com/match/athletic-bilbao-b/barcelona-b/19921115,1992,36,segunda_division
Real Avilés,CD Castellón,2-1,https://www.besoccer.com/match/real-aviles-ind/cd-castellon/19921116,1992,36,segunda_division
Real Murcia,Eibar,1-0,https://www.besoccer.com/match/real-murcia/eibar/19921117,1992,36,segunda_division
Sabadell,Palamós,3-2,https://www.besoccer.com/match/sabadell/palamos-cf/19921118,1992,36,segunda_division
Rayo Vallecano,CD Málaga,0-0,https://www.besoccer.com/match/rayo-vallecano/cd-malaga/19921119,1992,36,segunda_division
Eibar,UE Figueres,2-0,https://www.besoccer.com/match/eibar/figueres/19921121,1992,37,segunda_division
Barcelona B,Real Betis,1-0,https://www.besoccer.com/match/barcelona-b/betis/19921122,1992,37,segunda_division
Lleida,Rayo Vallecano,1-0,https://www.besoccer.com/match/ue-lleida/rayo-vallecano/19921123,1992,37,segunda_division
Palamós,Bilbao Ath.,1-1,https://www.besoccer.com/match/palamos-cf/athletic-bilbao-b/19921124,1992,37,segunda_division
Sabadell,Racing,0-0,https://www.besoccer.com/match/sabadell/racing/19921125,1992,37,segunda_division
Las Palmas,Real Avilés,2-0,https://www.besoccer.com/match/ud-palmas/real-aviles-ind/19921126,1992,37,segunda_division
CD Málaga,Compostela,0-1,https://www.besoccer.com/match/cd-malaga/sd-Compostela/19921127,1992,37,segunda_division
Mérida CP,Celta,2-1,https://www.besoccer.com/match/merida-cp/celta/19921128,1992,37,segunda_division
Sestao Sport Club,Real Murcia,0-0,https://www.besoccer.com/match/sestao-sport-club/real-murcia/19921129,1992,37,segunda_division
CD Castellón,RM Castilla,4-1,https://www.besoccer.com/match/cd-castellon/rm-castilla/19921130,1992,37,segunda_division
UE Figueres,Sestao Sport Club,2-0,https://www.besoccer.com/match/figueres/sestao-sport-club/19921131,1992,38,segunda_division
Compostela,Lleida,3-2,https://www.besoccer.com/match/sd-Compostela/ue-lleida/19921132,1992,38,segunda_division
Real Betis,Palamós,1-0,https://www.besoccer.com/match/betis/palamos-cf/19921133,1992,38,segunda_division
Rayo Vallecano,CD Castellón,4-1,https://www.besoccer.com/match/rayo-vallecano/cd-castellon/19921134,1992,38,segunda_division
Racing,Eibar,0-2,https://www.besoccer.com/match/racing/eibar/19921135,1992,38,segunda_division
Celta,CD Málaga,3-0,https://www.besoccer.com/match/celta/cd-malaga/19921136,1992,38,segunda_division
Real Murcia,Mérida CP,0-1,https://www.besoccer.com/match/real-murcia/merida-cp/19921137,1992,38,segunda_division
RM Castilla,Las Palmas,3-3,https://www.besoccer.com/match/rm-castilla/ud-palmas/19921138,1992,38,segunda_division
Bilbao Ath.,Sabadell,1-2,https://www.besoccer.com/match/athletic-bilbao-b/sabadell/19921139,1992,38,segunda_division
Real Avilés,Barcelona B,1-1,https://www.besoccer.com/match/real-aviles-ind/barcelona-b/19921140,1992,38,segunda_division
