Home_Team,Away_Team,Result,Link,Season,Round,League
R. Sociedad,Las Palmas,1-0,https://www.besoccer.com/match/real-sociedad/ud-palmas/200921515,2009,1,segunda_division
Levante,Real Zaragoza,2-1,https://www.besoccer.com/match/levante/real-zaragoza/200921516,2009,1,segunda_division
Rayo Vallecano,Real Murcia,1-0,https://www.besoccer.com/match/rayo-vallecano/real-murcia/200921517,2009,1,segunda_division
Celta,Girona,0-1,https://www.besoccer.com/match/celta/girona-fc/200921518,2009,1,segunda_division
Alicante,Xerez,0-1,https://www.besoccer.com/match/alicante/xerez/200921519,2009,1,segunda_division
Tenerife,Gimnàstic Tarragona,3-2,https://www.besoccer.com/match/tenerife/gimnastic-tarragona/200921520,2009,1,segunda_division
UD Salamanca,Alavés,0-0,https://www.besoccer.com/match/salamanca/alaves/200921521,2009,1,segunda_division
Huesca,CD Castellón,2-2,https://www.besoccer.com/match/huesca/cd-castellon/200921522,2009,1,segunda_division
Córdoba,Hércules,0-3,https://www.besoccer.com/match/cordoba/hercules/200921523,2009,1,segunda_division
Albacete,Sevilla At.,2-1,https://www.besoccer.com/match/albacete/sevilla-b/200921524,2009,1,segunda_division
Elche,Eibar,0-1,https://www.besoccer.com/match/elche/eibar/200921525,2009,1,segunda_division
Real Zaragoza,R. Sociedad,2-2,https://www.besoccer.com/match/real-zaragoza/real-sociedad/200921526,2009,2,segunda_division
Hércules,Rayo Vallecano,1-1,https://www.besoccer.com/match/hercules/rayo-vallecano/200921527,2009,2,segunda_division
CD Castellón,Celta,2-0,https://www.besoccer.com/match/cd-castellon/celta/200921528,2009,2,segunda_division
Eibar,Tenerife,3-2,https://www.besoccer.com/match/eibar/tenerife/200921529,2009,2,segunda_division
Las Palmas,Elche,2-0,https://www.besoccer.com/match/ud-palmas/elche/200921530,2009,2,segunda_division
Girona,Alicante,3-0,https://www.besoccer.com/match/girona-fc/alicante/200921531,2009,2,segunda_division
Alavés,Córdoba,1-0,https://www.besoccer.com/match/alaves/cordoba/200921532,2009,2,segunda_division
Sevilla At.,UD Salamanca,1-1,https://www.besoccer.com/match/sevilla-b/salamanca/200921533,2009,2,segunda_division
Xerez,Albacete,2-1,https://www.besoccer.com/match/xerez/albacete/200921534,2009,2,segunda_division
Gimnàstic Tarragona,Huesca,1-1,https://www.besoccer.com/match/gimnastic-tarragona/huesca/200921535,2009,2,segunda_division
Real Murcia,Levante,1-2,https://www.besoccer.com/match/real-murcia/levante/200921536,2009,2,segunda_division
Alicante,CD Castellón,0-0,https://www.besoccer.com/match/alicante/cd-castellon/200921539,2009,3,segunda_division
Huesca,Eibar,2-0,https://www.besoccer.com/match/huesca/eibar/200921537,2009,3,segunda_division
Córdoba,Sevilla At.,1-1,https://www.besoccer.com/match/cordoba/sevilla-b/200921538,2009,3,segunda_division
Celta,Gimnàstic Tarragona,0-2,https://www.besoccer.com/match/celta/gimnastic-tarragona/200921540,2009,3,segunda_division
Las Palmas,Real Zaragoza,2-2,https://www.besoccer.com/match/ud-palmas/real-zaragoza/200921541,2009,3,segunda_division
R. Sociedad,Real Murcia,2-0,https://www.besoccer.com/match/real-sociedad/real-murcia/200921542,2009,3,segunda_division
Rayo Vallecano,Alavés,2-1,https://www.besoccer.com/match/rayo-vallecano/alaves/200921543,2009,3,segunda_division
Elche,Tenerife,2-4,https://www.besoccer.com/match/elche/tenerife/200921544,2009,3,segunda_division
UD Salamanca,Xerez,2-1,https://www.besoccer.com/match/salamanca/xerez/200921545,2009,3,segunda_division
Levante,Hércules,0-2,https://www.besoccer.com/match/levante/hercules/200921546,2009,3,segunda_division
Albacete,Girona,1-1,https://www.besoccer.com/match/albacete/girona-fc/200921547,2009,3,segunda_division
Real Murcia,Las Palmas,0-0,https://www.besoccer.com/match/real-murcia/ud-palmas/200921549,2009,4,segunda_division
Alavés,Levante,2-2,https://www.besoccer.com/match/alaves/levante/200921551,2009,4,segunda_division
Sevilla At.,Rayo Vallecano,0-0,https://www.besoccer.com/match/sevilla-b/rayo-vallecano/200921552,2009,4,segunda_division
Gimnàstic Tarragona,Alicante,1-1,https://www.besoccer.com/match/gimnastic-tarragona/alicante/200921556,2009,4,segunda_division
Xerez,Córdoba,0-1,https://www.besoccer.com/match/xerez/cordoba/200921553,2009,4,segunda_division
CD Castellón,Albacete,1-0,https://www.besoccer.com/match/cd-castellon/albacete/200921555,2009,4,segunda_division
Eibar,Celta,0-0,https://www.besoccer.com/match/eibar/celta/200921557,2009,4,segunda_division
Girona,UD Salamanca,0-1,https://www.besoccer.com/match/girona-fc/salamanca/200921554,2009,4,segunda_division
Real Zaragoza,Elche,2-0,https://www.besoccer.com/match/real-zaragoza/elche/200921548,2009,4,segunda_division
Hércules,R. Sociedad,1-1,https://www.besoccer.com/match/hercules/real-sociedad/200921550,2009,4,segunda_division
Tenerife,Huesca,1-1,https://www.besoccer.com/match/tenerife/huesca/200921558,2009,4,segunda_division
Real Zaragoza,Real Murcia,2-1,https://www.besoccer.com/match/real-zaragoza/real-murcia/200921559,2009,5,segunda_division
Las Palmas,Hércules,1-1,https://www.besoccer.com/match/ud-palmas/hercules/200921560,2009,5,segunda_division
R. Sociedad,Alavés,1-1,https://www.besoccer.com/match/real-sociedad/alaves/200921561,2009,5,segunda_division
Córdoba,Girona,2-0,https://www.besoccer.com/match/cordoba/girona-fc/200921564,2009,5,segunda_division
Celta,Tenerife,2-1,https://www.besoccer.com/match/celta/tenerife/200921568,2009,5,segunda_division
Rayo Vallecano,Xerez,3-3,https://www.besoccer.com/match/rayo-vallecano/xerez/200921563,2009,5,segunda_division
Albacete,Gimnàstic Tarragona,3-2,https://www.besoccer.com/match/albacete/gimnastic-tarragona/200921566,2009,5,segunda_division
Levante,Sevilla At.,2-0,https://www.besoccer.com/match/levante/sevilla-b/200921562,2009,5,segunda_division
UD Salamanca,CD Castellón,1-0,https://www.besoccer.com/match/salamanca/cd-castellon/200921565,2009,5,segunda_division
Alicante,Eibar,3-1,https://www.besoccer.com/match/alicante/eibar/200921567,2009,5,segunda_division
Elche,Huesca,2-2,https://www.besoccer.com/match/elche/huesca/200921569,2009,5,segunda_division
Sevilla At.,R. Sociedad,1-0,https://www.besoccer.com/match/sevilla-b/real-sociedad/200921573,2009,6,segunda_division
Hércules,Real Zaragoza,2-1,https://www.besoccer.com/match/hercules/real-zaragoza/200921571,2009,6,segunda_division
Xerez,Levante,2-0,https://www.besoccer.com/match/xerez/levante/200921574,2009,6,segunda_division
Girona,Rayo Vallecano,1-1,https://www.besoccer.com/match/girona-fc/rayo-vallecano/200921575,2009,6,segunda_division
Eibar,Albacete,1-1,https://www.besoccer.com/match/eibar/albacete/200921578,2009,6,segunda_division
Tenerife,Alicante,3-1,https://www.besoccer.com/match/tenerife/alicante/200921579,2009,6,segunda_division
CD Castellón,Córdoba,1-1,https://www.besoccer.com/match/cd-castellon/cordoba/200921576,2009,6,segunda_division
Alavés,Las Palmas,2-1,https://www.besoccer.com/match/alaves/ud-palmas/200921572,2009,6,segunda_division
Huesca,Celta,0-0,https://www.besoccer.com/match/huesca/celta/200921580,2009,6,segunda_division
Real Murcia,Elche,1-0,https://www.besoccer.com/match/real-murcia/elche/200921570,2009,6,segunda_division
Gimnàstic Tarragona,UD Salamanca,2-0,https://www.besoccer.com/match/gimnastic-tarragona/salamanca/200921577,2009,6,segunda_division
Real Murcia,Hércules,0-0,https://www.besoccer.com/match/real-murcia/hercules/200921581,2009,7,segunda_division
Las Palmas,Sevilla At.,2-0,https://www.besoccer.com/match/ud-palmas/sevilla-b/200921583,2009,7,segunda_division
R. Sociedad,Xerez,0-0,https://www.besoccer.com/match/real-sociedad/xerez/200921584,2009,7,segunda_division
Alicante,Huesca,1-3,https://www.besoccer.com/match/alicante/huesca/200921590,2009,7,segunda_division
Real Zaragoza,Alavés,4-2,https://www.besoccer.com/match/real-zaragoza/alaves/200921582,2009,7,segunda_division
Rayo Vallecano,CD Castellón,4-2,https://www.besoccer.com/match/rayo-vallecano/cd-castellon/200921586,2009,7,segunda_division
Albacete,Tenerife,0-1,https://www.besoccer.com/match/albacete/tenerife/200921589,2009,7,segunda_division
Elche,Celta,1-1,https://www.besoccer.com/match/elche/celta/200921591,2009,7,segunda_division
Levante,Girona,1-1,https://www.besoccer.com/match/levante/girona-fc/200921585,2009,7,segunda_division
Córdoba,Gimnàstic Tarragona,0-0,https://www.besoccer.com/match/cordoba/gimnastic-tarragona/200921587,2009,7,segunda_division
UD Salamanca,Eibar,2-0,https://www.besoccer.com/match/salamanca/eibar/200921588,2009,7,segunda_division
Xerez,Las Palmas,1-0,https://www.besoccer.com/match/xerez/ud-palmas/200921595,2009,8,segunda_division
Alavés,Real Murcia,4-1,https://www.besoccer.com/match/alaves/real-murcia/200921593,2009,8,segunda_division
Sevilla At.,Real Zaragoza,0-4,https://www.besoccer.com/match/sevilla-b/real-zaragoza/200921594,2009,8,segunda_division
Girona,R. Sociedad,0-0,https://www.besoccer.com/match/girona-fc/real-sociedad/200921596,2009,8,segunda_division
CD Castellón,Levante,4-1,https://www.besoccer.com/match/cd-castellon/levante/200921597,2009,8,segunda_division
Tenerife,UD Salamanca,2-3,https://www.besoccer.com/match/tenerife/salamanca/200921600,2009,8,segunda_division
Celta,Alicante,2-2,https://www.besoccer.com/match/celta/alicante/200921602,2009,8,segunda_division
Hércules,Elche,0-0,https://www.besoccer.com/match/hercules/elche/200921592,2009,8,segunda_division
Gimnàstic Tarragona,Rayo Vallecano,3-1,https://www.besoccer.com/match/gimnastic-tarragona/rayo-vallecano/200921598,2009,8,segunda_division
Huesca,Albacete,1-2,https://www.besoccer.com/match/huesca/albacete/200921601,2009,8,segunda_division
Eibar,Córdoba,1-0,https://www.besoccer.com/match/eibar/cordoba/200921599,2009,8,segunda_division
Rayo Vallecano,Eibar,4-1,https://www.besoccer.com/match/rayo-vallecano/eibar/200921609,2009,9,segunda_division
Real Zaragoza,Xerez,2-1,https://www.besoccer.com/match/real-zaragoza/xerez/200921605,2009,9,segunda_division
Córdoba,Tenerife,2-0,https://www.besoccer.com/match/cordoba/tenerife/200921610,2009,9,segunda_division
Elche,Alicante,0-0,https://www.besoccer.com/match/elche/alicante/200921613,2009,9,segunda_division
Las Palmas,Girona,2-2,https://www.besoccer.com/match/ud-palmas/girona-fc/200921606,2009,9,segunda_division
Albacete,Celta,1-1,https://www.besoccer.com/match/albacete/celta/200921612,2009,9,segunda_division
R. Sociedad,CD Castellón,2-3,https://www.besoccer.com/match/real-sociedad/cd-castellon/200921607,2009,9,segunda_division
Levante,Gimnàstic Tarragona,2-2,https://www.besoccer.com/match/levante/gimnastic-tarragona/200921608,2009,9,segunda_division
UD Salamanca,Huesca,2-0,https://www.besoccer.com/match/salamanca/huesca/200921611,2009,9,segunda_division
Hércules,Alavés,3-0,https://www.besoccer.com/match/hercules/alaves/200921603,2009,9,segunda_division
Real Murcia,Sevilla At.,1-0,https://www.besoccer.com/match/real-murcia/sevilla-b/200921604,2009,9,segunda_division
Girona,Real Zaragoza,1-0,https://www.besoccer.com/match/girona-fc/real-zaragoza/200921617,2009,10,segunda_division
CD Castellón,Las Palmas,1-1,https://www.besoccer.com/match/cd-castellon/ud-palmas/200921618,2009,10,segunda_division
Gimnàstic Tarragona,R. Sociedad,1-2,https://www.besoccer.com/match/gimnastic-tarragona/real-sociedad/200921619,2009,10,segunda_division
Huesca,Córdoba,3-1,https://www.besoccer.com/match/huesca/cordoba/200921622,2009,10,segunda_division
Xerez,Real Murcia,5-3,https://www.besoccer.com/match/xerez/real-murcia/200921616,2009,10,segunda_division
Alavés,Elche,0-3,https://www.besoccer.com/match/alaves/elche/200921614,2009,10,segunda_division
Sevilla At.,Hércules,1-2,https://www.besoccer.com/match/sevilla-b/hercules/200921615,2009,10,segunda_division
Eibar,Levante,0-0,https://www.besoccer.com/match/eibar/levante/200921620,2009,10,segunda_division
Alicante,Albacete,1-2,https://www.besoccer.com/match/alicante/albacete/200921624,2009,10,segunda_division
Tenerife,Rayo Vallecano,2-0,https://www.besoccer.com/match/tenerife/rayo-vallecano/200921621,2009,10,segunda_division
Celta,UD Salamanca,2-0,https://www.besoccer.com/match/celta/salamanca/200921623,2009,10,segunda_division
Real Murcia,Girona,2-0,https://www.besoccer.com/match/real-murcia/girona-fc/200921627,2009,11,segunda_division
Las Palmas,Gimnàstic Tarragona,2-2,https://www.besoccer.com/match/ud-palmas/gimnastic-tarragona/200921629,2009,11,segunda_division
R. Sociedad,Eibar,0-0,https://www.besoccer.com/match/real-sociedad/eibar/200921630,2009,11,segunda_division
Levante,Tenerife,2-1,https://www.besoccer.com/match/levante/tenerife/200921631,2009,11,segunda_division
Rayo Vallecano,Huesca,1-0,https://www.besoccer.com/match/rayo-vallecano/huesca/200921632,2009,11,segunda_division
Córdoba,Celta,3-4,https://www.besoccer.com/match/cordoba/celta/200921633,2009,11,segunda_division
Hércules,Xerez,0-0,https://www.besoccer.com/match/hercules/xerez/200921626,2009,11,segunda_division
Alavés,Sevilla At.,2-2,https://www.besoccer.com/match/alaves/sevilla-b/200921625,2009,11,segunda_division
Real Zaragoza,CD Castellón,1-1,https://www.besoccer.com/match/real-zaragoza/cd-castellon/200921628,2009,11,segunda_division
UD Salamanca,Alicante,2-0,https://www.besoccer.com/match/salamanca/alicante/200921634,2009,11,segunda_division
Elche,Albacete,0-0,https://www.besoccer.com/match/elche/albacete/200921635,2009,11,segunda_division
Gimnàstic Tarragona,Real Zaragoza,0-0,https://www.besoccer.com/match/gimnastic-tarragona/real-zaragoza/200921640,2009,12,segunda_division
Eibar,Las Palmas,1-2,https://www.besoccer.com/match/eibar/ud-palmas/200921641,2009,12,segunda_division
Alicante,Córdoba,2-2,https://www.besoccer.com/match/alicante/cordoba/200921645,2009,12,segunda_division
Albacete,UD Salamanca,2-2,https://www.besoccer.com/match/albacete/salamanca/200921646,2009,12,segunda_division
CD Castellón,Real Murcia,2-0,https://www.besoccer.com/match/cd-castellon/real-murcia/200921639,2009,12,segunda_division
Sevilla At.,Elche,0-2,https://www.besoccer.com/match/sevilla-b/elche/200921636,2009,12,segunda_division
Girona,Hércules,1-0,https://www.besoccer.com/match/girona-fc/hercules/200921638,2009,12,segunda_division
Huesca,Levante,2-1,https://www.besoccer.com/match/huesca/levante/200921643,2009,12,segunda_division
Celta,Rayo Vallecano,0-0,https://www.besoccer.com/match/celta/rayo-vallecano/200921644,2009,12,segunda_division
Xerez,Alavés,5-0,https://www.besoccer.com/match/xerez/alaves/200921637,2009,12,segunda_division
Tenerife,R. Sociedad,1-1,https://www.besoccer.com/match/tenerife/real-sociedad/200921642,2009,12,segunda_division
Sevilla At.,Xerez,1-2,https://www.besoccer.com/match/sevilla-b/xerez/200921647,2009,13,segunda_division
Hércules,CD Castellón,0-0,https://www.besoccer.com/match/hercules/cd-castellon/200921649,2009,13,segunda_division
Real Murcia,Gimnàstic Tarragona,1-1,https://www.besoccer.com/match/real-murcia/gimnastic-tarragona/200921650,2009,13,segunda_division
Real Zaragoza,Eibar,3-0,https://www.besoccer.com/match/real-zaragoza/eibar/200921651,2009,13,segunda_division
Las Palmas,Tenerife,0-1,https://www.besoccer.com/match/ud-palmas/tenerife/200921652,2009,13,segunda_division
Córdoba,Albacete,1-0,https://www.besoccer.com/match/cordoba/albacete/200921656,2009,13,segunda_division
Alavés,Girona,1-0,https://www.besoccer.com/match/alaves/girona-fc/200921648,2009,13,segunda_division
R. Sociedad,Huesca,1-0,https://www.besoccer.com/match/real-sociedad/huesca/200921653,2009,13,segunda_division
Levante,Celta,1-3,https://www.besoccer.com/match/levante/celta/200921654,2009,13,segunda_division
Rayo Vallecano,Alicante,0-0,https://www.besoccer.com/match/rayo-vallecano/alicante/200921655,2009,13,segunda_division
Elche,UD Salamanca,3-1,https://www.besoccer.com/match/elche/salamanca/200921657,2009,13,segunda_division
Xerez,Elche,3-1,https://www.besoccer.com/match/xerez/elche/200921658,2009,14,segunda_division
Girona,Sevilla At.,1-0,https://www.besoccer.com/match/girona-fc/sevilla-b/200921659,2009,14,segunda_division
Eibar,Real Murcia,3-1,https://www.besoccer.com/match/eibar/real-murcia/200921662,2009,14,segunda_division
Huesca,Las Palmas,2-1,https://www.besoccer.com/match/huesca/ud-palmas/200921664,2009,14,segunda_division
Celta,R. Sociedad,0-0,https://www.besoccer.com/match/celta/real-sociedad/200921665,2009,14,segunda_division
Albacete,Rayo Vallecano,2-1,https://www.besoccer.com/match/albacete/rayo-vallecano/200921667,2009,14,segunda_division
Gimnàstic Tarragona,Hércules,2-2,https://www.besoccer.com/match/gimnastic-tarragona/hercules/200921661,2009,14,segunda_division
CD Castellón,Alavés,0-1,https://www.besoccer.com/match/cd-castellon/alaves/200921660,2009,14,segunda_division
Alicante,Levante,0-2,https://www.besoccer.com/match/alicante/levante/200921666,2009,14,segunda_division
Tenerife,Real Zaragoza,1-2,https://www.besoccer.com/match/tenerife/real-zaragoza/200921663,2009,14,segunda_division
UD Salamanca,Córdoba,1-0,https://www.besoccer.com/match/salamanca/cordoba/200921668,2009,14,segunda_division
Rayo Vallecano,UD Salamanca,1-1,https://www.besoccer.com/match/rayo-vallecano/salamanca/200921678,2009,15,segunda_division
Las Palmas,Celta,2-0,https://www.besoccer.com/match/ud-palmas/celta/200921675,2009,15,segunda_division
Real Zaragoza,Huesca,2-2,https://www.besoccer.com/match/real-zaragoza/huesca/200921674,2009,15,segunda_division
R. Sociedad,Alicante,1-0,https://www.besoccer.com/match/real-sociedad/alicante/200921676,2009,15,segunda_division
Levante,Albacete,3-1,https://www.besoccer.com/match/levante/albacete/200921677,2009,15,segunda_division
Elche,Córdoba,3-1,https://www.besoccer.com/match/elche/cordoba/200921679,2009,15,segunda_division
Xerez,Girona,2-2,https://www.besoccer.com/match/xerez/girona-fc/200921669,2009,15,segunda_division
Alavés,Gimnàstic Tarragona,1-1,https://www.besoccer.com/match/alaves/gimnastic-tarragona/200921671,2009,15,segunda_division
Sevilla At.,CD Castellón,0-2,https://www.besoccer.com/match/sevilla-b/cd-castellon/200921670,2009,15,segunda_division
Real Murcia,Tenerife,2-2,https://www.besoccer.com/match/real-murcia/tenerife/200921673,2009,15,segunda_division
Hércules,Eibar,2-0,https://www.besoccer.com/match/hercules/eibar/200921672,2009,15,segunda_division
Alicante,Las Palmas,1-2,https://www.besoccer.com/match/alicante/ud-palmas/200921687,2009,16,segunda_division
Celta,Real Zaragoza,2-0,https://www.besoccer.com/match/celta/real-zaragoza/200921686,2009,16,segunda_division
Huesca,Real Murcia,1-0,https://www.besoccer.com/match/huesca/real-murcia/200921685,2009,16,segunda_division
Albacete,R. Sociedad,2-1,https://www.besoccer.com/match/albacete/real-sociedad/200921688,2009,16,segunda_division
Córdoba,Rayo Vallecano,0-1,https://www.besoccer.com/match/cordoba/rayo-vallecano/200921690,2009,16,segunda_division
CD Castellón,Xerez,2-2,https://www.besoccer.com/match/cd-castellon/xerez/200921681,2009,16,segunda_division
Girona,Elche,1-1,https://www.besoccer.com/match/girona-fc/elche/200921680,2009,16,segunda_division
Gimnàstic Tarragona,Sevilla At.,3-1,https://www.besoccer.com/match/gimnastic-tarragona/sevilla-b/200921682,2009,16,segunda_division
UD Salamanca,Levante,3-0,https://www.besoccer.com/match/salamanca/levante/200921689,2009,16,segunda_division
Eibar,Alavés,1-0,https://www.besoccer.com/match/eibar/alaves/200921683,2009,16,segunda_division
Tenerife,Hércules,3-2,https://www.besoccer.com/match/tenerife/hercules/200921684,2009,16,segunda_division
R. Sociedad,UD Salamanca,1-0,https://www.besoccer.com/match/real-sociedad/salamanca/200921699,2009,17,segunda_division
Sevilla At.,Eibar,0-0,https://www.besoccer.com/match/sevilla-b/eibar/200921693,2009,17,segunda_division
Elche,Rayo Vallecano,2-0,https://www.besoccer.com/match/elche/rayo-vallecano/200921701,2009,17,segunda_division
Girona,CD Castellón,1-0,https://www.besoccer.com/match/girona-fc/cd-castellon/200921691,2009,17,segunda_division
Hércules,Huesca,3-2,https://www.besoccer.com/match/hercules/huesca/200921695,2009,17,segunda_division
Las Palmas,Albacete,3-0,https://www.besoccer.com/match/ud-palmas/albacete/200921698,2009,17,segunda_division
Levante,Córdoba,3-0,https://www.besoccer.com/match/levante/cordoba/200921700,2009,17,segunda_division
Real Zaragoza,Alicante,3-0,https://www.besoccer.com/match/real-zaragoza/alicante/200921697,2009,17,segunda_division
Xerez,Gimnàstic Tarragona,1-2,https://www.besoccer.com/match/xerez/gimnastic-tarragona/200921692,2009,17,segunda_division
Alavés,Tenerife,1-2,https://www.besoccer.com/match/alaves/tenerife/200921694,2009,17,segunda_division
Real Murcia,Celta,1-0,https://www.besoccer.com/match/real-murcia/celta/200921696,2009,17,segunda_division
Gimnàstic Tarragona,Girona,3-0,https://www.besoccer.com/match/gimnastic-tarragona/girona-fc/200921703,2009,18,segunda_division
CD Castellón,Elche,2-2,https://www.besoccer.com/match/cd-castellon/elche/200921702,2009,18,segunda_division
Eibar,Xerez,1-1,https://www.besoccer.com/match/eibar/xerez/200921704,2009,18,segunda_division
Alicante,Real Murcia,0-2,https://www.besoccer.com/match/alicante/real-murcia/200921708,2009,18,segunda_division
Albacete,Real Zaragoza,1-1,https://www.besoccer.com/match/albacete/real-zaragoza/200921709,2009,18,segunda_division
UD Salamanca,Las Palmas,2-2,https://www.besoccer.com/match/salamanca/ud-palmas/200921710,2009,18,segunda_division
Celta,Hércules,2-1,https://www.besoccer.com/match/celta/hercules/200921707,2009,18,segunda_division
Huesca,Alavés,2-0,https://www.besoccer.com/match/huesca/alaves/200921706,2009,18,segunda_division
Córdoba,R. Sociedad,2-2,https://www.besoccer.com/match/cordoba/real-sociedad/200921711,2009,18,segunda_division
Rayo Vallecano,Levante,0-0,https://www.besoccer.com/match/rayo-vallecano/levante/200921712,2009,18,segunda_division
Tenerife,Sevilla At.,2-1,https://www.besoccer.com/match/tenerife/sevilla-b/200921705,2009,18,segunda_division
Sevilla At.,Huesca,1-1,https://www.besoccer.com/match/sevilla-b/huesca/200921716,2009,19,segunda_division
Alavés,Celta,1-2,https://www.besoccer.com/match/alaves/celta/200921717,2009,19,segunda_division
Hércules,Alicante,1-2,https://www.besoccer.com/match/hercules/alicante/200921718,2009,19,segunda_division
Real Murcia,Albacete,1-0,https://www.besoccer.com/match/real-murcia/albacete/200921719,2009,19,segunda_division
Real Zaragoza,UD Salamanca,1-0,https://www.besoccer.com/match/real-zaragoza/salamanca/200921720,2009,19,segunda_division
Las Palmas,Córdoba,0-0,https://www.besoccer.com/match/ud-palmas/cordoba/200921721,2009,19,segunda_division
Xerez,Tenerife,2-0,https://www.besoccer.com/match/xerez/tenerife/200921715,2009,19,segunda_division
CD Castellón,Gimnàstic Tarragona,2-1,https://www.besoccer.com/match/cd-castellon/gimnastic-tarragona/200921713,2009,19,segunda_division
Girona,Eibar,2-0,https://www.besoccer.com/match/girona-fc/eibar/200921714,2009,19,segunda_division
R. Sociedad,Rayo Vallecano,1-1,https://www.besoccer.com/match/real-sociedad/rayo-vallecano/200921722,2009,19,segunda_division
Elche,Levante,0-2,https://www.besoccer.com/match/elche/levante/200921723,2009,19,segunda_division
UD Salamanca,Real Murcia,2-3,https://www.besoccer.com/match/salamanca/real-murcia/200921731,2009,20,segunda_division
Albacete,Hércules,0-3,https://www.besoccer.com/match/albacete/hercules/200921730,2009,20,segunda_division
Córdoba,Real Zaragoza,1-0,https://www.besoccer.com/match/cordoba/real-zaragoza/200921732,2009,20,segunda_division
Rayo Vallecano,Las Palmas,1-1,https://www.besoccer.com/match/rayo-vallecano/ud-palmas/200921733,2009,20,segunda_division
Levante,R. Sociedad,0-2,https://www.besoccer.com/match/levante/real-sociedad/200921734,2009,20,segunda_division
Celta,Sevilla At.,2-0,https://www.besoccer.com/match/celta/sevilla-b/200921728,2009,20,segunda_division
Elche,Gimnàstic Tarragona,2-0,https://www.besoccer.com/match/elche/gimnastic-tarragona/200921724,2009,20,segunda_division
Eibar,CD Castellón,0-1,https://www.besoccer.com/match/eibar/cd-castellon/200921725,2009,20,segunda_division
Huesca,Xerez,1-1,https://www.besoccer.com/match/huesca/xerez/200921727,2009,20,segunda_division
Alicante,Alavés,0-2,https://www.besoccer.com/match/alicante/alaves/200921729,2009,20,segunda_division
Tenerife,Girona,4-1,https://www.besoccer.com/match/tenerife/girona-fc/200921726,2009,20,segunda_division
CD Castellón,Tenerife,2-2,https://www.besoccer.com/match/cd-castellon/tenerife/200921736,2009,21,segunda_division
Girona,Huesca,2-0,https://www.besoccer.com/match/girona-fc/huesca/200921737,2009,21,segunda_division
Xerez,Celta,2-0,https://www.besoccer.com/match/xerez/celta/200921738,2009,21,segunda_division
Alavés,Albacete,0-2,https://www.besoccer.com/match/alaves/albacete/200921740,2009,21,segunda_division
Real Murcia,Córdoba,1-0,https://www.besoccer.com/match/real-murcia/cordoba/200921742,2009,21,segunda_division
Las Palmas,Levante,1-2,https://www.besoccer.com/match/ud-palmas/levante/200921744,2009,21,segunda_division
R. Sociedad,Elche,0-0,https://www.besoccer.com/match/real-sociedad/elche/200921745,2009,21,segunda_division
Sevilla At.,Alicante,2-3,https://www.besoccer.com/match/sevilla-b/alicante/200921739,2009,21,segunda_division
Hércules,UD Salamanca,2-2,https://www.besoccer.com/match/hercules/salamanca/200921741,2009,21,segunda_division
Real Zaragoza,Rayo Vallecano,2-3,https://www.besoccer.com/match/real-zaragoza/rayo-vallecano/200921743,2009,21,segunda_division
Gimnàstic Tarragona,Eibar,2-0,https://www.besoccer.com/match/gimnastic-tarragona/eibar/200921735,2009,21,segunda_division
Las Palmas,R. Sociedad,0-1,https://www.besoccer.com/match/ud-palmas/real-sociedad/200921746,2009,22,segunda_division
Real Murcia,Rayo Vallecano,0-1,https://www.besoccer.com/match/real-murcia/rayo-vallecano/200921748,2009,22,segunda_division
Hércules,Córdoba,1-0,https://www.besoccer.com/match/hercules/cordoba/200921749,2009,22,segunda_division
Sevilla At.,Albacete,1-1,https://www.besoccer.com/match/sevilla-b/albacete/200921751,2009,22,segunda_division
Girona,Celta,2-2,https://www.besoccer.com/match/girona-fc/celta/200921753,2009,22,segunda_division
CD Castellón,Huesca,1-1,https://www.besoccer.com/match/cd-castellon/huesca/200921754,2009,22,segunda_division
Real Zaragoza,Levante,2-1,https://www.besoccer.com/match/real-zaragoza/levante/200921747,2009,22,segunda_division
Alavés,UD Salamanca,1-1,https://www.besoccer.com/match/alaves/salamanca/200921750,2009,22,segunda_division
Xerez,Alicante,2-0,https://www.besoccer.com/match/xerez/alicante/200921752,2009,22,segunda_division
Gimnàstic Tarragona,Tenerife,0-1,https://www.besoccer.com/match/gimnastic-tarragona/tenerife/200921755,2009,22,segunda_division
Eibar,Elche,1-2,https://www.besoccer.com/match/eibar/elche/200921756,2009,22,segunda_division
Rayo Vallecano,Hércules,1-0,https://www.besoccer.com/match/rayo-vallecano/hercules/200921760,2009,23,segunda_division
R. Sociedad,Real Zaragoza,1-1,https://www.besoccer.com/match/real-sociedad/real-zaragoza/200921758,2009,23,segunda_division
Levante,Real Murcia,2-1,https://www.besoccer.com/match/levante/real-murcia/200921759,2009,23,segunda_division
Albacete,Xerez,0-2,https://www.besoccer.com/match/albacete/xerez/200921763,2009,23,segunda_division
Celta,CD Castellón,1-2,https://www.besoccer.com/match/celta/cd-castellon/200921765,2009,23,segunda_division
Elche,Las Palmas,1-1,https://www.besoccer.com/match/elche/ud-palmas/200921757,2009,23,segunda_division
Córdoba,Alavés,3-0,https://www.besoccer.com/match/cordoba/alaves/200921761,2009,23,segunda_division
UD Salamanca,Sevilla At.,6-0,https://www.besoccer.com/match/salamanca/sevilla-b/200921762,2009,23,segunda_division
Alicante,Girona,1-1,https://www.besoccer.com/match/alicante/girona-fc/200921764,2009,23,segunda_division
Huesca,Gimnàstic Tarragona,3-2,https://www.besoccer.com/match/huesca/gimnastic-tarragona/200921766,2009,23,segunda_division
Tenerife,Eibar,2-0,https://www.besoccer.com/match/tenerife/eibar/200921767,2009,23,segunda_division
Eibar,Huesca,2-0,https://www.besoccer.com/match/eibar/huesca/200921777,2009,24,segunda_division
Real Zaragoza,Las Palmas,2-0,https://www.besoccer.com/match/real-zaragoza/ud-palmas/200921768,2009,24,segunda_division
Real Murcia,R. Sociedad,2-0,https://www.besoccer.com/match/real-murcia/real-sociedad/200921769,2009,24,segunda_division
Hércules,Levante,4-2,https://www.besoccer.com/match/hercules/levante/200921770,2009,24,segunda_division
Sevilla At.,Córdoba,0-2,https://www.besoccer.com/match/sevilla-b/cordoba/200921772,2009,24,segunda_division
Girona,Albacete,3-3,https://www.besoccer.com/match/girona-fc/albacete/200921774,2009,24,segunda_division
Gimnàstic Tarragona,Celta,1-1,https://www.besoccer.com/match/gimnastic-tarragona/celta/200921776,2009,24,segunda_division
Xerez,UD Salamanca,2-1,https://www.besoccer.com/match/xerez/salamanca/200921773,2009,24,segunda_division
Alavés,Rayo Vallecano,0-2,https://www.besoccer.com/match/alaves/rayo-vallecano/200921771,2009,24,segunda_division
CD Castellón,Alicante,2-0,https://www.besoccer.com/match/cd-castellon/alicante/200921775,2009,24,segunda_division
Tenerife,Elche,3-2,https://www.besoccer.com/match/tenerife/elche/200921778,2009,24,segunda_division
Las Palmas,Real Murcia,0-1,https://www.besoccer.com/match/ud-palmas/real-murcia/200921780,2009,25,segunda_division
Elche,Real Zaragoza,2-0,https://www.besoccer.com/match/elche/real-zaragoza/200921779,2009,25,segunda_division
Rayo Vallecano,Sevilla At.,1-0,https://www.besoccer.com/match/rayo-vallecano/sevilla-b/200921783,2009,25,segunda_division
Albacete,CD Castellón,2-0,https://www.besoccer.com/match/albacete/cd-castellon/200921786,2009,25,segunda_division
Celta,Eibar,1-2,https://www.besoccer.com/match/celta/eibar/200921788,2009,25,segunda_division
Huesca,Tenerife,0-0,https://www.besoccer.com/match/huesca/tenerife/200921789,2009,25,segunda_division
Córdoba,Xerez,1-2,https://www.besoccer.com/match/cordoba/xerez/200921784,2009,25,segunda_division
R. Sociedad,Hércules,1-2,https://www.besoccer.com/match/real-sociedad/hercules/200921781,2009,25,segunda_division
Levante,Alavés,2-3,https://www.besoccer.com/match/levante/alaves/200921782,2009,25,segunda_division
UD Salamanca,Girona,2-2,https://www.besoccer.com/match/salamanca/girona-fc/200921785,2009,25,segunda_division
Alicante,Gimnàstic Tarragona,1-3,https://www.besoccer.com/match/alicante/gimnastic-tarragona/200921787,2009,25,segunda_division
Alavés,R. Sociedad,2-1,https://www.besoccer.com/match/alaves/real-sociedad/200921792,2009,26,segunda_division
Real Murcia,Real Zaragoza,1-4,https://www.besoccer.com/match/real-murcia/real-zaragoza/200921790,2009,26,segunda_division
Hércules,Las Palmas,4-2,https://www.besoccer.com/match/hercules/ud-palmas/200921791,2009,26,segunda_division
Xerez,Rayo Vallecano,1-1,https://www.besoccer.com/match/xerez/rayo-vallecano/200921794,2009,26,segunda_division
Girona,Córdoba,1-1,https://www.besoccer.com/match/girona-fc/cordoba/200921795,2009,26,segunda_division
Huesca,Elche,3-2,https://www.besoccer.com/match/huesca/elche/200921800,2009,26,segunda_division
Sevilla At.,Levante,1-2,https://www.besoccer.com/match/sevilla-b/levante/200921793,2009,26,segunda_division
CD Castellón,UD Salamanca,2-0,https://www.besoccer.com/match/cd-castellon/salamanca/200921796,2009,26,segunda_division
Gimnàstic Tarragona,Albacete,1-0,https://www.besoccer.com/match/gimnastic-tarragona/albacete/200921797,2009,26,segunda_division
Eibar,Alicante,1-2,https://www.besoccer.com/match/eibar/alicante/200921798,2009,26,segunda_division
Tenerife,Celta,3-0,https://www.besoccer.com/match/tenerife/celta/200921799,2009,26,segunda_division
Córdoba,CD Castellón,2-1,https://www.besoccer.com/match/cordoba/cd-castellon/200921807,2009,27,segunda_division
Rayo Vallecano,Girona,1-1,https://www.besoccer.com/match/rayo-vallecano/girona-fc/200921806,2009,27,segunda_division
Albacete,Eibar,2-0,https://www.besoccer.com/match/albacete/eibar/200921809,2009,27,segunda_division
Alicante,Tenerife,2-2,https://www.besoccer.com/match/alicante/tenerife/200921810,2009,27,segunda_division
Celta,Huesca,0-1,https://www.besoccer.com/match/celta/huesca/200921811,2009,27,segunda_division
Las Palmas,Alavés,2-1,https://www.besoccer.com/match/ud-palmas/alaves/200921803,2009,27,segunda_division
Elche,Real Murcia,1-1,https://www.besoccer.com/match/elche/real-murcia/200921801,2009,27,segunda_division
Real Zaragoza,Hércules,2-2,https://www.besoccer.com/match/real-zaragoza/hercules/200921802,2009,27,segunda_division
R. Sociedad,Sevilla At.,1-0,https://www.besoccer.com/match/real-sociedad/sevilla-b/200921804,2009,27,segunda_division
Levante,Xerez,2-2,https://www.besoccer.com/match/levante/xerez/200921805,2009,27,segunda_division
UD Salamanca,Gimnàstic Tarragona,4-0,https://www.besoccer.com/match/salamanca/gimnastic-tarragona/200921808,2009,27,segunda_division
Alavés,Real Zaragoza,2-2,https://www.besoccer.com/match/alaves/real-zaragoza/200921813,2009,28,segunda_division
Sevilla At.,Las Palmas,2-2,https://www.besoccer.com/match/sevilla-b/ud-palmas/200921814,2009,28,segunda_division
Xerez,R. Sociedad,1-3,https://www.besoccer.com/match/xerez/real-sociedad/200921815,2009,28,segunda_division
Gimnàstic Tarragona,Córdoba,2-2,https://www.besoccer.com/match/gimnastic-tarragona/cordoba/200921818,2009,28,segunda_division
Celta,Elche,2-2,https://www.besoccer.com/match/celta/elche/200921822,2009,28,segunda_division
CD Castellón,Rayo Vallecano,0-0,https://www.besoccer.com/match/cd-castellon/rayo-vallecano/200921817,2009,28,segunda_division
Hércules,Real Murcia,3-2,https://www.besoccer.com/match/hercules/real-murcia/200921812,2009,28,segunda_division
Girona,Levante,0-0,https://www.besoccer.com/match/girona-fc/levante/200921816,2009,28,segunda_division
Eibar,UD Salamanca,1-2,https://www.besoccer.com/match/eibar/salamanca/200921819,2009,28,segunda_division
Huesca,Alicante,0-1,https://www.besoccer.com/match/huesca/alicante/200921821,2009,28,segunda_division
Tenerife,Albacete,1-1,https://www.besoccer.com/match/tenerife/albacete/200921820,2009,28,segunda_division
Real Murcia,Alavés,1-0,https://www.besoccer.com/match/real-murcia/alaves/200921824,2009,29,segunda_division
Las Palmas,Xerez,2-3,https://www.besoccer.com/match/ud-palmas/xerez/200921826,2009,29,segunda_division
Levante,CD Castellón,3-1,https://www.besoccer.com/match/levante/cd-castellon/200921828,2009,29,segunda_division
Córdoba,Eibar,1-1,https://www.besoccer.com/match/cordoba/eibar/200921830,2009,29,segunda_division
UD Salamanca,Tenerife,1-2,https://www.besoccer.com/match/salamanca/tenerife/200921831,2009,29,segunda_division
Albacete,Huesca,0-2,https://www.besoccer.com/match/albacete/huesca/200921832,2009,29,segunda_division
Alicante,Celta,2-2,https://www.besoccer.com/match/alicante/celta/200921833,2009,29,segunda_division
Real Zaragoza,Sevilla At.,4-0,https://www.besoccer.com/match/real-zaragoza/sevilla-b/200921825,2009,29,segunda_division
Elche,Hércules,2-2,https://www.besoccer.com/match/elche/hercules/200921823,2009,29,segunda_division
R. Sociedad,Girona,2-0,https://www.besoccer.com/match/real-sociedad/girona-fc/200921827,2009,29,segunda_division
Rayo Vallecano,Gimnàstic Tarragona,3-2,https://www.besoccer.com/match/rayo-vallecano/gimnastic-tarragona/200921829,2009,29,segunda_division
Sevilla At.,Real Murcia,3-3,https://www.besoccer.com/match/sevilla-b/real-murcia/200921835,2009,30,segunda_division
Xerez,Real Zaragoza,1-2,https://www.besoccer.com/match/xerez/real-zaragoza/200921836,2009,30,segunda_division
Girona,Las Palmas,2-2,https://www.besoccer.com/match/girona-fc/ud-palmas/200921837,2009,30,segunda_division
Celta,Albacete,0-0,https://www.besoccer.com/match/celta/albacete/200921843,2009,30,segunda_division
CD Castellón,R. Sociedad,0-3,https://www.besoccer.com/match/cd-castellon/real-sociedad/200921838,2009,30,segunda_division
Gimnàstic Tarragona,Levante,2-0,https://www.besoccer.com/match/gimnastic-tarragona/levante/200921839,2009,30,segunda_division
Alicante,Elche,0-3,https://www.besoccer.com/match/alicante/elche/200921844,2009,30,segunda_division
Eibar,Rayo Vallecano,0-1,https://www.besoccer.com/match/eibar/rayo-vallecano/200921840,2009,30,segunda_division
Tenerife,Córdoba,2-0,https://www.besoccer.com/match/tenerife/cordoba/200921841,2009,30,segunda_division
Huesca,UD Salamanca,0-0,https://www.besoccer.com/match/huesca/salamanca/200921842,2009,30,segunda_division
Alavés,Hércules,1-3,https://www.besoccer.com/match/alaves/hercules/200921834,2009,30,segunda_division
Las Palmas,CD Castellón,1-0,https://www.besoccer.com/match/ud-palmas/cd-castellon/200921849,2009,31,segunda_division
R. Sociedad,Gimnàstic Tarragona,0-0,https://www.besoccer.com/match/real-sociedad/gimnastic-tarragona/200921850,2009,31,segunda_division
Rayo Vallecano,Tenerife,0-0,https://www.besoccer.com/match/rayo-vallecano/tenerife/200921852,2009,31,segunda_division
Córdoba,Huesca,1-0,https://www.besoccer.com/match/cordoba/huesca/200921853,2009,31,segunda_division
Real Zaragoza,Girona,1-0,https://www.besoccer.com/match/real-zaragoza/girona-fc/200921848,2009,31,segunda_division
Real Murcia,Xerez,1-2,https://www.besoccer.com/match/real-murcia/xerez/200921847,2009,31,segunda_division
Levante,Eibar,2-0,https://www.besoccer.com/match/levante/eibar/200921851,2009,31,segunda_division
Albacete,Alicante,0-2,https://www.besoccer.com/match/albacete/alicante/200921855,2009,31,segunda_division
Elche,Alavés,1-0,https://www.besoccer.com/match/elche/alaves/200921845,2009,31,segunda_division
UD Salamanca,Celta,2-1,https://www.besoccer.com/match/salamanca/celta/200921854,2009,31,segunda_division
Hércules,Sevilla At.,8-0,https://www.besoccer.com/match/hercules/sevilla-b/200921846,2009,31,segunda_division
Sevilla At.,Alavés,1-1,https://www.besoccer.com/match/sevilla-b/alaves/200921856,2009,32,segunda_division
Girona,Real Murcia,1-0,https://www.besoccer.com/match/girona-fc/real-murcia/200921858,2009,32,segunda_division
Xerez,Hércules,3-0,https://www.besoccer.com/match/xerez/hercules/200921857,2009,32,segunda_division
CD Castellón,Real Zaragoza,1-1,https://www.besoccer.com/match/cd-castellon/real-zaragoza/200921859,2009,32,segunda_division
Gimnàstic Tarragona,Las Palmas,0-0,https://www.besoccer.com/match/gimnastic-tarragona/ud-palmas/200921860,2009,32,segunda_division
Eibar,R. Sociedad,1-1,https://www.besoccer.com/match/eibar/real-sociedad/200921861,2009,32,segunda_division
Tenerife,Levante,5-1,https://www.besoccer.com/match/tenerife/levante/200921862,2009,32,segunda_division
Huesca,Rayo Vallecano,0-1,https://www.besoccer.com/match/huesca/rayo-vallecano/200921863,2009,32,segunda_division
Celta,Córdoba,1-0,https://www.besoccer.com/match/celta/cordoba/200921864,2009,32,segunda_division
Alicante,UD Salamanca,0-0,https://www.besoccer.com/match/alicante/salamanca/200921865,2009,32,segunda_division
Albacete,Elche,2-1,https://www.besoccer.com/match/albacete/elche/200921866,2009,32,segunda_division
Elche,Sevilla At.,2-0,https://www.besoccer.com/match/elche/sevilla-b/200921867,2009,33,segunda_division
Real Zaragoza,Gimnàstic Tarragona,1-0,https://www.besoccer.com/match/real-zaragoza/gimnastic-tarragona/200921871,2009,33,segunda_division
Las Palmas,Eibar,1-0,https://www.besoccer.com/match/ud-palmas/eibar/200921872,2009,33,segunda_division
R. Sociedad,Tenerife,1-2,https://www.besoccer.com/match/real-sociedad/tenerife/200921873,2009,33,segunda_division
Levante,Huesca,1-0,https://www.besoccer.com/match/levante/huesca/200921874,2009,33,segunda_division
Rayo Vallecano,Celta,4-1,https://www.besoccer.com/match/rayo-vallecano/celta/200921875,2009,33,segunda_division
UD Salamanca,Albacete,3-1,https://www.besoccer.com/match/salamanca/albacete/200921877,2009,33,segunda_division
Hércules,Girona,3-0,https://www.besoccer.com/match/hercules/girona-fc/200921869,2009,33,segunda_division
Alavés,Xerez,1-2,https://www.besoccer.com/match/alaves/xerez/200921868,2009,33,segunda_division
Córdoba,Alicante,2-1,https://www.besoccer.com/match/cordoba/alicante/200921876,2009,33,segunda_division
Real Murcia,CD Castellón,2-2,https://www.besoccer.com/match/real-murcia/cd-castellon/200921870,2009,33,segunda_division
Girona,Alavés,0-1,https://www.besoccer.com/match/girona-fc/alaves/200921879,2009,34,segunda_division
CD Castellón,Hércules,0-0,https://www.besoccer.com/match/cd-castellon/hercules/200921880,2009,34,segunda_division
Gimnàstic Tarragona,Real Murcia,3-0,https://www.besoccer.com/match/gimnastic-tarragona/real-murcia/200921881,2009,34,segunda_division
Eibar,Real Zaragoza,2-3,https://www.besoccer.com/match/eibar/real-zaragoza/200921882,2009,34,segunda_division
Tenerife,Las Palmas,2-0,https://www.besoccer.com/match/tenerife/ud-palmas/200921883,2009,34,segunda_division
Albacete,Córdoba,1-1,https://www.besoccer.com/match/albacete/cordoba/200921887,2009,34,segunda_division
Xerez,Sevilla At.,2-0,https://www.besoccer.com/match/xerez/sevilla-b/200921878,2009,34,segunda_division
Huesca,R. Sociedad,1-2,https://www.besoccer.com/match/huesca/real-sociedad/200921884,2009,34,segunda_division
Celta,Levante,2-2,https://www.besoccer.com/match/celta/levante/200921885,2009,34,segunda_division
Alicante,Rayo Vallecano,2-0,https://www.besoccer.com/match/alicante/rayo-vallecano/200921886,2009,34,segunda_division
UD Salamanca,Elche,1-1,https://www.besoccer.com/match/salamanca/elche/200921888,2009,34,segunda_division
Levante,Alicante,2-0,https://www.besoccer.com/match/levante/alicante/200921897,2009,35,segunda_division
Real Murcia,Eibar,2-0,https://www.besoccer.com/match/real-murcia/eibar/200921893,2009,35,segunda_division
Las Palmas,Huesca,1-1,https://www.besoccer.com/match/ud-palmas/huesca/200921895,2009,35,segunda_division
Rayo Vallecano,Albacete,0-3,https://www.besoccer.com/match/rayo-vallecano/albacete/200921898,2009,35,segunda_division
Real Zaragoza,Tenerife,1-1,https://www.besoccer.com/match/real-zaragoza/tenerife/200921894,2009,35,segunda_division
R. Sociedad,Celta,2-2,https://www.besoccer.com/match/real-sociedad/celta/200921896,2009,35,segunda_division
Sevilla At.,Girona,2-1,https://www.besoccer.com/match/sevilla-b/girona-fc/200921890,2009,35,segunda_division
Hércules,Gimnàstic Tarragona,2-2,https://www.besoccer.com/match/hercules/gimnastic-tarragona/200921892,2009,35,segunda_division
Elche,Xerez,0-1,https://www.besoccer.com/match/elche/xerez/200921889,2009,35,segunda_division
Alavés,CD Castellón,0-1,https://www.besoccer.com/match/alaves/cd-castellon/200921891,2009,35,segunda_division
Córdoba,UD Salamanca,0-2,https://www.besoccer.com/match/cordoba/salamanca/200921899,2009,35,segunda_division
Celta,Las Palmas,0-1,https://www.besoccer.com/match/celta/ud-palmas/200921906,2009,36,segunda_division
Eibar,Hércules,0-1,https://www.besoccer.com/match/eibar/hercules/200921903,2009,36,segunda_division
Albacete,Levante,0-1,https://www.besoccer.com/match/albacete/levante/200921908,2009,36,segunda_division
Córdoba,Elche,1-1,https://www.besoccer.com/match/cordoba/elche/200921910,2009,36,segunda_division
UD Salamanca,Rayo Vallecano,0-1,https://www.besoccer.com/match/salamanca/rayo-vallecano/200921909,2009,36,segunda_division
Huesca,Real Zaragoza,0-1,https://www.besoccer.com/match/huesca/real-zaragoza/200921905,2009,36,segunda_division
Tenerife,Real Murcia,3-1,https://www.besoccer.com/match/tenerife/real-murcia/200921904,2009,36,segunda_division
Girona,Xerez,0-2,https://www.besoccer.com/match/girona-fc/xerez/200921900,2009,36,segunda_division
CD Castellón,Sevilla At.,3-0,https://www.besoccer.com/match/cd-castellon/sevilla-b/200921901,2009,36,segunda_division
Gimnàstic Tarragona,Alavés,1-1,https://www.besoccer.com/match/gimnastic-tarragona/alaves/200921902,2009,36,segunda_division
Alicante,R. Sociedad,1-2,https://www.besoccer.com/match/alicante/real-sociedad/200921907,2009,36,segunda_division
Hércules,Tenerife,3-1,https://www.besoccer.com/match/hercules/tenerife/200921915,2009,37,segunda_division
Elche,Girona,2-1,https://www.besoccer.com/match/elche/girona-fc/200921911,2009,37,segunda_division
Alavés,Eibar,1-1,https://www.besoccer.com/match/alaves/eibar/200921914,2009,37,segunda_division
Real Murcia,Huesca,0-0,https://www.besoccer.com/match/real-murcia/huesca/200921916,2009,37,segunda_division
Real Zaragoza,Celta,3-0,https://www.besoccer.com/match/real-zaragoza/celta/200921917,2009,37,segunda_division
Las Palmas,Alicante,0-1,https://www.besoccer.com/match/ud-palmas/alicante/200921918,2009,37,segunda_division
R. Sociedad,Albacete,1-0,https://www.besoccer.com/match/real-sociedad/albacete/200921919,2009,37,segunda_division
Rayo Vallecano,Córdoba,5-0,https://www.besoccer.com/match/rayo-vallecano/cordoba/200921921,2009,37,segunda_division
Sevilla At.,Gimnàstic Tarragona,1-3,https://www.besoccer.com/match/sevilla-b/gimnastic-tarragona/200921913,2009,37,segunda_division
Levante,UD Salamanca,1-2,https://www.besoccer.com/match/levante/salamanca/200921920,2009,37,segunda_division
Xerez,CD Castellón,1-0,https://www.besoccer.com/match/xerez/cd-castellon/200921912,2009,37,segunda_division
Alicante,Real Zaragoza,0-3,https://www.besoccer.com/match/alicante/real-zaragoza/200921928,2009,38,segunda_division
Celta,Real Murcia,2-2,https://www.besoccer.com/match/celta/real-murcia/200921927,2009,38,segunda_division
Albacete,Las Palmas,1-0,https://www.besoccer.com/match/albacete/ud-palmas/200921929,2009,38,segunda_division
UD Salamanca,R. Sociedad,0-1,https://www.besoccer.com/match/salamanca/real-sociedad/200921930,2009,38,segunda_division
Córdoba,Levante,3-1,https://www.besoccer.com/match/cordoba/levante/200921931,2009,38,segunda_division
Gimnàstic Tarragona,Xerez,2-1,https://www.besoccer.com/match/gimnastic-tarragona/xerez/200921923,2009,38,segunda_division
CD Castellón,Girona,1-2,https://www.besoccer.com/match/cd-castellon/girona-fc/200921922,2009,38,segunda_division
Eibar,Sevilla At.,2-2,https://www.besoccer.com/match/eibar/sevilla-b/200921924,2009,38,segunda_division
Huesca,Hércules,0-0,https://www.besoccer.com/match/huesca/hercules/200921926,2009,38,segunda_division
Tenerife,Alavés,3-0,https://www.besoccer.com/match/tenerife/alaves/200921925,2009,38,segunda_division
Rayo Vallecano,Elche,1-2,https://www.besoccer.com/match/rayo-vallecano/elche/200921932,2009,38,segunda_division
Girona,Gimnàstic Tarragona,2-1,https://www.besoccer.com/match/girona-fc/gimnastic-tarragona/200921934,2009,39,segunda_division
Xerez,Eibar,3-0,https://www.besoccer.com/match/xerez/eibar/200921935,2009,39,segunda_division
Sevilla At.,Tenerife,0-4,https://www.besoccer.com/match/sevilla-b/tenerife/200921936,2009,39,segunda_division
Alavés,Huesca,3-0,https://www.besoccer.com/match/alaves/huesca/200921937,2009,39,segunda_division
Real Murcia,Alicante,3-1,https://www.besoccer.com/match/real-murcia/alicante/200921939,2009,39,segunda_division
Real Zaragoza,Albacete,3-0,https://www.besoccer.com/match/real-zaragoza/albacete/200921940,2009,39,segunda_division
Levante,Rayo Vallecano,1-0,https://www.besoccer.com/match/levante/rayo-vallecano/200921943,2009,39,segunda_division
Hércules,Celta,2-2,https://www.besoccer.com/match/hercules/celta/200921938,2009,39,segunda_division
R. Sociedad,Córdoba,0-2,https://www.besoccer.com/match/real-sociedad/cordoba/200921942,2009,39,segunda_division
Elche,CD Castellón,0-1,https://www.besoccer.com/match/elche/cd-castellon/200921933,2009,39,segunda_division
Las Palmas,UD Salamanca,1-1,https://www.besoccer.com/match/ud-palmas/salamanca/200921941,2009,39,segunda_division
Celta,Alavés,2-1,https://www.besoccer.com/match/celta/alaves/200921948,2009,40,segunda_division
Alicante,Hércules,1-2,https://www.besoccer.com/match/alicante/hercules/200921949,2009,40,segunda_division
Albacete,Real Murcia,0-0,https://www.besoccer.com/match/albacete/real-murcia/200921950,2009,40,segunda_division
UD Salamanca,Real Zaragoza,1-3,https://www.besoccer.com/match/salamanca/real-zaragoza/200921951,2009,40,segunda_division
Córdoba,Las Palmas,4-1,https://www.besoccer.com/match/cordoba/ud-palmas/200921952,2009,40,segunda_division
Rayo Vallecano,R. Sociedad,4-1,https://www.besoccer.com/match/rayo-vallecano/real-sociedad/200921953,2009,40,segunda_division
Gimnàstic Tarragona,CD Castellón,0-1,https://www.besoccer.com/match/gimnastic-tarragona/cd-castellon/200921944,2009,40,segunda_division
Eibar,Girona,2-2,https://www.besoccer.com/match/eibar/girona-fc/200921945,2009,40,segunda_division
Huesca,Sevilla At.,3-0,https://www.besoccer.com/match/huesca/sevilla-b/200921947,2009,40,segunda_division
Levante,Elche,2-0,https://www.besoccer.com/match/levante/elche/200921954,2009,40,segunda_division
Tenerife,Xerez,2-0,https://www.besoccer.com/match/tenerife/xerez/200921946,2009,40,segunda_division
Girona,Tenerife,0-1,https://www.besoccer.com/match/girona-fc/tenerife/200921957,2009,41,segunda_division
Xerez,Huesca,2-1,https://www.besoccer.com/match/xerez/huesca/200921958,2009,41,segunda_division
Sevilla At.,Celta,0-0,https://www.besoccer.com/match/sevilla-b/celta/200921959,2009,41,segunda_division
Alavés,Alicante,1-0,https://www.besoccer.com/match/alaves/alicante/200921960,2009,41,segunda_division
Hércules,Albacete,4-1,https://www.besoccer.com/match/hercules/albacete/200921961,2009,41,segunda_division
Real Zaragoza,Córdoba,3-1,https://www.besoccer.com/match/real-zaragoza/cordoba/200921963,2009,41,segunda_division
Las Palmas,Rayo Vallecano,0-0,https://www.besoccer.com/match/ud-palmas/rayo-vallecano/200921964,2009,41,segunda_division
Real Murcia,UD Salamanca,2-1,https://www.besoccer.com/match/real-murcia/salamanca/200921962,2009,41,segunda_division
R. Sociedad,Levante,1-1,https://www.besoccer.com/match/real-sociedad/levante/200921965,2009,41,segunda_division
Gimnàstic Tarragona,Elche,2-0,https://www.besoccer.com/match/gimnastic-tarragona/elche/200921955,2009,41,segunda_division
CD Castellón,Eibar,4-0,https://www.besoccer.com/match/cd-castellon/eibar/200921956,2009,41,segunda_division
Albacete,Alavés,1-0,https://www.besoccer.com/match/albacete/alaves/200921971,2009,42,segunda_division
Levante,Las Palmas,2-2,https://www.besoccer.com/match/levante/ud-palmas/200921975,2009,42,segunda_division
Eibar,Gimnàstic Tarragona,1-0,https://www.besoccer.com/match/eibar/gimnastic-tarragona/200921966,2009,42,segunda_division
Celta,Xerez,1-1,https://www.besoccer.com/match/celta/xerez/200921969,2009,42,segunda_division
Alicante,Sevilla At.,3-3,https://www.besoccer.com/match/alicante/sevilla-b/200921970,2009,42,segunda_division
UD Salamanca,Hércules,1-5,https://www.besoccer.com/match/salamanca/hercules/200921972,2009,42,segunda_division
Rayo Vallecano,Real Zaragoza,2-2,https://www.besoccer.com/match/rayo-vallecano/real-zaragoza/200921974,2009,42,segunda_division
Elche,R. Sociedad,1-2,https://www.besoccer.com/match/elche/real-sociedad/200921976,2009,42,segunda_division
Córdoba,Real Murcia,2-1,https://www.besoccer.com/match/cordoba/real-murcia/200921973,2009,42,segunda_division
Huesca,Girona,3-1,https://www.besoccer.com/match/huesca/girona-fc/200921968,2009,42,segunda_division
Tenerife,CD Castellón,1-2,https://www.besoccer.com/match/tenerife/cd-castellon/200921967,2009,42,segunda_division
