Home_Team,Away_Team,Result,Link,Season,Round,League
Reggina,Sampdoria,2-2,https://www.besoccer.com/match/reggina/sampdoria/20041,2004,1,serie_a
Bologna,Parma,2-2,https://www.besoccer.com/match/bologna/parma-fc/20042,2004,1,serie_a
Brescia,Chievo,1-1,https://www.besoccer.com/match/brescia/chievo/20043,2004,1,serie_a
Inter,Modena,2-0,https://www.besoccer.com/match/internazionale/modena-fc/20044,2004,1,serie_a
Juventus,Empoli,5-1,https://www.besoccer.com/match/juventus-fc/empoli-fc/20045,2004,1,serie_a
Lazio,Lecce,4-1,https://www.besoccer.com/match/lazio/lecce/20046,2004,1,serie_a
Perugia,Siena,2-2,https://www.besoccer.com/match/perugia/siena/20047,2004,1,serie_a
Udinese,Roma,1-2,https://www.besoccer.com/match/udinese/roma/20048,2004,1,serie_a
Ancona,Milan,0-2,https://www.besoccer.com/match/ancona/milan/20049,2004,1,serie_a
Milan,Bologna,2-1,https://www.besoccer.com/match/milan/bologna/200410,2004,2,serie_a
Sampdoria,Lazio,1-2,https://www.besoccer.com/match/sampdoria/lazio/200411,2004,2,serie_a
Chievo,Juventus,1-2,https://www.besoccer.com/match/chievo/juventus-fc/200412,2004,2,serie_a
Empoli,Reggina,1-1,https://www.besoccer.com/match/empoli-fc/reggina/200413,2004,2,serie_a
Lecce,Ancona,3-1,https://www.besoccer.com/match/lecce/ancona/200414,2004,2,serie_a
Modena,Udinese,0-1,https://www.besoccer.com/match/modena-fc/udinese/200415,2004,2,serie_a
Parma,Perugia,3-0,https://www.besoccer.com/match/parma-fc/perugia/200416,2004,2,serie_a
Roma,Brescia,5-0,https://www.besoccer.com/match/roma/brescia/200417,2004,2,serie_a
Siena,Inter,0-1,https://www.besoccer.com/match/siena/internazionale/200418,2004,2,serie_a
Ancona,Modena,1-1,https://www.besoccer.com/match/ancona/modena-fc/200419,2004,3,serie_a
Siena,Empoli,4-0,https://www.besoccer.com/match/siena/empoli-fc/200420,2004,3,serie_a
Bologna,Udinese,2-0,https://www.besoccer.com/match/bologna/udinese/200421,2004,3,serie_a
Brescia,Reggina,4-4,https://www.besoccer.com/match/brescia/reggina/200422,2004,3,serie_a
Inter,Sampdoria,0-0,https://www.besoccer.com/match/internazionale/sampdoria/200423,2004,3,serie_a
Juventus,Roma,2-2,https://www.besoccer.com/match/juventus-fc/roma/200424,2004,3,serie_a
Lazio,Parma,2-3,https://www.besoccer.com/match/lazio/parma-fc/200425,2004,3,serie_a
Lecce,Chievo,1-2,https://www.besoccer.com/match/lecce/chievo/200426,2004,3,serie_a
Perugia,Milan,1-1,https://www.besoccer.com/match/perugia/milan/200427,2004,3,serie_a
Reggina,Juventus,0-2,https://www.besoccer.com/match/reggina/juventus-fc/200428,2004,4,serie_a
Udinese,Inter,0-0,https://www.besoccer.com/match/udinese/internazionale/200429,2004,4,serie_a
Chievo,Perugia,4-1,https://www.besoccer.com/match/chievo/perugia/200430,2004,4,serie_a
Empoli,Lazio,2-2,https://www.besoccer.com/match/empoli-fc/lazio/200431,2004,4,serie_a
Milan,Lecce,3-0,https://www.besoccer.com/match/milan/lecce/200432,2004,4,serie_a
Modena,Bologna,2-0,https://www.besoccer.com/match/modena-fc/bologna/200433,2004,4,serie_a
Parma,Siena,1-1,https://www.besoccer.com/match/parma-fc/siena/200434,2004,4,serie_a
Roma,Ancona,3-0,https://www.besoccer.com/match/roma/ancona/200435,2004,4,serie_a
Sampdoria,Brescia,2-1,https://www.besoccer.com/match/sampdoria/brescia/200436,2004,4,serie_a
Ancona,Udinese,0-3,https://www.besoccer.com/match/ancona/udinese/200437,2004,5,serie_a
Empoli,Modena,0-3,https://www.besoccer.com/match/empoli-fc/modena-fc/200438,2004,5,serie_a
Inter,Milan,1-3,https://www.besoccer.com/match/internazionale/milan/200439,2004,5,serie_a
Juventus,Bologna,2-1,https://www.besoccer.com/match/juventus-fc/bologna/200440,2004,5,serie_a
Lazio,Chievo,1-0,https://www.besoccer.com/match/lazio/chievo/200441,2004,5,serie_a
Lecce,Brescia,1-4,https://www.besoccer.com/match/lecce/brescia/200442,2004,5,serie_a
Parma,Sampdoria,1-0,https://www.besoccer.com/match/parma-fc/sampdoria/200443,2004,5,serie_a
Perugia,Reggina,0-0,https://www.besoccer.com/match/perugia/reggina/200444,2004,5,serie_a
Siena,Roma,0-0,https://www.besoccer.com/match/siena/roma/200445,2004,5,serie_a
Ancona,Juventus,2-3,https://www.besoccer.com/match/ancona/juventus-fc/200446,2004,6,serie_a
Brescia,Inter,2-2,https://www.besoccer.com/match/brescia/internazionale/200447,2004,6,serie_a
Bologna,Perugia,2-2,https://www.besoccer.com/match/bologna/perugia/200448,2004,6,serie_a
Chievo,Sampdoria,1-1,https://www.besoccer.com/match/chievo/sampdoria/200449,2004,6,serie_a
Milan,Lazio,1-0,https://www.besoccer.com/match/milan/lazio/200450,2004,6,serie_a
Reggina,Siena,2-1,https://www.besoccer.com/match/reggina/siena/200452,2004,6,serie_a
Roma,Parma,2-0,https://www.besoccer.com/match/roma/parma-fc/200453,2004,6,serie_a
Udinese,Empoli,2-0,https://www.besoccer.com/match/udinese/empoli-fc/200454,2004,6,serie_a
Modena,Lecce,2-0,https://www.besoccer.com/match/modena-fc/lecce/200451,2004,6,serie_a
Empoli,Chievo,0-1,https://www.besoccer.com/match/empoli-fc/chievo/200455,2004,7,serie_a
Siena,Lecce,2-1,https://www.besoccer.com/match/siena/lecce/200456,2004,7,serie_a
Inter,Roma,0-0,https://www.besoccer.com/match/internazionale/roma/200457,2004,7,serie_a
Juventus,Brescia,2-0,https://www.besoccer.com/match/juventus-fc/brescia/200458,2004,7,serie_a
Lazio,Bologna,2-1,https://www.besoccer.com/match/lazio/bologna/200459,2004,7,serie_a
Parma,Modena,3-0,https://www.besoccer.com/match/parma-fc/modena-fc/200460,2004,7,serie_a
Perugia,Udinese,3-3,https://www.besoccer.com/match/perugia/udinese/200461,2004,7,serie_a
Reggina,Ancona,0-0,https://www.besoccer.com/match/reggina/ancona/200462,2004,7,serie_a
Sampdoria,Milan,0-3,https://www.besoccer.com/match/sampdoria/milan/200463,2004,7,serie_a
Milan,Juventus,1-1,https://www.besoccer.com/match/milan/juventus-fc/200470,2004,8,serie_a
Udinese,Lazio,1-2,https://www.besoccer.com/match/udinese/lazio/200464,2004,8,serie_a
Ancona,Siena,0-0,https://www.besoccer.com/match/ancona/siena/200465,2004,8,serie_a
Bologna,Sampdoria,0-1,https://www.besoccer.com/match/bologna/sampdoria/200466,2004,8,serie_a
Brescia,Parma,2-3,https://www.besoccer.com/match/brescia/parma-fc/200467,2004,8,serie_a
Chievo,Inter,0-2,https://www.besoccer.com/match/chievo/internazionale/200468,2004,8,serie_a
Lecce,Empoli,2-1,https://www.besoccer.com/match/lecce/empoli-fc/200469,2004,8,serie_a
Modena,Perugia,1-0,https://www.besoccer.com/match/modena-fc/perugia/200471,2004,8,serie_a
Roma,Reggina,2-0,https://www.besoccer.com/match/roma/reggina/200472,2004,8,serie_a
Brescia,Bologna,0-0,https://www.besoccer.com/match/brescia/bologna/200473,2004,9,serie_a
Sampdoria,Empoli,2-0,https://www.besoccer.com/match/sampdoria/empoli-fc/200474,2004,9,serie_a
Inter,Ancona,3-0,https://www.besoccer.com/match/internazionale/ancona/200475,2004,9,serie_a
Juventus,Udinese,4-1,https://www.besoccer.com/match/juventus-fc/udinese/200476,2004,9,serie_a
Perugia,Lecce,2-2,https://www.besoccer.com/match/perugia/lecce/200478,2004,9,serie_a
Reggina,Modena,1-1,https://www.besoccer.com/match/reggina/modena-fc/200479,2004,9,serie_a
Roma,Lazio,2-0,https://www.besoccer.com/match/roma/lazio/200480,2004,9,serie_a
Siena,Chievo,1-2,https://www.besoccer.com/match/siena/chievo/200481,2004,9,serie_a
Parma,Milan,0-0,https://www.besoccer.com/match/parma-fc/milan/200477,2004,9,serie_a
Inter,Reggina,6-0,https://www.besoccer.com/match/internazionale/reggina/200482,2004,10,serie_a
Modena,Juventus,0-2,https://www.besoccer.com/match/modena-fc/juventus-fc/200483,2004,10,serie_a
Ancona,Brescia,1-1,https://www.besoccer.com/match/ancona/brescia/200484,2004,10,serie_a
Bologna,Roma,0-4,https://www.besoccer.com/match/bologna/roma/200485,2004,10,serie_a
Chievo,Milan,0-2,https://www.besoccer.com/match/chievo/milan/200486,2004,10,serie_a
Empoli,Parma,1-0,https://www.besoccer.com/match/empoli-fc/parma-fc/200487,2004,10,serie_a
Lazio,Perugia,3-1,https://www.besoccer.com/match/lazio/perugia/200488,2004,10,serie_a
Lecce,Sampdoria,0-0,https://www.besoccer.com/match/lecce/sampdoria/200489,2004,10,serie_a
Udinese,Siena,1-1,https://www.besoccer.com/match/udinese/siena/200490,2004,10,serie_a
Juventus,Inter,1-3,https://www.besoccer.com/match/juventus-fc/internazionale/200491,2004,11,serie_a
Siena,Lazio,3-0,https://www.besoccer.com/match/siena/lazio/200492,2004,11,serie_a
Brescia,Udinese,1-2,https://www.besoccer.com/match/brescia/udinese/200493,2004,11,serie_a
Milan,Modena,2-0,https://www.besoccer.com/match/milan/modena-fc/200494,2004,11,serie_a
Parma,Chievo,3-1,https://www.besoccer.com/match/parma-fc/chievo/200495,2004,11,serie_a
Perugia,Empoli,1-1,https://www.besoccer.com/match/perugia/empoli-fc/200496,2004,11,serie_a
Reggina,Bologna,0-0,https://www.besoccer.com/match/reggina/bologna/200497,2004,11,serie_a
Roma,Lecce,3-1,https://www.besoccer.com/match/roma/lecce/200498,2004,11,serie_a
Sampdoria,Ancona,2-0,https://www.besoccer.com/match/sampdoria/ancona/200499,2004,11,serie_a
Empoli,Milan,0-1,https://www.besoccer.com/match/empoli-fc/milan/2004100,2004,12,serie_a
Lazio,Juventus,2-0,https://www.besoccer.com/match/lazio/juventus-fc/2004101,2004,12,serie_a
Bologna,Ancona,3-2,https://www.besoccer.com/match/bologna/ancona/2004102,2004,12,serie_a
Chievo,Roma,0-3,https://www.besoccer.com/match/chievo/roma/2004103,2004,12,serie_a
Inter,Perugia,2-1,https://www.besoccer.com/match/internazionale/perugia/2004104,2004,12,serie_a
Lecce,Parma,1-2,https://www.besoccer.com/match/lecce/parma-fc/2004105,2004,12,serie_a
Modena,Brescia,1-1,https://www.besoccer.com/match/modena-fc/brescia/2004106,2004,12,serie_a
Sampdoria,Siena,2-1,https://www.besoccer.com/match/sampdoria/siena/2004107,2004,12,serie_a
Udinese,Reggina,1-0,https://www.besoccer.com/match/udinese/reggina/2004108,2004,12,serie_a
Perugia,Sampdoria,3-3,https://www.besoccer.com/match/perugia/sampdoria/2004109,2004,13,serie_a
Udinese,Lecce,1-0,https://www.besoccer.com/match/udinese/lecce/2004110,2004,13,serie_a
Ancona,Lazio,0-1,https://www.besoccer.com/match/ancona/lazio/2004111,2004,13,serie_a
Bologna,Inter,0-2,https://www.besoccer.com/match/bologna/internazionale/2004112,2004,13,serie_a
Brescia,Empoli,2-0,https://www.besoccer.com/match/brescia/empoli-fc/2004113,2004,13,serie_a
Juventus,Parma,4-0,https://www.besoccer.com/match/juventus-fc/parma-fc/2004114,2004,13,serie_a
Reggina,Chievo,0-0,https://www.besoccer.com/match/reggina/chievo/2004115,2004,13,serie_a
Roma,Modena,1-0,https://www.besoccer.com/match/roma/modena-fc/2004116,2004,13,serie_a
Milan,Siena,2-1,https://www.besoccer.com/match/milan/siena/2004117,2004,13,serie_a
Empoli,Roma,0-2,https://www.besoccer.com/match/empoli-fc/roma/2004118,2004,14,serie_a
Parma,Reggina,1-2,https://www.besoccer.com/match/parma-fc/reggina/2004119,2004,14,serie_a
Chievo,Ancona,1-0,https://www.besoccer.com/match/chievo/ancona/2004120,2004,14,serie_a
Lazio,Inter,2-1,https://www.besoccer.com/match/lazio/internazionale/2004121,2004,14,serie_a
Lecce,Juventus,1-1,https://www.besoccer.com/match/lecce/juventus-fc/2004122,2004,14,serie_a
Milan,Udinese,1-2,https://www.besoccer.com/match/milan/udinese/2004123,2004,14,serie_a
Perugia,Brescia,2-2,https://www.besoccer.com/match/perugia/brescia/2004124,2004,14,serie_a
Sampdoria,Modena,1-1,https://www.besoccer.com/match/sampdoria/modena-fc/2004125,2004,14,serie_a
Siena,Bologna,0-0,https://www.besoccer.com/match/siena/bologna/2004126,2004,14,serie_a
Ancona,Parma,0-2,https://www.besoccer.com/match/ancona/parma-fc/2004127,2004,15,serie_a
Bologna,Empoli,2-1,https://www.besoccer.com/match/bologna/empoli-fc/2004128,2004,15,serie_a
Brescia,Siena,4-2,https://www.besoccer.com/match/brescia/siena/2004129,2004,15,serie_a
Inter,Lecce,3-1,https://www.besoccer.com/match/internazionale/lecce/2004130,2004,15,serie_a
Juventus,Perugia,1-0,https://www.besoccer.com/match/juventus-fc/perugia/2004131,2004,15,serie_a
Modena,Chievo,0-3,https://www.besoccer.com/match/modena-fc/chievo/2004132,2004,15,serie_a
Reggina,Lazio,2-1,https://www.besoccer.com/match/reggina/lazio/2004133,2004,15,serie_a
Roma,Milan,1-2,https://www.besoccer.com/match/roma/milan/2004134,2004,15,serie_a
Udinese,Sampdoria,0-1,https://www.besoccer.com/match/udinese/sampdoria/2004135,2004,15,serie_a
Chievo,Udinese,0-0,https://www.besoccer.com/match/chievo/udinese/2004136,2004,16,serie_a
Parma,Inter,1-0,https://www.besoccer.com/match/parma-fc/internazionale/2004137,2004,16,serie_a
Empoli,Ancona,2-0,https://www.besoccer.com/match/empoli-fc/ancona/2004138,2004,16,serie_a
Lazio,Brescia,0-1,https://www.besoccer.com/match/lazio/brescia/2004139,2004,16,serie_a
Lecce,Bologna,1-2,https://www.besoccer.com/match/lecce/bologna/2004140,2004,16,serie_a
Milan,Reggina,3-1,https://www.besoccer.com/match/milan/reggina/2004141,2004,16,serie_a
Perugia,Roma,0-1,https://www.besoccer.com/match/perugia/roma/2004142,2004,16,serie_a
Sampdoria,Juventus,1-2,https://www.besoccer.com/match/sampdoria/juventus-fc/2004143,2004,16,serie_a
Siena,Modena,4-0,https://www.besoccer.com/match/siena/modena-fc/2004144,2004,16,serie_a
Modena,Lazio,1-1,https://www.besoccer.com/match/modena-fc/lazio/2004145,2004,17,serie_a
Udinese,Parma,1-1,https://www.besoccer.com/match/udinese/parma-fc/2004146,2004,17,serie_a
Ancona,Perugia,0-0,https://www.besoccer.com/match/ancona/perugia/2004147,2004,17,serie_a
Bologna,Chievo,3-1,https://www.besoccer.com/match/bologna/chievo/2004148,2004,17,serie_a
Brescia,Milan,0-1,https://www.besoccer.com/match/brescia/milan/2004149,2004,17,serie_a
Inter,Empoli,0-1,https://www.besoccer.com/match/internazionale/empoli-fc/2004150,2004,17,serie_a
Juventus,Siena,4-2,https://www.besoccer.com/match/juventus-fc/siena/2004151,2004,17,serie_a
Reggina,Lecce,1-3,https://www.besoccer.com/match/reggina/lecce/2004152,2004,17,serie_a
Roma,Sampdoria,3-1,https://www.besoccer.com/match/roma/sampdoria/2004153,2004,17,serie_a
Sampdoria,Reggina,2-0,https://www.besoccer.com/match/sampdoria/reggina/2004154,2004,18,serie_a
Siena,Perugia,2-1,https://www.besoccer.com/match/siena/perugia/2004155,2004,18,serie_a
Chievo,Brescia,3-1,https://www.besoccer.com/match/chievo/brescia/2004156,2004,18,serie_a
Empoli,Juventus,3-3,https://www.besoccer.com/match/empoli-fc/juventus-fc/2004157,2004,18,serie_a
Lecce,Lazio,0-1,https://www.besoccer.com/match/lecce/lazio/2004158,2004,18,serie_a
Milan,Ancona,5-0,https://www.besoccer.com/match/milan/ancona/2004159,2004,18,serie_a
Modena,Inter,1-1,https://www.besoccer.com/match/modena-fc/internazionale/2004160,2004,18,serie_a
Parma,Bologna,0-0,https://www.besoccer.com/match/parma-fc/bologna/2004161,2004,18,serie_a
Roma,Udinese,1-1,https://www.besoccer.com/match/roma/udinese/2004162,2004,18,serie_a
Brescia,Roma,1-0,https://www.besoccer.com/match/brescia/roma/2004163,2004,19,serie_a
Reggina,Empoli,2-0,https://www.besoccer.com/match/reggina/empoli-fc/2004164,2004,19,serie_a
Ancona,Lecce,0-2,https://www.besoccer.com/match/ancona/lecce/2004165,2004,19,serie_a
Bologna,Milan,0-2,https://www.besoccer.com/match/bologna/milan/2004166,2004,19,serie_a
Inter,Siena,4-0,https://www.besoccer.com/match/internazionale/siena/2004167,2004,19,serie_a
Juventus,Chievo,1-0,https://www.besoccer.com/match/juventus-fc/chievo/2004168,2004,19,serie_a
Lazio,Sampdoria,1-1,https://www.besoccer.com/match/lazio/sampdoria/2004169,2004,19,serie_a
Perugia,Parma,2-2,https://www.besoccer.com/match/perugia/parma-fc/2004170,2004,19,serie_a
Udinese,Modena,1-0,https://www.besoccer.com/match/udinese/modena-fc/2004171,2004,19,serie_a
Chievo,Lecce,2-3,https://www.besoccer.com/match/chievo/lecce/2004172,2004,20,serie_a
Udinese,Bologna,1-3,https://www.besoccer.com/match/udinese/bologna/2004173,2004,20,serie_a
Empoli,Siena,1-0,https://www.besoccer.com/match/empoli-fc/siena/2004174,2004,20,serie_a
Milan,Perugia,2-1,https://www.besoccer.com/match/milan/perugia/2004175,2004,20,serie_a
Modena,Ancona,2-1,https://www.besoccer.com/match/modena-fc/ancona/2004176,2004,20,serie_a
Parma,Lazio,0-3,https://www.besoccer.com/match/parma-fc/lazio/2004177,2004,20,serie_a
Reggina,Brescia,0-0,https://www.besoccer.com/match/reggina/brescia/2004178,2004,20,serie_a
Roma,Juventus,4-0,https://www.besoccer.com/match/roma/juventus-fc/2004179,2004,20,serie_a
Sampdoria,Inter,2-2,https://www.besoccer.com/match/sampdoria/internazionale/2004180,2004,20,serie_a
Lazio,Empoli,3-0,https://www.besoccer.com/match/lazio/empoli-fc/2004181,2004,21,serie_a
Perugia,Chievo,0-2,https://www.besoccer.com/match/perugia/chievo/2004182,2004,21,serie_a
Ancona,Roma,0-0,https://www.besoccer.com/match/ancona/roma/2004183,2004,21,serie_a
Bologna,Modena,1-1,https://www.besoccer.com/match/bologna/modena-fc/2004184,2004,21,serie_a
Brescia,Sampdoria,1-1,https://www.besoccer.com/match/brescia/sampdoria/2004185,2004,21,serie_a
Inter,Udinese,1-2,https://www.besoccer.com/match/internazionale/udinese/2004186,2004,21,serie_a
Juventus,Reggina,1-0,https://www.besoccer.com/match/juventus-fc/reggina/2004187,2004,21,serie_a
Lecce,Milan,1-1,https://www.besoccer.com/match/lecce/milan/2004188,2004,21,serie_a
Siena,Parma,1-2,https://www.besoccer.com/match/siena/parma-fc/2004189,2004,21,serie_a
Sampdoria,Parma,1-2,https://www.besoccer.com/match/sampdoria/parma-fc/2004190,2004,22,serie_a
Milan,Inter,3-2,https://www.besoccer.com/match/milan/internazionale/2004194,2004,22,serie_a
Bologna,Juventus,0-1,https://www.besoccer.com/match/bologna/juventus-fc/2004191,2004,22,serie_a
Brescia,Lecce,1-2,https://www.besoccer.com/match/brescia/lecce/2004192,2004,22,serie_a
Chievo,Lazio,0-0,https://www.besoccer.com/match/chievo/lazio/2004193,2004,22,serie_a
Modena,Empoli,1-1,https://www.besoccer.com/match/modena-fc/empoli-fc/2004195,2004,22,serie_a
Reggina,Perugia,1-2,https://www.besoccer.com/match/reggina/perugia/2004196,2004,22,serie_a
Roma,Siena,6-0,https://www.besoccer.com/match/roma/siena/2004197,2004,22,serie_a
Udinese,Ancona,3-0,https://www.besoccer.com/match/udinese/ancona/2004198,2004,22,serie_a
Empoli,Udinese,2-0,https://www.besoccer.com/match/empoli-fc/udinese/2004199,2004,23,serie_a
Siena,Reggina,0-0,https://www.besoccer.com/match/siena/reggina/2004200,2004,23,serie_a
Inter,Brescia,1-3,https://www.besoccer.com/match/internazionale/brescia/2004201,2004,23,serie_a
Juventus,Ancona,3-0,https://www.besoccer.com/match/juventus-fc/ancona/2004202,2004,23,serie_a
Lazio,Milan,0-1,https://www.besoccer.com/match/lazio/milan/2004203,2004,23,serie_a
Lecce,Modena,1-0,https://www.besoccer.com/match/lecce/modena-fc/2004204,2004,23,serie_a
Parma,Roma,1-4,https://www.besoccer.com/match/parma-fc/roma/2004205,2004,23,serie_a
Perugia,Bologna,4-2,https://www.besoccer.com/match/perugia/bologna/2004206,2004,23,serie_a
Sampdoria,Chievo,1-0,https://www.besoccer.com/match/sampdoria/chievo/2004207,2004,23,serie_a
Brescia,Juventus,2-3,https://www.besoccer.com/match/brescia/juventus-fc/2004208,2004,24,serie_a
Modena,Parma,2-2,https://www.besoccer.com/match/modena-fc/parma-fc/2004209,2004,24,serie_a
Ancona,Reggina,1-1,https://www.besoccer.com/match/ancona/reggina/2004210,2004,24,serie_a
Chievo,Empoli,0-0,https://www.besoccer.com/match/chievo/empoli-fc/2004211,2004,24,serie_a
Lecce,Siena,0-0,https://www.besoccer.com/match/lecce/siena/2004212,2004,24,serie_a
Milan,Sampdoria,3-1,https://www.besoccer.com/match/milan/sampdoria/2004213,2004,24,serie_a
Roma,Inter,4-1,https://www.besoccer.com/match/roma/internazionale/2004214,2004,24,serie_a
Udinese,Perugia,1-1,https://www.besoccer.com/match/udinese/perugia/2004215,2004,24,serie_a
Bologna,Lazio,2-1,https://www.besoccer.com/match/bologna/lazio/2004216,2004,24,serie_a
Empoli,Lecce,0-0,https://www.besoccer.com/match/empoli-fc/lecce/2004217,2004,25,serie_a
Sampdoria,Bologna,3-2,https://www.besoccer.com/match/sampdoria/bologna/2004218,2004,25,serie_a
Inter,Chievo,0-0,https://www.besoccer.com/match/internazionale/chievo/2004219,2004,25,serie_a
Juventus,Milan,1-3,https://www.besoccer.com/match/juventus-fc/milan/2004220,2004,25,serie_a
Lazio,Udinese,2-2,https://www.besoccer.com/match/lazio/udinese/2004221,2004,25,serie_a
Parma,Brescia,2-2,https://www.besoccer.com/match/parma-fc/brescia/2004222,2004,25,serie_a
Perugia,Modena,1-1,https://www.besoccer.com/match/perugia/modena-fc/2004223,2004,25,serie_a
Reggina,Roma,0-0,https://www.besoccer.com/match/reggina/roma/2004224,2004,25,serie_a
Siena,Ancona,3-2,https://www.besoccer.com/match/siena/ancona/2004225,2004,25,serie_a
Milan,Parma,3-1,https://www.besoccer.com/match/milan/parma-fc/2004226,2004,26,serie_a
Udinese,Juventus,0-0,https://www.besoccer.com/match/udinese/juventus-fc/2004227,2004,26,serie_a
Ancona,Inter,0-2,https://www.besoccer.com/match/ancona/internazionale/2004228,2004,26,serie_a
Bologna,Brescia,3-0,https://www.besoccer.com/match/bologna/brescia/2004229,2004,26,serie_a
Chievo,Siena,1-1,https://www.besoccer.com/match/chievo/siena/2004230,2004,26,serie_a
Empoli,Sampdoria,1-1,https://www.besoccer.com/match/empoli-fc/sampdoria/2004231,2004,26,serie_a
Lecce,Perugia,1-2,https://www.besoccer.com/match/lecce/perugia/2004232,2004,26,serie_a
Modena,Reggina,1-2,https://www.besoccer.com/match/modena-fc/reggina/2004233,2004,26,serie_a
Lazio,Roma,1-1,https://www.besoccer.com/match/lazio/roma/2004234,2004,26,serie_a
Brescia,Ancona,5-2,https://www.besoccer.com/match/brescia/ancona/2004235,2004,27,serie_a
Juventus,Modena,3-1,https://www.besoccer.com/match/juventus-fc/modena-fc/2004236,2004,27,serie_a
Milan,Chievo,2-2,https://www.besoccer.com/match/milan/chievo/2004237,2004,27,serie_a
Parma,Empoli,4-0,https://www.besoccer.com/match/parma-fc/empoli-fc/2004238,2004,27,serie_a
Perugia,Lazio,1-2,https://www.besoccer.com/match/perugia/lazio/2004239,2004,27,serie_a
Reggina,Inter,0-2,https://www.besoccer.com/match/reggina/internazionale/2004240,2004,27,serie_a
Roma,Bologna,1-2,https://www.besoccer.com/match/roma/bologna/2004241,2004,27,serie_a
Sampdoria,Lecce,2-2,https://www.besoccer.com/match/sampdoria/lecce/2004242,2004,27,serie_a
Siena,Udinese,1-0,https://www.besoccer.com/match/siena/udinese/2004243,2004,27,serie_a
Ancona,Sampdoria,0-1,https://www.besoccer.com/match/ancona/sampdoria/2004244,2004,28,serie_a
Bologna,Reggina,2-2,https://www.besoccer.com/match/bologna/reggina/2004245,2004,28,serie_a
Chievo,Parma,0-2,https://www.besoccer.com/match/chievo/parma-fc/2004246,2004,28,serie_a
Empoli,Perugia,1-0,https://www.besoccer.com/match/empoli-fc/perugia/2004247,2004,28,serie_a
Inter,Juventus,3-2,https://www.besoccer.com/match/internazionale/juventus-fc/2004248,2004,28,serie_a
Lazio,Siena,5-2,https://www.besoccer.com/match/lazio/siena/2004249,2004,28,serie_a
Lecce,Roma,0-3,https://www.besoccer.com/match/lecce/roma/2004250,2004,28,serie_a
Modena,Milan,1-1,https://www.besoccer.com/match/modena-fc/milan/2004251,2004,28,serie_a
Udinese,Brescia,4-3,https://www.besoccer.com/match/udinese/brescia/2004252,2004,28,serie_a
Ancona,Bologna,3-2,https://www.besoccer.com/match/ancona/bologna/2004253,2004,29,serie_a
Brescia,Modena,0-0,https://www.besoccer.com/match/brescia/modena-fc/2004254,2004,29,serie_a
Juventus,Lazio,1-0,https://www.besoccer.com/match/juventus-fc/lazio/2004255,2004,29,serie_a
Milan,Empoli,1-0,https://www.besoccer.com/match/milan/empoli-fc/2004256,2004,29,serie_a
Parma,Lecce,3-1,https://www.besoccer.com/match/parma-fc/lecce/2004257,2004,29,serie_a
Reggina,Udinese,0-1,https://www.besoccer.com/match/reggina/udinese/2004258,2004,29,serie_a
Roma,Chievo,3-1,https://www.besoccer.com/match/roma/chievo/2004259,2004,29,serie_a
Siena,Sampdoria,0-0,https://www.besoccer.com/match/siena/sampdoria/2004260,2004,29,serie_a
Perugia,Inter,2-3,https://www.besoccer.com/match/perugia/internazionale/2004261,2004,29,serie_a
Lecce,Udinese,2-1,https://www.besoccer.com/match/lecce/udinese/2004262,2004,30,serie_a
Siena,Milan,1-2,https://www.besoccer.com/match/siena/milan/2004263,2004,30,serie_a
Chievo,Reggina,0-0,https://www.besoccer.com/match/chievo/reggina/2004264,2004,30,serie_a
Empoli,Brescia,1-1,https://www.besoccer.com/match/empoli-fc/brescia/2004265,2004,30,serie_a
Inter,Bologna,4-2,https://www.besoccer.com/match/internazionale/bologna/2004266,2004,30,serie_a
Lazio,Ancona,4-2,https://www.besoccer.com/match/lazio/ancona/2004267,2004,30,serie_a
Modena,Roma,0-1,https://www.besoccer.com/match/modena-fc/roma/2004268,2004,30,serie_a
Parma,Juventus,2-2,https://www.besoccer.com/match/parma-fc/juventus-fc/2004269,2004,30,serie_a
Sampdoria,Perugia,3-2,https://www.besoccer.com/match/sampdoria/perugia/2004270,2004,30,serie_a
Ancona,Chievo,0-2,https://www.besoccer.com/match/ancona/chievo/2004271,2004,31,serie_a
Bologna,Siena,3-1,https://www.besoccer.com/match/bologna/siena/2004272,2004,31,serie_a
Brescia,Perugia,1-1,https://www.besoccer.com/match/brescia/perugia/2004273,2004,31,serie_a
Inter,Lazio,0-0,https://www.besoccer.com/match/internazionale/lazio/2004274,2004,31,serie_a
Juventus,Lecce,3-4,https://www.besoccer.com/match/juventus-fc/lecce/2004275,2004,31,serie_a
Modena,Sampdoria,1-0,https://www.besoccer.com/match/modena-fc/sampdoria/2004276,2004,31,serie_a
Reggina,Parma,1-1,https://www.besoccer.com/match/reggina/parma-fc/2004277,2004,31,serie_a
Roma,Empoli,3-0,https://www.besoccer.com/match/roma/empoli-fc/2004278,2004,31,serie_a
Udinese,Milan,0-0,https://www.besoccer.com/match/udinese/milan/2004279,2004,31,serie_a
Chievo,Modena,2-0,https://www.besoccer.com/match/chievo/modena-fc/2004280,2004,32,serie_a
Empoli,Bologna,2-0,https://www.besoccer.com/match/empoli-fc/bologna/2004281,2004,32,serie_a
Lazio,Reggina,1-1,https://www.besoccer.com/match/lazio/reggina/2004282,2004,32,serie_a
Lecce,Inter,2-1,https://www.besoccer.com/match/lecce/internazionale/2004283,2004,32,serie_a
Milan,Roma,1-0,https://www.besoccer.com/match/milan/roma/2004284,2004,32,serie_a
Parma,Ancona,3-1,https://www.besoccer.com/match/parma-fc/ancona/2004285,2004,32,serie_a
Perugia,Juventus,1-0,https://www.besoccer.com/match/perugia/juventus-fc/2004286,2004,32,serie_a
Sampdoria,Udinese,1-3,https://www.besoccer.com/match/sampdoria/udinese/2004287,2004,32,serie_a
Siena,Brescia,0-1,https://www.besoccer.com/match/siena/brescia/2004288,2004,32,serie_a
Ancona,Empoli,2-1,https://www.besoccer.com/match/ancona/empoli-fc/2004289,2004,33,serie_a
Bologna,Lecce,1-1,https://www.besoccer.com/match/bologna/lecce/2004290,2004,33,serie_a
Brescia,Lazio,2-1,https://www.besoccer.com/match/brescia/lazio/2004291,2004,33,serie_a
Inter,Parma,1-0,https://www.besoccer.com/match/internazionale/parma-fc/2004292,2004,33,serie_a
Juventus,Sampdoria,2-0,https://www.besoccer.com/match/juventus-fc/sampdoria/2004293,2004,33,serie_a
Modena,Siena,1-3,https://www.besoccer.com/match/modena-fc/siena/2004294,2004,33,serie_a
Reggina,Milan,2-1,https://www.besoccer.com/match/reggina/milan/2004295,2004,33,serie_a
Roma,Perugia,1-3,https://www.besoccer.com/match/roma/perugia/2004296,2004,33,serie_a
Udinese,Chievo,1-1,https://www.besoccer.com/match/udinese/chievo/2004297,2004,33,serie_a
Chievo,Bologna,2-1,https://www.besoccer.com/match/chievo/bologna/2004298,2004,34,serie_a
Empoli,Inter,2-3,https://www.besoccer.com/match/empoli-fc/internazionale/2004299,2004,34,serie_a
Lazio,Modena,2-1,https://www.besoccer.com/match/lazio/modena-fc/2004300,2004,34,serie_a
Lecce,Reggina,2-1,https://www.besoccer.com/match/lecce/reggina/2004301,2004,34,serie_a
Milan,Brescia,4-2,https://www.besoccer.com/match/milan/brescia/2004302,2004,34,serie_a
Parma,Udinese,4-3,https://www.besoccer.com/match/parma-fc/udinese/2004303,2004,34,serie_a
Perugia,Ancona,1-0,https://www.besoccer.com/match/perugia/ancona/2004304,2004,34,serie_a
Sampdoria,Roma,0-0,https://www.besoccer.com/match/sampdoria/roma/2004305,2004,34,serie_a
Siena,Juventus,1-3,https://www.besoccer.com/match/siena/juventus-fc/2004306,2004,34,serie_a
