Home_Team,Away_Team,Result,Link,Season,Round,League
Roma,Livorno,2-0,https://www.besoccer.com/match/roma/livorno/20071,2007,1,serie_a
Fiorentina,Inter,2-3,https://www.besoccer.com/match/fiorentina/internazionale/20072,2007,1,serie_a
Milan,Lazio,2-1,https://www.besoccer.com/match/milan/lazio/20073,2007,1,serie_a
Atalanta,Ascoli,3-1,https://www.besoccer.com/match/atalanta/ascoli/20074,2007,1,serie_a
Cagliari,Catania,0-1,https://www.besoccer.com/match/cagliari/catania/20075,2007,1,serie_a
Chievo,Siena,1-2,https://www.besoccer.com/match/chievo/siena/20076,2007,1,serie_a
Messina,Udinese,1-0,https://www.besoccer.com/match/messina/udinese/20077,2007,1,serie_a
Palermo FC,Reggina,4-3,https://www.besoccer.com/match/palermo/reggina/20078,2007,1,serie_a
Sampdoria,Empoli,1-2,https://www.besoccer.com/match/sampdoria/empoli-fc/20079,2007,1,serie_a
Torino,Parma,1-1,https://www.besoccer.com/match/torino-fc/parma-fc/200710,2007,1,serie_a
Reggina,Cagliari,2-1,https://www.besoccer.com/match/reggina/cagliari/200712,2007,2,serie_a
Inter,Sampdoria,1-1,https://www.besoccer.com/match/internazionale/sampdoria/200711,2007,2,serie_a
Ascoli,Messina,1-1,https://www.besoccer.com/match/ascoli/messina/200713,2007,2,serie_a
Catania,Atalanta,0-0,https://www.besoccer.com/match/catania/atalanta/200714,2007,2,serie_a
Empoli,Chievo,1-1,https://www.besoccer.com/match/empoli-fc/chievo/200715,2007,2,serie_a
Lazio,Palermo FC,1-2,https://www.besoccer.com/match/lazio/palermo/200716,2007,2,serie_a
Livorno,Fiorentina,1-0,https://www.besoccer.com/match/livorno/fiorentina/200717,2007,2,serie_a
Siena,Roma,1-3,https://www.besoccer.com/match/siena/roma/200719,2007,2,serie_a
Udinese,Torino,2-0,https://www.besoccer.com/match/udinese/torino-fc/200720,2007,2,serie_a
Parma,Milan,0-2,https://www.besoccer.com/match/parma-fc/milan/200718,2007,2,serie_a
Milan,Ascoli,1-0,https://www.besoccer.com/match/milan/ascoli/200721,2007,3,serie_a
Roma,Inter,0-1,https://www.besoccer.com/match/roma/internazionale/200722,2007,3,serie_a
Atalanta,Empoli,0-0,https://www.besoccer.com/match/atalanta/empoli-fc/200723,2007,3,serie_a
Cagliari,Livorno,2-2,https://www.besoccer.com/match/cagliari/livorno/200724,2007,3,serie_a
Chievo,Lazio,0-1,https://www.besoccer.com/match/chievo/lazio/200725,2007,3,serie_a
Fiorentina,Parma,1-0,https://www.besoccer.com/match/fiorentina/parma-fc/200726,2007,3,serie_a
Messina,Reggina,2-0,https://www.besoccer.com/match/messina/reggina/200727,2007,3,serie_a
Palermo FC,Catania,5-3,https://www.besoccer.com/match/palermo/catania/200728,2007,3,serie_a
Sampdoria,Udinese,3-3,https://www.besoccer.com/match/sampdoria/udinese/200729,2007,3,serie_a
Torino,Siena,1-2,https://www.besoccer.com/match/torino-fc/siena/200730,2007,3,serie_a
Livorno,Milan,0-0,https://www.besoccer.com/match/livorno/milan/200732,2007,4,serie_a
Catania,Messina,2-2,https://www.besoccer.com/match/catania/messina/200731,2007,4,serie_a
Ascoli,Sampdoria,1-1,https://www.besoccer.com/match/ascoli/sampdoria/200733,2007,4,serie_a
Empoli,Palermo FC,2-0,https://www.besoccer.com/match/empoli-fc/palermo/200734,2007,4,serie_a
Inter,Chievo,4-3,https://www.besoccer.com/match/internazionale/chievo/200735,2007,4,serie_a
Lazio,Atalanta,1-0,https://www.besoccer.com/match/lazio/atalanta/200736,2007,4,serie_a
Parma,Roma,0-4,https://www.besoccer.com/match/parma-fc/roma/200737,2007,4,serie_a
Reggina,Torino,1-1,https://www.besoccer.com/match/reggina/torino-fc/200738,2007,4,serie_a
Siena,Cagliari,0-0,https://www.besoccer.com/match/siena/cagliari/200739,2007,4,serie_a
Udinese,Fiorentina,1-0,https://www.besoccer.com/match/udinese/fiorentina/200740,2007,4,serie_a
Atalanta,Reggina,1-1,https://www.besoccer.com/match/atalanta/reggina/200741,2007,5,serie_a
Torino,Lazio,0-4,https://www.besoccer.com/match/torino-fc/lazio/200742,2007,5,serie_a
Milan,Siena,0-0,https://www.besoccer.com/match/milan/siena/200743,2007,5,serie_a
Roma,Empoli,1-0,https://www.besoccer.com/match/roma/empoli-fc/200744,2007,5,serie_a
Cagliari,Inter,1-1,https://www.besoccer.com/match/cagliari/internazionale/200745,2007,5,serie_a
Fiorentina,Catania,3-0,https://www.besoccer.com/match/fiorentina/catania/200747,2007,5,serie_a
Messina,Livorno,0-1,https://www.besoccer.com/match/messina/livorno/200748,2007,5,serie_a
Sampdoria,Parma,3-2,https://www.besoccer.com/match/sampdoria/parma-fc/200749,2007,5,serie_a
Udinese,Ascoli,0-0,https://www.besoccer.com/match/udinese/ascoli/200750,2007,5,serie_a
Chievo,Palermo FC,0-1,https://www.besoccer.com/match/chievo/palermo/200746,2007,5,serie_a
Sampdoria,Milan,1-1,https://www.besoccer.com/match/sampdoria/milan/200751,2007,6,serie_a
Siena,Messina,3-1,https://www.besoccer.com/match/siena/messina/200752,2007,6,serie_a
Ascoli,Livorno,0-2,https://www.besoccer.com/match/ascoli/livorno/200753,2007,6,serie_a
Empoli,Fiorentina,1-2,https://www.besoccer.com/match/empoli-fc/fiorentina/200754,2007,6,serie_a
Inter,Catania,2-1,https://www.besoccer.com/match/internazionale/catania/200755,2007,6,serie_a
Palermo FC,Atalanta,2-3,https://www.besoccer.com/match/palermo/atalanta/200757,2007,6,serie_a
Parma,Udinese,0-3,https://www.besoccer.com/match/parma-fc/udinese/200758,2007,6,serie_a
Reggina,Roma,1-0,https://www.besoccer.com/match/reggina/roma/200759,2007,6,serie_a
Torino,Chievo,1-0,https://www.besoccer.com/match/torino-fc/chievo/200760,2007,6,serie_a
Lazio,Cagliari,0-0,https://www.besoccer.com/match/lazio/cagliari/200756,2007,6,serie_a
Messina,Empoli,2-2,https://www.besoccer.com/match/messina/empoli-fc/200762,2007,7,serie_a
Cagliari,Torino,0-0,https://www.besoccer.com/match/cagliari/torino-fc/200761,2007,7,serie_a
Roma,Chievo,1-1,https://www.besoccer.com/match/roma/chievo/200764,2007,7,serie_a
Atalanta,Sampdoria,3-2,https://www.besoccer.com/match/atalanta/sampdoria/200765,2007,7,serie_a
Catania,Lazio,3-1,https://www.besoccer.com/match/catania/lazio/200766,2007,7,serie_a
Fiorentina,Reggina,3-0,https://www.besoccer.com/match/fiorentina/reggina/200767,2007,7,serie_a
Livorno,Siena,0-0,https://www.besoccer.com/match/livorno/siena/200768,2007,7,serie_a
Parma,Ascoli,1-0,https://www.besoccer.com/match/parma-fc/ascoli/200769,2007,7,serie_a
Udinese,Inter,0-0,https://www.besoccer.com/match/udinese/internazionale/200770,2007,7,serie_a
Milan,Palermo FC,0-2,https://www.besoccer.com/match/milan/palermo/200763,2007,7,serie_a
Roma,Ascoli,2-2,https://www.besoccer.com/match/roma/ascoli/200771,2007,8,serie_a
Atalanta,Cagliari,3-3,https://www.besoccer.com/match/atalanta/cagliari/200772,2007,8,serie_a
Chievo,Milan,0-1,https://www.besoccer.com/match/chievo/milan/200773,2007,8,serie_a
Empoli,Udinese,1-1,https://www.besoccer.com/match/empoli-fc/udinese/200774,2007,8,serie_a
Inter,Livorno,4-1,https://www.besoccer.com/match/internazionale/livorno/200775,2007,8,serie_a
Palermo FC,Messina,2-1,https://www.besoccer.com/match/palermo/messina/200776,2007,8,serie_a
Reggina,Parma,3-2,https://www.besoccer.com/match/reggina/parma-fc/200777,2007,8,serie_a
Sampdoria,Lazio,2-0,https://www.besoccer.com/match/sampdoria/lazio/200778,2007,8,serie_a
Siena,Catania,1-1,https://www.besoccer.com/match/siena/catania/200779,2007,8,serie_a
Torino,Fiorentina,0-1,https://www.besoccer.com/match/torino-fc/fiorentina/200780,2007,8,serie_a
Udinese,Roma,0-1,https://www.besoccer.com/match/udinese/roma/200782,2007,9,serie_a
Milan,Inter,3-4,https://www.besoccer.com/match/milan/internazionale/200781,2007,9,serie_a
Ascoli,Siena,0-1,https://www.besoccer.com/match/ascoli/siena/200783,2007,9,serie_a
Cagliari,Sampdoria,1-0,https://www.besoccer.com/match/cagliari/sampdoria/200784,2007,9,serie_a
Catania,Torino,1-1,https://www.besoccer.com/match/catania/torino-fc/200785,2007,9,serie_a
Fiorentina,Palermo FC,2-3,https://www.besoccer.com/match/fiorentina/palermo/200786,2007,9,serie_a
Lazio,Reggina,0-0,https://www.besoccer.com/match/lazio/reggina/200787,2007,9,serie_a
Messina,Chievo,2-1,https://www.besoccer.com/match/messina/chievo/200789,2007,9,serie_a
Parma,Atalanta,3-1,https://www.besoccer.com/match/parma-fc/atalanta/200790,2007,9,serie_a
Livorno,Empoli,0-0,https://www.besoccer.com/match/livorno/empoli-fc/200788,2007,9,serie_a
Siena,Parma,2-2,https://www.besoccer.com/match/siena/parma-fc/200792,2007,10,serie_a
Reggina,Catania,0-1,https://www.besoccer.com/match/reggina/catania/200791,2007,10,serie_a
Atalanta,Milan,2-0,https://www.besoccer.com/match/atalanta/milan/200794,2007,10,serie_a
Chievo,Cagliari,0-0,https://www.besoccer.com/match/chievo/cagliari/200795,2007,10,serie_a
Empoli,Lazio,1-1,https://www.besoccer.com/match/empoli-fc/lazio/200796,2007,10,serie_a
Inter,Ascoli,2-0,https://www.besoccer.com/match/internazionale/ascoli/200797,2007,10,serie_a
Livorno,Udinese,1-0,https://www.besoccer.com/match/livorno/udinese/200798,2007,10,serie_a
Palermo FC,Sampdoria,2-0,https://www.besoccer.com/match/palermo/sampdoria/200799,2007,10,serie_a
Torino,Messina,1-1,https://www.besoccer.com/match/torino-fc/messina/2007100,2007,10,serie_a
Roma,Fiorentina,3-1,https://www.besoccer.com/match/roma/fiorentina/200793,2007,10,serie_a
Fiorentina,Atalanta,3-1,https://www.besoccer.com/match/fiorentina/atalanta/2007102,2007,11,serie_a
Milan,Roma,1-2,https://www.besoccer.com/match/milan/roma/2007101,2007,11,serie_a
Ascoli,Empoli,0-1,https://www.besoccer.com/match/ascoli/empoli-fc/2007103,2007,11,serie_a
Catania,Livorno,3-2,https://www.besoccer.com/match/catania/livorno/2007104,2007,11,serie_a
Lazio,Udinese,5-0,https://www.besoccer.com/match/lazio/udinese/2007105,2007,11,serie_a
Messina,Cagliari,2-2,https://www.besoccer.com/match/messina/cagliari/2007106,2007,11,serie_a
Palermo FC,Torino,3-0,https://www.besoccer.com/match/palermo/torino-fc/2007107,2007,11,serie_a
Sampdoria,Chievo,3-0,https://www.besoccer.com/match/sampdoria/chievo/2007109,2007,11,serie_a
Siena,Reggina,0-1,https://www.besoccer.com/match/siena/reggina/2007110,2007,11,serie_a
Parma,Inter,1-2,https://www.besoccer.com/match/parma-fc/internazionale/2007108,2007,11,serie_a
Empoli,Milan,0-0,https://www.besoccer.com/match/empoli-fc/milan/2007112,2007,12,serie_a
Cagliari,Palermo FC,1-0,https://www.besoccer.com/match/cagliari/palermo/2007111,2007,12,serie_a
Roma,Catania,7-0,https://www.besoccer.com/match/roma/catania/2007113,2007,12,serie_a
Ascoli,Fiorentina,1-1,https://www.besoccer.com/match/ascoli/fiorentina/2007114,2007,12,serie_a
Chievo,Atalanta,2-2,https://www.besoccer.com/match/chievo/atalanta/2007115,2007,12,serie_a
Inter,Reggina,1-0,https://www.besoccer.com/match/internazionale/reggina/2007116,2007,12,serie_a
Livorno,Parma,3-0,https://www.besoccer.com/match/livorno/parma-fc/2007117,2007,12,serie_a
Messina,Lazio,1-4,https://www.besoccer.com/match/messina/lazio/2007118,2007,12,serie_a
Udinese,Siena,3-0,https://www.besoccer.com/match/udinese/siena/2007120,2007,12,serie_a
Torino,Sampdoria,1-0,https://www.besoccer.com/match/torino-fc/sampdoria/2007119,2007,12,serie_a
Chievo,Udinese,2-0,https://www.besoccer.com/match/chievo/udinese/2007122,2007,13,serie_a
Milan,Messina,1-0,https://www.besoccer.com/match/milan/messina/2007121,2007,13,serie_a
Atalanta,Torino,1-2,https://www.besoccer.com/match/atalanta/torino-fc/2007123,2007,13,serie_a
Catania,Parma,2-0,https://www.besoccer.com/match/catania/parma-fc/2007124,2007,13,serie_a
Empoli,Cagliari,1-0,https://www.besoccer.com/match/empoli-fc/cagliari/2007125,2007,13,serie_a
Lazio,Ascoli,3-1,https://www.besoccer.com/match/lazio/ascoli/2007126,2007,13,serie_a
Reggina,Livorno,2-2,https://www.besoccer.com/match/reggina/livorno/2007128,2007,13,serie_a
Sampdoria,Roma,2-4,https://www.besoccer.com/match/sampdoria/roma/2007129,2007,13,serie_a
Siena,Fiorentina,1-1,https://www.besoccer.com/match/siena/fiorentina/2007130,2007,13,serie_a
Palermo FC,Inter,1-2,https://www.besoccer.com/match/palermo/internazionale/2007127,2007,13,serie_a
Inter,Siena,2-0,https://www.besoccer.com/match/internazionale/siena/2007132,2007,14,serie_a
Roma,Atalanta,2-1,https://www.besoccer.com/match/roma/atalanta/2007131,2007,14,serie_a
Cagliari,Milan,2-2,https://www.besoccer.com/match/cagliari/milan/2007134,2007,14,serie_a
Fiorentina,Lazio,1-0,https://www.besoccer.com/match/fiorentina/lazio/2007135,2007,14,serie_a
Livorno,Chievo,0-2,https://www.besoccer.com/match/livorno/chievo/2007136,2007,14,serie_a
Messina,Sampdoria,0-2,https://www.besoccer.com/match/messina/sampdoria/2007137,2007,14,serie_a
Parma,Palermo FC,0-0,https://www.besoccer.com/match/parma-fc/palermo/2007138,2007,14,serie_a
Torino,Empoli,1-0,https://www.besoccer.com/match/torino-fc/empoli-fc/2007139,2007,14,serie_a
Udinese,Reggina,1-1,https://www.besoccer.com/match/udinese/reggina/2007140,2007,14,serie_a
Ascoli,Catania,2-2,https://www.besoccer.com/match/ascoli/catania/2007133,2007,14,serie_a
Reggina,Ascoli,2-1,https://www.besoccer.com/match/reggina/ascoli/2007142,2007,15,serie_a
Palermo FC,Livorno,3-0,https://www.besoccer.com/match/palermo/livorno/2007141,2007,15,serie_a
Milan,Torino,0-0,https://www.besoccer.com/match/milan/torino-fc/2007143,2007,15,serie_a
Atalanta,Messina,3-2,https://www.besoccer.com/match/atalanta/messina/2007144,2007,15,serie_a
Cagliari,Parma,0-0,https://www.besoccer.com/match/cagliari/parma-fc/2007145,2007,15,serie_a
Catania,Udinese,1-0,https://www.besoccer.com/match/catania/udinese/2007146,2007,15,serie_a
Chievo,Fiorentina,0-1,https://www.besoccer.com/match/chievo/fiorentina/2007147,2007,15,serie_a
Empoli,Inter,0-3,https://www.besoccer.com/match/empoli-fc/internazionale/2007148,2007,15,serie_a
Sampdoria,Siena,0-0,https://www.besoccer.com/match/sampdoria/siena/2007150,2007,15,serie_a
Lazio,Roma,3-0,https://www.besoccer.com/match/lazio/roma/2007149,2007,15,serie_a
Udinese,Cagliari,3-1,https://www.besoccer.com/match/udinese/cagliari/2007152,2007,16,serie_a
Fiorentina,Milan,2-2,https://www.besoccer.com/match/fiorentina/milan/2007151,2007,16,serie_a
Ascoli,Torino,0-2,https://www.besoccer.com/match/ascoli/torino-fc/2007154,2007,16,serie_a
Inter,Messina,2-0,https://www.besoccer.com/match/internazionale/messina/2007155,2007,16,serie_a
Livorno,Lazio,1-1,https://www.besoccer.com/match/livorno/lazio/2007156,2007,16,serie_a
Parma,Chievo,2-2,https://www.besoccer.com/match/parma-fc/chievo/2007157,2007,16,serie_a
Reggina,Sampdoria,0-1,https://www.besoccer.com/match/reggina/sampdoria/2007158,2007,16,serie_a
Siena,Atalanta,1-1,https://www.besoccer.com/match/siena/atalanta/2007159,2007,16,serie_a
Catania,Empoli,2-1,https://www.besoccer.com/match/catania/empoli-fc/2007160,2007,16,serie_a
Roma,Palermo FC,4-0,https://www.besoccer.com/match/roma/palermo/2007153,2007,16,serie_a
Milan,Catania,3-0,https://www.besoccer.com/match/milan/catania/2007161,2007,17,serie_a
Atalanta,Udinese,1-2,https://www.besoccer.com/match/atalanta/udinese/2007162,2007,17,serie_a
Cagliari,Fiorentina,0-2,https://www.besoccer.com/match/cagliari/fiorentina/2007163,2007,17,serie_a
Chievo,Reggina,3-2,https://www.besoccer.com/match/chievo/reggina/2007164,2007,17,serie_a
Empoli,Siena,1-0,https://www.besoccer.com/match/empoli-fc/siena/2007165,2007,17,serie_a
Lazio,Inter,0-2,https://www.besoccer.com/match/lazio/internazionale/2007166,2007,17,serie_a
Messina,Parma,1-1,https://www.besoccer.com/match/messina/parma-fc/2007167,2007,17,serie_a
Palermo FC,Ascoli,4-0,https://www.besoccer.com/match/palermo/ascoli/2007168,2007,17,serie_a
Sampdoria,Livorno,4-1,https://www.besoccer.com/match/sampdoria/livorno/2007169,2007,17,serie_a
Torino,Roma,1-2,https://www.besoccer.com/match/torino-fc/roma/2007170,2007,17,serie_a
Roma,Cagliari,2-0,https://www.besoccer.com/match/roma/cagliari/2007171,2007,18,serie_a
Ascoli,Chievo,3-0,https://www.besoccer.com/match/ascoli/chievo/2007172,2007,18,serie_a
Catania,Sampdoria,4-2,https://www.besoccer.com/match/catania/sampdoria/2007173,2007,18,serie_a
Fiorentina,Messina,4-0,https://www.besoccer.com/match/fiorentina/messina/2007174,2007,18,serie_a
Inter,Atalanta,2-1,https://www.besoccer.com/match/internazionale/atalanta/2007175,2007,18,serie_a
Livorno,Torino,1-1,https://www.besoccer.com/match/livorno/torino-fc/2007176,2007,18,serie_a
Parma,Lazio,1-3,https://www.besoccer.com/match/parma-fc/lazio/2007177,2007,18,serie_a
Reggina,Empoli,4-1,https://www.besoccer.com/match/reggina/empoli-fc/2007178,2007,18,serie_a
Siena,Palermo FC,1-1,https://www.besoccer.com/match/siena/palermo/2007179,2007,18,serie_a
Udinese,Milan,0-3,https://www.besoccer.com/match/udinese/milan/2007180,2007,18,serie_a
Empoli,Parma,2-0,https://www.besoccer.com/match/empoli-fc/parma-fc/2007181,2007,19,serie_a
Torino,Inter,1-3,https://www.besoccer.com/match/torino-fc/internazionale/2007182,2007,19,serie_a
Milan,Reggina,3-1,https://www.besoccer.com/match/milan/reggina/2007183,2007,19,serie_a
Atalanta,Livorno,5-1,https://www.besoccer.com/match/atalanta/livorno/2007184,2007,19,serie_a
Cagliari,Ascoli,1-0,https://www.besoccer.com/match/cagliari/ascoli/2007185,2007,19,serie_a
Chievo,Catania,2-1,https://www.besoccer.com/match/chievo/catania/2007186,2007,19,serie_a
Messina,Roma,1-1,https://www.besoccer.com/match/messina/roma/2007188,2007,19,serie_a
Palermo FC,Udinese,2-0,https://www.besoccer.com/match/palermo/udinese/2007189,2007,19,serie_a
Sampdoria,Fiorentina,0-0,https://www.besoccer.com/match/sampdoria/fiorentina/2007190,2007,19,serie_a
Lazio,Siena,1-1,https://www.besoccer.com/match/lazio/siena/2007187,2007,19,serie_a
Ascoli,Atalanta,1-3,https://www.besoccer.com/match/ascoli/atalanta/2007191,2007,20,serie_a
Reggina,Palermo FC,0-0,https://www.besoccer.com/match/reggina/palermo/2007192,2007,20,serie_a
Catania,Cagliari,0-1,https://www.besoccer.com/match/catania/cagliari/2007193,2007,20,serie_a
Empoli,Sampdoria,2-0,https://www.besoccer.com/match/empoli-fc/sampdoria/2007194,2007,20,serie_a
Inter,Fiorentina,3-1,https://www.besoccer.com/match/internazionale/fiorentina/2007195,2007,20,serie_a
Lazio,Milan,0-0,https://www.besoccer.com/match/lazio/milan/2007196,2007,20,serie_a
Livorno,Roma,1-1,https://www.besoccer.com/match/livorno/roma/2007197,2007,20,serie_a
Parma,Torino,1-0,https://www.besoccer.com/match/parma-fc/torino-fc/2007198,2007,20,serie_a
Siena,Chievo,2-1,https://www.besoccer.com/match/siena/chievo/2007199,2007,20,serie_a
Udinese,Messina,1-0,https://www.besoccer.com/match/udinese/messina/2007200,2007,20,serie_a
Palermo FC,Lazio,0-3,https://www.besoccer.com/match/palermo/lazio/2007201,2007,21,serie_a
Torino,Udinese,2-3,https://www.besoccer.com/match/torino-fc/udinese/2007202,2007,21,serie_a
Milan,Parma,1-0,https://www.besoccer.com/match/milan/parma-fc/2007203,2007,21,serie_a
Roma,Siena,1-0,https://www.besoccer.com/match/roma/siena/2007204,2007,21,serie_a
Atalanta,Catania,1-1,https://www.besoccer.com/match/atalanta/catania/2007205,2007,21,serie_a
Cagliari,Reggina,0-2,https://www.besoccer.com/match/cagliari/reggina/2007206,2007,21,serie_a
Chievo,Empoli,0-0,https://www.besoccer.com/match/chievo/empoli-fc/2007207,2007,21,serie_a
Fiorentina,Livorno,2-1,https://www.besoccer.com/match/fiorentina/livorno/2007208,2007,21,serie_a
Messina,Ascoli,1-2,https://www.besoccer.com/match/messina/ascoli/2007209,2007,21,serie_a
Sampdoria,Inter,0-2,https://www.besoccer.com/match/sampdoria/internazionale/2007210,2007,21,serie_a
Catania,Palermo FC,1-2,https://www.besoccer.com/match/catania/palermo/2007211,2007,22,serie_a
Ascoli,Milan,2-5,https://www.besoccer.com/match/ascoli/milan/2007212,2007,22,serie_a
Empoli,Atalanta,2-0,https://www.besoccer.com/match/empoli-fc/atalanta/2007213,2007,22,serie_a
Inter,Roma,1-3,https://www.besoccer.com/match/internazionale/roma/2007214,2007,22,serie_a
Lazio,Chievo,0-0,https://www.besoccer.com/match/lazio/chievo/2007215,2007,22,serie_a
Livorno,Cagliari,2-1,https://www.besoccer.com/match/livorno/cagliari/2007216,2007,22,serie_a
Reggina,Messina,3-1,https://www.besoccer.com/match/reggina/messina/2007218,2007,22,serie_a
Udinese,Sampdoria,1-0,https://www.besoccer.com/match/udinese/sampdoria/2007220,2007,22,serie_a
Parma,Fiorentina,2-0,https://www.besoccer.com/match/parma-fc/fiorentina/2007217,2007,22,serie_a
Siena,Torino,1-0,https://www.besoccer.com/match/siena/torino-fc/2007219,2007,22,serie_a
Milan,Livorno,2-1,https://www.besoccer.com/match/milan/livorno/2007221,2007,23,serie_a
Roma,Parma,3-0,https://www.besoccer.com/match/roma/parma-fc/2007222,2007,23,serie_a
Atalanta,Lazio,0-0,https://www.besoccer.com/match/atalanta/lazio/2007223,2007,23,serie_a
Cagliari,Siena,2-2,https://www.besoccer.com/match/cagliari/siena/2007224,2007,23,serie_a
Chievo,Inter,0-2,https://www.besoccer.com/match/chievo/internazionale/2007225,2007,23,serie_a
Fiorentina,Udinese,2-0,https://www.besoccer.com/match/fiorentina/udinese/2007226,2007,23,serie_a
Messina,Catania,1-1,https://www.besoccer.com/match/messina/catania/2007227,2007,23,serie_a
Palermo FC,Empoli,0-1,https://www.besoccer.com/match/palermo/empoli-fc/2007228,2007,23,serie_a
Sampdoria,Ascoli,2-0,https://www.besoccer.com/match/sampdoria/ascoli/2007229,2007,23,serie_a
Torino,Reggina,1-2,https://www.besoccer.com/match/torino-fc/reggina/2007230,2007,23,serie_a
Empoli,Roma,1-0,https://www.besoccer.com/match/empoli-fc/roma/2007231,2007,24,serie_a
Inter,Cagliari,1-0,https://www.besoccer.com/match/internazionale/cagliari/2007232,2007,24,serie_a
Siena,Milan,3-4,https://www.besoccer.com/match/siena/milan/2007233,2007,24,serie_a
Ascoli,Udinese,2-2,https://www.besoccer.com/match/ascoli/udinese/2007234,2007,24,serie_a
Catania,Fiorentina,0-1,https://www.besoccer.com/match/catania/fiorentina/2007235,2007,24,serie_a
Lazio,Torino,2-0,https://www.besoccer.com/match/lazio/torino-fc/2007236,2007,24,serie_a
Livorno,Messina,2-1,https://www.besoccer.com/match/livorno/messina/2007237,2007,24,serie_a
Palermo FC,Chievo,1-1,https://www.besoccer.com/match/palermo/chievo/2007238,2007,24,serie_a
Parma,Sampdoria,0-1,https://www.besoccer.com/match/parma-fc/sampdoria/2007239,2007,24,serie_a
Reggina,Atalanta,1-1,https://www.besoccer.com/match/reggina/atalanta/2007240,2007,24,serie_a
Chievo,Torino,3-0,https://www.besoccer.com/match/chievo/torino-fc/2007242,2007,25,serie_a
Atalanta,Palermo FC,1-1,https://www.besoccer.com/match/atalanta/palermo/2007241,2007,25,serie_a
Roma,Reggina,3-0,https://www.besoccer.com/match/roma/reggina/2007244,2007,25,serie_a
Cagliari,Lazio,0-2,https://www.besoccer.com/match/cagliari/lazio/2007245,2007,25,serie_a
Catania,Inter,2-5,https://www.besoccer.com/match/catania/internazionale/2007246,2007,25,serie_a
Fiorentina,Empoli,2-0,https://www.besoccer.com/match/fiorentina/empoli-fc/2007247,2007,25,serie_a
Livorno,Ascoli,0-0,https://www.besoccer.com/match/livorno/ascoli/2007248,2007,25,serie_a
Messina,Siena,1-0,https://www.besoccer.com/match/messina/siena/2007249,2007,25,serie_a
Udinese,Parma,3-3,https://www.besoccer.com/match/udinese/parma-fc/2007250,2007,25,serie_a
Milan,Sampdoria,1-0,https://www.besoccer.com/match/milan/sampdoria/2007243,2007,25,serie_a
Ascoli,Parma,0-0,https://www.besoccer.com/match/ascoli/parma-fc/2007251,2007,26,serie_a
Chievo,Roma,2-2,https://www.besoccer.com/match/chievo/roma/2007252,2007,26,serie_a
Empoli,Messina,3-1,https://www.besoccer.com/match/empoli-fc/messina/2007253,2007,26,serie_a
Lazio,Catania,3-1,https://www.besoccer.com/match/lazio/catania/2007255,2007,26,serie_a
Palermo FC,Milan,0-0,https://www.besoccer.com/match/palermo/milan/2007256,2007,26,serie_a
Reggina,Fiorentina,1-1,https://www.besoccer.com/match/reggina/fiorentina/2007257,2007,26,serie_a
Sampdoria,Atalanta,2-1,https://www.besoccer.com/match/sampdoria/atalanta/2007258,2007,26,serie_a
Siena,Livorno,0-0,https://www.besoccer.com/match/siena/livorno/2007259,2007,26,serie_a
Torino,Cagliari,1-0,https://www.besoccer.com/match/torino-fc/cagliari/2007260,2007,26,serie_a
Inter,Udinese,1-1,https://www.besoccer.com/match/internazionale/udinese/2007254,2007,26,serie_a
Ascoli,Roma,1-1,https://www.besoccer.com/match/ascoli/roma/2007262,2007,27,serie_a
Livorno,Inter,1-2,https://www.besoccer.com/match/livorno/internazionale/2007263,2007,27,serie_a
Milan,Chievo,3-1,https://www.besoccer.com/match/milan/chievo/2007261,2007,27,serie_a
Cagliari,Atalanta,2-0,https://www.besoccer.com/match/cagliari/atalanta/2007264,2007,27,serie_a
Catania,Siena,1-1,https://www.besoccer.com/match/catania/siena/2007265,2007,27,serie_a
Fiorentina,Torino,5-1,https://www.besoccer.com/match/fiorentina/torino-fc/2007266,2007,27,serie_a
Lazio,Sampdoria,1-0,https://www.besoccer.com/match/lazio/sampdoria/2007267,2007,27,serie_a
Messina,Palermo FC,2-0,https://www.besoccer.com/match/messina/palermo/2007268,2007,27,serie_a
Parma,Reggina,2-2,https://www.besoccer.com/match/parma-fc/reggina/2007269,2007,27,serie_a
Udinese,Empoli,0-1,https://www.besoccer.com/match/udinese/empoli-fc/2007270,2007,27,serie_a
Sampdoria,Cagliari,1-1,https://www.besoccer.com/match/sampdoria/cagliari/2007271,2007,28,serie_a
Atalanta,Parma,1-1,https://www.besoccer.com/match/atalanta/parma-fc/2007273,2007,28,serie_a
Chievo,Messina,1-1,https://www.besoccer.com/match/chievo/messina/2007274,2007,28,serie_a
Empoli,Livorno,2-2,https://www.besoccer.com/match/empoli-fc/livorno/2007275,2007,28,serie_a
Inter,Milan,2-1,https://www.besoccer.com/match/internazionale/milan/2007276,2007,28,serie_a
Palermo FC,Fiorentina,1-1,https://www.besoccer.com/match/palermo/fiorentina/2007277,2007,28,serie_a
Reggina,Lazio,2-3,https://www.besoccer.com/match/reggina/lazio/2007278,2007,28,serie_a
Siena,Ascoli,0-1,https://www.besoccer.com/match/siena/ascoli/2007279,2007,28,serie_a
Torino,Catania,1-0,https://www.besoccer.com/match/torino-fc/catania/2007280,2007,28,serie_a
Roma,Udinese,3-1,https://www.besoccer.com/match/roma/udinese/2007272,2007,28,serie_a
Sampdoria,Palermo FC,1-1,https://www.besoccer.com/match/sampdoria/palermo/2007281,2007,29,serie_a
Milan,Atalanta,1-0,https://www.besoccer.com/match/milan/atalanta/2007282,2007,29,serie_a
Ascoli,Inter,1-2,https://www.besoccer.com/match/ascoli/internazionale/2007283,2007,29,serie_a
Cagliari,Chievo,0-2,https://www.besoccer.com/match/cagliari/chievo/2007284,2007,29,serie_a
Catania,Reggina,1-4,https://www.besoccer.com/match/catania/reggina/2007285,2007,29,serie_a
Fiorentina,Roma,0-0,https://www.besoccer.com/match/fiorentina/roma/2007286,2007,29,serie_a
Messina,Torino,0-3,https://www.besoccer.com/match/messina/torino-fc/2007288,2007,29,serie_a
Parma,Siena,1-0,https://www.besoccer.com/match/parma-fc/siena/2007289,2007,29,serie_a
Udinese,Livorno,4-0,https://www.besoccer.com/match/udinese/livorno/2007290,2007,29,serie_a
Lazio,Empoli,3-1,https://www.besoccer.com/match/lazio/empoli-fc/2007287,2007,29,serie_a
Reggina,Siena,0-1,https://www.besoccer.com/match/reggina/siena/2007292,2007,30,serie_a
Roma,Milan,1-1,https://www.besoccer.com/match/roma/milan/2007291,2007,30,serie_a
Atalanta,Fiorentina,2-2,https://www.besoccer.com/match/atalanta/fiorentina/2007293,2007,30,serie_a
Cagliari,Messina,2-0,https://www.besoccer.com/match/cagliari/messina/2007294,2007,30,serie_a
Chievo,Sampdoria,1-1,https://www.besoccer.com/match/chievo/sampdoria/2007295,2007,30,serie_a
Empoli,Ascoli,4-1,https://www.besoccer.com/match/empoli-fc/ascoli/2007296,2007,30,serie_a
Inter,Parma,2-0,https://www.besoccer.com/match/internazionale/parma-fc/2007297,2007,30,serie_a
Livorno,Catania,4-1,https://www.besoccer.com/match/livorno/catania/2007298,2007,30,serie_a
Torino,Palermo FC,0-0,https://www.besoccer.com/match/torino-fc/palermo/2007299,2007,30,serie_a
Udinese,Lazio,2-4,https://www.besoccer.com/match/udinese/lazio/2007300,2007,30,serie_a
Atalanta,Chievo,1-0,https://www.besoccer.com/match/atalanta/chievo/2007302,2007,31,serie_a
Catania,Roma,0-2,https://www.besoccer.com/match/catania/roma/2007303,2007,31,serie_a
Fiorentina,Ascoli,4-0,https://www.besoccer.com/match/fiorentina/ascoli/2007304,2007,31,serie_a
Lazio,Messina,1-0,https://www.besoccer.com/match/lazio/messina/2007305,2007,31,serie_a
Palermo FC,Cagliari,1-3,https://www.besoccer.com/match/palermo/cagliari/2007306,2007,31,serie_a
Parma,Livorno,1-0,https://www.besoccer.com/match/parma-fc/livorno/2007307,2007,31,serie_a
Reggina,Inter,0-0,https://www.besoccer.com/match/reggina/internazionale/2007308,2007,31,serie_a
Sampdoria,Torino,1-0,https://www.besoccer.com/match/sampdoria/torino-fc/2007309,2007,31,serie_a
Siena,Udinese,2-2,https://www.besoccer.com/match/siena/udinese/2007310,2007,31,serie_a
Milan,Empoli,3-1,https://www.besoccer.com/match/milan/empoli-fc/2007301,2007,31,serie_a
Cagliari,Empoli,0-0,https://www.besoccer.com/match/cagliari/empoli-fc/2007311,2007,32,serie_a
Udinese,Chievo,2-1,https://www.besoccer.com/match/udinese/chievo/2007312,2007,32,serie_a
Roma,Sampdoria,4-0,https://www.besoccer.com/match/roma/sampdoria/2007313,2007,32,serie_a
Ascoli,Lazio,2-2,https://www.besoccer.com/match/ascoli/lazio/2007314,2007,32,serie_a
Fiorentina,Siena,1-0,https://www.besoccer.com/match/fiorentina/siena/2007315,2007,32,serie_a
Livorno,Reggina,1-1,https://www.besoccer.com/match/livorno/reggina/2007317,2007,32,serie_a
Messina,Milan,1-3,https://www.besoccer.com/match/messina/milan/2007318,2007,32,serie_a
Parma,Catania,1-1,https://www.besoccer.com/match/parma-fc/catania/2007319,2007,32,serie_a
Torino,Atalanta,1-2,https://www.besoccer.com/match/torino-fc/atalanta/2007320,2007,32,serie_a
Inter,Palermo FC,2-2,https://www.besoccer.com/match/internazionale/palermo/2007316,2007,32,serie_a
Sampdoria,Messina,3-1,https://www.besoccer.com/match/sampdoria/messina/2007322,2007,33,serie_a
Milan,Cagliari,3-1,https://www.besoccer.com/match/milan/cagliari/2007321,2007,33,serie_a
Atalanta,Roma,2-1,https://www.besoccer.com/match/atalanta/roma/2007323,2007,33,serie_a
Chievo,Livorno,2-1,https://www.besoccer.com/match/chievo/livorno/2007324,2007,33,serie_a
Empoli,Torino,0-0,https://www.besoccer.com/match/empoli-fc/torino-fc/2007325,2007,33,serie_a
Lazio,Fiorentina,0-1,https://www.besoccer.com/match/lazio/fiorentina/2007326,2007,33,serie_a
Reggina,Udinese,1-1,https://www.besoccer.com/match/reggina/udinese/2007328,2007,33,serie_a
Siena,Inter,1-2,https://www.besoccer.com/match/siena/internazionale/2007329,2007,33,serie_a
Palermo FC,Parma,3-4,https://www.besoccer.com/match/palermo/parma-fc/2007327,2007,33,serie_a
Catania,Ascoli,3-3,https://www.besoccer.com/match/catania/ascoli/2007330,2007,33,serie_a
Fiorentina,Chievo,1-0,https://www.besoccer.com/match/fiorentina/chievo/2007331,2007,34,serie_a
Torino,Milan,0-1,https://www.besoccer.com/match/torino-fc/milan/2007332,2007,34,serie_a
Roma,Lazio,0-0,https://www.besoccer.com/match/roma/lazio/2007333,2007,34,serie_a
Ascoli,Reggina,2-3,https://www.besoccer.com/match/ascoli/reggina/2007334,2007,34,serie_a
Inter,Empoli,3-1,https://www.besoccer.com/match/internazionale/empoli-fc/2007335,2007,34,serie_a
Livorno,Palermo FC,1-2,https://www.besoccer.com/match/livorno/palermo/2007336,2007,34,serie_a
Messina,Atalanta,0-0,https://www.besoccer.com/match/messina/atalanta/2007337,2007,34,serie_a
Parma,Cagliari,2-1,https://www.besoccer.com/match/parma-fc/cagliari/2007338,2007,34,serie_a
Siena,Sampdoria,0-2,https://www.besoccer.com/match/siena/sampdoria/2007339,2007,34,serie_a
Udinese,Catania,0-1,https://www.besoccer.com/match/udinese/catania/2007340,2007,34,serie_a
Milan,Fiorentina,0-0,https://www.besoccer.com/match/milan/fiorentina/2007341,2007,35,serie_a
Atalanta,Siena,3-1,https://www.besoccer.com/match/atalanta/siena/2007342,2007,35,serie_a
Cagliari,Udinese,2-1,https://www.besoccer.com/match/cagliari/udinese/2007343,2007,35,serie_a
Chievo,Parma,1-0,https://www.besoccer.com/match/chievo/parma-fc/2007344,2007,35,serie_a
Empoli,Catania,2-1,https://www.besoccer.com/match/empoli-fc/catania/2007345,2007,35,serie_a
Lazio,Livorno,1-0,https://www.besoccer.com/match/lazio/livorno/2007346,2007,35,serie_a
Messina,Inter,0-1,https://www.besoccer.com/match/messina/internazionale/2007347,2007,35,serie_a
Palermo FC,Roma,1-2,https://www.besoccer.com/match/palermo/roma/2007348,2007,35,serie_a
Sampdoria,Reggina,0-0,https://www.besoccer.com/match/sampdoria/reggina/2007349,2007,35,serie_a
Torino,Ascoli,1-0,https://www.besoccer.com/match/torino-fc/ascoli/2007350,2007,35,serie_a
Roma,Torino,0-1,https://www.besoccer.com/match/roma/torino-fc/2007351,2007,36,serie_a
Ascoli,Palermo FC,3-2,https://www.besoccer.com/match/ascoli/palermo/2007352,2007,36,serie_a
Catania,Milan,1-1,https://www.besoccer.com/match/catania/milan/2007353,2007,36,serie_a
Fiorentina,Cagliari,1-0,https://www.besoccer.com/match/fiorentina/cagliari/2007354,2007,36,serie_a
Inter,Lazio,4-3,https://www.besoccer.com/match/internazionale/lazio/2007355,2007,36,serie_a
Livorno,Sampdoria,1-0,https://www.besoccer.com/match/livorno/sampdoria/2007356,2007,36,serie_a
Parma,Messina,4-1,https://www.besoccer.com/match/parma-fc/messina/2007357,2007,36,serie_a
Reggina,Chievo,1-1,https://www.besoccer.com/match/reggina/chievo/2007358,2007,36,serie_a
Siena,Empoli,2-0,https://www.besoccer.com/match/siena/empoli-fc/2007359,2007,36,serie_a
Udinese,Atalanta,2-3,https://www.besoccer.com/match/udinese/atalanta/2007360,2007,36,serie_a
Milan,Udinese,2-3,https://www.besoccer.com/match/milan/udinese/2007361,2007,37,serie_a
Atalanta,Inter,1-1,https://www.besoccer.com/match/atalanta/internazionale/2007362,2007,37,serie_a
Cagliari,Roma,3-2,https://www.besoccer.com/match/cagliari/roma/2007363,2007,37,serie_a
Chievo,Ascoli,1-0,https://www.besoccer.com/match/chievo/ascoli/2007364,2007,37,serie_a
Empoli,Reggina,3-3,https://www.besoccer.com/match/empoli-fc/reggina/2007365,2007,37,serie_a
Lazio,Parma,0-0,https://www.besoccer.com/match/lazio/parma-fc/2007366,2007,37,serie_a
Messina,Fiorentina,2-2,https://www.besoccer.com/match/messina/fiorentina/2007367,2007,37,serie_a
Palermo FC,Siena,2-1,https://www.besoccer.com/match/palermo/siena/2007368,2007,37,serie_a
Sampdoria,Catania,1-0,https://www.besoccer.com/match/sampdoria/catania/2007369,2007,37,serie_a
Torino,Livorno,0-0,https://www.besoccer.com/match/torino-fc/livorno/2007370,2007,37,serie_a
Roma,Messina,4-3,https://www.besoccer.com/match/roma/messina/2007371,2007,38,serie_a
Ascoli,Cagliari,2-1,https://www.besoccer.com/match/ascoli/cagliari/2007372,2007,38,serie_a
Catania,Chievo,2-0,https://www.besoccer.com/match/catania/chievo/2007373,2007,38,serie_a
Fiorentina,Sampdoria,5-1,https://www.besoccer.com/match/fiorentina/sampdoria/2007374,2007,38,serie_a
Inter,Torino,3-0,https://www.besoccer.com/match/internazionale/torino-fc/2007375,2007,38,serie_a
Livorno,Atalanta,4-2,https://www.besoccer.com/match/livorno/atalanta/2007376,2007,38,serie_a
Parma,Empoli,3-1,https://www.besoccer.com/match/parma-fc/empoli-fc/2007377,2007,38,serie_a
Reggina,Milan,2-0,https://www.besoccer.com/match/reggina/milan/2007378,2007,38,serie_a
Siena,Lazio,2-1,https://www.besoccer.com/match/siena/lazio/2007379,2007,38,serie_a
Udinese,Palermo FC,1-2,https://www.besoccer.com/match/udinese/palermo/2007380,2007,38,serie_a
