Home_Team,Away_Team,Result,Link,Season,Round,League
Fortuna Düsseldorf,Braunschweig,2-2,https://www.besoccer.com/match/fortuna-dusseldorf/eintracht-brau-hellip/20151346,2015,1,2_liga
RB Leipzig,VfR Aalen,0-0,https://www.besoccer.com/match/rb-leipzig/vfr-aalen/20151373,2015,1,2_liga
FC St. Pauli,Ingolstadt 04,1-1,https://www.besoccer.com/match/st-pauli/fc-ingolstadt-04/20151371,2015,1,2_liga
VfL Bochum,Greuther Fürth,1-1,https://www.besoccer.com/match/bochum/greuther-furth/20151372,2015,1,2_liga
Heidenheim,FSV Frankfurt,2-1,https://www.besoccer.com/match/heidenheim/fsv-frankfurt/20151355,2015,1,2_liga
Darmstadt 98,Sandhausen,1-0,https://www.besoccer.com/match/darmstadt-98/sv-sandhausen/20151354,2015,1,2_liga
Nürnberg,Erzgebirge Aue,1-0,https://www.besoccer.com/match/fc-nurnberg/fc-erzgebirge-aue/20151366,2015,1,2_liga
Karlsruher SC,Union Berlin,0-0,https://www.besoccer.com/match/karlsruher-sc/1-fc-union-berlin/201533842,2015,1,2_liga
Kaiserslautern,1860 München,3-2,https://www.besoccer.com/match/kaiserslautern/1860-munchen/20151368,2015,1,2_liga
FSV Frankfurt,Karlsruher SC,2-3,https://www.besoccer.com/match/fsv-frankfurt/karlsruher-sc/201533843,2015,2,2_liga
VfR Aalen,FC St. Pauli,2-0,https://www.besoccer.com/match/vfr-aalen/st-pauli/20151379,2015,2,2_liga
Union Berlin,Fortuna Düsseldorf,1-1,https://www.besoccer.com/match/1-fc-union-berlin/fortuna-dusseldorf/201515403,2015,2,2_liga
Braunschweig,Heidenheim,3-0,https://www.besoccer.com/match/eintracht-brau-hellip/heidenheim/20151374,2015,2,2_liga
Erzgebirge Aue,VfL Bochum,1-5,https://www.besoccer.com/match/fc-erzgebirge-aue/bochum/20151400,2015,2,2_liga
Ingolstadt 04,Darmstadt 98,2-2,https://www.besoccer.com/match/fc-ingolstadt-04/darmstadt-98/20151378,2015,2,2_liga
1860 München,RB Leipzig,0-3,https://www.besoccer.com/match/1860-munchen/rb-leipzig/20151376,2015,2,2_liga
Sandhausen,Kaiserslautern,1-1,https://www.besoccer.com/match/sv-sandhausen/kaiserslautern/20151399,2015,2,2_liga
Greuther Fürth,Nürnberg,5-1,https://www.besoccer.com/match/greuther-furth/fc-nurnberg/20151375,2015,2,2_liga
Heidenheim,1860 München,2-2,https://www.besoccer.com/match/heidenheim/1860-munchen/201533848,2015,3,2_liga
FC St. Pauli,Sandhausen,2-1,https://www.besoccer.com/match/st-pauli/sv-sandhausen/201533849,2015,3,2_liga
RB Leipzig,Erzgebirge Aue,1-0,https://www.besoccer.com/match/rb-leipzig/fc-erzgebirge-aue/201533852,2015,3,2_liga
Fortuna Düsseldorf,Karlsruher SC,0-2,https://www.besoccer.com/match/fortuna-dusseldorf/karlsruher-sc/201533845,2015,3,2_liga
Nürnberg,FSV Frankfurt,0-1,https://www.besoccer.com/match/fc-nurnberg/fsv-frankfurt/201533846,2015,3,2_liga
Ingolstadt 04,Greuther Fürth,2-0,https://www.besoccer.com/match/fc-ingolstadt-04/greuther-furth/201533844,2015,3,2_liga
Darmstadt 98,VfR Aalen,2-0,https://www.besoccer.com/match/darmstadt-98/vfr-aalen/201533847,2015,3,2_liga
Kaiserslautern,Braunschweig,2-1,https://www.besoccer.com/match/kaiserslautern/eintracht-brau-hellip/201533850,2015,3,2_liga
VfL Bochum,Union Berlin,1-1,https://www.besoccer.com/match/bochum/1-fc-union-berlin/201533851,2015,3,2_liga
FSV Frankfurt,RB Leipzig,0-0,https://www.besoccer.com/match/fsv-frankfurt/rb-leipzig/201533853,2015,4,2_liga
VfR Aalen,Kaiserslautern,2-2,https://www.besoccer.com/match/vfr-aalen/kaiserslautern/201533854,2015,4,2_liga
Union Berlin,Nürnberg,0-4,https://www.besoccer.com/match/1-fc-union-berlin/fc-nurnberg/201533859,2015,4,2_liga
Erzgebirge Aue,Fortuna Düsseldorf,0-3,https://www.besoccer.com/match/fc-erzgebirge-aue/fortuna-dusseldorf/201533857,2015,4,2_liga
Karlsruher SC,Heidenheim,1-1,https://www.besoccer.com/match/karlsruher-sc/heidenheim/201533860,2015,4,2_liga
1860 München,Darmstadt 98,1-1,https://www.besoccer.com/match/1860-munchen/darmstadt-98/201533855,2015,4,2_liga
Sandhausen,Ingolstadt 04,0-3,https://www.besoccer.com/match/sv-sandhausen/fc-ingolstadt-04/201533858,2015,4,2_liga
Braunschweig,VfL Bochum,1-2,https://www.besoccer.com/match/eintracht-brau-hellip/bochum/201533861,2015,4,2_liga
Greuther Fürth,FC St. Pauli,3-0,https://www.besoccer.com/match/greuther-furth/st-pauli/201533856,2015,4,2_liga
VfL Bochum,Karlsruher SC,1-1,https://www.besoccer.com/match/bochum/karlsruher-sc/201533866,2015,5,2_liga
Ingolstadt 04,VfR Aalen,4-1,https://www.besoccer.com/match/fc-ingolstadt-04/vfr-aalen/201533867,2015,5,2_liga
Kaiserslautern,FSV Frankfurt,1-0,https://www.besoccer.com/match/kaiserslautern/fsv-frankfurt/201533868,2015,5,2_liga
RB Leipzig,Braunschweig,3-1,https://www.besoccer.com/match/rb-leipzig/eintracht-brau-hellip/201533865,2015,5,2_liga
Darmstadt 98,Erzgebirge Aue,2-0,https://www.besoccer.com/match/darmstadt-98/fc-erzgebirge-aue/201533869,2015,5,2_liga
Sandhausen,Greuther Fürth,1-0,https://www.besoccer.com/match/sv-sandhausen/greuther-furth/201533862,2015,5,2_liga
FC St. Pauli,1860 München,1-2,https://www.besoccer.com/match/st-pauli/1860-munchen/201533863,2015,5,2_liga
Heidenheim,Union Berlin,3-1,https://www.besoccer.com/match/heidenheim/1-fc-union-berlin/201533870,2015,5,2_liga
Nürnberg,Fortuna Düsseldorf,0-2,https://www.besoccer.com/match/fc-nurnberg/fortuna-dusseldorf/201533864,2015,5,2_liga
Erzgebirge Aue,FC St. Pauli,3-0,https://www.besoccer.com/match/fc-erzgebirge-aue/st-pauli/201533871,2015,6,2_liga
VfR Aalen,Sandhausen,0-1,https://www.besoccer.com/match/vfr-aalen/sv-sandhausen/201533872,2015,6,2_liga
Braunschweig,Darmstadt 98,2-0,https://www.besoccer.com/match/eintracht-brau-hellip/darmstadt-98/201533875,2015,6,2_liga
1860 München,Ingolstadt 04,1-1,https://www.besoccer.com/match/1860-munchen/fc-ingolstadt-04/201533873,2015,6,2_liga
FSV Frankfurt,VfL Bochum,1-5,https://www.besoccer.com/match/fsv-frankfurt/bochum/201533876,2015,6,2_liga
Greuther Fürth,Kaiserslautern,2-1,https://www.besoccer.com/match/greuther-furth/kaiserslautern/201533879,2015,6,2_liga
Karlsruher SC,Nürnberg,3-0,https://www.besoccer.com/match/karlsruher-sc/fc-nurnberg/201533874,2015,6,2_liga
Union Berlin,RB Leipzig,2-1,https://www.besoccer.com/match/1-fc-union-berlin/rb-leipzig/201533877,2015,6,2_liga
Fortuna Düsseldorf,Heidenheim,3-2,https://www.besoccer.com/match/fortuna-dusseldorf/heidenheim/201533878,2015,6,2_liga
Sandhausen,1860 München,1-0,https://www.besoccer.com/match/sv-sandhausen/1860-munchen/201533883,2015,7,2_liga
FC St. Pauli,Braunschweig,1-0,https://www.besoccer.com/match/st-pauli/eintracht-brau-hellip/201533884,2015,7,2_liga
Greuther Fürth,VfR Aalen,1-1,https://www.besoccer.com/match/greuther-furth/vfr-aalen/201533885,2015,7,2_liga
Ingolstadt 04,Erzgebirge Aue,1-1,https://www.besoccer.com/match/fc-ingolstadt-04/fc-erzgebirge-aue/201533888,2015,7,2_liga
Kaiserslautern,Union Berlin,1-0,https://www.besoccer.com/match/kaiserslautern/1-fc-union-berlin/201533880,2015,7,2_liga
Darmstadt 98,FSV Frankfurt,4-0,https://www.besoccer.com/match/darmstadt-98/fsv-frankfurt/201533881,2015,7,2_liga
Heidenheim,Nürnberg,3-0,https://www.besoccer.com/match/heidenheim/fc-nurnberg/201533882,2015,7,2_liga
RB Leipzig,Karlsruher SC,3-1,https://www.besoccer.com/match/rb-leipzig/karlsruher-sc/201533886,2015,7,2_liga
VfL Bochum,Fortuna Düsseldorf,1-1,https://www.besoccer.com/match/bochum/fortuna-dusseldorf/201533887,2015,7,2_liga
Erzgebirge Aue,VfR Aalen,1-0,https://www.besoccer.com/match/fc-erzgebirge-aue/vfr-aalen/201533889,2015,8,2_liga
Braunschweig,Sandhausen,2-1,https://www.besoccer.com/match/eintracht-brau-hellip/sv-sandhausen/201533892,2015,8,2_liga
1860 München,Greuther Fürth,2-0,https://www.besoccer.com/match/1860-munchen/greuther-furth/201533895,2015,8,2_liga
Union Berlin,Darmstadt 98,1-1,https://www.besoccer.com/match/1-fc-union-berlin/darmstadt-98/201533890,2015,8,2_liga
Karlsruher SC,Ingolstadt 04,0-1,https://www.besoccer.com/match/karlsruher-sc/fc-ingolstadt-04/201533896,2015,8,2_liga
Fortuna Düsseldorf,RB Leipzig,2-2,https://www.besoccer.com/match/fortuna-dusseldorf/rb-leipzig/201533891,2015,8,2_liga
Heidenheim,VfL Bochum,5-0,https://www.besoccer.com/match/heidenheim/bochum/201533893,2015,8,2_liga
FSV Frankfurt,FC St. Pauli,3-3,https://www.besoccer.com/match/fsv-frankfurt/st-pauli/201533894,2015,8,2_liga
Nürnberg,Kaiserslautern,3-2,https://www.besoccer.com/match/fc-nurnberg/kaiserslautern/201533897,2015,8,2_liga
VfL Bochum,Nürnberg,1-1,https://www.besoccer.com/match/bochum/fc-nurnberg/201533904,2015,9,2_liga
Greuther Fürth,Erzgebirge Aue,2-0,https://www.besoccer.com/match/greuther-furth/fc-erzgebirge-aue/201533898,2015,9,2_liga
VfR Aalen,1860 München,2-0,https://www.besoccer.com/match/vfr-aalen/1860-munchen/201533905,2015,9,2_liga
Kaiserslautern,Karlsruher SC,2-0,https://www.besoccer.com/match/kaiserslautern/karlsruher-sc/201533902,2015,9,2_liga
FC St. Pauli,Union Berlin,3-0,https://www.besoccer.com/match/st-pauli/1-fc-union-berlin/201533906,2015,9,2_liga
Sandhausen,FSV Frankfurt,0-3,https://www.besoccer.com/match/sv-sandhausen/fsv-frankfurt/201533900,2015,9,2_liga
Ingolstadt 04,Braunschweig,1-0,https://www.besoccer.com/match/fc-ingolstadt-04/eintracht-brau-hellip/201533901,2015,9,2_liga
Darmstadt 98,Fortuna Düsseldorf,1-4,https://www.besoccer.com/match/darmstadt-98/fortuna-dusseldorf/201533903,2015,9,2_liga
RB Leipzig,Heidenheim,1-1,https://www.besoccer.com/match/rb-leipzig/heidenheim/201533899,2015,9,2_liga
Heidenheim,Kaiserslautern,1-1,https://www.besoccer.com/match/heidenheim/kaiserslautern/201533915,2015,10,2_liga
VfL Bochum,Darmstadt 98,1-1,https://www.besoccer.com/match/bochum/darmstadt-98/201533911,2015,10,2_liga
Nürnberg,RB Leipzig,1-0,https://www.besoccer.com/match/fc-nurnberg/rb-leipzig/201533910,2015,10,2_liga
Union Berlin,Sandhausen,3-1,https://www.besoccer.com/match/1-fc-union-berlin/sv-sandhausen/201533908,2015,10,2_liga
Braunschweig,Greuther Fürth,2-2,https://www.besoccer.com/match/eintracht-brau-hellip/greuther-furth/201533914,2015,10,2_liga
Erzgebirge Aue,1860 München,4-1,https://www.besoccer.com/match/fc-erzgebirge-aue/1860-munchen/201533907,2015,10,2_liga
Karlsruher SC,VfR Aalen,0-0,https://www.besoccer.com/match/karlsruher-sc/vfr-aalen/201533909,2015,10,2_liga
FSV Frankfurt,Ingolstadt 04,0-1,https://www.besoccer.com/match/fsv-frankfurt/fc-ingolstadt-04/201533912,2015,10,2_liga
Fortuna Düsseldorf,FC St. Pauli,1-0,https://www.besoccer.com/match/fortuna-dusseldorf/st-pauli/201533913,2015,10,2_liga
Greuther Fürth,FSV Frankfurt,2-5,https://www.besoccer.com/match/greuther-furth/fsv-frankfurt/201533920,2015,11,2_liga
RB Leipzig,VfL Bochum,2-0,https://www.besoccer.com/match/rb-leipzig/bochum/201533921,2015,11,2_liga
VfR Aalen,Union Berlin,1-2,https://www.besoccer.com/match/vfr-aalen/1-fc-union-berlin/201533922,2015,11,2_liga
FC St. Pauli,Karlsruher SC,0-4,https://www.besoccer.com/match/st-pauli/karlsruher-sc/201533923,2015,11,2_liga
Kaiserslautern,Fortuna Düsseldorf,1-1,https://www.besoccer.com/match/kaiserslautern/fortuna-dusseldorf/201533924,2015,11,2_liga
Sandhausen,Erzgebirge Aue,1-1,https://www.besoccer.com/match/sv-sandhausen/fc-erzgebirge-aue/201533917,2015,11,2_liga
Ingolstadt 04,Heidenheim,1-0,https://www.besoccer.com/match/fc-ingolstadt-04/heidenheim/201533918,2015,11,2_liga
1860 München,Braunschweig,1-2,https://www.besoccer.com/match/1860-munchen/eintracht-brau-hellip/201533919,2015,11,2_liga
Darmstadt 98,Nürnberg,3-0,https://www.besoccer.com/match/darmstadt-98/fc-nurnberg/201533916,2015,11,2_liga
Fortuna Düsseldorf,Ingolstadt 04,0-0,https://www.besoccer.com/match/fortuna-dusseldorf/fc-ingolstadt-04/201533926,2015,12,2_liga
Union Berlin,Greuther Fürth,0-1,https://www.besoccer.com/match/1-fc-union-berlin/greuther-furth/201533930,2015,12,2_liga
Karlsruher SC,Sandhausen,1-1,https://www.besoccer.com/match/karlsruher-sc/sv-sandhausen/201533931,2015,12,2_liga
Nürnberg,FC St. Pauli,2-2,https://www.besoccer.com/match/fc-nurnberg/st-pauli/201533932,2015,12,2_liga
Heidenheim,Darmstadt 98,1-1,https://www.besoccer.com/match/heidenheim/darmstadt-98/201533933,2015,12,2_liga
FSV Frankfurt,Erzgebirge Aue,1-1,https://www.besoccer.com/match/fsv-frankfurt/fc-erzgebirge-aue/201533925,2015,12,2_liga
Braunschweig,VfR Aalen,2-1,https://www.besoccer.com/match/eintracht-brau-hellip/vfr-aalen/201533927,2015,12,2_liga
VfL Bochum,1860 München,0-3,https://www.besoccer.com/match/bochum/1860-munchen/201533929,2015,12,2_liga
RB Leipzig,Kaiserslautern,0-0,https://www.besoccer.com/match/rb-leipzig/kaiserslautern/201533928,2015,12,2_liga
Sandhausen,Nürnberg,2-1,https://www.besoccer.com/match/sv-sandhausen/fc-nurnberg/201533935,2015,13,2_liga
Kaiserslautern,VfL Bochum,2-2,https://www.besoccer.com/match/kaiserslautern/bochum/201533936,2015,13,2_liga
VfR Aalen,FSV Frankfurt,0-1,https://www.besoccer.com/match/vfr-aalen/fsv-frankfurt/201533940,2015,13,2_liga
Darmstadt 98,RB Leipzig,1-0,https://www.besoccer.com/match/darmstadt-98/rb-leipzig/201533934,2015,13,2_liga
FC St. Pauli,Heidenheim,0-3,https://www.besoccer.com/match/st-pauli/heidenheim/201533942,2015,13,2_liga
Ingolstadt 04,Union Berlin,3-3,https://www.besoccer.com/match/fc-ingolstadt-04/1-fc-union-berlin/201533937,2015,13,2_liga
Erzgebirge Aue,Braunschweig,1-2,https://www.besoccer.com/match/fc-erzgebirge-aue/eintracht-brau-hellip/201533938,2015,13,2_liga
Greuther Fürth,Karlsruher SC,0-3,https://www.besoccer.com/match/greuther-furth/karlsruher-sc/201533941,2015,13,2_liga
1860 München,Fortuna Düsseldorf,0-1,https://www.besoccer.com/match/1860-munchen/fortuna-dusseldorf/201533939,2015,13,2_liga
Heidenheim,Sandhausen,3-0,https://www.besoccer.com/match/heidenheim/sv-sandhausen/201533943,2015,14,2_liga
VfL Bochum,VfR Aalen,4-0,https://www.besoccer.com/match/bochum/vfr-aalen/201533948,2015,14,2_liga
Kaiserslautern,Darmstadt 98,0-0,https://www.besoccer.com/match/kaiserslautern/darmstadt-98/201533946,2015,14,2_liga
FSV Frankfurt,Braunschweig,0-3,https://www.besoccer.com/match/fsv-frankfurt/eintracht-brau-hellip/201533944,2015,14,2_liga
Union Berlin,1860 München,1-4,https://www.besoccer.com/match/1-fc-union-berlin/1860-munchen/201533949,2015,14,2_liga
RB Leipzig,FC St. Pauli,4-1,https://www.besoccer.com/match/rb-leipzig/st-pauli/201533947,2015,14,2_liga
Karlsruher SC,Erzgebirge Aue,1-0,https://www.besoccer.com/match/karlsruher-sc/fc-erzgebirge-aue/201533950,2015,14,2_liga
Nürnberg,Ingolstadt 04,2-1,https://www.besoccer.com/match/fc-nurnberg/fc-ingolstadt-04/201533951,2015,14,2_liga
Fortuna Düsseldorf,Greuther Fürth,3-3,https://www.besoccer.com/match/fortuna-dusseldorf/greuther-furth/201533945,2015,14,2_liga
Erzgebirge Aue,Union Berlin,1-2,https://www.besoccer.com/match/fc-erzgebirge-aue/1-fc-union-berlin/201533952,2015,15,2_liga
Greuther Fürth,Heidenheim,0-0,https://www.besoccer.com/match/greuther-furth/heidenheim/201533955,2015,15,2_liga
Darmstadt 98,Karlsruher SC,0-0,https://www.besoccer.com/match/darmstadt-98/karlsruher-sc/201533956,2015,15,2_liga
VfR Aalen,Fortuna Düsseldorf,2-0,https://www.besoccer.com/match/vfr-aalen/fortuna-dusseldorf/201533953,2015,15,2_liga
Ingolstadt 04,VfL Bochum,3-0,https://www.besoccer.com/match/fc-ingolstadt-04/bochum/201533958,2015,15,2_liga
FC St. Pauli,Kaiserslautern,1-3,https://www.besoccer.com/match/st-pauli/kaiserslautern/201533954,2015,15,2_liga
Sandhausen,RB Leipzig,0-0,https://www.besoccer.com/match/sv-sandhausen/rb-leipzig/201533957,2015,15,2_liga
1860 München,FSV Frankfurt,0-2,https://www.besoccer.com/match/1860-munchen/fsv-frankfurt/201533959,2015,15,2_liga
Braunschweig,Nürnberg,1-0,https://www.besoccer.com/match/eintracht-brau-hellip/fc-nurnberg/201533960,2015,15,2_liga
Heidenheim,VfR Aalen,0-1,https://www.besoccer.com/match/heidenheim/vfr-aalen/201533961,2015,16,2_liga
VfL Bochum,FC St. Pauli,3-3,https://www.besoccer.com/match/bochum/st-pauli/201533966,2015,16,2_liga
Fortuna Düsseldorf,Sandhausen,1-3,https://www.besoccer.com/match/fortuna-dusseldorf/sv-sandhausen/201533967,2015,16,2_liga
Kaiserslautern,Erzgebirge Aue,3-0,https://www.besoccer.com/match/kaiserslautern/fc-erzgebirge-aue/201533968,2015,16,2_liga
Darmstadt 98,Greuther Fürth,0-0,https://www.besoccer.com/match/darmstadt-98/greuther-furth/201533969,2015,16,2_liga
Union Berlin,FSV Frankfurt,2-1,https://www.besoccer.com/match/1-fc-union-berlin/fsv-frankfurt/201533962,2015,16,2_liga
Karlsruher SC,Braunschweig,1-0,https://www.besoccer.com/match/karlsruher-sc/eintracht-brau-hellip/201533963,2015,16,2_liga
RB Leipzig,Ingolstadt 04,0-1,https://www.besoccer.com/match/rb-leipzig/fc-ingolstadt-04/201533965,2015,16,2_liga
Nürnberg,1860 München,2-1,https://www.besoccer.com/match/fc-nurnberg/1860-munchen/201533964,2015,16,2_liga
Erzgebirge Aue,Heidenheim,1-1,https://www.besoccer.com/match/fc-erzgebirge-aue/heidenheim/201533970,2015,17,2_liga
Sandhausen,VfL Bochum,0-0,https://www.besoccer.com/match/sv-sandhausen/bochum/201533971,2015,17,2_liga
Greuther Fürth,RB Leipzig,0-1,https://www.besoccer.com/match/greuther-furth/rb-leipzig/201533978,2015,17,2_liga
1860 München,Karlsruher SC,2-3,https://www.besoccer.com/match/1860-munchen/karlsruher-sc/201533973,2015,17,2_liga
Braunschweig,Union Berlin,1-1,https://www.besoccer.com/match/eintracht-brau-hellip/1-fc-union-berlin/201533974,2015,17,2_liga
FSV Frankfurt,Fortuna Düsseldorf,0-2,https://www.besoccer.com/match/fsv-frankfurt/fortuna-dusseldorf/201533975,2015,17,2_liga
Ingolstadt 04,Kaiserslautern,2-0,https://www.besoccer.com/match/fc-ingolstadt-04/kaiserslautern/201533972,2015,17,2_liga
VfR Aalen,Nürnberg,1-2,https://www.besoccer.com/match/vfr-aalen/fc-nurnberg/201533976,2015,17,2_liga
FC St. Pauli,Darmstadt 98,0-1,https://www.besoccer.com/match/st-pauli/darmstadt-98/201533977,2015,17,2_liga
Union Berlin,Karlsruher SC,2-0,https://www.besoccer.com/match/1-fc-union-berlin/karlsruher-sc/201533979,2015,18,2_liga
Greuther Fürth,VfL Bochum,0-0,https://www.besoccer.com/match/greuther-furth/bochum/201533980,2015,18,2_liga
Braunschweig,Fortuna Düsseldorf,2-1,https://www.besoccer.com/match/eintracht-brau-hellip/fortuna-dusseldorf/201533985,2015,18,2_liga
FSV Frankfurt,Heidenheim,2-0,https://www.besoccer.com/match/fsv-frankfurt/heidenheim/201533986,2015,18,2_liga
Erzgebirge Aue,Nürnberg,0-1,https://www.besoccer.com/match/fc-erzgebirge-aue/fc-nurnberg/201533981,2015,18,2_liga
Sandhausen,Darmstadt 98,1-2,https://www.besoccer.com/match/sv-sandhausen/darmstadt-98/201533982,2015,18,2_liga
Ingolstadt 04,FC St. Pauli,2-1,https://www.besoccer.com/match/fc-ingolstadt-04/st-pauli/201533983,2015,18,2_liga
1860 München,Kaiserslautern,1-1,https://www.besoccer.com/match/1860-munchen/kaiserslautern/201533984,2015,18,2_liga
VfR Aalen,RB Leipzig,0-0,https://www.besoccer.com/match/vfr-aalen/rb-leipzig/201533987,2015,18,2_liga
Fortuna Düsseldorf,Union Berlin,1-0,https://www.besoccer.com/match/fortuna-dusseldorf/1-fc-union-berlin/201533990,2015,19,2_liga
Heidenheim,Braunschweig,0-1,https://www.besoccer.com/match/heidenheim/eintracht-brau-hellip/201533993,2015,19,2_liga
Karlsruher SC,FSV Frankfurt,4-1,https://www.besoccer.com/match/karlsruher-sc/fsv-frankfurt/201533995,2015,19,2_liga
FC St. Pauli,VfR Aalen,3-1,https://www.besoccer.com/match/st-pauli/vfr-aalen/201533994,2015,19,2_liga
Nürnberg,Greuther Fürth,0-0,https://www.besoccer.com/match/fc-nurnberg/greuther-furth/201533996,2015,19,2_liga
VfL Bochum,Erzgebirge Aue,1-1,https://www.besoccer.com/match/bochum/fc-erzgebirge-aue/201533989,2015,19,2_liga
Kaiserslautern,Sandhausen,1-0,https://www.besoccer.com/match/kaiserslautern/sv-sandhausen/201533991,2015,19,2_liga
Darmstadt 98,Ingolstadt 04,2-2,https://www.besoccer.com/match/darmstadt-98/fc-ingolstadt-04/201533992,2015,19,2_liga
RB Leipzig,1860 München,1-1,https://www.besoccer.com/match/rb-leipzig/1860-munchen/201533988,2015,19,2_liga
VfR Aalen,Darmstadt 98,0-0,https://www.besoccer.com/match/vfr-aalen/darmstadt-98/201534000,2015,20,2_liga
Greuther Fürth,Ingolstadt 04,0-1,https://www.besoccer.com/match/greuther-furth/fc-ingolstadt-04/201534002,2015,20,2_liga
Erzgebirge Aue,RB Leipzig,2-0,https://www.besoccer.com/match/fc-erzgebirge-aue/rb-leipzig/201534003,2015,20,2_liga
Sandhausen,FC St. Pauli,0-0,https://www.besoccer.com/match/sv-sandhausen/st-pauli/201534004,2015,20,2_liga
Union Berlin,VfL Bochum,2-1,https://www.besoccer.com/match/1-fc-union-berlin/bochum/201534005,2015,20,2_liga
Karlsruher SC,Fortuna Düsseldorf,1-1,https://www.besoccer.com/match/karlsruher-sc/fortuna-dusseldorf/201533997,2015,20,2_liga
Braunschweig,Kaiserslautern,0-2,https://www.besoccer.com/match/eintracht-brau-hellip/kaiserslautern/201533998,2015,20,2_liga
FSV Frankfurt,Nürnberg,2-1,https://www.besoccer.com/match/fsv-frankfurt/fc-nurnberg/201533999,2015,20,2_liga
1860 München,Heidenheim,1-2,https://www.besoccer.com/match/1860-munchen/heidenheim/201534001,2015,20,2_liga
Heidenheim,Karlsruher SC,0-1,https://www.besoccer.com/match/heidenheim/karlsruher-sc/201534007,2015,21,2_liga
Fortuna Düsseldorf,Erzgebirge Aue,2-3,https://www.besoccer.com/match/fortuna-dusseldorf/fc-erzgebirge-aue/201534009,2015,21,2_liga
VfL Bochum,Braunschweig,3-2,https://www.besoccer.com/match/bochum/eintracht-brau-hellip/201534012,2015,21,2_liga
Ingolstadt 04,Sandhausen,1-3,https://www.besoccer.com/match/fc-ingolstadt-04/sv-sandhausen/201534008,2015,21,2_liga
Kaiserslautern,VfR Aalen,1-0,https://www.besoccer.com/match/kaiserslautern/vfr-aalen/201534014,2015,21,2_liga
Darmstadt 98,1860 München,1-1,https://www.besoccer.com/match/darmstadt-98/1860-munchen/201534006,2015,21,2_liga
Nürnberg,Union Berlin,3-1,https://www.besoccer.com/match/fc-nurnberg/1-fc-union-berlin/201534010,2015,21,2_liga
RB Leipzig,FSV Frankfurt,0-1,https://www.besoccer.com/match/rb-leipzig/fsv-frankfurt/201534011,2015,21,2_liga
FC St. Pauli,Greuther Fürth,0-1,https://www.besoccer.com/match/st-pauli/greuther-furth/201534013,2015,21,2_liga
Erzgebirge Aue,Darmstadt 98,0-1,https://www.besoccer.com/match/fc-erzgebirge-aue/darmstadt-98/201534015,2015,22,2_liga
VfR Aalen,Ingolstadt 04,1-1,https://www.besoccer.com/match/vfr-aalen/fc-ingolstadt-04/201534016,2015,22,2_liga
Greuther Fürth,Sandhausen,0-0,https://www.besoccer.com/match/greuther-furth/sv-sandhausen/201534023,2015,22,2_liga
1860 München,FC St. Pauli,2-1,https://www.besoccer.com/match/1860-munchen/st-pauli/201534017,2015,22,2_liga
Karlsruher SC,VfL Bochum,0-0,https://www.besoccer.com/match/karlsruher-sc/bochum/201534018,2015,22,2_liga
FSV Frankfurt,Kaiserslautern,2-0,https://www.besoccer.com/match/fsv-frankfurt/kaiserslautern/201534020,2015,22,2_liga
Union Berlin,Heidenheim,3-1,https://www.besoccer.com/match/1-fc-union-berlin/heidenheim/201534021,2015,22,2_liga
Fortuna Düsseldorf,Nürnberg,1-3,https://www.besoccer.com/match/fortuna-dusseldorf/fc-nurnberg/201534022,2015,22,2_liga
Braunschweig,RB Leipzig,1-1,https://www.besoccer.com/match/eintracht-brau-hellip/rb-leipzig/201534019,2015,22,2_liga
Darmstadt 98,Braunschweig,1-0,https://www.besoccer.com/match/darmstadt-98/eintracht-brau-hellip/201534028,2015,23,2_liga
VfL Bochum,FSV Frankfurt,3-3,https://www.besoccer.com/match/bochum/fsv-frankfurt/201534029,2015,23,2_liga
Kaiserslautern,Greuther Fürth,2-1,https://www.besoccer.com/match/kaiserslautern/greuther-furth/201534031,2015,23,2_liga
Sandhausen,VfR Aalen,2-0,https://www.besoccer.com/match/sv-sandhausen/vfr-aalen/201534025,2015,23,2_liga
Nürnberg,Karlsruher SC,1-1,https://www.besoccer.com/match/fc-nurnberg/karlsruher-sc/201534032,2015,23,2_liga
RB Leipzig,Union Berlin,3-2,https://www.besoccer.com/match/rb-leipzig/1-fc-union-berlin/201534024,2015,23,2_liga
FC St. Pauli,Erzgebirge Aue,0-0,https://www.besoccer.com/match/st-pauli/fc-erzgebirge-aue/201534026,2015,23,2_liga
Heidenheim,Fortuna Düsseldorf,1-2,https://www.besoccer.com/match/heidenheim/fortuna-dusseldorf/201534027,2015,23,2_liga
Ingolstadt 04,1860 München,1-1,https://www.besoccer.com/match/fc-ingolstadt-04/1860-munchen/201534030,2015,23,2_liga
Fortuna Düsseldorf,VfL Bochum,2-2,https://www.besoccer.com/match/fortuna-dusseldorf/bochum/201534035,2015,24,2_liga
Erzgebirge Aue,Ingolstadt 04,0-3,https://www.besoccer.com/match/fc-erzgebirge-aue/fc-ingolstadt-04/201534037,2015,24,2_liga
Nürnberg,Heidenheim,0-1,https://www.besoccer.com/match/fc-nurnberg/heidenheim/201534041,2015,24,2_liga
Braunschweig,FC St. Pauli,0-2,https://www.besoccer.com/match/eintracht-brau-hellip/st-pauli/201534036,2015,24,2_liga
VfR Aalen,Greuther Fürth,1-1,https://www.besoccer.com/match/vfr-aalen/greuther-furth/201534038,2015,24,2_liga
FSV Frankfurt,Darmstadt 98,1-1,https://www.besoccer.com/match/fsv-frankfurt/darmstadt-98/201534033,2015,24,2_liga
Union Berlin,Kaiserslautern,0-0,https://www.besoccer.com/match/1-fc-union-berlin/kaiserslautern/201534034,2015,24,2_liga
1860 München,Sandhausen,2-3,https://www.besoccer.com/match/1860-munchen/sv-sandhausen/201534039,2015,24,2_liga
Karlsruher SC,RB Leipzig,0-0,https://www.besoccer.com/match/karlsruher-sc/rb-leipzig/201534040,2015,24,2_liga
Darmstadt 98,Union Berlin,5-0,https://www.besoccer.com/match/darmstadt-98/1-fc-union-berlin/201534044,2015,25,2_liga
Greuther Fürth,1860 München,0-3,https://www.besoccer.com/match/greuther-furth/1860-munchen/201534045,2015,25,2_liga
VfL Bochum,Heidenheim,4-1,https://www.besoccer.com/match/bochum/heidenheim/201534046,2015,25,2_liga
FC St. Pauli,FSV Frankfurt,1-1,https://www.besoccer.com/match/st-pauli/fsv-frankfurt/201534043,2015,25,2_liga
Kaiserslautern,Nürnberg,2-1,https://www.besoccer.com/match/kaiserslautern/fc-nurnberg/201534049,2015,25,2_liga
VfR Aalen,Erzgebirge Aue,3-0,https://www.besoccer.com/match/vfr-aalen/fc-erzgebirge-aue/201534042,2015,25,2_liga
Sandhausen,Braunschweig,0-1,https://www.besoccer.com/match/sv-sandhausen/eintracht-brau-hellip/201534047,2015,25,2_liga
Ingolstadt 04,Karlsruher SC,1-3,https://www.besoccer.com/match/fc-ingolstadt-04/karlsruher-sc/201534048,2015,25,2_liga
RB Leipzig,Fortuna Düsseldorf,3-1,https://www.besoccer.com/match/rb-leipzig/fortuna-dusseldorf/201534050,2015,25,2_liga
FSV Frankfurt,Sandhausen,1-1,https://www.besoccer.com/match/fsv-frankfurt/sv-sandhausen/201534054,2015,26,2_liga
1860 München,VfR Aalen,1-1,https://www.besoccer.com/match/1860-munchen/vfr-aalen/201534055,2015,26,2_liga
Union Berlin,FC St. Pauli,1-0,https://www.besoccer.com/match/1-fc-union-berlin/st-pauli/201534059,2015,26,2_liga
Fortuna Düsseldorf,Darmstadt 98,2-0,https://www.besoccer.com/match/fortuna-dusseldorf/darmstadt-98/201534051,2015,26,2_liga
Braunschweig,Ingolstadt 04,0-0,https://www.besoccer.com/match/eintracht-brau-hellip/fc-ingolstadt-04/201534057,2015,26,2_liga
Heidenheim,RB Leipzig,1-0,https://www.besoccer.com/match/heidenheim/rb-leipzig/201534053,2015,26,2_liga
Karlsruher SC,Kaiserslautern,0-0,https://www.besoccer.com/match/karlsruher-sc/kaiserslautern/201534056,2015,26,2_liga
Erzgebirge Aue,Greuther Fürth,0-0,https://www.besoccer.com/match/fc-erzgebirge-aue/greuther-furth/201534058,2015,26,2_liga
Nürnberg,VfL Bochum,1-2,https://www.besoccer.com/match/fc-nurnberg/bochum/201534052,2015,26,2_liga
Greuther Fürth,Braunschweig,1-2,https://www.besoccer.com/match/greuther-furth/eintracht-brau-hellip/201534068,2015,27,2_liga
Kaiserslautern,Heidenheim,4-0,https://www.besoccer.com/match/kaiserslautern/heidenheim/201534063,2015,27,2_liga
RB Leipzig,Nürnberg,2-1,https://www.besoccer.com/match/rb-leipzig/fc-nurnberg/201534060,2015,27,2_liga
VfR Aalen,Karlsruher SC,2-2,https://www.besoccer.com/match/vfr-aalen/karlsruher-sc/201534061,2015,27,2_liga
Darmstadt 98,VfL Bochum,2-0,https://www.besoccer.com/match/darmstadt-98/bochum/201534064,2015,27,2_liga
Sandhausen,Union Berlin,1-1,https://www.besoccer.com/match/sv-sandhausen/1-fc-union-berlin/201534065,2015,27,2_liga
Ingolstadt 04,FSV Frankfurt,2-0,https://www.besoccer.com/match/fc-ingolstadt-04/fsv-frankfurt/201534066,2015,27,2_liga
1860 München,Erzgebirge Aue,0-1,https://www.besoccer.com/match/1860-munchen/fc-erzgebirge-aue/201534067,2015,27,2_liga
FC St. Pauli,Fortuna Düsseldorf,4-0,https://www.besoccer.com/match/st-pauli/fortuna-dusseldorf/201534062,2015,27,2_liga
Nürnberg,Darmstadt 98,1-1,https://www.besoccer.com/match/fc-nurnberg/darmstadt-98/201534069,2015,28,2_liga
Heidenheim,Ingolstadt 04,0-1,https://www.besoccer.com/match/heidenheim/fc-ingolstadt-04/201534074,2015,28,2_liga
Karlsruher SC,FC St. Pauli,3-0,https://www.besoccer.com/match/karlsruher-sc/st-pauli/201534077,2015,28,2_liga
FSV Frankfurt,Greuther Fürth,1-1,https://www.besoccer.com/match/fsv-frankfurt/greuther-furth/201534071,2015,28,2_liga
Braunschweig,1860 München,2-0,https://www.besoccer.com/match/eintracht-brau-hellip/1860-munchen/201534073,2015,28,2_liga
VfL Bochum,RB Leipzig,1-2,https://www.besoccer.com/match/bochum/rb-leipzig/201534070,2015,28,2_liga
Erzgebirge Aue,Sandhausen,0-1,https://www.besoccer.com/match/fc-erzgebirge-aue/sv-sandhausen/201534075,2015,28,2_liga
Union Berlin,VfR Aalen,1-1,https://www.besoccer.com/match/1-fc-union-berlin/vfr-aalen/201534076,2015,28,2_liga
Fortuna Düsseldorf,Kaiserslautern,1-1,https://www.besoccer.com/match/fortuna-dusseldorf/kaiserslautern/201534072,2015,28,2_liga
FC St. Pauli,Nürnberg,1-0,https://www.besoccer.com/match/st-pauli/fc-nurnberg/201534080,2015,29,2_liga
Sandhausen,Karlsruher SC,0-0,https://www.besoccer.com/match/sv-sandhausen/karlsruher-sc/201534083,2015,29,2_liga
Ingolstadt 04,Fortuna Düsseldorf,3-2,https://www.besoccer.com/match/fc-ingolstadt-04/fortuna-dusseldorf/201534084,2015,29,2_liga
VfR Aalen,Braunschweig,2-1,https://www.besoccer.com/match/vfr-aalen/eintracht-brau-hellip/201534079,2015,29,2_liga
1860 München,VfL Bochum,2-1,https://www.besoccer.com/match/1860-munchen/bochum/201534085,2015,29,2_liga
Darmstadt 98,Heidenheim,1-1,https://www.besoccer.com/match/darmstadt-98/heidenheim/201534078,2015,29,2_liga
Erzgebirge Aue,FSV Frankfurt,1-0,https://www.besoccer.com/match/fc-erzgebirge-aue/fsv-frankfurt/201534082,2015,29,2_liga
Greuther Fürth,Union Berlin,2-2,https://www.besoccer.com/match/greuther-furth/1-fc-union-berlin/201534086,2015,29,2_liga
Kaiserslautern,RB Leipzig,1-1,https://www.besoccer.com/match/kaiserslautern/rb-leipzig/201534081,2015,29,2_liga
RB Leipzig,Darmstadt 98,2-1,https://www.besoccer.com/match/rb-leipzig/darmstadt-98/201534087,2015,30,2_liga
VfL Bochum,Kaiserslautern,0-2,https://www.besoccer.com/match/bochum/kaiserslautern/201534088,2015,30,2_liga
Nürnberg,Sandhausen,2-0,https://www.besoccer.com/match/fc-nurnberg/sv-sandhausen/201534091,2015,30,2_liga
Karlsruher SC,Greuther Fürth,2-1,https://www.besoccer.com/match/karlsruher-sc/greuther-furth/201534094,2015,30,2_liga
Fortuna Düsseldorf,1860 München,1-1,https://www.besoccer.com/match/fortuna-dusseldorf/1860-munchen/201534095,2015,30,2_liga
Union Berlin,Ingolstadt 04,2-2,https://www.besoccer.com/match/1-fc-union-berlin/fc-ingolstadt-04/201534089,2015,30,2_liga
Heidenheim,FC St. Pauli,2-1,https://www.besoccer.com/match/heidenheim/st-pauli/201534092,2015,30,2_liga
FSV Frankfurt,VfR Aalen,1-1,https://www.besoccer.com/match/fsv-frankfurt/vfr-aalen/201534093,2015,30,2_liga
Braunschweig,Erzgebirge Aue,4-2,https://www.besoccer.com/match/eintracht-brau-hellip/fc-erzgebirge-aue/201534090,2015,30,2_liga
Darmstadt 98,Kaiserslautern,3-2,https://www.besoccer.com/match/darmstadt-98/kaiserslautern/201534099,2015,31,2_liga
Braunschweig,FSV Frankfurt,2-0,https://www.besoccer.com/match/eintracht-brau-hellip/fsv-frankfurt/201534103,2015,31,2_liga
VfR Aalen,VfL Bochum,2-4,https://www.besoccer.com/match/vfr-aalen/bochum/201534096,2015,31,2_liga
FC St. Pauli,RB Leipzig,1-0,https://www.besoccer.com/match/st-pauli/rb-leipzig/201534097,2015,31,2_liga
Greuther Fürth,Fortuna Düsseldorf,3-0,https://www.besoccer.com/match/greuther-furth/fortuna-dusseldorf/201534098,2015,31,2_liga
Sandhausen,Heidenheim,2-2,https://www.besoccer.com/match/sv-sandhausen/heidenheim/201534100,2015,31,2_liga
1860 München,Union Berlin,0-3,https://www.besoccer.com/match/1860-munchen/1-fc-union-berlin/201534102,2015,31,2_liga
Erzgebirge Aue,Karlsruher SC,3-1,https://www.besoccer.com/match/fc-erzgebirge-aue/karlsruher-sc/201534104,2015,31,2_liga
Ingolstadt 04,Nürnberg,1-1,https://www.besoccer.com/match/fc-ingolstadt-04/fc-nurnberg/201534101,2015,31,2_liga
FSV Frankfurt,1860 München,0-1,https://www.besoccer.com/match/fsv-frankfurt/1860-munchen/201534106,2015,32,2_liga
Fortuna Düsseldorf,VfR Aalen,0-2,https://www.besoccer.com/match/fortuna-dusseldorf/vfr-aalen/201534107,2015,32,2_liga
RB Leipzig,Sandhausen,0-4,https://www.besoccer.com/match/rb-leipzig/sv-sandhausen/201534109,2015,32,2_liga
Kaiserslautern,FC St. Pauli,0-2,https://www.besoccer.com/match/kaiserslautern/st-pauli/201534108,2015,32,2_liga
Union Berlin,Erzgebirge Aue,1-2,https://www.besoccer.com/match/1-fc-union-berlin/fc-erzgebirge-aue/201534111,2015,32,2_liga
Heidenheim,Greuther Fürth,3-0,https://www.besoccer.com/match/heidenheim/greuther-furth/201534105,2015,32,2_liga
VfL Bochum,Ingolstadt 04,3-1,https://www.besoccer.com/match/bochum/fc-ingolstadt-04/201534110,2015,32,2_liga
Nürnberg,Braunschweig,3-1,https://www.besoccer.com/match/fc-nurnberg/eintracht-brau-hellip/201534113,2015,32,2_liga
Karlsruher SC,Darmstadt 98,0-1,https://www.besoccer.com/match/karlsruher-sc/darmstadt-98/201534112,2015,32,2_liga
Ingolstadt 04,RB Leipzig,2-1,https://www.besoccer.com/match/fc-ingolstadt-04/rb-leipzig/201534114,2015,33,2_liga
1860 München,Nürnberg,2-1,https://www.besoccer.com/match/1860-munchen/fc-nurnberg/201534115,2015,33,2_liga
Braunschweig,Karlsruher SC,0-2,https://www.besoccer.com/match/eintracht-brau-hellip/karlsruher-sc/201534116,2015,33,2_liga
FSV Frankfurt,Union Berlin,1-3,https://www.besoccer.com/match/fsv-frankfurt/1-fc-union-berlin/201534117,2015,33,2_liga
VfR Aalen,Heidenheim,2-4,https://www.besoccer.com/match/vfr-aalen/heidenheim/201534118,2015,33,2_liga
FC St. Pauli,VfL Bochum,5-1,https://www.besoccer.com/match/st-pauli/bochum/201534119,2015,33,2_liga
Greuther Fürth,Darmstadt 98,1-0,https://www.besoccer.com/match/greuther-furth/darmstadt-98/201534120,2015,33,2_liga
Erzgebirge Aue,Kaiserslautern,0-0,https://www.besoccer.com/match/fc-erzgebirge-aue/kaiserslautern/201534121,2015,33,2_liga
Sandhausen,Fortuna Düsseldorf,0-2,https://www.besoccer.com/match/sv-sandhausen/fortuna-dusseldorf/201534122,2015,33,2_liga
Darmstadt 98,FC St. Pauli,1-0,https://www.besoccer.com/match/darmstadt-98/st-pauli/201534123,2015,34,2_liga
Heidenheim,Erzgebirge Aue,2-2,https://www.besoccer.com/match/heidenheim/fc-erzgebirge-aue/201534124,2015,34,2_liga
Union Berlin,Braunschweig,2-0,https://www.besoccer.com/match/1-fc-union-berlin/eintracht-brau-hellip/201534125,2015,34,2_liga
Karlsruher SC,1860 München,2-0,https://www.besoccer.com/match/karlsruher-sc/1860-munchen/201534126,2015,34,2_liga
Nürnberg,VfR Aalen,2-1,https://www.besoccer.com/match/fc-nurnberg/vfr-aalen/201534127,2015,34,2_liga
RB Leipzig,Greuther Fürth,2-0,https://www.besoccer.com/match/rb-leipzig/greuther-furth/201534128,2015,34,2_liga
VfL Bochum,Sandhausen,0-0,https://www.besoccer.com/match/bochum/sv-sandhausen/201534129,2015,34,2_liga
Fortuna Düsseldorf,FSV Frankfurt,2-3,https://www.besoccer.com/match/fortuna-dusseldorf/fsv-frankfurt/201534130,2015,34,2_liga
Kaiserslautern,Ingolstadt 04,1-1,https://www.besoccer.com/match/kaiserslautern/fc-ingolstadt-04/201534131,2015,34,2_liga
