Home_Team,Away_Team,Result,Link,Season,Round,League
Hannover 96,Karlsruher SC,1-0,https://www.besoccer.com/match/hannover-96/karlsruher-sc/199917345,1999,1,2_liga
FC St. Pauli,Tennis Borussia,1-0,https://www.besoccer.com/match/st-pauli/tennis-borussia/199917346,1999,1,2_liga
Energie Cottbus,Stuttgarter Kickers,2-0,https://www.besoccer.com/match/energie-cottbus/stuttgarter-kickers/199917347,1999,1,2_liga
Fortuna Köln,Fortuna Düsseldorf,2-1,https://www.besoccer.com/match/fortuna-koln/fortuna-dusseldorf/199917348,1999,1,2_liga
Unterhaching,Arminia Bielefeld,0-2,https://www.besoccer.com/match/unterhaching/arminia-bielefeld/199917349,1999,1,2_liga
Ulm,Wattenscheid 09,2-0,https://www.besoccer.com/match/ulm/wattenscheid-09/199917350,1999,1,2_liga
Mainz 05,Greuther Fürth,3-0,https://www.besoccer.com/match/mainz-amat/greuther-furth/199917351,1999,1,2_liga
Rot-Weiß Oberhausen,KFC Uerdingen 05,0-0,https://www.besoccer.com/match/rot-weib-oberhausen/kfc-uerdingen-05/199917352,1999,1,2_liga
Gutersloh,Köln,0-1,https://www.besoccer.com/match/gutersloh/1-fc-koln/199917353,1999,1,2_liga
Köln,Unterhaching,0-1,https://www.besoccer.com/match/1-fc-koln/unterhaching/199917354,1999,2,2_liga
Stuttgarter Kickers,Rot-Weiß Oberhausen,2-0,https://www.besoccer.com/match/stuttgarter-kickers/rot-weib-oberhausen/199917355,1999,2,2_liga
KFC Uerdingen 05,Fortuna Köln,1-2,https://www.besoccer.com/match/kfc-uerdingen-05/fortuna-koln/199917356,1999,2,2_liga
Karlsruher SC,Ulm,1-2,https://www.besoccer.com/match/karlsruher-sc/ulm/199917357,1999,2,2_liga
Tennis Borussia,Energie Cottbus,1-0,https://www.besoccer.com/match/tennis-borussia/energie-cottbus/199917358,1999,2,2_liga
Greuther Fürth,FC St. Pauli,1-0,https://www.besoccer.com/match/greuther-furth/st-pauli/199917359,1999,2,2_liga
Wattenscheid 09,Mainz 05,1-1,https://www.besoccer.com/match/wattenscheid-09/mainz-amat/199917360,1999,2,2_liga
Fortuna Düsseldorf,Gutersloh,3-1,https://www.besoccer.com/match/fortuna-dusseldorf/gutersloh/199917361,1999,2,2_liga
Arminia Bielefeld,Hannover 96,0-1,https://www.besoccer.com/match/arminia-bielefeld/hannover-96/199917362,1999,2,2_liga
Fortuna Köln,Stuttgarter Kickers,2-1,https://www.besoccer.com/match/fortuna-koln/stuttgarter-kickers/199917363,1999,3,2_liga
Rot-Weiß Oberhausen,Tennis Borussia,0-2,https://www.besoccer.com/match/rot-weib-oberhausen/tennis-borussia/199917364,1999,3,2_liga
Gutersloh,Unterhaching,1-1,https://www.besoccer.com/match/gutersloh/unterhaching/199917365,1999,3,2_liga
Ulm,Arminia Bielefeld,6-2,https://www.besoccer.com/match/ulm/arminia-bielefeld/199917366,1999,3,2_liga
Mainz 05,Karlsruher SC,4-1,https://www.besoccer.com/match/mainz-amat/karlsruher-sc/199917367,1999,3,2_liga
FC St. Pauli,Wattenscheid 09,1-0,https://www.besoccer.com/match/st-pauli/wattenscheid-09/199917368,1999,3,2_liga
Energie Cottbus,Greuther Fürth,1-1,https://www.besoccer.com/match/energie-cottbus/greuther-furth/199917369,1999,3,2_liga
Fortuna Düsseldorf,KFC Uerdingen 05,2-2,https://www.besoccer.com/match/fortuna-dusseldorf/kfc-uerdingen-05/199917370,1999,3,2_liga
Hannover 96,Köln,6-1,https://www.besoccer.com/match/hannover-96/1-fc-koln/199917371,1999,3,2_liga
Tennis Borussia,Fortuna Köln,3-2,https://www.besoccer.com/match/tennis-borussia/fortuna-koln/199917372,1999,4,2_liga
Arminia Bielefeld,Mainz 05,1-0,https://www.besoccer.com/match/arminia-bielefeld/mainz-amat/199917373,1999,4,2_liga
Unterhaching,Hannover 96,3-1,https://www.besoccer.com/match/unterhaching/hannover-96/199917374,1999,4,2_liga
Greuther Fürth,Rot-Weiß Oberhausen,1-1,https://www.besoccer.com/match/greuther-furth/rot-weib-oberhausen/199917375,1999,4,2_liga
Köln,Ulm,1-1,https://www.besoccer.com/match/1-fc-koln/ulm/199917376,1999,4,2_liga
Stuttgarter Kickers,Fortuna Düsseldorf,1-0,https://www.besoccer.com/match/stuttgarter-kickers/fortuna-dusseldorf/199917377,1999,4,2_liga
KFC Uerdingen 05,Gutersloh,2-0,https://www.besoccer.com/match/kfc-uerdingen-05/gutersloh/199917378,1999,4,2_liga
Wattenscheid 09,Energie Cottbus,1-1,https://www.besoccer.com/match/wattenscheid-09/energie-cottbus/199917379,1999,4,2_liga
Karlsruher SC,FC St. Pauli,3-0,https://www.besoccer.com/match/karlsruher-sc/st-pauli/199917380,1999,4,2_liga
Ulm,Unterhaching,3-1,https://www.besoccer.com/match/ulm/unterhaching/199917381,1999,5,2_liga
Mainz 05,Köln,2-1,https://www.besoccer.com/match/mainz-amat/1-fc-koln/199917382,1999,5,2_liga
KFC Uerdingen 05,Stuttgarter Kickers,0-1,https://www.besoccer.com/match/kfc-uerdingen-05/stuttgarter-kickers/199917383,1999,5,2_liga
Energie Cottbus,Karlsruher SC,4-0,https://www.besoccer.com/match/energie-cottbus/karlsruher-sc/199917384,1999,5,2_liga
Rot-Weiß Oberhausen,Wattenscheid 09,1-0,https://www.besoccer.com/match/rot-weib-oberhausen/wattenscheid-09/199917385,1999,5,2_liga
Fortuna Köln,Greuther Fürth,1-4,https://www.besoccer.com/match/fortuna-koln/greuther-furth/199917386,1999,5,2_liga
Gutersloh,Hannover 96,2-1,https://www.besoccer.com/match/gutersloh/hannover-96/199917387,1999,5,2_liga
FC St. Pauli,Arminia Bielefeld,1-2,https://www.besoccer.com/match/st-pauli/arminia-bielefeld/199917388,1999,5,2_liga
Fortuna Düsseldorf,Tennis Borussia,2-2,https://www.besoccer.com/match/fortuna-dusseldorf/tennis-borussia/199917389,1999,5,2_liga
Arminia Bielefeld,Energie Cottbus,2-0,https://www.besoccer.com/match/arminia-bielefeld/energie-cottbus/199917390,1999,6,2_liga
Karlsruher SC,Rot-Weiß Oberhausen,3-1,https://www.besoccer.com/match/karlsruher-sc/rot-weib-oberhausen/199917391,1999,6,2_liga
Wattenscheid 09,Fortuna Köln,0-0,https://www.besoccer.com/match/wattenscheid-09/fortuna-koln/199917392,1999,6,2_liga
Unterhaching,Mainz 05,1-0,https://www.besoccer.com/match/unterhaching/mainz-amat/199917393,1999,6,2_liga
Hannover 96,Ulm,1-1,https://www.besoccer.com/match/hannover-96/ulm/199917394,1999,6,2_liga
Tennis Borussia,KFC Uerdingen 05,3-1,https://www.besoccer.com/match/tennis-borussia/kfc-uerdingen-05/199917395,1999,6,2_liga
Greuther Fürth,Fortuna Düsseldorf,1-0,https://www.besoccer.com/match/greuther-furth/fortuna-dusseldorf/199917396,1999,6,2_liga
Stuttgarter Kickers,Gutersloh,2-1,https://www.besoccer.com/match/stuttgarter-kickers/gutersloh/199917397,1999,6,2_liga
Köln,FC St. Pauli,1-4,https://www.besoccer.com/match/1-fc-koln/st-pauli/199917398,1999,6,2_liga
Rot-Weiß Oberhausen,Arminia Bielefeld,1-5,https://www.besoccer.com/match/rot-weib-oberhausen/arminia-bielefeld/199917399,1999,7,2_liga
Stuttgarter Kickers,Tennis Borussia,1-0,https://www.besoccer.com/match/stuttgarter-kickers/tennis-borussia/199917400,1999,7,2_liga
Fortuna Düsseldorf,Wattenscheid 09,1-1,https://www.besoccer.com/match/fortuna-dusseldorf/wattenscheid-09/199917401,1999,7,2_liga
Mainz 05,Hannover 96,1-0,https://www.besoccer.com/match/mainz-amat/hannover-96/199917402,1999,7,2_liga
FC St. Pauli,Unterhaching,1-1,https://www.besoccer.com/match/st-pauli/unterhaching/199917403,1999,7,2_liga
Fortuna Köln,Karlsruher SC,0-1,https://www.besoccer.com/match/fortuna-koln/karlsruher-sc/199917404,1999,7,2_liga
Gutersloh,Ulm,1-1,https://www.besoccer.com/match/gutersloh/ulm/199917405,1999,7,2_liga
Energie Cottbus,Köln,2-3,https://www.besoccer.com/match/energie-cottbus/1-fc-koln/199917406,1999,7,2_liga
KFC Uerdingen 05,Greuther Fürth,0-2,https://www.besoccer.com/match/kfc-uerdingen-05/greuther-furth/199917407,1999,7,2_liga
Karlsruher SC,Fortuna Düsseldorf,3-1,https://www.besoccer.com/match/karlsruher-sc/fortuna-dusseldorf/199917408,1999,8,2_liga
Tennis Borussia,Gutersloh,2-0,https://www.besoccer.com/match/tennis-borussia/gutersloh/199917409,1999,8,2_liga
Arminia Bielefeld,Fortuna Köln,2-1,https://www.besoccer.com/match/arminia-bielefeld/fortuna-koln/199917410,1999,8,2_liga
Unterhaching,Energie Cottbus,1-0,https://www.besoccer.com/match/unterhaching/energie-cottbus/199917411,1999,8,2_liga
Hannover 96,FC St. Pauli,3-0,https://www.besoccer.com/match/hannover-96/st-pauli/199917412,1999,8,2_liga
Greuther Fürth,Stuttgarter Kickers,1-0,https://www.besoccer.com/match/greuther-furth/stuttgarter-kickers/199917413,1999,8,2_liga
Köln,Rot-Weiß Oberhausen,2-1,https://www.besoccer.com/match/1-fc-koln/rot-weib-oberhausen/199917414,1999,8,2_liga
Wattenscheid 09,KFC Uerdingen 05,2-1,https://www.besoccer.com/match/wattenscheid-09/kfc-uerdingen-05/199917415,1999,8,2_liga
Ulm,Mainz 05,4-2,https://www.besoccer.com/match/ulm/mainz-amat/199917416,1999,8,2_liga
FC St. Pauli,Ulm,0-1,https://www.besoccer.com/match/st-pauli/ulm/199917417,1999,9,2_liga
Rot-Weiß Oberhausen,Unterhaching,0-2,https://www.besoccer.com/match/rot-weib-oberhausen/unterhaching/199917418,1999,9,2_liga
KFC Uerdingen 05,Karlsruher SC,1-3,https://www.besoccer.com/match/kfc-uerdingen-05/karlsruher-sc/199917419,1999,9,2_liga
Fortuna Düsseldorf,Arminia Bielefeld,2-2,https://www.besoccer.com/match/fortuna-dusseldorf/arminia-bielefeld/199917420,1999,9,2_liga
Tennis Borussia,Greuther Fürth,2-1,https://www.besoccer.com/match/tennis-borussia/greuther-furth/199917421,1999,9,2_liga
Energie Cottbus,Hannover 96,1-0,https://www.besoccer.com/match/energie-cottbus/hannover-96/199917422,1999,9,2_liga
Stuttgarter Kickers,Wattenscheid 09,0-2,https://www.besoccer.com/match/stuttgarter-kickers/wattenscheid-09/199917423,1999,9,2_liga
Gutersloh,Mainz 05,6-1,https://www.besoccer.com/match/gutersloh/mainz-amat/199917424,1999,9,2_liga
Fortuna Köln,Köln,4-2,https://www.besoccer.com/match/fortuna-koln/1-fc-koln/199917425,1999,9,2_liga
Hannover 96,Rot-Weiß Oberhausen,1-1,https://www.besoccer.com/match/hannover-96/rot-weib-oberhausen/199917426,1999,10,2_liga
Karlsruher SC,Stuttgarter Kickers,6-0,https://www.besoccer.com/match/karlsruher-sc/stuttgarter-kickers/199917427,1999,10,2_liga
Wattenscheid 09,Tennis Borussia,0-1,https://www.besoccer.com/match/wattenscheid-09/tennis-borussia/199917428,1999,10,2_liga
Arminia Bielefeld,KFC Uerdingen 05,1-0,https://www.besoccer.com/match/arminia-bielefeld/kfc-uerdingen-05/199917429,1999,10,2_liga
Unterhaching,Fortuna Köln,3-0,https://www.besoccer.com/match/unterhaching/fortuna-koln/199917430,1999,10,2_liga
Ulm,Energie Cottbus,2-2,https://www.besoccer.com/match/ulm/energie-cottbus/199917431,1999,10,2_liga
Mainz 05,FC St. Pauli,3-0,https://www.besoccer.com/match/mainz-amat/st-pauli/199917432,1999,10,2_liga
Greuther Fürth,Gutersloh,3-2,https://www.besoccer.com/match/greuther-furth/gutersloh/199917433,1999,10,2_liga
Köln,Fortuna Düsseldorf,1-0,https://www.besoccer.com/match/1-fc-koln/fortuna-dusseldorf/199917434,1999,10,2_liga
Energie Cottbus,Mainz 05,2-2,https://www.besoccer.com/match/energie-cottbus/mainz-amat/199917435,1999,11,2_liga
Rot-Weiß Oberhausen,Ulm,2-2,https://www.besoccer.com/match/rot-weib-oberhausen/ulm/199917436,1999,11,2_liga
Stuttgarter Kickers,Arminia Bielefeld,2-2,https://www.besoccer.com/match/stuttgarter-kickers/arminia-bielefeld/199917437,1999,11,2_liga
Tennis Borussia,Karlsruher SC,3-2,https://www.besoccer.com/match/tennis-borussia/karlsruher-sc/199917438,1999,11,2_liga
Greuther Fürth,Wattenscheid 09,2-1,https://www.besoccer.com/match/greuther-furth/wattenscheid-09/199917439,1999,11,2_liga
Gutersloh,FC St. Pauli,1-4,https://www.besoccer.com/match/gutersloh/st-pauli/199917440,1999,11,2_liga
KFC Uerdingen 05,Köln,2-2,https://www.besoccer.com/match/kfc-uerdingen-05/1-fc-koln/199917441,1999,11,2_liga
Fortuna Düsseldorf,Unterhaching,1-3,https://www.besoccer.com/match/fortuna-dusseldorf/unterhaching/199917442,1999,11,2_liga
Fortuna Köln,Hannover 96,3-0,https://www.besoccer.com/match/fortuna-koln/hannover-96/199917443,1999,11,2_liga
Mainz 05,Rot-Weiß Oberhausen,0-0,https://www.besoccer.com/match/mainz-amat/rot-weib-oberhausen/199917444,1999,12,2_liga
Köln,Stuttgarter Kickers,0-1,https://www.besoccer.com/match/1-fc-koln/stuttgarter-kickers/199917445,1999,12,2_liga
Wattenscheid 09,Gutersloh,1-1,https://www.besoccer.com/match/wattenscheid-09/gutersloh/199917446,1999,12,2_liga
Unterhaching,KFC Uerdingen 05,2-0,https://www.besoccer.com/match/unterhaching/kfc-uerdingen-05/199917447,1999,12,2_liga
Ulm,Fortuna Köln,3-3,https://www.besoccer.com/match/ulm/fortuna-koln/199917448,1999,12,2_liga
Hannover 96,Fortuna Düsseldorf,0-2,https://www.besoccer.com/match/hannover-96/fortuna-dusseldorf/199917449,1999,12,2_liga
Karlsruher SC,Greuther Fürth,1-0,https://www.besoccer.com/match/karlsruher-sc/greuther-furth/199917450,1999,12,2_liga
FC St. Pauli,Energie Cottbus,1-1,https://www.besoccer.com/match/st-pauli/energie-cottbus/199917451,1999,12,2_liga
Arminia Bielefeld,Tennis Borussia,3-1,https://www.besoccer.com/match/arminia-bielefeld/tennis-borussia/199917452,1999,12,2_liga
Stuttgarter Kickers,Unterhaching,1-0,https://www.besoccer.com/match/stuttgarter-kickers/unterhaching/199917453,1999,13,2_liga
Wattenscheid 09,Karlsruher SC,0-0,https://www.besoccer.com/match/wattenscheid-09/karlsruher-sc/199917454,1999,13,2_liga
Greuther Fürth,Arminia Bielefeld,2-0,https://www.besoccer.com/match/greuther-furth/arminia-bielefeld/199917455,1999,13,2_liga
Rot-Weiß Oberhausen,FC St. Pauli,3-2,https://www.besoccer.com/match/rot-weib-oberhausen/st-pauli/199917456,1999,13,2_liga
Fortuna Köln,Mainz 05,2-0,https://www.besoccer.com/match/fortuna-koln/mainz-amat/199917457,1999,13,2_liga
Gutersloh,Energie Cottbus,1-1,https://www.besoccer.com/match/gutersloh/energie-cottbus/199917458,1999,13,2_liga
Fortuna Düsseldorf,Ulm,1-3,https://www.besoccer.com/match/fortuna-dusseldorf/ulm/199917459,1999,13,2_liga
Tennis Borussia,Köln,1-1,https://www.besoccer.com/match/tennis-borussia/1-fc-koln/199917460,1999,13,2_liga
KFC Uerdingen 05,Hannover 96,0-1,https://www.besoccer.com/match/kfc-uerdingen-05/hannover-96/199917461,1999,13,2_liga
Unterhaching,Tennis Borussia,3-1,https://www.besoccer.com/match/unterhaching/tennis-borussia/199917462,1999,14,2_liga
Hannover 96,Stuttgarter Kickers,2-1,https://www.besoccer.com/match/hannover-96/stuttgarter-kickers/199917463,1999,14,2_liga
Mainz 05,Fortuna Düsseldorf,0-0,https://www.besoccer.com/match/mainz-amat/fortuna-dusseldorf/199917464,1999,14,2_liga
Energie Cottbus,Rot-Weiß Oberhausen,0-2,https://www.besoccer.com/match/energie-cottbus/rot-weib-oberhausen/199917465,1999,14,2_liga
Arminia Bielefeld,Wattenscheid 09,1-0,https://www.besoccer.com/match/arminia-bielefeld/wattenscheid-09/199917466,1999,14,2_liga
Ulm,KFC Uerdingen 05,2-2,https://www.besoccer.com/match/ulm/kfc-uerdingen-05/199917467,1999,14,2_liga
FC St. Pauli,Fortuna Köln,0-0,https://www.besoccer.com/match/st-pauli/fortuna-koln/199917468,1999,14,2_liga
Köln,Greuther Fürth,1-0,https://www.besoccer.com/match/1-fc-koln/greuther-furth/199917469,1999,14,2_liga
Karlsruher SC,Gutersloh,2-3,https://www.besoccer.com/match/karlsruher-sc/gutersloh/199917470,1999,14,2_liga
Rot-Weiß Oberhausen,Gutersloh,3-0,https://www.besoccer.com/match/rot-weib-oberhausen/gutersloh/199917471,1999,15,2_liga
Fortuna Köln,Energie Cottbus,3-0,https://www.besoccer.com/match/fortuna-koln/energie-cottbus/199917472,1999,15,2_liga
KFC Uerdingen 05,Mainz 05,1-2,https://www.besoccer.com/match/kfc-uerdingen-05/mainz-amat/199917473,1999,15,2_liga
Wattenscheid 09,Köln,1-1,https://www.besoccer.com/match/wattenscheid-09/1-fc-koln/199917474,1999,15,2_liga
Fortuna Düsseldorf,FC St. Pauli,2-2,https://www.besoccer.com/match/fortuna-dusseldorf/st-pauli/199917475,1999,15,2_liga
Greuther Fürth,Unterhaching,0-0,https://www.besoccer.com/match/greuther-furth/unterhaching/199917476,1999,15,2_liga
Tennis Borussia,Hannover 96,3-1,https://www.besoccer.com/match/tennis-borussia/hannover-96/199917477,1999,15,2_liga
Stuttgarter Kickers,Ulm,1-2,https://www.besoccer.com/match/stuttgarter-kickers/ulm/199917478,1999,15,2_liga
Arminia Bielefeld,Karlsruher SC,0-1,https://www.besoccer.com/match/arminia-bielefeld/karlsruher-sc/199917479,1999,15,2_liga
Energie Cottbus,Fortuna Düsseldorf,0-1,https://www.besoccer.com/match/energie-cottbus/fortuna-dusseldorf/199917480,1999,16,2_liga
Unterhaching,Wattenscheid 09,1-0,https://www.besoccer.com/match/unterhaching/wattenscheid-09/199917481,1999,16,2_liga
Ulm,Tennis Borussia,2-0,https://www.besoccer.com/match/ulm/tennis-borussia/199917482,1999,16,2_liga
Hannover 96,Greuther Fürth,1-1,https://www.besoccer.com/match/hannover-96/greuther-furth/199917483,1999,16,2_liga
Rot-Weiß Oberhausen,Fortuna Köln,0-0,https://www.besoccer.com/match/rot-weib-oberhausen/fortuna-koln/199917484,1999,16,2_liga
Gutersloh,Arminia Bielefeld,0-2,https://www.besoccer.com/match/gutersloh/arminia-bielefeld/199917485,1999,16,2_liga
Köln,Karlsruher SC,4-1,https://www.besoccer.com/match/1-fc-koln/karlsruher-sc/199917486,1999,16,2_liga
FC St. Pauli,KFC Uerdingen 05,2-3,https://www.besoccer.com/match/st-pauli/kfc-uerdingen-05/199917487,1999,16,2_liga
Mainz 05,Stuttgarter Kickers,2-2,https://www.besoccer.com/match/mainz-amat/stuttgarter-kickers/199917488,1999,16,2_liga
Karlsruher SC,Unterhaching,1-0,https://www.besoccer.com/match/karlsruher-sc/unterhaching/199917489,1999,17,2_liga
Fortuna Köln,Gutersloh,3-2,https://www.besoccer.com/match/fortuna-koln/gutersloh/199917490,1999,17,2_liga
KFC Uerdingen 05,Energie Cottbus,0-0,https://www.besoccer.com/match/kfc-uerdingen-05/energie-cottbus/199917491,1999,17,2_liga
Greuther Fürth,Ulm,2-0,https://www.besoccer.com/match/greuther-furth/ulm/199917492,1999,17,2_liga
Tennis Borussia,Mainz 05,3-0,https://www.besoccer.com/match/tennis-borussia/mainz-amat/199917493,1999,17,2_liga
Wattenscheid 09,Hannover 96,0-3,https://www.besoccer.com/match/wattenscheid-09/hannover-96/199917494,1999,17,2_liga
Fortuna Düsseldorf,Rot-Weiß Oberhausen,2-2,https://www.besoccer.com/match/fortuna-dusseldorf/rot-weib-oberhausen/199917495,1999,17,2_liga
Arminia Bielefeld,Köln,0-0,https://www.besoccer.com/match/arminia-bielefeld/1-fc-koln/199917496,1999,17,2_liga
Stuttgarter Kickers,FC St. Pauli,1-3,https://www.besoccer.com/match/stuttgarter-kickers/st-pauli/199917497,1999,17,2_liga
Stuttgarter Kickers,Energie Cottbus,1-0,https://www.besoccer.com/match/stuttgarter-kickers/energie-cottbus/199917498,1999,18,2_liga
Fortuna Düsseldorf,Fortuna Köln,2-2,https://www.besoccer.com/match/fortuna-dusseldorf/fortuna-koln/199917499,1999,18,2_liga
Greuther Fürth,Mainz 05,3-1,https://www.besoccer.com/match/greuther-furth/mainz-amat/199917500,1999,18,2_liga
Köln,Gutersloh,1-1,https://www.besoccer.com/match/1-fc-koln/gutersloh/199917501,1999,18,2_liga
Wattenscheid 09,Ulm,0-3,https://www.besoccer.com/match/wattenscheid-09/ulm/199917502,1999,18,2_liga
Arminia Bielefeld,Unterhaching,2-0,https://www.besoccer.com/match/arminia-bielefeld/unterhaching/199917503,1999,18,2_liga
Karlsruher SC,Hannover 96,1-0,https://www.besoccer.com/match/karlsruher-sc/hannover-96/199917504,1999,18,2_liga
KFC Uerdingen 05,Rot-Weiß Oberhausen,2-2,https://www.besoccer.com/match/kfc-uerdingen-05/rot-weib-oberhausen/199917505,1999,18,2_liga
Tennis Borussia,FC St. Pauli,0-2,https://www.besoccer.com/match/tennis-borussia/st-pauli/199917506,1999,18,2_liga
Hannover 96,Arminia Bielefeld,2-1,https://www.besoccer.com/match/hannover-96/arminia-bielefeld/199917507,1999,19,2_liga
Mainz 05,Wattenscheid 09,2-0,https://www.besoccer.com/match/mainz-amat/wattenscheid-09/199917508,1999,19,2_liga
Energie Cottbus,Tennis Borussia,2-2,https://www.besoccer.com/match/energie-cottbus/tennis-borussia/199917509,1999,19,2_liga
Unterhaching,Köln,2-0,https://www.besoccer.com/match/unterhaching/1-fc-koln/199917510,1999,19,2_liga
FC St. Pauli,Greuther Fürth,0-2,https://www.besoccer.com/match/st-pauli/greuther-furth/199917511,1999,19,2_liga
Rot-Weiß Oberhausen,Stuttgarter Kickers,1-1,https://www.besoccer.com/match/rot-weib-oberhausen/stuttgarter-kickers/199917512,1999,19,2_liga
Fortuna Köln,KFC Uerdingen 05,1-1,https://www.besoccer.com/match/fortuna-koln/kfc-uerdingen-05/199917513,1999,19,2_liga
Gutersloh,Fortuna Düsseldorf,2-2,https://www.besoccer.com/match/gutersloh/fortuna-dusseldorf/199917514,1999,19,2_liga
Ulm,Karlsruher SC,1-5,https://www.besoccer.com/match/ulm/karlsruher-sc/199917515,1999,19,2_liga
Karlsruher SC,Mainz 05,0-1,https://www.besoccer.com/match/karlsruher-sc/mainz-amat/199917516,1999,20,2_liga
Köln,Hannover 96,0-2,https://www.besoccer.com/match/1-fc-koln/hannover-96/199917517,1999,20,2_liga
Wattenscheid 09,FC St. Pauli,4-2,https://www.besoccer.com/match/wattenscheid-09/st-pauli/199917518,1999,20,2_liga
Unterhaching,Gutersloh,2-0,https://www.besoccer.com/match/unterhaching/gutersloh/199917519,1999,20,2_liga
Tennis Borussia,Rot-Weiß Oberhausen,2-2,https://www.besoccer.com/match/tennis-borussia/rot-weib-oberhausen/199917520,1999,20,2_liga
Greuther Fürth,Energie Cottbus,0-0,https://www.besoccer.com/match/greuther-furth/energie-cottbus/199917521,1999,20,2_liga
Stuttgarter Kickers,Fortuna Köln,2-2,https://www.besoccer.com/match/stuttgarter-kickers/fortuna-koln/199917522,1999,20,2_liga
KFC Uerdingen 05,Fortuna Düsseldorf,4-1,https://www.besoccer.com/match/kfc-uerdingen-05/fortuna-dusseldorf/199917523,1999,20,2_liga
Arminia Bielefeld,Ulm,5-0,https://www.besoccer.com/match/arminia-bielefeld/ulm/199917524,1999,20,2_liga
Hannover 96,Unterhaching,0-1,https://www.besoccer.com/match/hannover-96/unterhaching/199917525,1999,21,2_liga
Energie Cottbus,Wattenscheid 09,2-0,https://www.besoccer.com/match/energie-cottbus/wattenscheid-09/199917526,1999,21,2_liga
Rot-Weiß Oberhausen,Greuther Fürth,0-2,https://www.besoccer.com/match/rot-weib-oberhausen/greuther-furth/199917527,1999,21,2_liga
Ulm,Köln,2-2,https://www.besoccer.com/match/ulm/1-fc-koln/199917528,1999,21,2_liga
FC St. Pauli,Karlsruher SC,1-0,https://www.besoccer.com/match/st-pauli/karlsruher-sc/199917529,1999,21,2_liga
Fortuna Köln,Tennis Borussia,1-3,https://www.besoccer.com/match/fortuna-koln/tennis-borussia/199917530,1999,21,2_liga
Gutersloh,KFC Uerdingen 05,2-0,https://www.besoccer.com/match/gutersloh/kfc-uerdingen-05/199917531,1999,21,2_liga
Fortuna Düsseldorf,Stuttgarter Kickers,0-0,https://www.besoccer.com/match/fortuna-dusseldorf/stuttgarter-kickers/199917532,1999,21,2_liga
Mainz 05,Arminia Bielefeld,3-1,https://www.besoccer.com/match/mainz-amat/arminia-bielefeld/199917533,1999,21,2_liga
Arminia Bielefeld,FC St. Pauli,0-0,https://www.besoccer.com/match/arminia-bielefeld/st-pauli/199917534,1999,22,2_liga
Karlsruher SC,Energie Cottbus,3-2,https://www.besoccer.com/match/karlsruher-sc/energie-cottbus/199917535,1999,22,2_liga
Stuttgarter Kickers,KFC Uerdingen 05,0-1,https://www.besoccer.com/match/stuttgarter-kickers/kfc-uerdingen-05/199917536,1999,22,2_liga
Hannover 96,Gutersloh,4-1,https://www.besoccer.com/match/hannover-96/gutersloh/199917537,1999,22,2_liga
Tennis Borussia,Fortuna Düsseldorf,1-1,https://www.besoccer.com/match/tennis-borussia/fortuna-dusseldorf/199917538,1999,22,2_liga
Greuther Fürth,Fortuna Köln,4-0,https://www.besoccer.com/match/greuther-furth/fortuna-koln/199917539,1999,22,2_liga
Köln,Mainz 05,2-1,https://www.besoccer.com/match/1-fc-koln/mainz-amat/199917540,1999,22,2_liga
Wattenscheid 09,Rot-Weiß Oberhausen,2-4,https://www.besoccer.com/match/wattenscheid-09/rot-weib-oberhausen/199917541,1999,22,2_liga
Unterhaching,Ulm,2-0,https://www.besoccer.com/match/unterhaching/ulm/199917542,1999,22,2_liga
Ulm,Hannover 96,1-1,https://www.besoccer.com/match/ulm/hannover-96/199917543,1999,23,2_liga
Energie Cottbus,Arminia Bielefeld,0-2,https://www.besoccer.com/match/energie-cottbus/arminia-bielefeld/199917544,1999,23,2_liga
KFC Uerdingen 05,Tennis Borussia,2-3,https://www.besoccer.com/match/kfc-uerdingen-05/tennis-borussia/199917545,1999,23,2_liga
Mainz 05,Unterhaching,1-0,https://www.besoccer.com/match/mainz-amat/unterhaching/199917546,1999,23,2_liga
Rot-Weiß Oberhausen,Karlsruher SC,2-0,https://www.besoccer.com/match/rot-weib-oberhausen/karlsruher-sc/199917547,1999,23,2_liga
Fortuna Köln,Wattenscheid 09,1-2,https://www.besoccer.com/match/fortuna-koln/wattenscheid-09/199917548,1999,23,2_liga
Gutersloh,Stuttgarter Kickers,1-0,https://www.besoccer.com/match/gutersloh/stuttgarter-kickers/199917549,1999,23,2_liga
Fortuna Düsseldorf,Greuther Fürth,0-0,https://www.besoccer.com/match/fortuna-dusseldorf/greuther-furth/199917550,1999,23,2_liga
FC St. Pauli,Köln,0-0,https://www.besoccer.com/match/st-pauli/1-fc-koln/199917551,1999,23,2_liga
Arminia Bielefeld,Rot-Weiß Oberhausen,2-0,https://www.besoccer.com/match/arminia-bielefeld/rot-weib-oberhausen/199917552,1999,24,2_liga
Unterhaching,FC St. Pauli,2-1,https://www.besoccer.com/match/unterhaching/st-pauli/199917553,1999,24,2_liga
Tennis Borussia,Stuttgarter Kickers,0-2,https://www.besoccer.com/match/tennis-borussia/stuttgarter-kickers/199917554,1999,24,2_liga
Ulm,Gutersloh,1-1,https://www.besoccer.com/match/ulm/gutersloh/199917555,1999,24,2_liga
Hannover 96,Mainz 05,3-2,https://www.besoccer.com/match/hannover-96/mainz-amat/199917556,1999,24,2_liga
Greuther Fürth,KFC Uerdingen 05,0-0,https://www.besoccer.com/match/greuther-furth/kfc-uerdingen-05/199917557,1999,24,2_liga
Köln,Energie Cottbus,2-2,https://www.besoccer.com/match/1-fc-koln/energie-cottbus/199917558,1999,24,2_liga
Wattenscheid 09,Fortuna Düsseldorf,2-0,https://www.besoccer.com/match/wattenscheid-09/fortuna-dusseldorf/199917559,1999,24,2_liga
Karlsruher SC,Fortuna Köln,4-2,https://www.besoccer.com/match/karlsruher-sc/fortuna-koln/199917560,1999,24,2_liga
Rot-Weiß Oberhausen,Köln,0-4,https://www.besoccer.com/match/rot-weib-oberhausen/1-fc-koln/199917561,1999,25,2_liga
Stuttgarter Kickers,Greuther Fürth,2-2,https://www.besoccer.com/match/stuttgarter-kickers/greuther-furth/199917562,1999,25,2_liga
KFC Uerdingen 05,Wattenscheid 09,0-0,https://www.besoccer.com/match/kfc-uerdingen-05/wattenscheid-09/199917563,1999,25,2_liga
Mainz 05,Ulm,1-1,https://www.besoccer.com/match/mainz-amat/ulm/199917564,1999,25,2_liga
Energie Cottbus,Unterhaching,4-2,https://www.besoccer.com/match/energie-cottbus/unterhaching/199917565,1999,25,2_liga
Gutersloh,Tennis Borussia,1-0,https://www.besoccer.com/match/gutersloh/tennis-borussia/199917566,1999,25,2_liga
Fortuna Köln,Arminia Bielefeld,1-1,https://www.besoccer.com/match/fortuna-koln/arminia-bielefeld/199917567,1999,25,2_liga
FC St. Pauli,Hannover 96,0-2,https://www.besoccer.com/match/st-pauli/hannover-96/199917568,1999,25,2_liga
Fortuna Düsseldorf,Karlsruher SC,0-1,https://www.besoccer.com/match/fortuna-dusseldorf/karlsruher-sc/199917569,1999,25,2_liga
Arminia Bielefeld,Fortuna Düsseldorf,2-0,https://www.besoccer.com/match/arminia-bielefeld/fortuna-dusseldorf/199917570,1999,26,2_liga
Ulm,FC St. Pauli,4-1,https://www.besoccer.com/match/ulm/st-pauli/199917571,1999,26,2_liga
Hannover 96,Energie Cottbus,2-0,https://www.besoccer.com/match/hannover-96/energie-cottbus/199917572,1999,26,2_liga
Unterhaching,Rot-Weiß Oberhausen,0-0,https://www.besoccer.com/match/unterhaching/rot-weib-oberhausen/199917573,1999,26,2_liga
Karlsruher SC,KFC Uerdingen 05,0-1,https://www.besoccer.com/match/karlsruher-sc/kfc-uerdingen-05/199917574,1999,26,2_liga
Mainz 05,Gutersloh,1-0,https://www.besoccer.com/match/mainz-amat/gutersloh/199917575,1999,26,2_liga
Greuther Fürth,Tennis Borussia,1-2,https://www.besoccer.com/match/greuther-furth/tennis-borussia/199917576,1999,26,2_liga
Wattenscheid 09,Stuttgarter Kickers,2-0,https://www.besoccer.com/match/wattenscheid-09/stuttgarter-kickers/199917577,1999,26,2_liga
Köln,Fortuna Köln,0-3,https://www.besoccer.com/match/1-fc-koln/fortuna-koln/199917578,1999,26,2_liga
FC St. Pauli,Mainz 05,2-1,https://www.besoccer.com/match/st-pauli/mainz-amat/199917579,1999,27,2_liga
Energie Cottbus,Ulm,3-0,https://www.besoccer.com/match/energie-cottbus/ulm/199917580,1999,27,2_liga
Fortuna Düsseldorf,Köln,2-1,https://www.besoccer.com/match/fortuna-dusseldorf/1-fc-koln/199917581,1999,27,2_liga
Tennis Borussia,Wattenscheid 09,1-0,https://www.besoccer.com/match/tennis-borussia/wattenscheid-09/199917582,1999,27,2_liga
Rot-Weiß Oberhausen,Hannover 96,1-1,https://www.besoccer.com/match/rot-weib-oberhausen/hannover-96/199917583,1999,27,2_liga
Stuttgarter Kickers,Karlsruher SC,2-2,https://www.besoccer.com/match/stuttgarter-kickers/karlsruher-sc/199917584,1999,27,2_liga
Fortuna Köln,Unterhaching,0-2,https://www.besoccer.com/match/fortuna-koln/unterhaching/199917585,1999,27,2_liga
KFC Uerdingen 05,Arminia Bielefeld,0-4,https://www.besoccer.com/match/kfc-uerdingen-05/arminia-bielefeld/199917586,1999,27,2_liga
Gutersloh,Greuther Fürth,1-0,https://www.besoccer.com/match/gutersloh/greuther-furth/199917587,1999,27,2_liga
Ulm,Rot-Weiß Oberhausen,1-0,https://www.besoccer.com/match/ulm/rot-weib-oberhausen/199917588,1999,28,2_liga
FC St. Pauli,Gutersloh,1-0,https://www.besoccer.com/match/st-pauli/gutersloh/199917589,1999,28,2_liga
Köln,KFC Uerdingen 05,4-0,https://www.besoccer.com/match/1-fc-koln/kfc-uerdingen-05/199917590,1999,28,2_liga
Arminia Bielefeld,Stuttgarter Kickers,1-2,https://www.besoccer.com/match/arminia-bielefeld/stuttgarter-kickers/199917591,1999,28,2_liga
Unterhaching,Fortuna Düsseldorf,1-0,https://www.besoccer.com/match/unterhaching/fortuna-dusseldorf/199917592,1999,28,2_liga
Hannover 96,Fortuna Köln,3-3,https://www.besoccer.com/match/hannover-96/fortuna-koln/199917593,1999,28,2_liga
Mainz 05,Energie Cottbus,0-0,https://www.besoccer.com/match/mainz-amat/energie-cottbus/199917594,1999,28,2_liga
Wattenscheid 09,Greuther Fürth,1-1,https://www.besoccer.com/match/wattenscheid-09/greuther-furth/199917595,1999,28,2_liga
Karlsruher SC,Tennis Borussia,0-0,https://www.besoccer.com/match/karlsruher-sc/tennis-borussia/199917596,1999,28,2_liga
Stuttgarter Kickers,Köln,2-0,https://www.besoccer.com/match/stuttgarter-kickers/1-fc-koln/199917597,1999,29,2_liga
Fortuna Köln,Ulm,2-2,https://www.besoccer.com/match/fortuna-koln/ulm/199917598,1999,29,2_liga
Fortuna Düsseldorf,Hannover 96,1-1,https://www.besoccer.com/match/fortuna-dusseldorf/hannover-96/199917599,1999,29,2_liga
Greuther Fürth,Karlsruher SC,1-2,https://www.besoccer.com/match/greuther-furth/karlsruher-sc/199917600,1999,29,2_liga
Energie Cottbus,FC St. Pauli,0-3,https://www.besoccer.com/match/energie-cottbus/st-pauli/199917601,1999,29,2_liga
Rot-Weiß Oberhausen,Mainz 05,2-1,https://www.besoccer.com/match/rot-weib-oberhausen/mainz-amat/199917602,1999,29,2_liga
Gutersloh,Wattenscheid 09,2-1,https://www.besoccer.com/match/gutersloh/wattenscheid-09/199917603,1999,29,2_liga
KFC Uerdingen 05,Unterhaching,3-0,https://www.besoccer.com/match/kfc-uerdingen-05/unterhaching/199917604,1999,29,2_liga
Tennis Borussia,Arminia Bielefeld,1-1,https://www.besoccer.com/match/tennis-borussia/arminia-bielefeld/199917605,1999,29,2_liga
Hannover 96,KFC Uerdingen 05,3-1,https://www.besoccer.com/match/hannover-96/kfc-uerdingen-05/199917606,1999,30,2_liga
Unterhaching,Stuttgarter Kickers,2-0,https://www.besoccer.com/match/unterhaching/stuttgarter-kickers/199917607,1999,30,2_liga
Ulm,Fortuna Düsseldorf,4-2,https://www.besoccer.com/match/ulm/fortuna-dusseldorf/199917608,1999,30,2_liga
FC St. Pauli,Rot-Weiß Oberhausen,1-1,https://www.besoccer.com/match/st-pauli/rot-weib-oberhausen/199917609,1999,30,2_liga
Karlsruher SC,Wattenscheid 09,2-1,https://www.besoccer.com/match/karlsruher-sc/wattenscheid-09/199917610,1999,30,2_liga
Mainz 05,Fortuna Köln,1-1,https://www.besoccer.com/match/mainz-amat/fortuna-koln/199917611,1999,30,2_liga
Köln,Tennis Borussia,1-0,https://www.besoccer.com/match/1-fc-koln/tennis-borussia/199917612,1999,30,2_liga
Energie Cottbus,Gutersloh,5-1,https://www.besoccer.com/match/energie-cottbus/gutersloh/199917613,1999,30,2_liga
Arminia Bielefeld,Greuther Fürth,2-1,https://www.besoccer.com/match/arminia-bielefeld/greuther-furth/199917614,1999,30,2_liga
Rot-Weiß Oberhausen,Energie Cottbus,3-1,https://www.besoccer.com/match/rot-weib-oberhausen/energie-cottbus/199917615,1999,31,2_liga
Gutersloh,Karlsruher SC,2-0,https://www.besoccer.com/match/gutersloh/karlsruher-sc/199917616,1999,31,2_liga
Wattenscheid 09,Arminia Bielefeld,0-2,https://www.besoccer.com/match/wattenscheid-09/arminia-bielefeld/199917617,1999,31,2_liga
Greuther Fürth,Köln,0-1,https://www.besoccer.com/match/greuther-furth/1-fc-koln/199917618,1999,31,2_liga
Stuttgarter Kickers,Hannover 96,2-2,https://www.besoccer.com/match/stuttgarter-kickers/hannover-96/199917619,1999,31,2_liga
Fortuna Köln,FC St. Pauli,1-1,https://www.besoccer.com/match/fortuna-koln/st-pauli/199917620,1999,31,2_liga
KFC Uerdingen 05,Ulm,2-1,https://www.besoccer.com/match/kfc-uerdingen-05/ulm/199917621,1999,31,2_liga
Fortuna Düsseldorf,Mainz 05,0-3,https://www.besoccer.com/match/fortuna-dusseldorf/mainz-amat/199917622,1999,31,2_liga
Tennis Borussia,Unterhaching,1-1,https://www.besoccer.com/match/tennis-borussia/unterhaching/199917623,1999,31,2_liga
Karlsruher SC,Arminia Bielefeld,1-1,https://www.besoccer.com/match/karlsruher-sc/arminia-bielefeld/199917624,1999,32,2_liga
Ulm,Stuttgarter Kickers,3-2,https://www.besoccer.com/match/ulm/stuttgarter-kickers/199917625,1999,32,2_liga
Mainz 05,KFC Uerdingen 05,3-0,https://www.besoccer.com/match/mainz-amat/kfc-uerdingen-05/199917626,1999,32,2_liga
FC St. Pauli,Fortuna Düsseldorf,5-0,https://www.besoccer.com/match/st-pauli/fortuna-dusseldorf/199917627,1999,32,2_liga
Köln,Wattenscheid 09,2-1,https://www.besoccer.com/match/1-fc-koln/wattenscheid-09/199917628,1999,32,2_liga
Hannover 96,Tennis Borussia,0-0,https://www.besoccer.com/match/hannover-96/tennis-borussia/199917629,1999,32,2_liga
Energie Cottbus,Fortuna Köln,2-0,https://www.besoccer.com/match/energie-cottbus/fortuna-koln/199917630,1999,32,2_liga
Gutersloh,Rot-Weiß Oberhausen,0-3,https://www.besoccer.com/match/gutersloh/rot-weib-oberhausen/199917631,1999,32,2_liga
Unterhaching,Greuther Fürth,4-1,https://www.besoccer.com/match/unterhaching/greuther-furth/199917632,1999,32,2_liga
Arminia Bielefeld,Gutersloh,3-0,https://www.besoccer.com/match/arminia-bielefeld/gutersloh/199917633,1999,33,2_liga
Karlsruher SC,Köln,3-1,https://www.besoccer.com/match/karlsruher-sc/1-fc-koln/199917634,1999,33,2_liga
Tennis Borussia,Ulm,0-2,https://www.besoccer.com/match/tennis-borussia/ulm/199917635,1999,33,2_liga
Greuther Fürth,Hannover 96,0-1,https://www.besoccer.com/match/greuther-furth/hannover-96/199917636,1999,33,2_liga
Stuttgarter Kickers,Mainz 05,1-3,https://www.besoccer.com/match/stuttgarter-kickers/mainz-amat/199917637,1999,33,2_liga
Fortuna Köln,Rot-Weiß Oberhausen,0-0,https://www.besoccer.com/match/fortuna-koln/rot-weib-oberhausen/199917638,1999,33,2_liga
KFC Uerdingen 05,FC St. Pauli,1-1,https://www.besoccer.com/match/kfc-uerdingen-05/st-pauli/199917639,1999,33,2_liga
Wattenscheid 09,Unterhaching,4-2,https://www.besoccer.com/match/wattenscheid-09/unterhaching/199917640,1999,33,2_liga
Fortuna Düsseldorf,Energie Cottbus,0-3,https://www.besoccer.com/match/fortuna-dusseldorf/energie-cottbus/199917641,1999,33,2_liga
Unterhaching,Karlsruher SC,1-1,https://www.besoccer.com/match/unterhaching/karlsruher-sc/199917642,1999,34,2_liga
Ulm,Greuther Fürth,0-0,https://www.besoccer.com/match/ulm/greuther-furth/199917643,1999,34,2_liga
Hannover 96,Wattenscheid 09,2-1,https://www.besoccer.com/match/hannover-96/wattenscheid-09/199917644,1999,34,2_liga
Mainz 05,Tennis Borussia,0-3,https://www.besoccer.com/match/mainz-amat/tennis-borussia/199917645,1999,34,2_liga
FC St. Pauli,Stuttgarter Kickers,6-2,https://www.besoccer.com/match/st-pauli/stuttgarter-kickers/199917646,1999,34,2_liga
Köln,Arminia Bielefeld,3-5,https://www.besoccer.com/match/1-fc-koln/arminia-bielefeld/199917647,1999,34,2_liga
Energie Cottbus,KFC Uerdingen 05,5-0,https://www.besoccer.com/match/energie-cottbus/kfc-uerdingen-05/199917648,1999,34,2_liga
Rot-Weiß Oberhausen,Fortuna Düsseldorf,1-3,https://www.besoccer.com/match/rot-weib-oberhausen/fortuna-dusseldorf/199917649,1999,34,2_liga
Gutersloh,Fortuna Köln,2-1,https://www.besoccer.com/match/gutersloh/fortuna-koln/199917650,1999,34,2_liga
