Home_Team,Away_Team,Result,Link,Season,Round,League
Union Berlin,Mainz 05,0-2,https://www.besoccer.com/match/1-fc-union-berlin/mainz-amat/20039110,2003,1,2_liga
SV Eintracht Trier,SV Wacker Burghausen,2-1,https://www.besoccer.com/match/eintracht-trier/wacker-burghausen/20039111,2003,1,2_liga
MSV Duisburg,Greuther Fürth,1-0,https://www.besoccer.com/match/msv-duisburg/greuther-furth/20039112,2003,1,2_liga
Rot Weiss Ahlen,Reutlingen,2-0,https://www.besoccer.com/match/rot-weiss-ahlen/reutlingen/20039105,2003,1,2_liga
VfB Lübeck,Rot-Weiß Oberhausen,1-0,https://www.besoccer.com/match/lubeck/rot-weib-oberhausen/20039106,2003,1,2_liga
Braunschweig,Waldhof Mannheim,4-2,https://www.besoccer.com/match/eintracht-brau-hellip/waldhof-mannheim/20039107,2003,1,2_liga
Eintracht Frankfurt,FC St. Pauli,4-0,https://www.besoccer.com/match/eintracht-frankfurt/st-pauli/20039108,2003,1,2_liga
Alemannia Aachen,SC Freiburg,0-1,https://www.besoccer.com/match/alemannia-aachen/sc-freiburg/20039109,2003,1,2_liga
Karlsruher SC,Köln,0-1,https://www.besoccer.com/match/karlsruher-sc/1-fc-koln/20039104,2003,1,2_liga
Waldhof Mannheim,Union Berlin,1-2,https://www.besoccer.com/match/waldhof-mannheim/1-fc-union-berlin/20039101,2003,2,2_liga
Greuther Fürth,Alemannia Aachen,0-0,https://www.besoccer.com/match/greuther-furth/alemannia-aachen/20039102,2003,2,2_liga
Köln,MSV Duisburg,4-3,https://www.besoccer.com/match/1-fc-koln/msv-duisburg/20039103,2003,2,2_liga
Rot-Weiß Oberhausen,Braunschweig,2-0,https://www.besoccer.com/match/rot-weib-oberhausen/eintracht-brau-hellip/20039097,2003,2,2_liga
Reutlingen,VfB Lübeck,1-3,https://www.besoccer.com/match/reutlingen/lubeck/20039098,2003,2,2_liga
FC St. Pauli,Rot Weiss Ahlen,1-4,https://www.besoccer.com/match/st-pauli/rot-weiss-ahlen/20039099,2003,2,2_liga
SV Wacker Burghausen,Karlsruher SC,0-0,https://www.besoccer.com/match/wacker-burghausen/karlsruher-sc/20039100,2003,2,2_liga
SC Freiburg,Eintracht Frankfurt,0-2,https://www.besoccer.com/match/sc-freiburg/eintracht-frankfurt/20039096,2003,2,2_liga
Mainz 05,SV Eintracht Trier,2-0,https://www.besoccer.com/match/mainz-amat/eintracht-trier/20039095,2003,2,2_liga
SV Eintracht Trier,Karlsruher SC,3-0,https://www.besoccer.com/match/eintracht-trier/karlsruher-sc/20039092,2003,3,2_liga
Eintracht Frankfurt,Greuther Fürth,2-0,https://www.besoccer.com/match/eintracht-frankfurt/greuther-furth/20039093,2003,3,2_liga
VfB Lübeck,FC St. Pauli,6-0,https://www.besoccer.com/match/lubeck/st-pauli/20039094,2003,3,2_liga
Mainz 05,Waldhof Mannheim,2-0,https://www.besoccer.com/match/mainz-amat/waldhof-mannheim/20039087,2003,3,2_liga
MSV Duisburg,SV Wacker Burghausen,0-0,https://www.besoccer.com/match/msv-duisburg/wacker-burghausen/20039088,2003,3,2_liga
Rot Weiss Ahlen,SC Freiburg,1-3,https://www.besoccer.com/match/rot-weiss-ahlen/sc-freiburg/20039089,2003,3,2_liga
Braunschweig,Reutlingen,1-2,https://www.besoccer.com/match/eintracht-brau-hellip/reutlingen/20039090,2003,3,2_liga
Union Berlin,Rot-Weiß Oberhausen,0-0,https://www.besoccer.com/match/1-fc-union-berlin/rot-weib-oberhausen/20039091,2003,3,2_liga
Alemannia Aachen,Köln,0-0,https://www.besoccer.com/match/alemannia-aachen/1-fc-koln/20039086,2003,3,2_liga
SV Wacker Burghausen,Alemannia Aachen,2-2,https://www.besoccer.com/match/wacker-burghausen/alemannia-aachen/20039085,2003,4,2_liga
Köln,Eintracht Frankfurt,3-2,https://www.besoccer.com/match/1-fc-koln/eintracht-frankfurt/20039081,2003,4,2_liga
Karlsruher SC,MSV Duisburg,1-1,https://www.besoccer.com/match/karlsruher-sc/msv-duisburg/20039082,2003,4,2_liga
Waldhof Mannheim,SV Eintracht Trier,0-2,https://www.besoccer.com/match/waldhof-mannheim/eintracht-trier/20039083,2003,4,2_liga
Greuther Fürth,Rot Weiss Ahlen,1-1,https://www.besoccer.com/match/greuther-furth/rot-weiss-ahlen/20039084,2003,4,2_liga
Rot-Weiß Oberhausen,Mainz 05,1-0,https://www.besoccer.com/match/rot-weib-oberhausen/mainz-amat/20039077,2003,4,2_liga
Reutlingen,Union Berlin,0-1,https://www.besoccer.com/match/reutlingen/1-fc-union-berlin/20039078,2003,4,2_liga
FC St. Pauli,Braunschweig,7-1,https://www.besoccer.com/match/st-pauli/eintracht-brau-hellip/20039079,2003,4,2_liga
SC Freiburg,VfB Lübeck,2-1,https://www.besoccer.com/match/sc-freiburg/lubeck/20039080,2003,4,2_liga
SV Eintracht Trier,MSV Duisburg,3-0,https://www.besoccer.com/match/eintracht-trier/msv-duisburg/20039074,2003,5,2_liga
Alemannia Aachen,Karlsruher SC,2-0,https://www.besoccer.com/match/alemannia-aachen/karlsruher-sc/20039075,2003,5,2_liga
Rot Weiss Ahlen,Köln,0-0,https://www.besoccer.com/match/rot-weiss-ahlen/1-fc-koln/20039076,2003,5,2_liga
Union Berlin,FC St. Pauli,4-2,https://www.besoccer.com/match/1-fc-union-berlin/st-pauli/20039069,2003,5,2_liga
Mainz 05,Reutlingen,1-3,https://www.besoccer.com/match/mainz-amat/reutlingen/20039070,2003,5,2_liga
Waldhof Mannheim,Rot-Weiß Oberhausen,1-0,https://www.besoccer.com/match/waldhof-mannheim/rot-weib-oberhausen/20039071,2003,5,2_liga
Eintracht Frankfurt,SV Wacker Burghausen,0-2,https://www.besoccer.com/match/eintracht-frankfurt/wacker-burghausen/20039072,2003,5,2_liga
VfB Lübeck,Greuther Fürth,1-2,https://www.besoccer.com/match/lubeck/greuther-furth/20039073,2003,5,2_liga
Braunschweig,SC Freiburg,0-2,https://www.besoccer.com/match/eintracht-brau-hellip/sc-freiburg/20039068,2003,5,2_liga
SV Wacker Burghausen,Rot Weiss Ahlen,3-1,https://www.besoccer.com/match/wacker-burghausen/rot-weiss-ahlen/20039067,2003,6,2_liga
MSV Duisburg,Alemannia Aachen,3-3,https://www.besoccer.com/match/msv-duisburg/alemannia-aachen/20039065,2003,6,2_liga
Reutlingen,Waldhof Mannheim,3-2,https://www.besoccer.com/match/reutlingen/waldhof-mannheim/20039066,2003,6,2_liga
SC Freiburg,Union Berlin,4-0,https://www.besoccer.com/match/sc-freiburg/1-fc-union-berlin/20039060,2003,6,2_liga
Greuther Fürth,Braunschweig,3-0,https://www.besoccer.com/match/greuther-furth/eintracht-brau-hellip/20039061,2003,6,2_liga
Köln,VfB Lübeck,2-1,https://www.besoccer.com/match/1-fc-koln/lubeck/20039062,2003,6,2_liga
Rot-Weiß Oberhausen,SV Eintracht Trier,2-1,https://www.besoccer.com/match/rot-weib-oberhausen/eintracht-trier/20039063,2003,6,2_liga
FC St. Pauli,Mainz 05,1-4,https://www.besoccer.com/match/st-pauli/mainz-amat/20039064,2003,6,2_liga
Karlsruher SC,Eintracht Frankfurt,0-2,https://www.besoccer.com/match/karlsruher-sc/eintracht-frankfurt/20039059,2003,6,2_liga
Braunschweig,Köln,1-1,https://www.besoccer.com/match/eintracht-brau-hellip/1-fc-koln/20039056,2003,7,2_liga
Union Berlin,Greuther Fürth,2-2,https://www.besoccer.com/match/1-fc-union-berlin/greuther-furth/20039057,2003,7,2_liga
Waldhof Mannheim,FC St. Pauli,2-5,https://www.besoccer.com/match/waldhof-mannheim/st-pauli/20039058,2003,7,2_liga
Eintracht Frankfurt,MSV Duisburg,2-1,https://www.besoccer.com/match/eintracht-frankfurt/msv-duisburg/20039051,2003,7,2_liga
Rot Weiss Ahlen,Karlsruher SC,2-2,https://www.besoccer.com/match/rot-weiss-ahlen/karlsruher-sc/20039052,2003,7,2_liga
VfB Lübeck,SV Wacker Burghausen,3-1,https://www.besoccer.com/match/lubeck/wacker-burghausen/20039053,2003,7,2_liga
SV Eintracht Trier,Alemannia Aachen,4-1,https://www.besoccer.com/match/eintracht-trier/alemannia-aachen/20039054,2003,7,2_liga
Rot-Weiß Oberhausen,Reutlingen,3-1,https://www.besoccer.com/match/rot-weib-oberhausen/reutlingen/20039055,2003,7,2_liga
Mainz 05,SC Freiburg,0-0,https://www.besoccer.com/match/mainz-amat/sc-freiburg/20039050,2003,7,2_liga
SV Wacker Burghausen,Braunschweig,4-2,https://www.besoccer.com/match/wacker-burghausen/eintracht-brau-hellip/20039049,2003,8,2_liga
FC St. Pauli,Rot-Weiß Oberhausen,0-0,https://www.besoccer.com/match/st-pauli/rot-weib-oberhausen/20039047,2003,8,2_liga
SC Freiburg,Waldhof Mannheim,4-1,https://www.besoccer.com/match/sc-freiburg/waldhof-mannheim/20039048,2003,8,2_liga
Alemannia Aachen,Eintracht Frankfurt,1-0,https://www.besoccer.com/match/alemannia-aachen/eintracht-frankfurt/20039042,2003,8,2_liga
Reutlingen,SV Eintracht Trier,3-2,https://www.besoccer.com/match/reutlingen/eintracht-trier/20039043,2003,8,2_liga
Greuther Fürth,Mainz 05,2-0,https://www.besoccer.com/match/greuther-furth/mainz-amat/20039044,2003,8,2_liga
Karlsruher SC,VfB Lübeck,1-2,https://www.besoccer.com/match/karlsruher-sc/lubeck/20039045,2003,8,2_liga
MSV Duisburg,Rot Weiss Ahlen,2-1,https://www.besoccer.com/match/msv-duisburg/rot-weiss-ahlen/20039046,2003,8,2_liga
Köln,Union Berlin,7-0,https://www.besoccer.com/match/1-fc-koln/1-fc-union-berlin/20039041,2003,8,2_liga
Rot Weiss Ahlen,Alemannia Aachen,1-2,https://www.besoccer.com/match/rot-weiss-ahlen/alemannia-aachen/20039038,2003,9,2_liga
VfB Lübeck,MSV Duisburg,1-1,https://www.besoccer.com/match/lubeck/msv-duisburg/20039039,2003,9,2_liga
SV Eintracht Trier,Eintracht Frankfurt,2-2,https://www.besoccer.com/match/eintracht-trier/eintracht-frankfurt/20039040,2003,9,2_liga
Waldhof Mannheim,Greuther Fürth,0-0,https://www.besoccer.com/match/waldhof-mannheim/greuther-furth/20039033,2003,9,2_liga
Rot-Weiß Oberhausen,SC Freiburg,1-0,https://www.besoccer.com/match/rot-weib-oberhausen/sc-freiburg/20039034,2003,9,2_liga
Reutlingen,FC St. Pauli,2-0,https://www.besoccer.com/match/reutlingen/st-pauli/20039035,2003,9,2_liga
Braunschweig,Karlsruher SC,1-2,https://www.besoccer.com/match/eintracht-brau-hellip/karlsruher-sc/20039036,2003,9,2_liga
Union Berlin,SV Wacker Burghausen,2-2,https://www.besoccer.com/match/1-fc-union-berlin/wacker-burghausen/20039037,2003,9,2_liga
Mainz 05,Köln,2-2,https://www.besoccer.com/match/mainz-amat/1-fc-koln/20039032,2003,9,2_liga
Köln,Waldhof Mannheim,3-1,https://www.besoccer.com/match/1-fc-koln/waldhof-mannheim/20039029,2003,10,2_liga
Alemannia Aachen,VfB Lübeck,4-1,https://www.besoccer.com/match/alemannia-aachen/lubeck/20039030,2003,10,2_liga
SV Wacker Burghausen,Mainz 05,0-2,https://www.besoccer.com/match/wacker-burghausen/mainz-amat/20039031,2003,10,2_liga
Karlsruher SC,Union Berlin,3-2,https://www.besoccer.com/match/karlsruher-sc/1-fc-union-berlin/20039024,2003,10,2_liga
Eintracht Frankfurt,Rot Weiss Ahlen,4-1,https://www.besoccer.com/match/eintracht-frankfurt/rot-weiss-ahlen/20039025,2003,10,2_liga
FC St. Pauli,SV Eintracht Trier,0-0,https://www.besoccer.com/match/st-pauli/eintracht-trier/20039026,2003,10,2_liga
SC Freiburg,Reutlingen,1-4,https://www.besoccer.com/match/sc-freiburg/reutlingen/20039027,2003,10,2_liga
Greuther Fürth,Rot-Weiß Oberhausen,2-2,https://www.besoccer.com/match/greuther-furth/rot-weib-oberhausen/20039028,2003,10,2_liga
MSV Duisburg,Braunschweig,1-1,https://www.besoccer.com/match/msv-duisburg/eintracht-brau-hellip/20039023,2003,10,2_liga
Rot-Weiß Oberhausen,Köln,2-2,https://www.besoccer.com/match/rot-weib-oberhausen/1-fc-koln/20039020,2003,11,2_liga
Union Berlin,MSV Duisburg,0-0,https://www.besoccer.com/match/1-fc-union-berlin/msv-duisburg/20039019,2003,11,2_liga
FC St. Pauli,SC Freiburg,0-1,https://www.besoccer.com/match/st-pauli/sc-freiburg/20039021,2003,11,2_liga
VfB Lübeck,Eintracht Frankfurt,1-3,https://www.besoccer.com/match/lubeck/eintracht-frankfurt/20039022,2003,11,2_liga
SV Eintracht Trier,Rot Weiss Ahlen,2-1,https://www.besoccer.com/match/eintracht-trier/rot-weiss-ahlen/20039015,2003,11,2_liga
Waldhof Mannheim,SV Wacker Burghausen,0-4,https://www.besoccer.com/match/waldhof-mannheim/wacker-burghausen/20039016,2003,11,2_liga
Reutlingen,Greuther Fürth,2-4,https://www.besoccer.com/match/reutlingen/greuther-furth/20039017,2003,11,2_liga
Braunschweig,Alemannia Aachen,2-3,https://www.besoccer.com/match/eintracht-brau-hellip/alemannia-aachen/20039018,2003,11,2_liga
Mainz 05,Karlsruher SC,2-2,https://www.besoccer.com/match/mainz-amat/karlsruher-sc/20039014,2003,11,2_liga
SV Wacker Burghausen,Rot-Weiß Oberhausen,3-0,https://www.besoccer.com/match/wacker-burghausen/rot-weib-oberhausen/20039011,2003,12,2_liga
Alemannia Aachen,Union Berlin,3-0,https://www.besoccer.com/match/alemannia-aachen/1-fc-union-berlin/20039012,2003,12,2_liga
Eintracht Frankfurt,Braunschweig,0-0,https://www.besoccer.com/match/eintracht-frankfurt/eintracht-brau-hellip/20039013,2003,12,2_liga
Greuther Fürth,FC St. Pauli,2-1,https://www.besoccer.com/match/greuther-furth/st-pauli/20039006,2003,12,2_liga
Köln,Reutlingen,1-1,https://www.besoccer.com/match/1-fc-koln/reutlingen/20039007,2003,12,2_liga
Karlsruher SC,Waldhof Mannheim,1-1,https://www.besoccer.com/match/karlsruher-sc/waldhof-mannheim/20039008,2003,12,2_liga
MSV Duisburg,Mainz 05,1-0,https://www.besoccer.com/match/msv-duisburg/mainz-amat/20039009,2003,12,2_liga
Rot Weiss Ahlen,VfB Lübeck,1-0,https://www.besoccer.com/match/rot-weiss-ahlen/lubeck/20039010,2003,12,2_liga
SC Freiburg,SV Eintracht Trier,1-0,https://www.besoccer.com/match/sc-freiburg/eintracht-trier/20039005,2003,12,2_liga
Braunschweig,Rot Weiss Ahlen,1-0,https://www.besoccer.com/match/eintracht-brau-hellip/rot-weiss-ahlen/20039002,2003,13,2_liga
Union Berlin,Eintracht Frankfurt,1-1,https://www.besoccer.com/match/1-fc-union-berlin/eintracht-frankfurt/20039003,2003,13,2_liga
Mainz 05,Alemannia Aachen,3-1,https://www.besoccer.com/match/mainz-amat/alemannia-aachen/20039004,2003,13,2_liga
SC Freiburg,Greuther Fürth,1-1,https://www.besoccer.com/match/sc-freiburg/greuther-furth/20038997,2003,13,2_liga
SV Eintracht Trier,VfB Lübeck,1-3,https://www.besoccer.com/match/eintracht-trier/lubeck/20038998,2003,13,2_liga
Waldhof Mannheim,MSV Duisburg,1-2,https://www.besoccer.com/match/waldhof-mannheim/msv-duisburg/20038999,2003,13,2_liga
Rot-Weiß Oberhausen,Karlsruher SC,3-1,https://www.besoccer.com/match/rot-weib-oberhausen/karlsruher-sc/20039000,2003,13,2_liga
Reutlingen,SV Wacker Burghausen,0-0,https://www.besoccer.com/match/reutlingen/wacker-burghausen/20039001,2003,13,2_liga
FC St. Pauli,Köln,2-3,https://www.besoccer.com/match/st-pauli/1-fc-koln/20038996,2003,13,2_liga
Eintracht Frankfurt,Mainz 05,1-0,https://www.besoccer.com/match/eintracht-frankfurt/mainz-amat/20038993,2003,14,2_liga
Alemannia Aachen,Waldhof Mannheim,1-2,https://www.besoccer.com/match/alemannia-aachen/waldhof-mannheim/20038992,2003,14,2_liga
Rot Weiss Ahlen,Union Berlin,1-1,https://www.besoccer.com/match/rot-weiss-ahlen/1-fc-union-berlin/20038994,2003,14,2_liga
MSV Duisburg,Rot-Weiß Oberhausen,3-0,https://www.besoccer.com/match/msv-duisburg/rot-weib-oberhausen/20038995,2003,14,2_liga
VfB Lübeck,Braunschweig,2-1,https://www.besoccer.com/match/lubeck/eintracht-brau-hellip/20038988,2003,14,2_liga
Greuther Fürth,SV Eintracht Trier,1-2,https://www.besoccer.com/match/greuther-furth/eintracht-trier/20038989,2003,14,2_liga
SV Wacker Burghausen,FC St. Pauli,1-1,https://www.besoccer.com/match/wacker-burghausen/st-pauli/20038990,2003,14,2_liga
Karlsruher SC,Reutlingen,0-0,https://www.besoccer.com/match/karlsruher-sc/reutlingen/20038991,2003,14,2_liga
Köln,SC Freiburg,1-0,https://www.besoccer.com/match/1-fc-koln/sc-freiburg/20038987,2003,14,2_liga
Waldhof Mannheim,Eintracht Frankfurt,0-1,https://www.besoccer.com/match/waldhof-mannheim/eintracht-frankfurt/20038984,2003,15,2_liga
Rot-Weiß Oberhausen,Alemannia Aachen,1-1,https://www.besoccer.com/match/rot-weib-oberhausen/alemannia-aachen/20038985,2003,15,2_liga
Reutlingen,MSV Duisburg,2-4,https://www.besoccer.com/match/reutlingen/msv-duisburg/20038986,2003,15,2_liga
SC Freiburg,SV Wacker Burghausen,2-1,https://www.besoccer.com/match/sc-freiburg/wacker-burghausen/20038979,2003,15,2_liga
Braunschweig,SV Eintracht Trier,1-1,https://www.besoccer.com/match/eintracht-brau-hellip/eintracht-trier/20038980,2003,15,2_liga
Union Berlin,VfB Lübeck,3-1,https://www.besoccer.com/match/1-fc-union-berlin/lubeck/20038981,2003,15,2_liga
Köln,Greuther Fürth,3-2,https://www.besoccer.com/match/1-fc-koln/greuther-furth/20038982,2003,15,2_liga
Mainz 05,Rot Weiss Ahlen,1-0,https://www.besoccer.com/match/mainz-amat/rot-weiss-ahlen/20038983,2003,15,2_liga
FC St. Pauli,Karlsruher SC,1-2,https://www.besoccer.com/match/st-pauli/karlsruher-sc/20038978,2003,15,2_liga
MSV Duisburg,FC St. Pauli,2-1,https://www.besoccer.com/match/msv-duisburg/st-pauli/20038975,2003,16,2_liga
VfB Lübeck,Mainz 05,1-3,https://www.besoccer.com/match/lubeck/mainz-amat/20038976,2003,16,2_liga
SV Wacker Burghausen,Greuther Fürth,1-3,https://www.besoccer.com/match/wacker-burghausen/greuther-furth/20038977,2003,16,2_liga
SV Eintracht Trier,Köln,2-3,https://www.besoccer.com/match/eintracht-trier/1-fc-koln/20038970,2003,16,2_liga
Alemannia Aachen,Reutlingen,3-1,https://www.besoccer.com/match/alemannia-aachen/reutlingen/20038971,2003,16,2_liga
Eintracht Frankfurt,Rot-Weiß Oberhausen,1-0,https://www.besoccer.com/match/eintracht-frankfurt/rot-weib-oberhausen/20038972,2003,16,2_liga
Rot Weiss Ahlen,Waldhof Mannheim,1-4,https://www.besoccer.com/match/rot-weiss-ahlen/waldhof-mannheim/20038973,2003,16,2_liga
Braunschweig,Union Berlin,1-2,https://www.besoccer.com/match/eintracht-brau-hellip/1-fc-union-berlin/20038974,2003,16,2_liga
Karlsruher SC,SC Freiburg,1-1,https://www.besoccer.com/match/karlsruher-sc/sc-freiburg/20038969,2003,16,2_liga
Mainz 05,Braunschweig,3-1,https://www.besoccer.com/match/mainz-amat/eintracht-brau-hellip/20038966,2003,17,2_liga
Köln,SV Wacker Burghausen,1-0,https://www.besoccer.com/match/1-fc-koln/wacker-burghausen/20038965,2003,17,2_liga
FC St. Pauli,Alemannia Aachen,1-4,https://www.besoccer.com/match/st-pauli/alemannia-aachen/20038967,2003,17,2_liga
Greuther Fürth,Karlsruher SC,0-0,https://www.besoccer.com/match/greuther-furth/karlsruher-sc/20038968,2003,17,2_liga
Waldhof Mannheim,VfB Lübeck,2-1,https://www.besoccer.com/match/waldhof-mannheim/lubeck/20038960,2003,17,2_liga
Rot-Weiß Oberhausen,Rot Weiss Ahlen,2-1,https://www.besoccer.com/match/rot-weib-oberhausen/rot-weiss-ahlen/20038961,2003,17,2_liga
Reutlingen,Eintracht Frankfurt,1-0,https://www.besoccer.com/match/reutlingen/eintracht-frankfurt/20038962,2003,17,2_liga
SC Freiburg,MSV Duisburg,3-1,https://www.besoccer.com/match/sc-freiburg/msv-duisburg/20038963,2003,17,2_liga
Union Berlin,SV Eintracht Trier,1-3,https://www.besoccer.com/match/1-fc-union-berlin/eintracht-trier/20038964,2003,17,2_liga
FC St. Pauli,Eintracht Frankfurt,1-1,https://www.besoccer.com/match/st-pauli/eintracht-frankfurt/20038957,2003,18,2_liga
Köln,Karlsruher SC,3-0,https://www.besoccer.com/match/1-fc-koln/karlsruher-sc/20038958,2003,18,2_liga
Waldhof Mannheim,Braunschweig,1-1,https://www.besoccer.com/match/waldhof-mannheim/eintracht-brau-hellip/20038959,2003,18,2_liga
Mainz 05,Union Berlin,1-0,https://www.besoccer.com/match/mainz-amat/1-fc-union-berlin/20038952,2003,18,2_liga
SV Wacker Burghausen,SV Eintracht Trier,1-1,https://www.besoccer.com/match/wacker-burghausen/eintracht-trier/20038953,2003,18,2_liga
Greuther Fürth,MSV Duisburg,1-0,https://www.besoccer.com/match/greuther-furth/msv-duisburg/20038954,2003,18,2_liga
Reutlingen,Rot Weiss Ahlen,1-2,https://www.besoccer.com/match/reutlingen/rot-weiss-ahlen/20038955,2003,18,2_liga
Rot-Weiß Oberhausen,VfB Lübeck,3-1,https://www.besoccer.com/match/rot-weib-oberhausen/lubeck/20038956,2003,18,2_liga
SC Freiburg,Alemannia Aachen,1-1,https://www.besoccer.com/match/sc-freiburg/alemannia-aachen/20038951,2003,18,2_liga
Eintracht Frankfurt,SC Freiburg,1-1,https://www.besoccer.com/match/eintracht-frankfurt/sc-freiburg/20038950,2003,19,2_liga
Karlsruher SC,SV Wacker Burghausen,2-1,https://www.besoccer.com/match/karlsruher-sc/wacker-burghausen/20038946,2003,19,2_liga
Union Berlin,Waldhof Mannheim,1-1,https://www.besoccer.com/match/1-fc-union-berlin/waldhof-mannheim/20038947,2003,19,2_liga
VfB Lübeck,Reutlingen,0-0,https://www.besoccer.com/match/lubeck/reutlingen/20038948,2003,19,2_liga
Rot Weiss Ahlen,FC St. Pauli,3-2,https://www.besoccer.com/match/rot-weiss-ahlen/st-pauli/20038949,2003,19,2_liga
SV Eintracht Trier,Mainz 05,2-1,https://www.besoccer.com/match/eintracht-trier/mainz-amat/20038945,2003,19,2_liga
Alemannia Aachen,Greuther Fürth,0-0,https://www.besoccer.com/match/alemannia-aachen/greuther-furth/20038942,2003,19,2_liga
MSV Duisburg,Köln,2-2,https://www.besoccer.com/match/msv-duisburg/1-fc-koln/20038943,2003,19,2_liga
Braunschweig,Rot-Weiß Oberhausen,2-1,https://www.besoccer.com/match/eintracht-brau-hellip/rot-weib-oberhausen/20038944,2003,19,2_liga
SV Wacker Burghausen,MSV Duisburg,1-1,https://www.besoccer.com/match/wacker-burghausen/msv-duisburg/20038941,2003,20,2_liga
Waldhof Mannheim,Mainz 05,1-5,https://www.besoccer.com/match/waldhof-mannheim/mainz-amat/20038940,2003,20,2_liga
Greuther Fürth,Eintracht Frankfurt,0-1,https://www.besoccer.com/match/greuther-furth/eintracht-frankfurt/20038935,2003,20,2_liga
SC Freiburg,Rot Weiss Ahlen,4-0,https://www.besoccer.com/match/sc-freiburg/rot-weiss-ahlen/20038936,2003,20,2_liga
FC St. Pauli,VfB Lübeck,2-0,https://www.besoccer.com/match/st-pauli/lubeck/20038937,2003,20,2_liga
Rot-Weiß Oberhausen,Union Berlin,2-2,https://www.besoccer.com/match/rot-weib-oberhausen/1-fc-union-berlin/20038938,2003,20,2_liga
Karlsruher SC,SV Eintracht Trier,1-1,https://www.besoccer.com/match/karlsruher-sc/eintracht-trier/20038939,2003,20,2_liga
Köln,Alemannia Aachen,3-3,https://www.besoccer.com/match/1-fc-koln/alemannia-aachen/20038934,2003,20,2_liga
Reutlingen,Braunschweig,0-1,https://www.besoccer.com/match/reutlingen/eintracht-brau-hellip/20038933,2003,20,2_liga
Braunschweig,FC St. Pauli,0-1,https://www.besoccer.com/match/eintracht-brau-hellip/st-pauli/20038930,2003,21,2_liga
VfB Lübeck,SC Freiburg,2-0,https://www.besoccer.com/match/lubeck/sc-freiburg/20038931,2003,21,2_liga
MSV Duisburg,Karlsruher SC,2-0,https://www.besoccer.com/match/msv-duisburg/karlsruher-sc/20038932,2003,21,2_liga
SV Eintracht Trier,Waldhof Mannheim,2-2,https://www.besoccer.com/match/eintracht-trier/waldhof-mannheim/20038926,2003,21,2_liga
Mainz 05,Rot-Weiß Oberhausen,2-1,https://www.besoccer.com/match/mainz-amat/rot-weib-oberhausen/20038927,2003,21,2_liga
Rot Weiss Ahlen,Greuther Fürth,3-0,https://www.besoccer.com/match/rot-weiss-ahlen/greuther-furth/20038928,2003,21,2_liga
Alemannia Aachen,SV Wacker Burghausen,2-3,https://www.besoccer.com/match/alemannia-aachen/wacker-burghausen/20038929,2003,21,2_liga
Eintracht Frankfurt,Köln,1-1,https://www.besoccer.com/match/eintracht-frankfurt/1-fc-koln/20038925,2003,21,2_liga
Union Berlin,Reutlingen,0-0,https://www.besoccer.com/match/1-fc-union-berlin/reutlingen/20038924,2003,21,2_liga
Rot-Weiß Oberhausen,Waldhof Mannheim,0-1,https://www.besoccer.com/match/rot-weib-oberhausen/waldhof-mannheim/20038921,2003,22,2_liga
Karlsruher SC,Alemannia Aachen,1-2,https://www.besoccer.com/match/karlsruher-sc/alemannia-aachen/20038922,2003,22,2_liga
Köln,Rot Weiss Ahlen,2-1,https://www.besoccer.com/match/1-fc-koln/rot-weiss-ahlen/20038923,2003,22,2_liga
Reutlingen,Mainz 05,1-2,https://www.besoccer.com/match/reutlingen/mainz-amat/20038916,2003,22,2_liga
SV Wacker Burghausen,Eintracht Frankfurt,3-3,https://www.besoccer.com/match/wacker-burghausen/eintracht-frankfurt/20038917,2003,22,2_liga
Greuther Fürth,VfB Lübeck,2-1,https://www.besoccer.com/match/greuther-furth/lubeck/20038918,2003,22,2_liga
FC St. Pauli,Union Berlin,2-2,https://www.besoccer.com/match/st-pauli/1-fc-union-berlin/20038919,2003,22,2_liga
MSV Duisburg,SV Eintracht Trier,2-4,https://www.besoccer.com/match/msv-duisburg/eintracht-trier/20038920,2003,22,2_liga
SC Freiburg,Braunschweig,2-0,https://www.besoccer.com/match/sc-freiburg/eintracht-brau-hellip/20038915,2003,22,2_liga
Waldhof Mannheim,Reutlingen,0-0,https://www.besoccer.com/match/waldhof-mannheim/reutlingen/20038912,2003,23,2_liga
Eintracht Frankfurt,Karlsruher SC,2-1,https://www.besoccer.com/match/eintracht-frankfurt/karlsruher-sc/20038911,2003,23,2_liga
Mainz 05,FC St. Pauli,1-1,https://www.besoccer.com/match/mainz-amat/st-pauli/20038913,2003,23,2_liga
Braunschweig,Greuther Fürth,1-1,https://www.besoccer.com/match/eintracht-brau-hellip/greuther-furth/20038914,2003,23,2_liga
VfB Lübeck,Köln,1-1,https://www.besoccer.com/match/lubeck/1-fc-koln/20038907,2003,23,2_liga
Alemannia Aachen,MSV Duisburg,1-0,https://www.besoccer.com/match/alemannia-aachen/msv-duisburg/20038908,2003,23,2_liga
SV Eintracht Trier,Rot-Weiß Oberhausen,1-0,https://www.besoccer.com/match/eintracht-trier/rot-weib-oberhausen/20038909,2003,23,2_liga
Rot Weiss Ahlen,SV Wacker Burghausen,2-4,https://www.besoccer.com/match/rot-weiss-ahlen/wacker-burghausen/20038910,2003,23,2_liga
Union Berlin,SC Freiburg,1-1,https://www.besoccer.com/match/1-fc-union-berlin/sc-freiburg/20038906,2003,23,2_liga
SC Freiburg,Mainz 05,1-0,https://www.besoccer.com/match/sc-freiburg/mainz-amat/20038903,2003,24,2_liga
FC St. Pauli,Waldhof Mannheim,2-1,https://www.besoccer.com/match/st-pauli/waldhof-mannheim/20038904,2003,24,2_liga
Karlsruher SC,Rot Weiss Ahlen,2-4,https://www.besoccer.com/match/karlsruher-sc/rot-weiss-ahlen/20038905,2003,24,2_liga
Greuther Fürth,Union Berlin,1-1,https://www.besoccer.com/match/greuther-furth/1-fc-union-berlin/20038898,2003,24,2_liga
Alemannia Aachen,SV Eintracht Trier,0-1,https://www.besoccer.com/match/alemannia-aachen/eintracht-trier/20038899,2003,24,2_liga
Reutlingen,Rot-Weiß Oberhausen,2-0,https://www.besoccer.com/match/reutlingen/rot-weib-oberhausen/20038900,2003,24,2_liga
SV Wacker Burghausen,VfB Lübeck,0-0,https://www.besoccer.com/match/wacker-burghausen/lubeck/20038901,2003,24,2_liga
Köln,Braunschweig,1-1,https://www.besoccer.com/match/1-fc-koln/eintracht-brau-hellip/20038902,2003,24,2_liga
MSV Duisburg,Eintracht Frankfurt,0-2,https://www.besoccer.com/match/msv-duisburg/eintracht-frankfurt/20038897,2003,24,2_liga
Mainz 05,Greuther Fürth,1-3,https://www.besoccer.com/match/mainz-amat/greuther-furth/20038894,2003,25,2_liga
Rot Weiss Ahlen,MSV Duisburg,0-0,https://www.besoccer.com/match/rot-weiss-ahlen/msv-duisburg/20038895,2003,25,2_liga
SV Eintracht Trier,Reutlingen,1-2,https://www.besoccer.com/match/eintracht-trier/reutlingen/20038896,2003,25,2_liga
Braunschweig,SV Wacker Burghausen,0-0,https://www.besoccer.com/match/eintracht-brau-hellip/wacker-burghausen/20038889,2003,25,2_liga
Union Berlin,Köln,0-3,https://www.besoccer.com/match/1-fc-union-berlin/1-fc-koln/20038890,2003,25,2_liga
VfB Lübeck,Karlsruher SC,2-0,https://www.besoccer.com/match/lubeck/karlsruher-sc/20038891,2003,25,2_liga
Eintracht Frankfurt,Alemannia Aachen,1-1,https://www.besoccer.com/match/eintracht-frankfurt/alemannia-aachen/20038892,2003,25,2_liga
Rot-Weiß Oberhausen,FC St. Pauli,3-0,https://www.besoccer.com/match/rot-weib-oberhausen/st-pauli/20038893,2003,25,2_liga
Waldhof Mannheim,SC Freiburg,0-3,https://www.besoccer.com/match/waldhof-mannheim/sc-freiburg/20038888,2003,25,2_liga
Alemannia Aachen,Rot Weiss Ahlen,3-0,https://www.besoccer.com/match/alemannia-aachen/rot-weiss-ahlen/20038885,2003,26,2_liga
Eintracht Frankfurt,SV Eintracht Trier,2-3,https://www.besoccer.com/match/eintracht-frankfurt/eintracht-trier/20038886,2003,26,2_liga
FC St. Pauli,Reutlingen,1-2,https://www.besoccer.com/match/st-pauli/reutlingen/20038887,2003,26,2_liga
MSV Duisburg,VfB Lübeck,1-0,https://www.besoccer.com/match/msv-duisburg/lubeck/20038880,2003,26,2_liga
Karlsruher SC,Braunschweig,1-0,https://www.besoccer.com/match/karlsruher-sc/eintracht-brau-hellip/20038881,2003,26,2_liga
SV Wacker Burghausen,Union Berlin,0-1,https://www.besoccer.com/match/wacker-burghausen/1-fc-union-berlin/20038882,2003,26,2_liga
Greuther Fürth,Waldhof Mannheim,5-0,https://www.besoccer.com/match/greuther-furth/waldhof-mannheim/20038883,2003,26,2_liga
SC Freiburg,Rot-Weiß Oberhausen,5-2,https://www.besoccer.com/match/sc-freiburg/rot-weib-oberhausen/20038884,2003,26,2_liga
Köln,Mainz 05,1-4,https://www.besoccer.com/match/1-fc-koln/mainz-amat/20038879,2003,26,2_liga
Mainz 05,SV Wacker Burghausen,2-0,https://www.besoccer.com/match/mainz-amat/wacker-burghausen/20038876,2003,27,2_liga
Waldhof Mannheim,Köln,1-2,https://www.besoccer.com/match/waldhof-mannheim/1-fc-koln/20038877,2003,27,2_liga
Braunschweig,MSV Duisburg,0-1,https://www.besoccer.com/match/eintracht-brau-hellip/msv-duisburg/20038878,2003,27,2_liga
VfB Lübeck,Alemannia Aachen,2-0,https://www.besoccer.com/match/lubeck/alemannia-aachen/20038871,2003,27,2_liga
Rot Weiss Ahlen,Eintracht Frankfurt,1-1,https://www.besoccer.com/match/rot-weiss-ahlen/eintracht-frankfurt/20038872,2003,27,2_liga
SV Eintracht Trier,FC St. Pauli,1-2,https://www.besoccer.com/match/eintracht-trier/st-pauli/20038873,2003,27,2_liga
Rot-Weiß Oberhausen,Greuther Fürth,2-3,https://www.besoccer.com/match/rot-weib-oberhausen/greuther-furth/20038874,2003,27,2_liga
Union Berlin,Karlsruher SC,0-0,https://www.besoccer.com/match/1-fc-union-berlin/karlsruher-sc/20038875,2003,27,2_liga
Reutlingen,SC Freiburg,0-2,https://www.besoccer.com/match/reutlingen/sc-freiburg/20038870,2003,27,2_liga
Karlsruher SC,Mainz 05,0-0,https://www.besoccer.com/match/karlsruher-sc/mainz-amat/20038867,2003,28,2_liga
SV Wacker Burghausen,Waldhof Mannheim,2-0,https://www.besoccer.com/match/wacker-burghausen/waldhof-mannheim/20038868,2003,28,2_liga
Alemannia Aachen,Braunschweig,1-3,https://www.besoccer.com/match/alemannia-aachen/eintracht-brau-hellip/20038869,2003,28,2_liga
Greuther Fürth,Reutlingen,2-0,https://www.besoccer.com/match/greuther-furth/reutlingen/20038862,2003,28,2_liga
SC Freiburg,FC St. Pauli,1-1,https://www.besoccer.com/match/sc-freiburg/st-pauli/20038863,2003,28,2_liga
Eintracht Frankfurt,VfB Lübeck,3-1,https://www.besoccer.com/match/eintracht-frankfurt/lubeck/20038864,2003,28,2_liga
MSV Duisburg,Union Berlin,0-1,https://www.besoccer.com/match/msv-duisburg/1-fc-union-berlin/20038865,2003,28,2_liga
Rot Weiss Ahlen,SV Eintracht Trier,2-1,https://www.besoccer.com/match/rot-weiss-ahlen/eintracht-trier/20038866,2003,28,2_liga
Köln,Rot-Weiß Oberhausen,2-0,https://www.besoccer.com/match/1-fc-koln/rot-weib-oberhausen/20038861,2003,28,2_liga
Waldhof Mannheim,Karlsruher SC,0-2,https://www.besoccer.com/match/waldhof-mannheim/karlsruher-sc/20038858,2003,29,2_liga
VfB Lübeck,Rot Weiss Ahlen,4-1,https://www.besoccer.com/match/lubeck/rot-weiss-ahlen/20038859,2003,29,2_liga
FC St. Pauli,Greuther Fürth,1-1,https://www.besoccer.com/match/st-pauli/greuther-furth/20038860,2003,29,2_liga
Reutlingen,Köln,1-2,https://www.besoccer.com/match/reutlingen/1-fc-koln/20038853,2003,29,2_liga
Union Berlin,Alemannia Aachen,3-2,https://www.besoccer.com/match/1-fc-union-berlin/alemannia-aachen/20038854,2003,29,2_liga
Braunschweig,Eintracht Frankfurt,0-0,https://www.besoccer.com/match/eintracht-brau-hellip/eintracht-frankfurt/20038855,2003,29,2_liga
SV Eintracht Trier,SC Freiburg,0-1,https://www.besoccer.com/match/eintracht-trier/sc-freiburg/20038856,2003,29,2_liga
Rot-Weiß Oberhausen,SV Wacker Burghausen,0-0,https://www.besoccer.com/match/rot-weib-oberhausen/wacker-burghausen/20038857,2003,29,2_liga
Mainz 05,MSV Duisburg,3-1,https://www.besoccer.com/match/mainz-amat/msv-duisburg/20038852,2003,29,2_liga
MSV Duisburg,Waldhof Mannheim,0-0,https://www.besoccer.com/match/msv-duisburg/waldhof-mannheim/20038849,2003,30,2_liga
Greuther Fürth,SC Freiburg,4-0,https://www.besoccer.com/match/greuther-furth/sc-freiburg/20038850,2003,30,2_liga
Eintracht Frankfurt,Union Berlin,0-0,https://www.besoccer.com/match/eintracht-frankfurt/1-fc-union-berlin/20038851,2003,30,2_liga
VfB Lübeck,SV Eintracht Trier,3-1,https://www.besoccer.com/match/lubeck/eintracht-trier/20038844,2003,30,2_liga
Alemannia Aachen,Mainz 05,3-0,https://www.besoccer.com/match/alemannia-aachen/mainz-amat/20038845,2003,30,2_liga
Karlsruher SC,Rot-Weiß Oberhausen,2-1,https://www.besoccer.com/match/karlsruher-sc/rot-weib-oberhausen/20038846,2003,30,2_liga
SV Wacker Burghausen,Reutlingen,1-0,https://www.besoccer.com/match/wacker-burghausen/reutlingen/20038847,2003,30,2_liga
Rot Weiss Ahlen,Braunschweig,1-2,https://www.besoccer.com/match/rot-weiss-ahlen/eintracht-brau-hellip/20038848,2003,30,2_liga
Köln,FC St. Pauli,2-1,https://www.besoccer.com/match/1-fc-koln/st-pauli/20038843,2003,30,2_liga
FC St. Pauli,SV Wacker Burghausen,2-2,https://www.besoccer.com/match/st-pauli/wacker-burghausen/20038840,2003,31,2_liga
SC Freiburg,Köln,3-0,https://www.besoccer.com/match/sc-freiburg/1-fc-koln/20038841,2003,31,2_liga
Union Berlin,Rot Weiss Ahlen,1-1,https://www.besoccer.com/match/1-fc-union-berlin/rot-weiss-ahlen/20038842,2003,31,2_liga
SV Eintracht Trier,Greuther Fürth,1-2,https://www.besoccer.com/match/eintracht-trier/greuther-furth/20038835,2003,31,2_liga
Reutlingen,Karlsruher SC,0-3,https://www.besoccer.com/match/reutlingen/karlsruher-sc/20038836,2003,31,2_liga
Rot-Weiß Oberhausen,MSV Duisburg,3-1,https://www.besoccer.com/match/rot-weib-oberhausen/msv-duisburg/20038837,2003,31,2_liga
Waldhof Mannheim,Alemannia Aachen,2-1,https://www.besoccer.com/match/waldhof-mannheim/alemannia-aachen/20038838,2003,31,2_liga
Braunschweig,VfB Lübeck,1-1,https://www.besoccer.com/match/eintracht-brau-hellip/lubeck/20038839,2003,31,2_liga
Mainz 05,Eintracht Frankfurt,3-2,https://www.besoccer.com/match/mainz-amat/eintracht-frankfurt/20038834,2003,31,2_liga
Greuther Fürth,Köln,2-0,https://www.besoccer.com/match/greuther-furth/1-fc-koln/20038833,2003,32,2_liga
Eintracht Frankfurt,Waldhof Mannheim,4-1,https://www.besoccer.com/match/eintracht-frankfurt/waldhof-mannheim/20038831,2003,32,2_liga
VfB Lübeck,Union Berlin,0-1,https://www.besoccer.com/match/lubeck/1-fc-union-berlin/20038830,2003,32,2_liga
MSV Duisburg,Reutlingen,2-0,https://www.besoccer.com/match/msv-duisburg/reutlingen/20038832,2003,32,2_liga
Karlsruher SC,FC St. Pauli,1-1,https://www.besoccer.com/match/karlsruher-sc/st-pauli/20038826,2003,32,2_liga
SV Wacker Burghausen,SC Freiburg,1-2,https://www.besoccer.com/match/wacker-burghausen/sc-freiburg/20038827,2003,32,2_liga
SV Eintracht Trier,Braunschweig,0-1,https://www.besoccer.com/match/eintracht-trier/eintracht-brau-hellip/20038828,2003,32,2_liga
Alemannia Aachen,Rot-Weiß Oberhausen,2-0,https://www.besoccer.com/match/alemannia-aachen/rot-weib-oberhausen/20038829,2003,32,2_liga
Rot Weiss Ahlen,Mainz 05,4-3,https://www.besoccer.com/match/rot-weiss-ahlen/mainz-amat/20038825,2003,32,2_liga
Rot-Weiß Oberhausen,Eintracht Frankfurt,0-2,https://www.besoccer.com/match/rot-weib-oberhausen/eintracht-frankfurt/20038816,2003,33,2_liga
Waldhof Mannheim,Rot Weiss Ahlen,0-2,https://www.besoccer.com/match/waldhof-mannheim/rot-weiss-ahlen/20038817,2003,33,2_liga
Mainz 05,VfB Lübeck,5-1,https://www.besoccer.com/match/mainz-amat/lubeck/20038818,2003,33,2_liga
Union Berlin,Braunschweig,0-1,https://www.besoccer.com/match/1-fc-union-berlin/eintracht-brau-hellip/20038819,2003,33,2_liga
Greuther Fürth,SV Wacker Burghausen,2-2,https://www.besoccer.com/match/greuther-furth/wacker-burghausen/20038820,2003,33,2_liga
Köln,SV Eintracht Trier,1-3,https://www.besoccer.com/match/1-fc-koln/eintracht-trier/20038821,2003,33,2_liga
SC Freiburg,Karlsruher SC,3-1,https://www.besoccer.com/match/sc-freiburg/karlsruher-sc/20038822,2003,33,2_liga
FC St. Pauli,MSV Duisburg,4-0,https://www.besoccer.com/match/st-pauli/msv-duisburg/20038823,2003,33,2_liga
Reutlingen,Alemannia Aachen,5-0,https://www.besoccer.com/match/reutlingen/alemannia-aachen/20038824,2003,33,2_liga
VfB Lübeck,Waldhof Mannheim,3-1,https://www.besoccer.com/match/lubeck/waldhof-mannheim/20038807,2003,34,2_liga
Rot Weiss Ahlen,Rot-Weiß Oberhausen,2-1,https://www.besoccer.com/match/rot-weiss-ahlen/rot-weib-oberhausen/20038808,2003,34,2_liga
Eintracht Frankfurt,Reutlingen,6-3,https://www.besoccer.com/match/eintracht-frankfurt/reutlingen/20038809,2003,34,2_liga
Alemannia Aachen,FC St. Pauli,4-1,https://www.besoccer.com/match/alemannia-aachen/st-pauli/20038810,2003,34,2_liga
MSV Duisburg,SC Freiburg,3-2,https://www.besoccer.com/match/msv-duisburg/sc-freiburg/20038811,2003,34,2_liga
Karlsruher SC,Greuther Fürth,2-1,https://www.besoccer.com/match/karlsruher-sc/greuther-furth/20038812,2003,34,2_liga
SV Eintracht Trier,Union Berlin,0-1,https://www.besoccer.com/match/eintracht-trier/1-fc-union-berlin/20038813,2003,34,2_liga
SV Wacker Burghausen,Köln,2-0,https://www.besoccer.com/match/wacker-burghausen/1-fc-koln/20038814,2003,34,2_liga
Braunschweig,Mainz 05,1-4,https://www.besoccer.com/match/eintracht-brau-hellip/mainz-amat/20038815,2003,34,2_liga
