Home_Team,Away_Team,Result,Link,Season,Round,League
Saarbrücken,Waldhof Mannheim,1-3,https://www.besoccer.com/match/saarbrucken/waldhof-mannheim/20029101,2002,1,2_liga
MSV Duisburg,Rot Weiss Ahlen,1-4,https://www.besoccer.com/match/msv-duisburg/rot-weiss-ahlen/20029102,2002,1,2_liga
Greuther Fürth,Rot-Weiß Oberhausen,2-2,https://www.besoccer.com/match/greuther-furth/rot-weib-oberhausen/20029103,2002,1,2_liga
Karlsruher SC,Schweinfurt,1-0,https://www.besoccer.com/match/karlsruher-sc/schweinfurt/20029096,2002,1,2_liga
Eintracht Frankfurt,Reutlingen,3-1,https://www.besoccer.com/match/eintracht-frankfurt/reutlingen/20029099,2002,1,2_liga
Arminia Bielefeld,SV Babelsberg 03,0-1,https://www.besoccer.com/match/arminia-bielefeld/babelsberg/20029100,2002,1,2_liga
Alemannia Aachen,Mainz 05,0-2,https://www.besoccer.com/match/alemannia-aachen/mainz-amat/20029097,2002,1,2_liga
Unterhaching,VfL Bochum,0-2,https://www.besoccer.com/match/unterhaching/bochum/20029098,2002,1,2_liga
Union Berlin,Hannover 96,1-1,https://www.besoccer.com/match/1-fc-union-berlin/hannover-96/20029095,2002,1,2_liga
Schweinfurt,Saarbrücken,2-1,https://www.besoccer.com/match/schweinfurt/saarbrucken/20029094,2002,2,2_liga
Rot-Weiß Oberhausen,Union Berlin,0-3,https://www.besoccer.com/match/rot-weib-oberhausen/1-fc-union-berlin/20029092,2002,2,2_liga
Rot Weiss Ahlen,Greuther Fürth,1-0,https://www.besoccer.com/match/rot-weiss-ahlen/greuther-furth/20029093,2002,2,2_liga
VfL Bochum,Karlsruher SC,1-1,https://www.besoccer.com/match/bochum/karlsruher-sc/20029090,2002,2,2_liga
Reutlingen,Arminia Bielefeld,2-3,https://www.besoccer.com/match/reutlingen/arminia-bielefeld/20029091,2002,2,2_liga
Hannover 96,Alemannia Aachen,3-0,https://www.besoccer.com/match/hannover-96/alemannia-aachen/20029087,2002,2,2_liga
SV Babelsberg 03,MSV Duisburg,3-1,https://www.besoccer.com/match/babelsberg/msv-duisburg/20029088,2002,2,2_liga
Mainz 05,Unterhaching,2-0,https://www.besoccer.com/match/mainz-amat/unterhaching/20029089,2002,2,2_liga
Waldhof Mannheim,Eintracht Frankfurt,0-0,https://www.besoccer.com/match/waldhof-mannheim/eintracht-frankfurt/20029086,2002,2,2_liga
VfL Bochum,Mainz 05,2-1,https://www.besoccer.com/match/bochum/mainz-amat/20029083,2002,3,2_liga
Arminia Bielefeld,Waldhof Mannheim,5-0,https://www.besoccer.com/match/arminia-bielefeld/waldhof-mannheim/20029084,2002,3,2_liga
MSV Duisburg,Reutlingen,3-3,https://www.besoccer.com/match/msv-duisburg/reutlingen/20029085,2002,3,2_liga
Union Berlin,Rot Weiss Ahlen,5-0,https://www.besoccer.com/match/1-fc-union-berlin/rot-weiss-ahlen/20029081,2002,3,2_liga
Alemannia Aachen,Rot-Weiß Oberhausen,2-1,https://www.besoccer.com/match/alemannia-aachen/rot-weib-oberhausen/20029082,2002,3,2_liga
Eintracht Frankfurt,Schweinfurt,2-0,https://www.besoccer.com/match/eintracht-frankfurt/schweinfurt/20029078,2002,3,2_liga
Greuther Fürth,SV Babelsberg 03,1-0,https://www.besoccer.com/match/greuther-furth/babelsberg/20029079,2002,3,2_liga
Unterhaching,Hannover 96,1-1,https://www.besoccer.com/match/unterhaching/hannover-96/20029080,2002,3,2_liga
Karlsruher SC,Saarbrücken,2-0,https://www.besoccer.com/match/karlsruher-sc/saarbrucken/20029077,2002,3,2_liga
Rot-Weiß Oberhausen,Unterhaching,0-2,https://www.besoccer.com/match/rot-weib-oberhausen/unterhaching/20029074,2002,4,2_liga
Reutlingen,Greuther Fürth,0-1,https://www.besoccer.com/match/reutlingen/greuther-furth/20029075,2002,4,2_liga
Schweinfurt,Arminia Bielefeld,1-0,https://www.besoccer.com/match/schweinfurt/arminia-bielefeld/20029076,2002,4,2_liga
Saarbrücken,Eintracht Frankfurt,0-2,https://www.besoccer.com/match/saarbrucken/eintracht-frankfurt/20029072,2002,4,2_liga
SV Babelsberg 03,Union Berlin,3-2,https://www.besoccer.com/match/babelsberg/1-fc-union-berlin/20029073,2002,4,2_liga
Mainz 05,Karlsruher SC,1-0,https://www.besoccer.com/match/mainz-amat/karlsruher-sc/20029069,2002,4,2_liga
Hannover 96,VfL Bochum,2-0,https://www.besoccer.com/match/hannover-96/bochum/20029070,2002,4,2_liga
Rot Weiss Ahlen,Alemannia Aachen,1-0,https://www.besoccer.com/match/rot-weiss-ahlen/alemannia-aachen/20029071,2002,4,2_liga
Waldhof Mannheim,MSV Duisburg,3-1,https://www.besoccer.com/match/waldhof-mannheim/msv-duisburg/20029068,2002,4,2_liga
Unterhaching,Rot Weiss Ahlen,2-3,https://www.besoccer.com/match/unterhaching/rot-weiss-ahlen/20029065,2002,5,2_liga
Mainz 05,Hannover 96,2-2,https://www.besoccer.com/match/mainz-amat/hannover-96/20029066,2002,5,2_liga
Union Berlin,Reutlingen,5-0,https://www.besoccer.com/match/1-fc-union-berlin/reutlingen/20029067,2002,5,2_liga
MSV Duisburg,Schweinfurt,0-0,https://www.besoccer.com/match/msv-duisburg/schweinfurt/20029063,2002,5,2_liga
Greuther Fürth,Waldhof Mannheim,3-1,https://www.besoccer.com/match/greuther-furth/waldhof-mannheim/20029064,2002,5,2_liga
VfL Bochum,Rot-Weiß Oberhausen,3-3,https://www.besoccer.com/match/bochum/rot-weib-oberhausen/20029060,2002,5,2_liga
Arminia Bielefeld,Saarbrücken,3-1,https://www.besoccer.com/match/arminia-bielefeld/saarbrucken/20029061,2002,5,2_liga
Alemannia Aachen,SV Babelsberg 03,2-2,https://www.besoccer.com/match/alemannia-aachen/babelsberg/20029062,2002,5,2_liga
Karlsruher SC,Eintracht Frankfurt,2-3,https://www.besoccer.com/match/karlsruher-sc/eintracht-frankfurt/20029059,2002,5,2_liga
Saarbrücken,MSV Duisburg,1-0,https://www.besoccer.com/match/saarbrucken/msv-duisburg/20029056,2002,6,2_liga
Rot-Weiß Oberhausen,Mainz 05,1-3,https://www.besoccer.com/match/rot-weib-oberhausen/mainz-amat/20029057,2002,6,2_liga
Rot Weiss Ahlen,VfL Bochum,2-5,https://www.besoccer.com/match/rot-weiss-ahlen/bochum/20029058,2002,6,2_liga
Schweinfurt,Greuther Fürth,0-0,https://www.besoccer.com/match/schweinfurt/greuther-furth/20029051,2002,6,2_liga
Waldhof Mannheim,Union Berlin,1-1,https://www.besoccer.com/match/waldhof-mannheim/1-fc-union-berlin/20029052,2002,6,2_liga
SV Babelsberg 03,Unterhaching,1-4,https://www.besoccer.com/match/babelsberg/unterhaching/20029054,2002,6,2_liga
Reutlingen,Alemannia Aachen,3-1,https://www.besoccer.com/match/reutlingen/alemannia-aachen/20029055,2002,6,2_liga
Hannover 96,Karlsruher SC,5-0,https://www.besoccer.com/match/hannover-96/karlsruher-sc/20029053,2002,6,2_liga
Eintracht Frankfurt,Arminia Bielefeld,0-2,https://www.besoccer.com/match/eintracht-frankfurt/arminia-bielefeld/20029050,2002,6,2_liga
Unterhaching,Reutlingen,3-2,https://www.besoccer.com/match/unterhaching/reutlingen/20029047,2002,7,2_liga
Karlsruher SC,Arminia Bielefeld,0-1,https://www.besoccer.com/match/karlsruher-sc/arminia-bielefeld/20029048,2002,7,2_liga
Hannover 96,Rot-Weiß Oberhausen,2-0,https://www.besoccer.com/match/hannover-96/rot-weib-oberhausen/20029049,2002,7,2_liga
VfL Bochum,SV Babelsberg 03,4-1,https://www.besoccer.com/match/bochum/babelsberg/20029045,2002,7,2_liga
Mainz 05,Rot Weiss Ahlen,5-1,https://www.besoccer.com/match/mainz-amat/rot-weiss-ahlen/20029046,2002,7,2_liga
Greuther Fürth,Saarbrücken,3-1,https://www.besoccer.com/match/greuther-furth/saarbrucken/20029042,2002,7,2_liga
Union Berlin,Schweinfurt,3-0,https://www.besoccer.com/match/1-fc-union-berlin/schweinfurt/20029043,2002,7,2_liga
Alemannia Aachen,Waldhof Mannheim,1-0,https://www.besoccer.com/match/alemannia-aachen/waldhof-mannheim/20029044,2002,7,2_liga
MSV Duisburg,Eintracht Frankfurt,1-1,https://www.besoccer.com/match/msv-duisburg/eintracht-frankfurt/20029041,2002,7,2_liga
Arminia Bielefeld,MSV Duisburg,2-2,https://www.besoccer.com/match/arminia-bielefeld/msv-duisburg/20029038,2002,8,2_liga
Rot-Weiß Oberhausen,Karlsruher SC,1-2,https://www.besoccer.com/match/rot-weib-oberhausen/karlsruher-sc/20029039,2002,8,2_liga
Reutlingen,VfL Bochum,3-0,https://www.besoccer.com/match/reutlingen/bochum/20029040,2002,8,2_liga
Schweinfurt,Alemannia Aachen,1-0,https://www.besoccer.com/match/schweinfurt/alemannia-aachen/20029036,2002,8,2_liga
Waldhof Mannheim,Unterhaching,0-1,https://www.besoccer.com/match/waldhof-mannheim/unterhaching/20029037,2002,8,2_liga
SV Babelsberg 03,Mainz 05,0-1,https://www.besoccer.com/match/babelsberg/mainz-amat/20029033,2002,8,2_liga
Saarbrücken,Union Berlin,2-3,https://www.besoccer.com/match/saarbrucken/1-fc-union-berlin/20029034,2002,8,2_liga
Eintracht Frankfurt,Greuther Fürth,1-4,https://www.besoccer.com/match/eintracht-frankfurt/greuther-furth/20029035,2002,8,2_liga
Rot Weiss Ahlen,Hannover 96,2-5,https://www.besoccer.com/match/rot-weiss-ahlen/hannover-96/20029032,2002,8,2_liga
Alemannia Aachen,Saarbrücken,0-0,https://www.besoccer.com/match/alemannia-aachen/saarbrucken/20029029,2002,9,2_liga
Unterhaching,Schweinfurt,1-0,https://www.besoccer.com/match/unterhaching/schweinfurt/20029030,2002,9,2_liga
Karlsruher SC,MSV Duisburg,2-0,https://www.besoccer.com/match/karlsruher-sc/msv-duisburg/20029031,2002,9,2_liga
Rot-Weiß Oberhausen,Rot Weiss Ahlen,2-3,https://www.besoccer.com/match/rot-weib-oberhausen/rot-weiss-ahlen/20029027,2002,9,2_liga
Union Berlin,Eintracht Frankfurt,0-4,https://www.besoccer.com/match/1-fc-union-berlin/eintracht-frankfurt/20029028,2002,9,2_liga
Mainz 05,Reutlingen,2-1,https://www.besoccer.com/match/mainz-amat/reutlingen/20029024,2002,9,2_liga
Hannover 96,SV Babelsberg 03,6-1,https://www.besoccer.com/match/hannover-96/babelsberg/20029025,2002,9,2_liga
Greuther Fürth,Arminia Bielefeld,0-1,https://www.besoccer.com/match/greuther-furth/arminia-bielefeld/20029026,2002,9,2_liga
VfL Bochum,Waldhof Mannheim,1-1,https://www.besoccer.com/match/bochum/waldhof-mannheim/20029023,2002,9,2_liga
Waldhof Mannheim,Mainz 05,2-4,https://www.besoccer.com/match/waldhof-mannheim/mainz-amat/20029020,2002,10,2_liga
Rot Weiss Ahlen,Karlsruher SC,4-1,https://www.besoccer.com/match/rot-weiss-ahlen/karlsruher-sc/20029021,2002,10,2_liga
Schweinfurt,VfL Bochum,3-3,https://www.besoccer.com/match/schweinfurt/bochum/20029022,2002,10,2_liga
SV Babelsberg 03,Rot-Weiß Oberhausen,0-2,https://www.besoccer.com/match/babelsberg/rot-weib-oberhausen/20029018,2002,10,2_liga
Reutlingen,Hannover 96,2-2,https://www.besoccer.com/match/reutlingen/hannover-96/20029019,2002,10,2_liga
Saarbrücken,Unterhaching,0-0,https://www.besoccer.com/match/saarbrucken/unterhaching/20029015,2002,10,2_liga
Eintracht Frankfurt,Alemannia Aachen,2-2,https://www.besoccer.com/match/eintracht-frankfurt/alemannia-aachen/20029016,2002,10,2_liga
MSV Duisburg,Greuther Fürth,1-1,https://www.besoccer.com/match/msv-duisburg/greuther-furth/20029017,2002,10,2_liga
Arminia Bielefeld,Union Berlin,4-1,https://www.besoccer.com/match/arminia-bielefeld/1-fc-union-berlin/20029014,2002,10,2_liga
Mainz 05,Schweinfurt,4-1,https://www.besoccer.com/match/mainz-amat/schweinfurt/20029011,2002,11,2_liga
Union Berlin,MSV Duisburg,0-1,https://www.besoccer.com/match/1-fc-union-berlin/msv-duisburg/20029012,2002,11,2_liga
Alemannia Aachen,Arminia Bielefeld,3-2,https://www.besoccer.com/match/alemannia-aachen/arminia-bielefeld/20029013,2002,11,2_liga
Karlsruher SC,Greuther Fürth,4-2,https://www.besoccer.com/match/karlsruher-sc/greuther-furth/20029009,2002,11,2_liga
Rot-Weiß Oberhausen,Reutlingen,0-1,https://www.besoccer.com/match/rot-weib-oberhausen/reutlingen/20029010,2002,11,2_liga
Unterhaching,Eintracht Frankfurt,0-1,https://www.besoccer.com/match/unterhaching/eintracht-frankfurt/20029006,2002,11,2_liga
VfL Bochum,Saarbrücken,3-2,https://www.besoccer.com/match/bochum/saarbrucken/20029007,2002,11,2_liga
Rot Weiss Ahlen,SV Babelsberg 03,1-1,https://www.besoccer.com/match/rot-weiss-ahlen/babelsberg/20029008,2002,11,2_liga
Hannover 96,Waldhof Mannheim,2-0,https://www.besoccer.com/match/hannover-96/waldhof-mannheim/20029005,2002,11,2_liga
Schweinfurt,Hannover 96,1-4,https://www.besoccer.com/match/schweinfurt/hannover-96/20029002,2002,12,2_liga
Saarbrücken,Mainz 05,0-1,https://www.besoccer.com/match/saarbrucken/mainz-amat/20029003,2002,12,2_liga
MSV Duisburg,Alemannia Aachen,5-0,https://www.besoccer.com/match/msv-duisburg/alemannia-aachen/20029004,2002,12,2_liga
SV Babelsberg 03,Karlsruher SC,2-4,https://www.besoccer.com/match/babelsberg/karlsruher-sc/20029001,2002,12,2_liga
Arminia Bielefeld,Unterhaching,2-0,https://www.besoccer.com/match/arminia-bielefeld/unterhaching/20029000,2002,12,2_liga
Reutlingen,Rot Weiss Ahlen,3-2,https://www.besoccer.com/match/reutlingen/rot-weiss-ahlen/20028997,2002,12,2_liga
Waldhof Mannheim,Rot-Weiß Oberhausen,1-1,https://www.besoccer.com/match/waldhof-mannheim/rot-weib-oberhausen/20028998,2002,12,2_liga
Greuther Fürth,Union Berlin,0-0,https://www.besoccer.com/match/greuther-furth/1-fc-union-berlin/20028999,2002,12,2_liga
Eintracht Frankfurt,VfL Bochum,1-0,https://www.besoccer.com/match/eintracht-frankfurt/bochum/20028996,2002,12,2_liga
Alemannia Aachen,Greuther Fürth,2-1,https://www.besoccer.com/match/alemannia-aachen/greuther-furth/20028993,2002,13,2_liga
Karlsruher SC,Union Berlin,1-1,https://www.besoccer.com/match/karlsruher-sc/1-fc-union-berlin/20028994,2002,13,2_liga
Hannover 96,Saarbrücken,0-0,https://www.besoccer.com/match/hannover-96/saarbrucken/20028995,2002,13,2_liga
VfL Bochum,Arminia Bielefeld,0-0,https://www.besoccer.com/match/bochum/arminia-bielefeld/20028991,2002,13,2_liga
Rot-Weiß Oberhausen,Schweinfurt,5-0,https://www.besoccer.com/match/rot-weib-oberhausen/schweinfurt/20028992,2002,13,2_liga
SV Babelsberg 03,Reutlingen,0-3,https://www.besoccer.com/match/babelsberg/reutlingen/20028989,2002,13,2_liga
Rot Weiss Ahlen,Waldhof Mannheim,0-0,https://www.besoccer.com/match/rot-weiss-ahlen/waldhof-mannheim/20028988,2002,13,2_liga
Unterhaching,MSV Duisburg,0-1,https://www.besoccer.com/match/unterhaching/msv-duisburg/20028990,2002,13,2_liga
Mainz 05,Eintracht Frankfurt,1-1,https://www.besoccer.com/match/mainz-amat/eintracht-frankfurt/20028987,2002,13,2_liga
MSV Duisburg,VfL Bochum,0-1,https://www.besoccer.com/match/msv-duisburg/bochum/20028984,2002,14,2_liga
Greuther Fürth,Unterhaching,3-1,https://www.besoccer.com/match/greuther-furth/unterhaching/20028985,2002,14,2_liga
Eintracht Frankfurt,Hannover 96,1-1,https://www.besoccer.com/match/eintracht-frankfurt/hannover-96/20028986,2002,14,2_liga
Arminia Bielefeld,Mainz 05,0-1,https://www.besoccer.com/match/arminia-bielefeld/mainz-amat/20028982,2002,14,2_liga
Saarbrücken,Rot-Weiß Oberhausen,1-0,https://www.besoccer.com/match/saarbrucken/rot-weib-oberhausen/20028983,2002,14,2_liga
Union Berlin,Alemannia Aachen,5-1,https://www.besoccer.com/match/1-fc-union-berlin/alemannia-aachen/20028979,2002,14,2_liga
Reutlingen,Karlsruher SC,1-0,https://www.besoccer.com/match/reutlingen/karlsruher-sc/20028980,2002,14,2_liga
Waldhof Mannheim,SV Babelsberg 03,4-1,https://www.besoccer.com/match/waldhof-mannheim/babelsberg/20028981,2002,14,2_liga
Schweinfurt,Rot Weiss Ahlen,4-2,https://www.besoccer.com/match/schweinfurt/rot-weiss-ahlen/20028978,2002,14,2_liga
Mainz 05,MSV Duisburg,4-4,https://www.besoccer.com/match/mainz-amat/msv-duisburg/20028975,2002,15,2_liga
Rot Weiss Ahlen,Saarbrücken,3-1,https://www.besoccer.com/match/rot-weiss-ahlen/saarbrucken/20028976,2002,15,2_liga
VfL Bochum,Greuther Fürth,1-1,https://www.besoccer.com/match/bochum/greuther-furth/20028977,2002,15,2_liga
Alemannia Aachen,Karlsruher SC,2-0,https://www.besoccer.com/match/alemannia-aachen/karlsruher-sc/20028973,2002,15,2_liga
Waldhof Mannheim,Reutlingen,1-0,https://www.besoccer.com/match/waldhof-mannheim/reutlingen/20028974,2002,15,2_liga
SV Babelsberg 03,Schweinfurt,3-1,https://www.besoccer.com/match/babelsberg/schweinfurt/20028972,2002,15,2_liga
Rot-Weiß Oberhausen,Eintracht Frankfurt,2-1,https://www.besoccer.com/match/rot-weib-oberhausen/eintracht-frankfurt/20028970,2002,15,2_liga
Unterhaching,Union Berlin,2-1,https://www.besoccer.com/match/unterhaching/1-fc-union-berlin/20028971,2002,15,2_liga
Hannover 96,Arminia Bielefeld,4-4,https://www.besoccer.com/match/hannover-96/arminia-bielefeld/20028969,2002,15,2_liga
Arminia Bielefeld,Rot-Weiß Oberhausen,3-1,https://www.besoccer.com/match/arminia-bielefeld/rot-weib-oberhausen/20028966,2002,16,2_liga
MSV Duisburg,Hannover 96,2-6,https://www.besoccer.com/match/msv-duisburg/hannover-96/20028967,2002,16,2_liga
Union Berlin,VfL Bochum,1-0,https://www.besoccer.com/match/1-fc-union-berlin/bochum/20028968,2002,16,2_liga
Karlsruher SC,Waldhof Mannheim,1-2,https://www.besoccer.com/match/karlsruher-sc/waldhof-mannheim/20028964,2002,16,2_liga
Greuther Fürth,Mainz 05,3-2,https://www.besoccer.com/match/greuther-furth/mainz-amat/20028965,2002,16,2_liga
Eintracht Frankfurt,Rot Weiss Ahlen,1-2,https://www.besoccer.com/match/eintracht-frankfurt/rot-weiss-ahlen/20028961,2002,16,2_liga
Alemannia Aachen,Unterhaching,3-1,https://www.besoccer.com/match/alemannia-aachen/unterhaching/20028962,2002,16,2_liga
Schweinfurt,Reutlingen,2-1,https://www.besoccer.com/match/schweinfurt/reutlingen/20028963,2002,16,2_liga
Saarbrücken,SV Babelsberg 03,1-1,https://www.besoccer.com/match/saarbrucken/babelsberg/20028960,2002,16,2_liga
Rot-Weiß Oberhausen,MSV Duisburg,0-2,https://www.besoccer.com/match/rot-weib-oberhausen/msv-duisburg/20028957,2002,17,2_liga
Rot Weiss Ahlen,Arminia Bielefeld,1-1,https://www.besoccer.com/match/rot-weiss-ahlen/arminia-bielefeld/20028958,2002,17,2_liga
Unterhaching,Karlsruher SC,0-0,https://www.besoccer.com/match/unterhaching/karlsruher-sc/20028959,2002,17,2_liga
SV Babelsberg 03,Eintracht Frankfurt,1-3,https://www.besoccer.com/match/babelsberg/eintracht-frankfurt/20028956,2002,17,2_liga
Reutlingen,Saarbrücken,3-0,https://www.besoccer.com/match/reutlingen/saarbrucken/20028955,2002,17,2_liga
Waldhof Mannheim,Schweinfurt,2-0,https://www.besoccer.com/match/waldhof-mannheim/schweinfurt/20028951,2002,17,2_liga
VfL Bochum,Alemannia Aachen,5-3,https://www.besoccer.com/match/bochum/alemannia-aachen/20028952,2002,17,2_liga
Mainz 05,Union Berlin,1-0,https://www.besoccer.com/match/mainz-amat/1-fc-union-berlin/20028953,2002,17,2_liga
Hannover 96,Greuther Fürth,3-1,https://www.besoccer.com/match/hannover-96/greuther-furth/20028954,2002,17,2_liga
SV Babelsberg 03,Arminia Bielefeld,0-2,https://www.besoccer.com/match/babelsberg/arminia-bielefeld/20028950,2002,18,2_liga
Reutlingen,Eintracht Frankfurt,2-1,https://www.besoccer.com/match/reutlingen/eintracht-frankfurt/20028948,2002,18,2_liga
Rot Weiss Ahlen,MSV Duisburg,2-2,https://www.besoccer.com/match/rot-weiss-ahlen/msv-duisburg/20028949,2002,18,2_liga
Mainz 05,Alemannia Aachen,0-1,https://www.besoccer.com/match/mainz-amat/alemannia-aachen/20028943,2002,18,2_liga
VfL Bochum,Unterhaching,4-0,https://www.besoccer.com/match/bochum/unterhaching/20028944,2002,18,2_liga
Schweinfurt,Karlsruher SC,1-1,https://www.besoccer.com/match/schweinfurt/karlsruher-sc/20028945,2002,18,2_liga
Waldhof Mannheim,Saarbrücken,4-0,https://www.besoccer.com/match/waldhof-mannheim/saarbrucken/20028946,2002,18,2_liga
Rot-Weiß Oberhausen,Greuther Fürth,1-2,https://www.besoccer.com/match/rot-weib-oberhausen/greuther-furth/20028947,2002,18,2_liga
Hannover 96,Union Berlin,3-2,https://www.besoccer.com/match/hannover-96/1-fc-union-berlin/20028942,2002,18,2_liga
MSV Duisburg,SV Babelsberg 03,4-1,https://www.besoccer.com/match/msv-duisburg/babelsberg/20028939,2002,19,2_liga
Karlsruher SC,VfL Bochum,4-1,https://www.besoccer.com/match/karlsruher-sc/bochum/20028940,2002,19,2_liga
Union Berlin,Rot-Weiß Oberhausen,3-1,https://www.besoccer.com/match/1-fc-union-berlin/rot-weib-oberhausen/20028941,2002,19,2_liga
Arminia Bielefeld,Reutlingen,1-1,https://www.besoccer.com/match/arminia-bielefeld/reutlingen/20028937,2002,19,2_liga
Greuther Fürth,Rot Weiss Ahlen,3-2,https://www.besoccer.com/match/greuther-furth/rot-weiss-ahlen/20028938,2002,19,2_liga
Saarbrücken,Schweinfurt,2-1,https://www.besoccer.com/match/saarbrucken/schweinfurt/20028934,2002,19,2_liga
Eintracht Frankfurt,Waldhof Mannheim,2-2,https://www.besoccer.com/match/eintracht-frankfurt/waldhof-mannheim/20028935,2002,19,2_liga
Alemannia Aachen,Hannover 96,2-4,https://www.besoccer.com/match/alemannia-aachen/hannover-96/20028936,2002,19,2_liga
Unterhaching,Mainz 05,0-0,https://www.besoccer.com/match/unterhaching/mainz-amat/20028933,2002,19,2_liga
Reutlingen,MSV Duisburg,0-1,https://www.besoccer.com/match/reutlingen/msv-duisburg/20028930,2002,20,2_liga
Saarbrücken,Karlsruher SC,1-1,https://www.besoccer.com/match/saarbrucken/karlsruher-sc/20028931,2002,20,2_liga
Schweinfurt,Eintracht Frankfurt,0-1,https://www.besoccer.com/match/schweinfurt/eintracht-frankfurt/20028932,2002,20,2_liga
SV Babelsberg 03,Greuther Fürth,1-5,https://www.besoccer.com/match/babelsberg/greuther-furth/20028929,2002,20,2_liga
Waldhof Mannheim,Arminia Bielefeld,1-1,https://www.besoccer.com/match/waldhof-mannheim/arminia-bielefeld/20028928,2002,20,2_liga
Rot Weiss Ahlen,Union Berlin,2-2,https://www.besoccer.com/match/rot-weiss-ahlen/1-fc-union-berlin/20028924,2002,20,2_liga
Rot-Weiß Oberhausen,Alemannia Aachen,4-0,https://www.besoccer.com/match/rot-weib-oberhausen/alemannia-aachen/20028925,2002,20,2_liga
Hannover 96,Unterhaching,1-0,https://www.besoccer.com/match/hannover-96/unterhaching/20028926,2002,20,2_liga
Mainz 05,VfL Bochum,1-1,https://www.besoccer.com/match/mainz-amat/bochum/20028927,2002,20,2_liga
Arminia Bielefeld,Schweinfurt,2-1,https://www.besoccer.com/match/arminia-bielefeld/schweinfurt/20028921,2002,21,2_liga
Greuther Fürth,Reutlingen,4-1,https://www.besoccer.com/match/greuther-furth/reutlingen/20028920,2002,21,2_liga
MSV Duisburg,Waldhof Mannheim,3-1,https://www.besoccer.com/match/msv-duisburg/waldhof-mannheim/20028922,2002,21,2_liga
Eintracht Frankfurt,Saarbrücken,2-2,https://www.besoccer.com/match/eintracht-frankfurt/saarbrucken/20028923,2002,21,2_liga
Karlsruher SC,Mainz 05,1-4,https://www.besoccer.com/match/karlsruher-sc/mainz-amat/20028916,2002,21,2_liga
VfL Bochum,Hannover 96,4-2,https://www.besoccer.com/match/bochum/hannover-96/20028917,2002,21,2_liga
Unterhaching,Rot-Weiß Oberhausen,1-1,https://www.besoccer.com/match/unterhaching/rot-weib-oberhausen/20028918,2002,21,2_liga
Alemannia Aachen,Rot Weiss Ahlen,1-2,https://www.besoccer.com/match/alemannia-aachen/rot-weiss-ahlen/20028919,2002,21,2_liga
Union Berlin,SV Babelsberg 03,2-0,https://www.besoccer.com/match/1-fc-union-berlin/babelsberg/20028915,2002,21,2_liga
Saarbrücken,Arminia Bielefeld,0-2,https://www.besoccer.com/match/saarbrucken/arminia-bielefeld/20028912,2002,22,2_liga
Schweinfurt,MSV Duisburg,2-2,https://www.besoccer.com/match/schweinfurt/msv-duisburg/20028913,2002,22,2_liga
Waldhof Mannheim,Greuther Fürth,1-4,https://www.besoccer.com/match/waldhof-mannheim/greuther-furth/20028914,2002,22,2_liga
Rot Weiss Ahlen,Unterhaching,2-0,https://www.besoccer.com/match/rot-weiss-ahlen/unterhaching/20028910,2002,22,2_liga
Eintracht Frankfurt,Karlsruher SC,3-1,https://www.besoccer.com/match/eintracht-frankfurt/karlsruher-sc/20028911,2002,22,2_liga
SV Babelsberg 03,Alemannia Aachen,0-2,https://www.besoccer.com/match/babelsberg/alemannia-aachen/20028909,2002,22,2_liga
Rot-Weiß Oberhausen,VfL Bochum,6-1,https://www.besoccer.com/match/rot-weib-oberhausen/bochum/20028907,2002,22,2_liga
Reutlingen,Union Berlin,1-2,https://www.besoccer.com/match/reutlingen/1-fc-union-berlin/20028908,2002,22,2_liga
Hannover 96,Mainz 05,2-0,https://www.besoccer.com/match/hannover-96/mainz-amat/20028906,2002,22,2_liga
Union Berlin,Waldhof Mannheim,2-0,https://www.besoccer.com/match/1-fc-union-berlin/waldhof-mannheim/20028903,2002,23,2_liga
Unterhaching,SV Babelsberg 03,3-1,https://www.besoccer.com/match/unterhaching/babelsberg/20028904,2002,23,2_liga
Greuther Fürth,Schweinfurt,2-0,https://www.besoccer.com/match/greuther-furth/schweinfurt/20028905,2002,23,2_liga
Mainz 05,Rot-Weiß Oberhausen,3-3,https://www.besoccer.com/match/mainz-amat/rot-weib-oberhausen/20028901,2002,23,2_liga
Alemannia Aachen,Reutlingen,1-1,https://www.besoccer.com/match/alemannia-aachen/reutlingen/20028902,2002,23,2_liga
MSV Duisburg,Saarbrücken,5-0,https://www.besoccer.com/match/msv-duisburg/saarbrucken/20028898,2002,23,2_liga
Karlsruher SC,Hannover 96,1-2,https://www.besoccer.com/match/karlsruher-sc/hannover-96/20028899,2002,23,2_liga
VfL Bochum,Rot Weiss Ahlen,3-1,https://www.besoccer.com/match/bochum/rot-weiss-ahlen/20028900,2002,23,2_liga
Arminia Bielefeld,Eintracht Frankfurt,4-1,https://www.besoccer.com/match/arminia-bielefeld/eintracht-frankfurt/20028897,2002,23,2_liga
Waldhof Mannheim,Alemannia Aachen,3-1,https://www.besoccer.com/match/waldhof-mannheim/alemannia-aachen/20028896,2002,24,2_liga
Saarbrücken,Greuther Fürth,0-3,https://www.besoccer.com/match/saarbrucken/greuther-furth/20028895,2002,24,2_liga
Schweinfurt,Union Berlin,0-1,https://www.besoccer.com/match/schweinfurt/1-fc-union-berlin/20028894,2002,24,2_liga
Arminia Bielefeld,Karlsruher SC,1-1,https://www.besoccer.com/match/arminia-bielefeld/karlsruher-sc/20028893,2002,24,2_liga
SV Babelsberg 03,VfL Bochum,1-2,https://www.besoccer.com/match/babelsberg/bochum/20028892,2002,24,2_liga
Reutlingen,Unterhaching,1-1,https://www.besoccer.com/match/reutlingen/unterhaching/20028890,2002,24,2_liga
Eintracht Frankfurt,MSV Duisburg,2-0,https://www.besoccer.com/match/eintracht-frankfurt/msv-duisburg/20028891,2002,24,2_liga
Rot Weiss Ahlen,Mainz 05,1-4,https://www.besoccer.com/match/rot-weiss-ahlen/mainz-amat/20028889,2002,24,2_liga
Rot-Weiß Oberhausen,Hannover 96,0-0,https://www.besoccer.com/match/rot-weib-oberhausen/hannover-96/20028888,2002,24,2_liga
Mainz 05,SV Babelsberg 03,2-2,https://www.besoccer.com/match/mainz-amat/babelsberg/20028885,2002,25,2_liga
Union Berlin,Saarbrücken,3-0,https://www.besoccer.com/match/1-fc-union-berlin/saarbrucken/20028886,2002,25,2_liga
MSV Duisburg,Arminia Bielefeld,2-1,https://www.besoccer.com/match/msv-duisburg/arminia-bielefeld/20028887,2002,25,2_liga
Alemannia Aachen,Schweinfurt,1-0,https://www.besoccer.com/match/alemannia-aachen/schweinfurt/20028884,2002,25,2_liga
Unterhaching,Waldhof Mannheim,0-0,https://www.besoccer.com/match/unterhaching/waldhof-mannheim/20028881,2002,25,2_liga
Greuther Fürth,Eintracht Frankfurt,1-1,https://www.besoccer.com/match/greuther-furth/eintracht-frankfurt/20028882,2002,25,2_liga
Karlsruher SC,Rot-Weiß Oberhausen,0-1,https://www.besoccer.com/match/karlsruher-sc/rot-weib-oberhausen/20028883,2002,25,2_liga
Hannover 96,Rot Weiss Ahlen,3-1,https://www.besoccer.com/match/hannover-96/rot-weiss-ahlen/20028880,2002,25,2_liga
VfL Bochum,Reutlingen,3-1,https://www.besoccer.com/match/bochum/reutlingen/20028879,2002,25,2_liga
Schweinfurt,Unterhaching,3-1,https://www.besoccer.com/match/schweinfurt/unterhaching/20028876,2002,26,2_liga
MSV Duisburg,Karlsruher SC,2-0,https://www.besoccer.com/match/msv-duisburg/karlsruher-sc/20028877,2002,26,2_liga
Waldhof Mannheim,VfL Bochum,1-2,https://www.besoccer.com/match/waldhof-mannheim/bochum/20028878,2002,26,2_liga
SV Babelsberg 03,Hannover 96,1-3,https://www.besoccer.com/match/babelsberg/hannover-96/20028875,2002,26,2_liga
Reutlingen,Mainz 05,2-0,https://www.besoccer.com/match/reutlingen/mainz-amat/20028874,2002,26,2_liga
Eintracht Frankfurt,Union Berlin,2-2,https://www.besoccer.com/match/eintracht-frankfurt/1-fc-union-berlin/20028871,2002,26,2_liga
Saarbrücken,Alemannia Aachen,2-1,https://www.besoccer.com/match/saarbrucken/alemannia-aachen/20028872,2002,26,2_liga
Rot Weiss Ahlen,Rot-Weiß Oberhausen,2-1,https://www.besoccer.com/match/rot-weiss-ahlen/rot-weib-oberhausen/20028873,2002,26,2_liga
Arminia Bielefeld,Greuther Fürth,3-2,https://www.besoccer.com/match/arminia-bielefeld/greuther-furth/20028870,2002,26,2_liga
Hannover 96,Reutlingen,4-0,https://www.besoccer.com/match/hannover-96/reutlingen/20028867,2002,27,2_liga
VfL Bochum,Schweinfurt,3-1,https://www.besoccer.com/match/bochum/schweinfurt/20028868,2002,27,2_liga
Alemannia Aachen,Eintracht Frankfurt,2-1,https://www.besoccer.com/match/alemannia-aachen/eintracht-frankfurt/20028869,2002,27,2_liga
Karlsruher SC,Rot Weiss Ahlen,2-2,https://www.besoccer.com/match/karlsruher-sc/rot-weiss-ahlen/20028865,2002,27,2_liga
Unterhaching,Saarbrücken,8-0,https://www.besoccer.com/match/unterhaching/saarbrucken/20028866,2002,27,2_liga
Union Berlin,Arminia Bielefeld,2-1,https://www.besoccer.com/match/1-fc-union-berlin/arminia-bielefeld/20028862,2002,27,2_liga
Greuther Fürth,MSV Duisburg,2-1,https://www.besoccer.com/match/greuther-furth/msv-duisburg/20028863,2002,27,2_liga
Rot-Weiß Oberhausen,SV Babelsberg 03,2-1,https://www.besoccer.com/match/rot-weib-oberhausen/babelsberg/20028864,2002,27,2_liga
Mainz 05,Waldhof Mannheim,3-0,https://www.besoccer.com/match/mainz-amat/waldhof-mannheim/20028861,2002,27,2_liga
Schweinfurt,Mainz 05,0-3,https://www.besoccer.com/match/schweinfurt/mainz-amat/20028858,2002,28,2_liga
Arminia Bielefeld,Alemannia Aachen,4-1,https://www.besoccer.com/match/arminia-bielefeld/alemannia-aachen/20028859,2002,28,2_liga
Greuther Fürth,Karlsruher SC,1-1,https://www.besoccer.com/match/greuther-furth/karlsruher-sc/20028860,2002,28,2_liga
SV Babelsberg 03,Rot Weiss Ahlen,1-2,https://www.besoccer.com/match/babelsberg/rot-weiss-ahlen/20028856,2002,28,2_liga
Eintracht Frankfurt,Unterhaching,3-2,https://www.besoccer.com/match/eintracht-frankfurt/unterhaching/20028857,2002,28,2_liga
Saarbrücken,VfL Bochum,0-2,https://www.besoccer.com/match/saarbrucken/bochum/20028853,2002,28,2_liga
Reutlingen,Rot-Weiß Oberhausen,0-2,https://www.besoccer.com/match/reutlingen/rot-weib-oberhausen/20028854,2002,28,2_liga
MSV Duisburg,Union Berlin,1-1,https://www.besoccer.com/match/msv-duisburg/1-fc-union-berlin/20028855,2002,28,2_liga
Waldhof Mannheim,Hannover 96,0-1,https://www.besoccer.com/match/waldhof-mannheim/hannover-96/20028852,2002,28,2_liga
Mainz 05,Saarbrücken,2-1,https://www.besoccer.com/match/mainz-amat/saarbrucken/20028849,2002,29,2_liga
Alemannia Aachen,MSV Duisburg,2-1,https://www.besoccer.com/match/alemannia-aachen/msv-duisburg/20028850,2002,29,2_liga
Union Berlin,Greuther Fürth,0-0,https://www.besoccer.com/match/1-fc-union-berlin/greuther-furth/20028851,2002,29,2_liga
Karlsruher SC,SV Babelsberg 03,2-1,https://www.besoccer.com/match/karlsruher-sc/babelsberg/20028847,2002,29,2_liga
Hannover 96,Schweinfurt,6-0,https://www.besoccer.com/match/hannover-96/schweinfurt/20028848,2002,29,2_liga
Rot-Weiß Oberhausen,Waldhof Mannheim,1-1,https://www.besoccer.com/match/rot-weib-oberhausen/waldhof-mannheim/20028844,2002,29,2_liga
Unterhaching,Arminia Bielefeld,1-3,https://www.besoccer.com/match/unterhaching/arminia-bielefeld/20028845,2002,29,2_liga
Rot Weiss Ahlen,Reutlingen,1-2,https://www.besoccer.com/match/rot-weiss-ahlen/reutlingen/20028846,2002,29,2_liga
VfL Bochum,Eintracht Frankfurt,3-0,https://www.besoccer.com/match/bochum/eintracht-frankfurt/20028843,2002,29,2_liga
Union Berlin,Karlsruher SC,1-3,https://www.besoccer.com/match/1-fc-union-berlin/karlsruher-sc/20028840,2002,30,2_liga
Saarbrücken,Hannover 96,1-1,https://www.besoccer.com/match/saarbrucken/hannover-96/20028841,2002,30,2_liga
Schweinfurt,Rot-Weiß Oberhausen,0-3,https://www.besoccer.com/match/schweinfurt/rot-weib-oberhausen/20028842,2002,30,2_liga
Waldhof Mannheim,Rot Weiss Ahlen,2-0,https://www.besoccer.com/match/waldhof-mannheim/rot-weiss-ahlen/20028838,2002,30,2_liga
Greuther Fürth,Alemannia Aachen,3-0,https://www.besoccer.com/match/greuther-furth/alemannia-aachen/20028839,2002,30,2_liga
Arminia Bielefeld,VfL Bochum,3-0,https://www.besoccer.com/match/arminia-bielefeld/bochum/20028835,2002,30,2_liga
Reutlingen,SV Babelsberg 03,3-2,https://www.besoccer.com/match/reutlingen/babelsberg/20028836,2002,30,2_liga
MSV Duisburg,Unterhaching,4-0,https://www.besoccer.com/match/msv-duisburg/unterhaching/20028837,2002,30,2_liga
Eintracht Frankfurt,Mainz 05,0-0,https://www.besoccer.com/match/eintracht-frankfurt/mainz-amat/20028834,2002,30,2_liga
Karlsruher SC,Reutlingen,1-0,https://www.besoccer.com/match/karlsruher-sc/reutlingen/20028831,2002,31,2_liga
SV Babelsberg 03,Waldhof Mannheim,1-2,https://www.besoccer.com/match/babelsberg/waldhof-mannheim/20028832,2002,31,2_liga
VfL Bochum,MSV Duisburg,3-0,https://www.besoccer.com/match/bochum/msv-duisburg/20028833,2002,31,2_liga
Rot Weiss Ahlen,Schweinfurt,3-1,https://www.besoccer.com/match/rot-weiss-ahlen/schweinfurt/20028829,2002,31,2_liga
Hannover 96,Eintracht Frankfurt,1-2,https://www.besoccer.com/match/hannover-96/eintracht-frankfurt/20028830,2002,31,2_liga
Rot-Weiß Oberhausen,Saarbrücken,2-1,https://www.besoccer.com/match/rot-weib-oberhausen/saarbrucken/20028826,2002,31,2_liga
Unterhaching,Greuther Fürth,1-1,https://www.besoccer.com/match/unterhaching/greuther-furth/20028827,2002,31,2_liga
Alemannia Aachen,Union Berlin,1-2,https://www.besoccer.com/match/alemannia-aachen/1-fc-union-berlin/20028828,2002,31,2_liga
Mainz 05,Arminia Bielefeld,4-1,https://www.besoccer.com/match/mainz-amat/arminia-bielefeld/20028825,2002,31,2_liga
Union Berlin,Unterhaching,0-2,https://www.besoccer.com/match/1-fc-union-berlin/unterhaching/20028822,2002,32,2_liga
Greuther Fürth,VfL Bochum,1-1,https://www.besoccer.com/match/greuther-furth/bochum/20028823,2002,32,2_liga
Eintracht Frankfurt,Rot-Weiß Oberhausen,2-2,https://www.besoccer.com/match/eintracht-frankfurt/rot-weib-oberhausen/20028824,2002,32,2_liga
Schweinfurt,SV Babelsberg 03,3-3,https://www.besoccer.com/match/schweinfurt/babelsberg/20028820,2002,32,2_liga
Karlsruher SC,Alemannia Aachen,1-2,https://www.besoccer.com/match/karlsruher-sc/alemannia-aachen/20028821,2002,32,2_liga
Saarbrücken,Rot Weiss Ahlen,2-4,https://www.besoccer.com/match/saarbrucken/rot-weiss-ahlen/20028817,2002,32,2_liga
Reutlingen,Waldhof Mannheim,3-0,https://www.besoccer.com/match/reutlingen/waldhof-mannheim/20028818,2002,32,2_liga
MSV Duisburg,Mainz 05,1-1,https://www.besoccer.com/match/msv-duisburg/mainz-amat/20028819,2002,32,2_liga
Arminia Bielefeld,Hannover 96,3-2,https://www.besoccer.com/match/arminia-bielefeld/hannover-96/20028816,2002,32,2_liga
Hannover 96,MSV Duisburg,4-1,https://www.besoccer.com/match/hannover-96/msv-duisburg/20028807,2002,33,2_liga
Mainz 05,Greuther Fürth,1-1,https://www.besoccer.com/match/mainz-amat/greuther-furth/20028808,2002,33,2_liga
VfL Bochum,Union Berlin,2-1,https://www.besoccer.com/match/bochum/1-fc-union-berlin/20028809,2002,33,2_liga
Unterhaching,Alemannia Aachen,2-0,https://www.besoccer.com/match/unterhaching/alemannia-aachen/20028810,2002,33,2_liga
Reutlingen,Schweinfurt,3-1,https://www.besoccer.com/match/reutlingen/schweinfurt/20028811,2002,33,2_liga
Waldhof Mannheim,Karlsruher SC,2-1,https://www.besoccer.com/match/waldhof-mannheim/karlsruher-sc/20028812,2002,33,2_liga
SV Babelsberg 03,Saarbrücken,1-2,https://www.besoccer.com/match/babelsberg/saarbrucken/20028813,2002,33,2_liga
Rot Weiss Ahlen,Eintracht Frankfurt,0-1,https://www.besoccer.com/match/rot-weiss-ahlen/eintracht-frankfurt/20028814,2002,33,2_liga
Rot-Weiß Oberhausen,Arminia Bielefeld,0-0,https://www.besoccer.com/match/rot-weib-oberhausen/arminia-bielefeld/20028815,2002,33,2_liga
Union Berlin,Mainz 05,3-1,https://www.besoccer.com/match/1-fc-union-berlin/mainz-amat/20028798,2002,34,2_liga
Greuther Fürth,Hannover 96,1-5,https://www.besoccer.com/match/greuther-furth/hannover-96/20028799,2002,34,2_liga
MSV Duisburg,Rot-Weiß Oberhausen,1-4,https://www.besoccer.com/match/msv-duisburg/rot-weib-oberhausen/20028800,2002,34,2_liga
Arminia Bielefeld,Rot Weiss Ahlen,3-1,https://www.besoccer.com/match/arminia-bielefeld/rot-weiss-ahlen/20028801,2002,34,2_liga
Eintracht Frankfurt,SV Babelsberg 03,1-1,https://www.besoccer.com/match/eintracht-frankfurt/babelsberg/20028802,2002,34,2_liga
Saarbrücken,Reutlingen,4-3,https://www.besoccer.com/match/saarbrucken/reutlingen/20028803,2002,34,2_liga
Karlsruher SC,Unterhaching,3-0,https://www.besoccer.com/match/karlsruher-sc/unterhaching/20028804,2002,34,2_liga
Schweinfurt,Waldhof Mannheim,0-1,https://www.besoccer.com/match/schweinfurt/waldhof-mannheim/20028805,2002,34,2_liga
Alemannia Aachen,VfL Bochum,1-3,https://www.besoccer.com/match/alemannia-aachen/bochum/20028806,2002,34,2_liga
