Home_Team,Away_Team,Result,Link,Season,Round,League
Perugia,Bologna,2-1,https://www.besoccer.com/match/perugia/bologna/2015164038,2015,1,serie_b
Avellino,Pro Vercelli,1-0,https://www.besoccer.com/match/us-avellino/us-pro-vercelli-calcio/2015164030,2015,1,serie_b
Catania,Virtus Lanciano,3-3,https://www.besoccer.com/match/catania/ss-virtus-lanciano-1924/2015164031,2015,1,serie_b
Crotone,Ternana Calcio,0-2,https://www.besoccer.com/match/fc-crotone/ternana-calcio/2015164032,2015,1,serie_b
Virtus Entella,SSC Bari,0-2,https://www.besoccer.com/match/virtus-entella/as-bari/2015164033,2015,1,serie_b
Frosinone,Brescia,1-0,https://www.besoccer.com/match/frosinone-calcio/brescia/2015164034,2015,1,serie_b
Livorno,Carpi,1-1,https://www.besoccer.com/match/livorno/carpi/2015164035,2015,1,serie_b
Pescara,Trapani,0-0,https://www.besoccer.com/match/pescara-calcio/trapani/2015164036,2015,1,serie_b
Varese,Spezia,2-1,https://www.besoccer.com/match/as-varese-1910/asd-spezia/2015164037,2015,1,serie_b
Modena,Cittadella,1-1,https://www.besoccer.com/match/modena-fc/as-cittadella/2015164029,2015,1,serie_b
Vicenza ,Latina,0-0,https://www.besoccer.com/match/vicenza-calcio/latina/2015164028,2015,1,serie_b
Latina,Crotone,1-0,https://www.besoccer.com/match/latina/fc-crotone/2015164049,2015,2,serie_b
Brescia,Livorno,0-1,https://www.besoccer.com/match/brescia/livorno/2015164048,2015,2,serie_b
Bologna,Virtus Entella,1-1,https://www.besoccer.com/match/bologna/virtus-entella/2015164040,2015,2,serie_b
Carpi,Varese,4-2,https://www.besoccer.com/match/carpi/as-varese-1910/2015164041,2015,2,serie_b
Cittadella,Avellino,3-1,https://www.besoccer.com/match/as-cittadella/us-avellino/2015164042,2015,2,serie_b
Virtus Lanciano,Modena,2-0,https://www.besoccer.com/match/ss-virtus-lanciano-1924/modena-fc/2015164043,2015,2,serie_b
Spezia,Frosinone,2-1,https://www.besoccer.com/match/asd-spezia/frosinone-calcio/2015164045,2015,2,serie_b
Ternana Calcio,Pescara,1-1,https://www.besoccer.com/match/ternana-calcio/pescara-calcio/2015164046,2015,2,serie_b
Trapani,Vicenza ,2-1,https://www.besoccer.com/match/trapani/vicenza-calcio/2015164047,2015,2,serie_b
Pro Vercelli,Catania,3-2,https://www.besoccer.com/match/us-pro-vercelli-calcio/catania/2015164044,2015,2,serie_b
SSC Bari,Perugia,0-2,https://www.besoccer.com/match/as-bari/perugia/2015164039,2015,2,serie_b
Pescara,Bologna,2-3,https://www.besoccer.com/match/pescara-calcio/bologna/2015164025,2015,3,serie_b
Avellino,Spezia,0-0,https://www.besoccer.com/match/us-avellino/asd-spezia/2015164017,2015,3,serie_b
Crotone,Carpi,1-1,https://www.besoccer.com/match/fc-crotone/carpi/2015164018,2015,3,serie_b
Virtus Entella,Brescia,0-1,https://www.besoccer.com/match/virtus-entella/brescia/2015164019,2015,3,serie_b
Frosinone,SSC Bari,1-1,https://www.besoccer.com/match/frosinone-calcio/as-bari/2015164020,2015,3,serie_b
Modena,Pro Vercelli,1-0,https://www.besoccer.com/match/modena-fc/us-pro-vercelli-calcio/2015164021,2015,3,serie_b
Perugia,Catania,1-0,https://www.besoccer.com/match/perugia/catania/2015164022,2015,3,serie_b
Trapani,Cittadella,2-1,https://www.besoccer.com/match/trapani/as-cittadella/2015164023,2015,3,serie_b
Varese,Virtus Lanciano,1-1,https://www.besoccer.com/match/as-varese-1910/ss-virtus-lanciano-1924/2015164024,2015,3,serie_b
Vicenza ,Ternana Calcio,0-1,https://www.besoccer.com/match/vicenza-calcio/ternana-calcio/2015164026,2015,3,serie_b
Livorno,Latina,1-1,https://www.besoccer.com/match/livorno/latina/2015164027,2015,3,serie_b
Carpi,Trapani,2-2,https://www.besoccer.com/match/carpi/trapani/2015164050,2015,4,serie_b
Spezia,Virtus Entella,1-0,https://www.besoccer.com/match/asd-spezia/virtus-entella/2015164051,2015,4,serie_b
SSC Bari,Livorno,2-0,https://www.besoccer.com/match/as-bari/livorno/2015164052,2015,4,serie_b
Bologna,Crotone,0-2,https://www.besoccer.com/match/bologna/fc-crotone/2015164053,2015,4,serie_b
Brescia,Ternana Calcio,0-0,https://www.besoccer.com/match/brescia/ternana-calcio/2015164054,2015,4,serie_b
Catania,Modena,0-0,https://www.besoccer.com/match/catania/modena-fc/2015164055,2015,4,serie_b
Cittadella,Pescara,3-2,https://www.besoccer.com/match/as-cittadella/pescara-calcio/2015164056,2015,4,serie_b
Virtus Lanciano,Frosinone,1-5,https://www.besoccer.com/match/ss-virtus-lanciano-1924/frosinone-calcio/2015164057,2015,4,serie_b
Latina,Avellino,1-2,https://www.besoccer.com/match/latina/us-avellino/2015164058,2015,4,serie_b
Perugia,Vicenza ,2-2,https://www.besoccer.com/match/perugia/vicenza-calcio/2015164059,2015,4,serie_b
Pro Vercelli,Varese,4-0,https://www.besoccer.com/match/us-pro-vercelli-calcio/as-varese-1910/2015164060,2015,4,serie_b
Spezia,Carpi,1-2,https://www.besoccer.com/match/asd-spezia/carpi/2015164061,2015,5,serie_b
Brescia,Virtus Lanciano,1-1,https://www.besoccer.com/match/brescia/ss-virtus-lanciano-1924/2015164062,2015,5,serie_b
Cittadella,Pro Vercelli,1-2,https://www.besoccer.com/match/as-cittadella/us-pro-vercelli-calcio/2015164063,2015,5,serie_b
Crotone,Catania,1-1,https://www.besoccer.com/match/fc-crotone/catania/2015164064,2015,5,serie_b
Frosinone,Avellino,0-0,https://www.besoccer.com/match/frosinone-calcio/us-avellino/2015164065,2015,5,serie_b
Livorno,Varese,1-0,https://www.besoccer.com/match/livorno/as-varese-1910/2015164066,2015,5,serie_b
Modena,Perugia,0-0,https://www.besoccer.com/match/modena-fc/perugia/2015164067,2015,5,serie_b
Pescara,Latina,1-1,https://www.besoccer.com/match/pescara-calcio/latina/2015164068,2015,5,serie_b
Ternana Calcio,Bologna,0-1,https://www.besoccer.com/match/ternana-calcio/bologna/2015164069,2015,5,serie_b
Trapani,Virtus Entella,2-2,https://www.besoccer.com/match/trapani/virtus-entella/2015164070,2015,5,serie_b
Vicenza ,SSC Bari,1-0,https://www.besoccer.com/match/vicenza-calcio/as-bari/2015164071,2015,5,serie_b
Avellino,Livorno,2-1,https://www.besoccer.com/match/us-avellino/livorno/2015164072,2015,6,serie_b
Bologna,Cittadella,1-0,https://www.besoccer.com/match/bologna/as-cittadella/2015164073,2015,6,serie_b
Crotone,Vicenza ,0-0,https://www.besoccer.com/match/fc-crotone/vicenza-calcio/2015164074,2015,6,serie_b
Virtus Entella,Carpi,2-0,https://www.besoccer.com/match/virtus-entella/carpi/2015164075,2015,6,serie_b
Latina,Ternana Calcio,1-1,https://www.besoccer.com/match/latina/ternana-calcio/2015164076,2015,6,serie_b
Modena,Spezia,2-0,https://www.besoccer.com/match/modena-fc/asd-spezia/2015164077,2015,6,serie_b
Perugia,Brescia,1-0,https://www.besoccer.com/match/perugia/brescia/2015164078,2015,6,serie_b
Pro Vercelli,Frosinone,1-1,https://www.besoccer.com/match/us-pro-vercelli-calcio/frosinone-calcio/2015164079,2015,6,serie_b
Varese,Trapani,5-2,https://www.besoccer.com/match/as-varese-1910/trapani/2015164080,2015,6,serie_b
Catania,Pescara,2-1,https://www.besoccer.com/match/catania/pescara-calcio/2015164081,2015,6,serie_b
Virtus Lanciano,SSC Bari,1-1,https://www.besoccer.com/match/ss-virtus-lanciano-1924/as-bari/2015164082,2015,6,serie_b
Livorno,Crotone,1-0,https://www.besoccer.com/match/livorno/fc-crotone/2015164088,2015,7,serie_b
SSC Bari,Modena,1-1,https://www.besoccer.com/match/as-bari/modena-fc/2015164083,2015,7,serie_b
Brescia,Varese,1-1,https://www.besoccer.com/match/brescia/as-varese-1910/2015164084,2015,7,serie_b
Carpi,Pro Vercelli,1-0,https://www.besoccer.com/match/carpi/us-pro-vercelli-calcio/2015164085,2015,7,serie_b
Cittadella,Virtus Lanciano,2-3,https://www.besoccer.com/match/as-cittadella/ss-virtus-lanciano-1924/2015164086,2015,7,serie_b
Frosinone,Catania,1-0,https://www.besoccer.com/match/frosinone-calcio/catania/2015164087,2015,7,serie_b
Pescara,Virtus Entella,4-0,https://www.besoccer.com/match/pescara-calcio/virtus-entella/2015164089,2015,7,serie_b
Spezia,Perugia,2-0,https://www.besoccer.com/match/asd-spezia/perugia/2015164090,2015,7,serie_b
Trapani,Latina,1-0,https://www.besoccer.com/match/trapani/latina/2015164092,2015,7,serie_b
Vicenza ,Bologna,0-0,https://www.besoccer.com/match/vicenza-calcio/bologna/2015164093,2015,7,serie_b
Ternana Calcio,Avellino,2-2,https://www.besoccer.com/match/ternana-calcio/us-avellino/2015164091,2015,7,serie_b
Pro Vercelli,Spezia,1-0,https://www.besoccer.com/match/us-pro-vercelli-calcio/asd-spezia/2015164103,2015,8,serie_b
Modena,Brescia,1-1,https://www.besoccer.com/match/modena-fc/brescia/2015164101,2015,8,serie_b
Catania,SSC Bari,2-3,https://www.besoccer.com/match/catania/as-bari/2015164095,2015,8,serie_b
Avellino,Carpi,1-0,https://www.besoccer.com/match/us-avellino/carpi/2015164094,2015,8,serie_b
Crotone,Pescara,1-4,https://www.besoccer.com/match/fc-crotone/pescara-calcio/2015164096,2015,8,serie_b
Virtus Lanciano,Vicenza ,4-0,https://www.besoccer.com/match/ss-virtus-lanciano-1924/vicenza-calcio/2015164098,2015,8,serie_b
Latina,Bologna,1-2,https://www.besoccer.com/match/latina/bologna/2015164099,2015,8,serie_b
Livorno,Trapani,6-0,https://www.besoccer.com/match/livorno/trapani/2015164100,2015,8,serie_b
Perugia,Frosinone,0-1,https://www.besoccer.com/match/perugia/frosinone-calcio/2015164102,2015,8,serie_b
Varese,Cittadella,2-2,https://www.besoccer.com/match/as-varese-1910/as-cittadella/2015164104,2015,8,serie_b
Virtus Entella,Ternana Calcio,2-1,https://www.besoccer.com/match/virtus-entella/ternana-calcio/2015164097,2015,8,serie_b
Vicenza ,Pescara,2-1,https://www.besoccer.com/match/vicenza-calcio/pescara-calcio/2015164115,2015,9,serie_b
Bologna,Varese,3-0,https://www.besoccer.com/match/bologna/as-varese-1910/2015164106,2015,9,serie_b
Brescia,Pro Vercelli,2-1,https://www.besoccer.com/match/brescia/us-pro-vercelli-calcio/2015164107,2015,9,serie_b
Carpi,Latina,2-1,https://www.besoccer.com/match/carpi/latina/2015164108,2015,9,serie_b
Frosinone,Modena,2-0,https://www.besoccer.com/match/frosinone-calcio/modena-fc/2015164110,2015,9,serie_b
Virtus Lanciano,Perugia,1-1,https://www.besoccer.com/match/ss-virtus-lanciano-1924/perugia/2015164111,2015,9,serie_b
Spezia,Catania,3-0,https://www.besoccer.com/match/asd-spezia/catania/2015164112,2015,9,serie_b
Ternana Calcio,Livorno,0-4,https://www.besoccer.com/match/ternana-calcio/livorno/2015164113,2015,9,serie_b
Trapani,Crotone,3-1,https://www.besoccer.com/match/trapani/fc-crotone/2015164114,2015,9,serie_b
SSC Bari,Avellino,4-2,https://www.besoccer.com/match/as-bari/us-avellino/2015164105,2015,9,serie_b
Cittadella,Virtus Entella,0-1,https://www.besoccer.com/match/as-cittadella/virtus-entella/2015164109,2015,9,serie_b
Ternana Calcio,Trapani,1-2,https://www.besoccer.com/match/ternana-calcio/trapani/2015164125,2015,10,serie_b
Modena,Bologna,0-0,https://www.besoccer.com/match/modena-fc/bologna/2015164122,2015,10,serie_b
Avellino,Virtus Lanciano,1-1,https://www.besoccer.com/match/us-avellino/ss-virtus-lanciano-1924/2015164116,2015,10,serie_b
Catania,Vicenza ,3-1,https://www.besoccer.com/match/catania/vicenza-calcio/2015164117,2015,10,serie_b
Crotone,Cittadella,2-2,https://www.besoccer.com/match/fc-crotone/as-cittadella/2015164118,2015,10,serie_b
Virtus Entella,Frosinone,1-0,https://www.besoccer.com/match/virtus-entella/frosinone-calcio/2015164119,2015,10,serie_b
Latina,Brescia,1-1,https://www.besoccer.com/match/latina/brescia/2015164120,2015,10,serie_b
Livorno,Spezia,0-1,https://www.besoccer.com/match/livorno/asd-spezia/2015164121,2015,10,serie_b
Pescara,Carpi,0-5,https://www.besoccer.com/match/pescara-calcio/carpi/2015164123,2015,10,serie_b
Pro Vercelli,Perugia,0-0,https://www.besoccer.com/match/us-pro-vercelli-calcio/perugia/2015164124,2015,10,serie_b
Varese,SSC Bari,2-1,https://www.besoccer.com/match/as-varese-1910/as-bari/2015164126,2015,10,serie_b
Bologna,Trapani,2-1,https://www.besoccer.com/match/bologna/trapani/2015164129,2015,11,serie_b
Vicenza ,Modena,0-2,https://www.besoccer.com/match/vicenza-calcio/modena-fc/2015164127,2015,11,serie_b
SSC Bari,Pescara,1-1,https://www.besoccer.com/match/as-bari/pescara-calcio/2015164128,2015,11,serie_b
Brescia,Crotone,2-1,https://www.besoccer.com/match/brescia/fc-crotone/2015164130,2015,11,serie_b
Carpi,Ternana Calcio,3-1,https://www.besoccer.com/match/carpi/ternana-calcio/2015164131,2015,11,serie_b
Catania,Virtus Entella,5-1,https://www.besoccer.com/match/catania/virtus-entella/2015164132,2015,11,serie_b
Cittadella,Livorno,1-1,https://www.besoccer.com/match/as-cittadella/livorno/2015164133,2015,11,serie_b
Frosinone,Varese,1-1,https://www.besoccer.com/match/frosinone-calcio/as-varese-1910/2015164134,2015,11,serie_b
Virtus Lanciano,Pro Vercelli,2-0,https://www.besoccer.com/match/ss-virtus-lanciano-1924/us-pro-vercelli-calcio/2015164135,2015,11,serie_b
Perugia,Avellino,0-0,https://www.besoccer.com/match/perugia/us-avellino/2015164136,2015,11,serie_b
Spezia,Latina,1-1,https://www.besoccer.com/match/asd-spezia/latina/2015164137,2015,11,serie_b
Avellino,Catania,1-0,https://www.besoccer.com/match/us-avellino/catania/2015164138,2015,12,serie_b
Carpi,Vicenza ,1-0,https://www.besoccer.com/match/carpi/vicenza-calcio/2015164139,2015,12,serie_b
Crotone,Perugia,2-1,https://www.besoccer.com/match/fc-crotone/perugia/2015164140,2015,12,serie_b
Virtus Entella,Virtus Lanciano,0-0,https://www.besoccer.com/match/virtus-entella/ss-virtus-lanciano-1924/2015164141,2015,12,serie_b
Livorno,Bologna,3-2,https://www.besoccer.com/match/livorno/bologna/2015164143,2015,12,serie_b
Pescara,Spezia,1-2,https://www.besoccer.com/match/pescara-calcio/asd-spezia/2015164144,2015,12,serie_b
Pro Vercelli,SSC Bari,3-0,https://www.besoccer.com/match/us-pro-vercelli-calcio/as-bari/2015164145,2015,12,serie_b
Ternana Calcio,Cittadella,1-1,https://www.besoccer.com/match/ternana-calcio/as-cittadella/2015164146,2015,12,serie_b
Trapani,Brescia,3-2,https://www.besoccer.com/match/trapani/brescia/2015164147,2015,12,serie_b
Latina,Frosinone,1-4,https://www.besoccer.com/match/latina/frosinone-calcio/2015164142,2015,12,serie_b
Varese,Modena,2-1,https://www.besoccer.com/match/as-varese-1910/modena-fc/2015164148,2015,12,serie_b
Spezia,Crotone,2-1,https://www.besoccer.com/match/asd-spezia/fc-crotone/2015164158,2015,13,serie_b
Bologna,Carpi,0-0,https://www.besoccer.com/match/bologna/carpi/2015164150,2015,13,serie_b
Brescia,Pescara,1-3,https://www.besoccer.com/match/brescia/pescara-calcio/2015164151,2015,13,serie_b
Catania,Varese,2-1,https://www.besoccer.com/match/catania/as-varese-1910/2015164152,2015,13,serie_b
Cittadella,Latina,1-1,https://www.besoccer.com/match/as-cittadella/latina/2015164153,2015,13,serie_b
Frosinone,Trapani,4-1,https://www.besoccer.com/match/frosinone-calcio/trapani/2015164154,2015,13,serie_b
Virtus Lanciano,Livorno,1-0,https://www.besoccer.com/match/ss-virtus-lanciano-1924/livorno/2015164155,2015,13,serie_b
Modena,Avellino,1-2,https://www.besoccer.com/match/modena-fc/us-avellino/2015164156,2015,13,serie_b
Perugia,Virtus Entella,2-1,https://www.besoccer.com/match/perugia/virtus-entella/2015164157,2015,13,serie_b
Vicenza ,Pro Vercelli,2-1,https://www.besoccer.com/match/vicenza-calcio/us-pro-vercelli-calcio/2015164159,2015,13,serie_b
SSC Bari,Ternana Calcio,0-1,https://www.besoccer.com/match/as-bari/ternana-calcio/2015164149,2015,13,serie_b
Carpi,Cittadella,5-2,https://www.besoccer.com/match/carpi/as-cittadella/2015164162,2015,14,serie_b
Bologna,Brescia,1-2,https://www.besoccer.com/match/bologna/brescia/2015164161,2015,14,serie_b
Trapani,Catania,2-2,https://www.besoccer.com/match/trapani/catania/2015164169,2015,14,serie_b
Crotone,SSC Bari,3-0,https://www.besoccer.com/match/fc-crotone/as-bari/2015164163,2015,14,serie_b
Latina,Virtus Lanciano,1-0,https://www.besoccer.com/match/latina/ss-virtus-lanciano-1924/2015164165,2015,14,serie_b
Livorno,Pro Vercelli,3-1,https://www.besoccer.com/match/livorno/us-pro-vercelli-calcio/2015164166,2015,14,serie_b
Pescara,Frosinone,3-0,https://www.besoccer.com/match/pescara-calcio/frosinone-calcio/2015164167,2015,14,serie_b
Ternana Calcio,Spezia,0-0,https://www.besoccer.com/match/ternana-calcio/asd-spezia/2015164168,2015,14,serie_b
Varese,Perugia,1-1,https://www.besoccer.com/match/as-varese-1910/perugia/2015164170,2015,14,serie_b
Avellino,Vicenza ,0-1,https://www.besoccer.com/match/us-avellino/vicenza-calcio/2015164160,2015,14,serie_b
Virtus Entella,Modena,1-1,https://www.besoccer.com/match/virtus-entella/modena-fc/2015164164,2015,14,serie_b
Frosinone,Livorno,5-1,https://www.besoccer.com/match/frosinone-calcio/livorno/2015164175,2015,15,serie_b
Avellino,Varese,0-0,https://www.besoccer.com/match/us-avellino/as-varese-1910/2015164171,2015,15,serie_b
SSC Bari,Trapani,2-1,https://www.besoccer.com/match/as-bari/trapani/2015164172,2015,15,serie_b
Brescia,Carpi,3-3,https://www.besoccer.com/match/brescia/carpi/2015164173,2015,15,serie_b
Virtus Lanciano,Crotone,1-1,https://www.besoccer.com/match/ss-virtus-lanciano-1924/fc-crotone/2015164176,2015,15,serie_b
Modena,Pescara,2-0,https://www.besoccer.com/match/modena-fc/pescara-calcio/2015164177,2015,15,serie_b
Perugia,Ternana Calcio,2-2,https://www.besoccer.com/match/perugia/ternana-calcio/2015164178,2015,15,serie_b
Pro Vercelli,Virtus Entella,2-0,https://www.besoccer.com/match/us-pro-vercelli-calcio/virtus-entella/2015164179,2015,15,serie_b
Spezia,Bologna,1-1,https://www.besoccer.com/match/asd-spezia/bologna/2015164180,2015,15,serie_b
Vicenza ,Cittadella,1-1,https://www.besoccer.com/match/vicenza-calcio/as-cittadella/2015164181,2015,15,serie_b
Catania,Latina,1-0,https://www.besoccer.com/match/catania/latina/2015164174,2015,15,serie_b
Pescara,Virtus Lanciano,1-1,https://www.besoccer.com/match/pescara-calcio/ss-virtus-lanciano-1924/2015164189,2015,16,serie_b
Carpi,Frosinone,0-0,https://www.besoccer.com/match/carpi/frosinone-calcio/2015164183,2015,16,serie_b
Cittadella,Brescia,1-1,https://www.besoccer.com/match/as-cittadella/brescia/2015164184,2015,16,serie_b
Crotone,Modena,1-4,https://www.besoccer.com/match/fc-crotone/modena-fc/2015164185,2015,16,serie_b
Virtus Entella,Avellino,0-0,https://www.besoccer.com/match/virtus-entella/us-avellino/2015164186,2015,16,serie_b
Latina,Pro Vercelli,1-1,https://www.besoccer.com/match/latina/us-pro-vercelli-calcio/2015164187,2015,16,serie_b
Livorno,Perugia,0-0,https://www.besoccer.com/match/livorno/perugia/2015164188,2015,16,serie_b
Ternana Calcio,Catania,1-0,https://www.besoccer.com/match/ternana-calcio/catania/2015164190,2015,16,serie_b
Trapani,Spezia,3-2,https://www.besoccer.com/match/trapani/asd-spezia/2015164191,2015,16,serie_b
Varese,Vicenza ,2-3,https://www.besoccer.com/match/as-varese-1910/vicenza-calcio/2015164192,2015,16,serie_b
Bologna,SSC Bari,2-0,https://www.besoccer.com/match/bologna/as-bari/2015164182,2015,16,serie_b
Frosinone,Ternana Calcio,0-1,https://www.besoccer.com/match/frosinone-calcio/ternana-calcio/2015164196,2015,17,serie_b
Avellino,Crotone,1-2,https://www.besoccer.com/match/us-avellino/fc-crotone/2015164193,2015,17,serie_b
SSC Bari,Carpi,0-1,https://www.besoccer.com/match/as-bari/carpi/2015164194,2015,17,serie_b
Catania,Bologna,2-2,https://www.besoccer.com/match/catania/bologna/2015164195,2015,17,serie_b
Virtus Lanciano,Trapani,2-2,https://www.besoccer.com/match/ss-virtus-lanciano-1924/trapani/2015164197,2015,17,serie_b
Perugia,Latina,0-0,https://www.besoccer.com/match/perugia/latina/2015164199,2015,17,serie_b
Pro Vercelli,Pescara,0-4,https://www.besoccer.com/match/us-pro-vercelli-calcio/pescara-calcio/2015164200,2015,17,serie_b
Spezia,Cittadella,0-0,https://www.besoccer.com/match/asd-spezia/as-cittadella/2015164201,2015,17,serie_b
Varese,Virtus Entella,2-2,https://www.besoccer.com/match/as-varese-1910/virtus-entella/2015164202,2015,17,serie_b
Modena,Livorno,0-0,https://www.besoccer.com/match/modena-fc/livorno/2015164198,2015,17,serie_b
Vicenza ,Brescia,2-0,https://www.besoccer.com/match/vicenza-calcio/brescia/2015164203,2015,17,serie_b
Trapani,Perugia,2-2,https://www.besoccer.com/match/trapani/perugia/2015164214,2015,18,serie_b
Bologna,Frosinone,2-2,https://www.besoccer.com/match/bologna/frosinone-calcio/2015164204,2015,18,serie_b
Brescia,Spezia,0-1,https://www.besoccer.com/match/brescia/asd-spezia/2015164205,2015,18,serie_b
Carpi,Modena,1-0,https://www.besoccer.com/match/carpi/modena-fc/2015164206,2015,18,serie_b
Cittadella,SSC Bari,0-1,https://www.besoccer.com/match/as-cittadella/as-bari/2015164207,2015,18,serie_b
Crotone,Pro Vercelli,0-1,https://www.besoccer.com/match/fc-crotone/us-pro-vercelli-calcio/2015164208,2015,18,serie_b
Virtus Entella,Vicenza ,2-1,https://www.besoccer.com/match/virtus-entella/vicenza-calcio/2015164209,2015,18,serie_b
Livorno,Catania,4-2,https://www.besoccer.com/match/livorno/catania/2015164211,2015,18,serie_b
Pescara,Avellino,0-0,https://www.besoccer.com/match/pescara-calcio/us-avellino/2015164212,2015,18,serie_b
Ternana Calcio,Virtus Lanciano,0-1,https://www.besoccer.com/match/ternana-calcio/ss-virtus-lanciano-1924/2015164213,2015,18,serie_b
Latina,Varese,1-0,https://www.besoccer.com/match/latina/as-varese-1910/2015164210,2015,18,serie_b
Virtus Lanciano,Carpi,1-1,https://www.besoccer.com/match/ss-virtus-lanciano-1924/carpi/2015164220,2015,19,serie_b
Avellino,Bologna,1-0,https://www.besoccer.com/match/us-avellino/bologna/2015164215,2015,19,serie_b
SSC Bari,Latina,1-0,https://www.besoccer.com/match/as-bari/latina/2015164216,2015,19,serie_b
Catania,Brescia,2-2,https://www.besoccer.com/match/catania/brescia/2015164217,2015,19,serie_b
Virtus Entella,Livorno,1-1,https://www.besoccer.com/match/virtus-entella/livorno/2015164218,2015,19,serie_b
Frosinone,Cittadella,1-1,https://www.besoccer.com/match/frosinone-calcio/as-cittadella/2015164219,2015,19,serie_b
Modena,Trapani,2-1,https://www.besoccer.com/match/modena-fc/trapani/2015164221,2015,19,serie_b
Perugia,Pescara,2-2,https://www.besoccer.com/match/perugia/pescara-calcio/2015164222,2015,19,serie_b
Pro Vercelli,Ternana Calcio,2-1,https://www.besoccer.com/match/us-pro-vercelli-calcio/ternana-calcio/2015164223,2015,19,serie_b
Varese,Crotone,1-0,https://www.besoccer.com/match/as-varese-1910/fc-crotone/2015164224,2015,19,serie_b
Vicenza ,Spezia,1-0,https://www.besoccer.com/match/vicenza-calcio/asd-spezia/2015164225,2015,19,serie_b
Crotone,Frosinone,2-0,https://www.besoccer.com/match/fc-crotone/frosinone-calcio/2015164230,2015,20,serie_b
Bologna,Pro Vercelli,3-0,https://www.besoccer.com/match/bologna/us-pro-vercelli-calcio/2015164226,2015,20,serie_b
Brescia,SSC Bari,2-1,https://www.besoccer.com/match/brescia/as-bari/2015164227,2015,20,serie_b
Carpi,Perugia,4-0,https://www.besoccer.com/match/carpi/perugia/2015164228,2015,20,serie_b
Cittadella,Catania,3-2,https://www.besoccer.com/match/as-cittadella/catania/2015164229,2015,20,serie_b
Latina,Virtus Entella,1-1,https://www.besoccer.com/match/latina/virtus-entella/2015164231,2015,20,serie_b
Pescara,Varese,2-0,https://www.besoccer.com/match/pescara-calcio/as-varese-1910/2015164232,2015,20,serie_b
Spezia,Virtus Lanciano,3-3,https://www.besoccer.com/match/asd-spezia/ss-virtus-lanciano-1924/2015164233,2015,20,serie_b
Ternana Calcio,Modena,1-0,https://www.besoccer.com/match/ternana-calcio/modena-fc/2015164234,2015,20,serie_b
Trapani,Avellino,4-1,https://www.besoccer.com/match/trapani/us-avellino/2015164235,2015,20,serie_b
Vicenza ,Livorno,0-0,https://www.besoccer.com/match/vicenza-calcio/livorno/2015164236,2015,20,serie_b
SSC Bari,Spezia,0-3,https://www.besoccer.com/match/as-bari/asd-spezia/2015164238,2015,21,serie_b
Avellino,Brescia,2-0,https://www.besoccer.com/match/us-avellino/brescia/2015164237,2015,21,serie_b
Catania,Carpi,0-2,https://www.besoccer.com/match/catania/carpi/2015164239,2015,21,serie_b
Virtus Entella,Crotone,1-1,https://www.besoccer.com/match/virtus-entella/fc-crotone/2015164240,2015,21,serie_b
Frosinone,Vicenza ,1-0,https://www.besoccer.com/match/frosinone-calcio/vicenza-calcio/2015164241,2015,21,serie_b
Virtus Lanciano,Bologna,1-2,https://www.besoccer.com/match/ss-virtus-lanciano-1924/bologna/2015164242,2015,21,serie_b
Modena,Latina,0-0,https://www.besoccer.com/match/modena-fc/latina/2015164244,2015,21,serie_b
Perugia,Cittadella,3-1,https://www.besoccer.com/match/perugia/as-cittadella/2015164245,2015,21,serie_b
Pro Vercelli,Trapani,1-0,https://www.besoccer.com/match/us-pro-vercelli-calcio/trapani/2015164246,2015,21,serie_b
Varese,Ternana Calcio,2-0,https://www.besoccer.com/match/as-varese-1910/ternana-calcio/2015164247,2015,21,serie_b
Livorno,Pescara,1-2,https://www.besoccer.com/match/livorno/pescara-calcio/2015164243,2015,21,serie_b
SSC Bari,Virtus Entella,0-0,https://www.besoccer.com/match/as-bari/virtus-entella/2015164248,2015,22,serie_b
Brescia,Frosinone,3-1,https://www.besoccer.com/match/brescia/frosinone-calcio/2015164250,2015,22,serie_b
Cittadella,Modena,1-1,https://www.besoccer.com/match/as-cittadella/modena-fc/2015164252,2015,22,serie_b
Virtus Lanciano,Catania,3-0,https://www.besoccer.com/match/ss-virtus-lanciano-1924/catania/2015164253,2015,22,serie_b
Latina,Vicenza ,0-0,https://www.besoccer.com/match/latina/vicenza-calcio/2015164254,2015,22,serie_b
Pro Vercelli,Avellino,1-1,https://www.besoccer.com/match/us-pro-vercelli-calcio/us-avellino/2015164255,2015,22,serie_b
Spezia,Varese,1-1,https://www.besoccer.com/match/asd-spezia/as-varese-1910/2015164256,2015,22,serie_b
Ternana Calcio,Crotone,2-1,https://www.besoccer.com/match/ternana-calcio/fc-crotone/2015164257,2015,22,serie_b
Trapani,Pescara,2-4,https://www.besoccer.com/match/trapani/pescara-calcio/2015164258,2015,22,serie_b
Carpi,Livorno,1-2,https://www.besoccer.com/match/carpi/livorno/2015164251,2015,22,serie_b
Bologna,Perugia,2-1,https://www.besoccer.com/match/bologna/perugia/2015164249,2015,22,serie_b
Catania,Pro Vercelli,4-0,https://www.besoccer.com/match/catania/us-pro-vercelli-calcio/2015164260,2015,23,serie_b
Avellino,Cittadella,1-2,https://www.besoccer.com/match/us-avellino/as-cittadella/2015164259,2015,23,serie_b
Crotone,Latina,2-1,https://www.besoccer.com/match/fc-crotone/latina/2015164261,2015,23,serie_b
Virtus Entella,Bologna,1-2,https://www.besoccer.com/match/virtus-entella/bologna/2015164262,2015,23,serie_b
Frosinone,Spezia,1-1,https://www.besoccer.com/match/frosinone-calcio/asd-spezia/2015164263,2015,23,serie_b
Livorno,Brescia,4-2,https://www.besoccer.com/match/livorno/brescia/2015164264,2015,23,serie_b
Perugia,SSC Bari,1-1,https://www.besoccer.com/match/perugia/as-bari/2015164266,2015,23,serie_b
Pescara,Ternana Calcio,1-2,https://www.besoccer.com/match/pescara-calcio/ternana-calcio/2015164267,2015,23,serie_b
Varese,Carpi,0-1,https://www.besoccer.com/match/as-varese-1910/carpi/2015164268,2015,23,serie_b
Vicenza ,Trapani,3-0,https://www.besoccer.com/match/vicenza-calcio/trapani/2015164269,2015,23,serie_b
Modena,Virtus Lanciano,1-1,https://www.besoccer.com/match/modena-fc/ss-virtus-lanciano-1924/2015164265,2015,23,serie_b
SSC Bari,Frosinone,4-0,https://www.besoccer.com/match/as-bari/frosinone-calcio/2015164270,2015,24,serie_b
Bologna,Pescara,0-0,https://www.besoccer.com/match/bologna/pescara-calcio/2015164271,2015,24,serie_b
Brescia,Virtus Entella,3-0,https://www.besoccer.com/match/brescia/virtus-entella/2015164272,2015,24,serie_b
Carpi,Crotone,2-1,https://www.besoccer.com/match/carpi/fc-crotone/2015164273,2015,24,serie_b
Catania,Perugia,2-0,https://www.besoccer.com/match/catania/perugia/2015164274,2015,24,serie_b
Cittadella,Trapani,1-0,https://www.besoccer.com/match/as-cittadella/trapani/2015164275,2015,24,serie_b
Virtus Lanciano,Varese,1-2,https://www.besoccer.com/match/ss-virtus-lanciano-1924/as-varese-1910/2015164276,2015,24,serie_b
Latina,Livorno,3-2,https://www.besoccer.com/match/latina/livorno/2015164277,2015,24,serie_b
Pro Vercelli,Modena,1-1,https://www.besoccer.com/match/us-pro-vercelli-calcio/modena-fc/2015164278,2015,24,serie_b
Ternana Calcio,Vicenza ,0-2,https://www.besoccer.com/match/ternana-calcio/vicenza-calcio/2015164280,2015,24,serie_b
Spezia,Avellino,0-1,https://www.besoccer.com/match/asd-spezia/us-avellino/2015164279,2015,24,serie_b
Trapani,Carpi,0-0,https://www.besoccer.com/match/trapani/carpi/2015164289,2015,25,serie_b
Avellino,Latina,1-0,https://www.besoccer.com/match/us-avellino/latina/2015164281,2015,25,serie_b
Crotone,Bologna,0-2,https://www.besoccer.com/match/fc-crotone/bologna/2015164282,2015,25,serie_b
Virtus Entella,Spezia,2-0,https://www.besoccer.com/match/virtus-entella/asd-spezia/2015164283,2015,25,serie_b
Frosinone,Virtus Lanciano,2-1,https://www.besoccer.com/match/frosinone-calcio/ss-virtus-lanciano-1924/2015164284,2015,25,serie_b
Livorno,SSC Bari,5-2,https://www.besoccer.com/match/livorno/as-bari/2015164285,2015,25,serie_b
Pescara,Cittadella,1-1,https://www.besoccer.com/match/pescara-calcio/as-cittadella/2015164287,2015,25,serie_b
Varese,Pro Vercelli,1-1,https://www.besoccer.com/match/as-varese-1910/us-pro-vercelli-calcio/2015164290,2015,25,serie_b
Vicenza ,Perugia,3-1,https://www.besoccer.com/match/vicenza-calcio/perugia/2015164291,2015,25,serie_b
Ternana Calcio,Brescia,2-1,https://www.besoccer.com/match/ternana-calcio/brescia/2015164288,2015,25,serie_b
Modena,Catania,0-0,https://www.besoccer.com/match/modena-fc/catania/2015164286,2015,25,serie_b
Perugia,Modena,2-0,https://www.besoccer.com/match/perugia/modena-fc/2015164300,2015,26,serie_b
Avellino,Frosinone,3-0,https://www.besoccer.com/match/us-avellino/frosinone-calcio/2015164292,2015,26,serie_b
SSC Bari,Vicenza ,0-1,https://www.besoccer.com/match/as-bari/vicenza-calcio/2015164293,2015,26,serie_b
Bologna,Ternana Calcio,0-0,https://www.besoccer.com/match/bologna/ternana-calcio/2015164294,2015,26,serie_b
Carpi,Spezia,0-0,https://www.besoccer.com/match/carpi/asd-spezia/2015164295,2015,26,serie_b
Virtus Entella,Trapani,1-1,https://www.besoccer.com/match/virtus-entella/trapani/2015164297,2015,26,serie_b
Virtus Lanciano,Brescia,2-0,https://www.besoccer.com/match/ss-virtus-lanciano-1924/brescia/2015164298,2015,26,serie_b
Latina,Pescara,2-0,https://www.besoccer.com/match/latina/pescara-calcio/2015164299,2015,26,serie_b
Pro Vercelli,Cittadella,0-1,https://www.besoccer.com/match/us-pro-vercelli-calcio/as-cittadella/2015164301,2015,26,serie_b
Varese,Livorno,0-1,https://www.besoccer.com/match/as-varese-1910/livorno/2015164302,2015,26,serie_b
Catania,Crotone,1-1,https://www.besoccer.com/match/catania/fc-crotone/2015164296,2015,26,serie_b
Brescia,Perugia,1-2,https://www.besoccer.com/match/brescia/perugia/2015164304,2015,27,serie_b
Carpi,Virtus Entella,0-0,https://www.besoccer.com/match/carpi/virtus-entella/2015164305,2015,27,serie_b
Cittadella,Bologna,0-1,https://www.besoccer.com/match/as-cittadella/bologna/2015164306,2015,27,serie_b
Frosinone,Pro Vercelli,3-2,https://www.besoccer.com/match/frosinone-calcio/us-pro-vercelli-calcio/2015164307,2015,27,serie_b
Spezia,Modena,3-2,https://www.besoccer.com/match/asd-spezia/modena-fc/2015164310,2015,27,serie_b
Ternana Calcio,Latina,0-2,https://www.besoccer.com/match/ternana-calcio/latina/2015164311,2015,27,serie_b
Trapani,Varese,0-0,https://www.besoccer.com/match/trapani/as-varese-1910/2015164312,2015,27,serie_b
Vicenza ,Crotone,1-0,https://www.besoccer.com/match/vicenza-calcio/fc-crotone/2015164313,2015,27,serie_b
SSC Bari,Virtus Lanciano,2-0,https://www.besoccer.com/match/as-bari/ss-virtus-lanciano-1924/2015164303,2015,27,serie_b
Livorno,Avellino,0-1,https://www.besoccer.com/match/livorno/us-avellino/2015164308,2015,27,serie_b
Pescara,Catania,1-0,https://www.besoccer.com/match/pescara-calcio/catania/2015164309,2015,27,serie_b
Latina,Trapani,1-0,https://www.besoccer.com/match/latina/trapani/2015164320,2015,28,serie_b
Bologna,Vicenza ,0-2,https://www.besoccer.com/match/bologna/vicenza-calcio/2015164315,2015,28,serie_b
Avellino,Ternana Calcio,1-1,https://www.besoccer.com/match/us-avellino/ternana-calcio/2015164314,2015,28,serie_b
Catania,Frosinone,1-2,https://www.besoccer.com/match/catania/frosinone-calcio/2015164316,2015,28,serie_b
Crotone,Livorno,1-0,https://www.besoccer.com/match/fc-crotone/livorno/2015164317,2015,28,serie_b
Virtus Entella,Pescara,2-5,https://www.besoccer.com/match/virtus-entella/pescara-calcio/2015164318,2015,28,serie_b
Virtus Lanciano,Cittadella,2-2,https://www.besoccer.com/match/ss-virtus-lanciano-1924/as-cittadella/2015164319,2015,28,serie_b
Modena,SSC Bari,0-1,https://www.besoccer.com/match/modena-fc/as-bari/2015164321,2015,28,serie_b
Perugia,Spezia,2-1,https://www.besoccer.com/match/perugia/asd-spezia/2015164322,2015,28,serie_b
Pro Vercelli,Carpi,0-0,https://www.besoccer.com/match/us-pro-vercelli-calcio/carpi/2015164323,2015,28,serie_b
Varese,Brescia,1-2,https://www.besoccer.com/match/as-varese-1910/brescia/2015164324,2015,28,serie_b
Vicenza ,Virtus Lanciano,2-2,https://www.besoccer.com/match/vicenza-calcio/ss-virtus-lanciano-1924/2015164325,2015,29,serie_b
SSC Bari,Catania,1-1,https://www.besoccer.com/match/as-bari/catania/2015164326,2015,29,serie_b
Bologna,Latina,0-0,https://www.besoccer.com/match/bologna/latina/2015164327,2015,29,serie_b
Brescia,Modena,0-1,https://www.besoccer.com/match/brescia/modena-fc/2015164328,2015,29,serie_b
Carpi,Avellino,2-0,https://www.besoccer.com/match/carpi/us-avellino/2015164329,2015,29,serie_b
Cittadella,Varese,3-0,https://www.besoccer.com/match/as-cittadella/as-varese-1910/2015164330,2015,29,serie_b
Frosinone,Perugia,2-1,https://www.besoccer.com/match/frosinone-calcio/perugia/2015164331,2015,29,serie_b
Pescara,Crotone,2-1,https://www.besoccer.com/match/pescara-calcio/fc-crotone/2015164332,2015,29,serie_b
Spezia,Pro Vercelli,5-2,https://www.besoccer.com/match/asd-spezia/us-pro-vercelli-calcio/2015164333,2015,29,serie_b
Ternana Calcio,Virtus Entella,0-1,https://www.besoccer.com/match/ternana-calcio/virtus-entella/2015164334,2015,29,serie_b
Trapani,Livorno,0-0,https://www.besoccer.com/match/trapani/livorno/2015164335,2015,29,serie_b
Catania,Spezia,2-2,https://www.besoccer.com/match/catania/asd-spezia/2015164337,2015,30,serie_b
Crotone,Trapani,1-0,https://www.besoccer.com/match/fc-crotone/trapani/2015164338,2015,30,serie_b
Latina,Carpi,0-1,https://www.besoccer.com/match/latina/carpi/2015164340,2015,30,serie_b
Livorno,Ternana Calcio,3-1,https://www.besoccer.com/match/livorno/ternana-calcio/2015164341,2015,30,serie_b
Modena,Frosinone,1-0,https://www.besoccer.com/match/modena-fc/frosinone-calcio/2015164342,2015,30,serie_b
Perugia,Virtus Lanciano,0-0,https://www.besoccer.com/match/perugia/ss-virtus-lanciano-1924/2015164343,2015,30,serie_b
Pescara,Vicenza ,2-2,https://www.besoccer.com/match/pescara-calcio/vicenza-calcio/2015164344,2015,30,serie_b
Pro Vercelli,Brescia,0-0,https://www.besoccer.com/match/us-pro-vercelli-calcio/brescia/2015164345,2015,30,serie_b
Varese,Bologna,1-3,https://www.besoccer.com/match/as-varese-1910/bologna/2015164346,2015,30,serie_b
Avellino,SSC Bari,2-0,https://www.besoccer.com/match/us-avellino/as-bari/2015164336,2015,30,serie_b
Virtus Entella,Cittadella,2-1,https://www.besoccer.com/match/virtus-entella/as-cittadella/2015164339,2015,30,serie_b
Spezia,Livorno,3-0,https://www.besoccer.com/match/asd-spezia/livorno/2015164355,2015,31,serie_b
SSC Bari,Varese,3-0,https://www.besoccer.com/match/as-bari/as-varese-1910/2015164347,2015,31,serie_b
Brescia,Latina,1-2,https://www.besoccer.com/match/brescia/latina/2015164349,2015,31,serie_b
Carpi,Pescara,1-2,https://www.besoccer.com/match/carpi/pescara-calcio/2015164350,2015,31,serie_b
Cittadella,Crotone,0-0,https://www.besoccer.com/match/as-cittadella/fc-crotone/2015164351,2015,31,serie_b
Frosinone,Virtus Entella,3-3,https://www.besoccer.com/match/frosinone-calcio/virtus-entella/2015164352,2015,31,serie_b
Virtus Lanciano,Avellino,1-0,https://www.besoccer.com/match/ss-virtus-lanciano-1924/us-avellino/2015164353,2015,31,serie_b
Perugia,Pro Vercelli,3-2,https://www.besoccer.com/match/perugia/us-pro-vercelli-calcio/2015164354,2015,31,serie_b
Trapani,Ternana Calcio,4-2,https://www.besoccer.com/match/trapani/ternana-calcio/2015164356,2015,31,serie_b
Bologna,Modena,0-0,https://www.besoccer.com/match/bologna/modena-fc/2015164348,2015,31,serie_b
Vicenza ,Catania,0-0,https://www.besoccer.com/match/vicenza-calcio/catania/2015164357,2015,31,serie_b
Pescara,SSC Bari,0-0,https://www.besoccer.com/match/pescara-calcio/as-bari/2015164364,2015,32,serie_b
Avellino,Perugia,1-2,https://www.besoccer.com/match/us-avellino/perugia/2015164358,2015,32,serie_b
Crotone,Brescia,2-1,https://www.besoccer.com/match/fc-crotone/brescia/2015164359,2015,32,serie_b
Virtus Entella,Catania,2-0,https://www.besoccer.com/match/virtus-entella/catania/2015164360,2015,32,serie_b
Latina,Spezia,1-2,https://www.besoccer.com/match/latina/asd-spezia/2015164361,2015,32,serie_b
Livorno,Cittadella,0-1,https://www.besoccer.com/match/livorno/as-cittadella/2015164362,2015,32,serie_b
Modena,Vicenza ,1-2,https://www.besoccer.com/match/modena-fc/vicenza-calcio/2015164363,2015,32,serie_b
Pro Vercelli,Virtus Lanciano,2-1,https://www.besoccer.com/match/us-pro-vercelli-calcio/ss-virtus-lanciano-1924/2015164365,2015,32,serie_b
Ternana Calcio,Carpi,0-1,https://www.besoccer.com/match/ternana-calcio/carpi/2015164366,2015,32,serie_b
Trapani,Bologna,0-0,https://www.besoccer.com/match/trapani/bologna/2015164367,2015,32,serie_b
Varese,Frosinone,1-4,https://www.besoccer.com/match/as-varese-1910/frosinone-calcio/2015164368,2015,32,serie_b
Bologna,Livorno,2-0,https://www.besoccer.com/match/bologna/livorno/2015164370,2015,33,serie_b
Spezia,Pescara,2-2,https://www.besoccer.com/match/asd-spezia/pescara-calcio/2015164378,2015,33,serie_b
Vicenza ,Carpi,1-2,https://www.besoccer.com/match/vicenza-calcio/carpi/2015164379,2015,33,serie_b
Perugia,Crotone,0-0,https://www.besoccer.com/match/perugia/fc-crotone/2015164377,2015,33,serie_b
SSC Bari,Pro Vercelli,1-0,https://www.besoccer.com/match/as-bari/us-pro-vercelli-calcio/2015164369,2015,33,serie_b
Catania,Avellino,1-0,https://www.besoccer.com/match/catania/us-avellino/2015164372,2015,33,serie_b
Cittadella,Ternana Calcio,0-0,https://www.besoccer.com/match/as-cittadella/ternana-calcio/2015164373,2015,33,serie_b
Virtus Lanciano,Virtus Entella,1-0,https://www.besoccer.com/match/ss-virtus-lanciano-1924/virtus-entella/2015164375,2015,33,serie_b
Modena,Varese,1-1,https://www.besoccer.com/match/modena-fc/as-varese-1910/2015164376,2015,33,serie_b
Brescia,Trapani,1-1,https://www.besoccer.com/match/brescia/trapani/2015164371,2015,33,serie_b
Frosinone,Latina,1-0,https://www.besoccer.com/match/frosinone-calcio/latina/2015164374,2015,33,serie_b
Carpi,Bologna,3-0,https://www.besoccer.com/match/carpi/bologna/2015164381,2015,34,serie_b
Avellino,Modena,1-0,https://www.besoccer.com/match/us-avellino/modena-fc/2015164380,2015,34,serie_b
Crotone,Spezia,2-0,https://www.besoccer.com/match/fc-crotone/asd-spezia/2015164382,2015,34,serie_b
Virtus Entella,Perugia,0-2,https://www.besoccer.com/match/virtus-entella/perugia/2015164383,2015,34,serie_b
Latina,Cittadella,3-2,https://www.besoccer.com/match/latina/as-cittadella/2015164384,2015,34,serie_b
Livorno,Virtus Lanciano,1-0,https://www.besoccer.com/match/livorno/ss-virtus-lanciano-1924/2015164385,2015,34,serie_b
Pescara,Brescia,2-3,https://www.besoccer.com/match/pescara-calcio/brescia/2015164386,2015,34,serie_b
Pro Vercelli,Vicenza ,1-1,https://www.besoccer.com/match/us-pro-vercelli-calcio/vicenza-calcio/2015164387,2015,34,serie_b
Ternana Calcio,SSC Bari,2-0,https://www.besoccer.com/match/ternana-calcio/as-bari/2015164388,2015,34,serie_b
Trapani,Frosinone,3-1,https://www.besoccer.com/match/trapani/frosinone-calcio/2015164389,2015,34,serie_b
Varese,Catania,0-3,https://www.besoccer.com/match/as-varese-1910/catania/2015164390,2015,34,serie_b
Vicenza ,Avellino,1-0,https://www.besoccer.com/match/vicenza-calcio/us-avellino/2015164401,2015,35,serie_b
SSC Bari,Crotone,1-1,https://www.besoccer.com/match/as-bari/fc-crotone/2015164391,2015,35,serie_b
Brescia,Bologna,1-1,https://www.besoccer.com/match/brescia/bologna/2015164392,2015,35,serie_b
Catania,Trapani,4-1,https://www.besoccer.com/match/catania/trapani/2015164393,2015,35,serie_b
Cittadella,Carpi,0-1,https://www.besoccer.com/match/as-cittadella/carpi/2015164394,2015,35,serie_b
Frosinone,Pescara,2-1,https://www.besoccer.com/match/frosinone-calcio/pescara-calcio/2015164395,2015,35,serie_b
Virtus Lanciano,Latina,1-1,https://www.besoccer.com/match/ss-virtus-lanciano-1924/latina/2015164396,2015,35,serie_b
Modena,Virtus Entella,2-0,https://www.besoccer.com/match/modena-fc/virtus-entella/2015164397,2015,35,serie_b
Pro Vercelli,Livorno,3-3,https://www.besoccer.com/match/us-pro-vercelli-calcio/livorno/2015164399,2015,35,serie_b
Spezia,Ternana Calcio,0-1,https://www.besoccer.com/match/asd-spezia/ternana-calcio/2015164400,2015,35,serie_b
Perugia,Varese,2-0,https://www.besoccer.com/match/perugia/as-varese-1910/2015164398,2015,35,serie_b
Cittadella,Vicenza ,0-1,https://www.besoccer.com/match/as-cittadella/vicenza-calcio/2015164404,2015,36,serie_b
Bologna,Spezia,0-0,https://www.besoccer.com/match/bologna/asd-spezia/2015164402,2015,36,serie_b
Carpi,Brescia,3-0,https://www.besoccer.com/match/carpi/brescia/2015164403,2015,36,serie_b
Crotone,Virtus Lanciano,1-1,https://www.besoccer.com/match/fc-crotone/ss-virtus-lanciano-1924/2015164405,2015,36,serie_b
Pescara,Modena,1-0,https://www.besoccer.com/match/pescara-calcio/modena-fc/2015164409,2015,36,serie_b
Ternana Calcio,Perugia,0-0,https://www.besoccer.com/match/ternana-calcio/perugia/2015164410,2015,36,serie_b
Trapani,SSC Bari,1-1,https://www.besoccer.com/match/trapani/as-bari/2015164411,2015,36,serie_b
Latina,Catania,1-2,https://www.besoccer.com/match/latina/catania/2015164407,2015,36,serie_b
Livorno,Frosinone,0-0,https://www.besoccer.com/match/livorno/frosinone-calcio/2015164408,2015,36,serie_b
Varese,Avellino,1-1,https://www.besoccer.com/match/as-varese-1910/us-avellino/2015164412,2015,36,serie_b
Virtus Entella,Pro Vercelli,0-0,https://www.besoccer.com/match/virtus-entella/us-pro-vercelli-calcio/2015164406,2015,36,serie_b
Catania,Ternana Calcio,2-0,https://www.besoccer.com/match/catania/ternana-calcio/2015164416,2015,37,serie_b
SSC Bari,Bologna,1-1,https://www.besoccer.com/match/as-bari/bologna/2015164414,2015,37,serie_b
Avellino,Virtus Entella,1-1,https://www.besoccer.com/match/us-avellino/virtus-entella/2015164413,2015,37,serie_b
Brescia,Cittadella,0-0,https://www.besoccer.com/match/brescia/as-cittadella/2015164415,2015,37,serie_b
Frosinone,Carpi,1-0,https://www.besoccer.com/match/frosinone-calcio/carpi/2015164417,2015,37,serie_b
Virtus Lanciano,Pescara,0-1,https://www.besoccer.com/match/ss-virtus-lanciano-1924/pescara-calcio/2015164418,2015,37,serie_b
Modena,Crotone,3-0,https://www.besoccer.com/match/modena-fc/fc-crotone/2015164419,2015,37,serie_b
Perugia,Livorno,1-1,https://www.besoccer.com/match/perugia/livorno/2015164420,2015,37,serie_b
Pro Vercelli,Latina,1-1,https://www.besoccer.com/match/us-pro-vercelli-calcio/latina/2015164421,2015,37,serie_b
Spezia,Trapani,3-0,https://www.besoccer.com/match/asd-spezia/trapani/2015164422,2015,37,serie_b
Vicenza ,Varese,1-0,https://www.besoccer.com/match/vicenza-calcio/as-varese-1910/2015164423,2015,37,serie_b
Bologna,Catania,2-0,https://www.besoccer.com/match/bologna/catania/2015164424,2015,38,serie_b
Brescia,Vicenza ,3-0,https://www.besoccer.com/match/brescia/vicenza-calcio/2015164425,2015,38,serie_b
Carpi,SSC Bari,0-0,https://www.besoccer.com/match/carpi/as-bari/2015164426,2015,38,serie_b
Cittadella,Spezia,1-3,https://www.besoccer.com/match/as-cittadella/asd-spezia/2015164427,2015,38,serie_b
Crotone,Avellino,2-0,https://www.besoccer.com/match/fc-crotone/us-avellino/2015164428,2015,38,serie_b
Virtus Entella,Varese,0-1,https://www.besoccer.com/match/virtus-entella/as-varese-1910/2015164429,2015,38,serie_b
Latina,Perugia,0-0,https://www.besoccer.com/match/latina/perugia/2015164430,2015,38,serie_b
Livorno,Modena,1-1,https://www.besoccer.com/match/livorno/modena-fc/2015164431,2015,38,serie_b
Pescara,Pro Vercelli,1-0,https://www.besoccer.com/match/pescara-calcio/us-pro-vercelli-calcio/2015164432,2015,38,serie_b
Ternana Calcio,Frosinone,0-1,https://www.besoccer.com/match/ternana-calcio/frosinone-calcio/2015164433,2015,38,serie_b
Trapani,Virtus Lanciano,1-0,https://www.besoccer.com/match/trapani/ss-virtus-lanciano-1924/2015164434,2015,38,serie_b
SSC Bari,Cittadella,1-0,https://www.besoccer.com/match/as-bari/as-cittadella/2015164436,2015,39,serie_b
Catania,Livorno,1-1,https://www.besoccer.com/match/catania/livorno/2015164437,2015,39,serie_b
Frosinone,Bologna,2-1,https://www.besoccer.com/match/frosinone-calcio/bologna/2015164438,2015,39,serie_b
Virtus Lanciano,Ternana Calcio,1-1,https://www.besoccer.com/match/ss-virtus-lanciano-1924/ternana-calcio/2015164439,2015,39,serie_b
Perugia,Trapani,1-0,https://www.besoccer.com/match/perugia/trapani/2015164441,2015,39,serie_b
Pro Vercelli,Crotone,3-2,https://www.besoccer.com/match/us-pro-vercelli-calcio/fc-crotone/2015164442,2015,39,serie_b
Spezia,Brescia,4-1,https://www.besoccer.com/match/asd-spezia/brescia/2015164443,2015,39,serie_b
Varese,Latina,1-2,https://www.besoccer.com/match/as-varese-1910/latina/2015164444,2015,39,serie_b
Vicenza ,Virtus Entella,0-0,https://www.besoccer.com/match/vicenza-calcio/virtus-entella/2015164445,2015,39,serie_b
Avellino,Pescara,3-2,https://www.besoccer.com/match/us-avellino/pescara-calcio/2015164435,2015,39,serie_b
Modena,Carpi,1-2,https://www.besoccer.com/match/modena-fc/carpi/2015164440,2015,39,serie_b
Livorno,Virtus Entella,2-1,https://www.besoccer.com/match/livorno/virtus-entella/2015164452,2015,40,serie_b
Bologna,Avellino,1-1,https://www.besoccer.com/match/bologna/us-avellino/2015164446,2015,40,serie_b
Brescia,Catania,4-2,https://www.besoccer.com/match/brescia/catania/2015164447,2015,40,serie_b
Carpi,Virtus Lanciano,0-0,https://www.besoccer.com/match/carpi/ss-virtus-lanciano-1924/2015164448,2015,40,serie_b
Cittadella,Frosinone,1-1,https://www.besoccer.com/match/as-cittadella/frosinone-calcio/2015164449,2015,40,serie_b
Latina,SSC Bari,2-0,https://www.besoccer.com/match/latina/as-bari/2015164451,2015,40,serie_b
Pescara,Perugia,2-2,https://www.besoccer.com/match/pescara-calcio/perugia/2015164453,2015,40,serie_b
Spezia,Vicenza ,0-0,https://www.besoccer.com/match/asd-spezia/vicenza-calcio/2015164454,2015,40,serie_b
Ternana Calcio,Pro Vercelli,0-1,https://www.besoccer.com/match/ternana-calcio/us-pro-vercelli-calcio/2015164455,2015,40,serie_b
Trapani,Modena,3-0,https://www.besoccer.com/match/trapani/modena-fc/2015164456,2015,40,serie_b
Crotone,Varese,1-0,https://www.besoccer.com/match/fc-crotone/as-varese-1910/2015164450,2015,40,serie_b
Perugia,Carpi,2-0,https://www.besoccer.com/match/perugia/carpi/2015164465,2015,41,serie_b
Avellino,Trapani,1-1,https://www.besoccer.com/match/us-avellino/trapani/2015164457,2015,41,serie_b
Catania,Cittadella,2-3,https://www.besoccer.com/match/catania/as-cittadella/2015164459,2015,41,serie_b
Virtus Entella,Latina,2-0,https://www.besoccer.com/match/virtus-entella/latina/2015164460,2015,41,serie_b
Frosinone,Crotone,3-1,https://www.besoccer.com/match/frosinone-calcio/fc-crotone/2015164461,2015,41,serie_b
Virtus Lanciano,Spezia,0-2,https://www.besoccer.com/match/ss-virtus-lanciano-1924/asd-spezia/2015164462,2015,41,serie_b
Livorno,Vicenza ,1-1,https://www.besoccer.com/match/livorno/vicenza-calcio/2015164463,2015,41,serie_b
Modena,Ternana Calcio,1-2,https://www.besoccer.com/match/modena-fc/ternana-calcio/2015164464,2015,41,serie_b
Pro Vercelli,Bologna,1-1,https://www.besoccer.com/match/us-pro-vercelli-calcio/bologna/2015164466,2015,41,serie_b
Varese,Pescara,2-1,https://www.besoccer.com/match/as-varese-1910/pescara-calcio/2015164467,2015,41,serie_b
SSC Bari,Brescia,3-2,https://www.besoccer.com/match/as-bari/brescia/2015164458,2015,41,serie_b
Bologna,Virtus Lanciano,1-0,https://www.besoccer.com/match/bologna/ss-virtus-lanciano-1924/2015164468,2015,42,serie_b
Brescia,Avellino,3-2,https://www.besoccer.com/match/brescia/us-avellino/2015164469,2015,42,serie_b
Carpi,Catania,0-0,https://www.besoccer.com/match/carpi/catania/2015164470,2015,42,serie_b
Cittadella,Perugia,0-2,https://www.besoccer.com/match/as-cittadella/perugia/2015164471,2015,42,serie_b
Crotone,Virtus Entella,0-0,https://www.besoccer.com/match/fc-crotone/virtus-entella/2015164472,2015,42,serie_b
Latina,Modena,1-1,https://www.besoccer.com/match/latina/modena-fc/2015164473,2015,42,serie_b
Pescara,Livorno,3-0,https://www.besoccer.com/match/pescara-calcio/livorno/2015164474,2015,42,serie_b
Spezia,SSC Bari,1-0,https://www.besoccer.com/match/asd-spezia/as-bari/2015164475,2015,42,serie_b
Ternana Calcio,Varese,2-0,https://www.besoccer.com/match/ternana-calcio/as-varese-1910/2015164476,2015,42,serie_b
Trapani,Pro Vercelli,2-1,https://www.besoccer.com/match/trapani/us-pro-vercelli-calcio/2015164477,2015,42,serie_b
Vicenza ,Frosinone,2-1,https://www.besoccer.com/match/vicenza-calcio/frosinone-calcio/2015164478,2015,42,serie_b
