Home_Team,Away_Team,Result,Link,Season,Round,League
Atalanta,Vicenza ,2-0,https://www.besoccer.com/match/atalanta/vicenza-calcio/201186157,2011,1,serie_b
Reggina,Crotone,0-0,https://www.besoccer.com/match/reggina/fc-crotone/201186158,2011,1,serie_b
Triestina ,AlbinoLeffe,1-1,https://www.besoccer.com/match/us-triestina-calcio/uc-albinoleffe/201186159,2011,1,serie_b
Calcio Portogruaro-Summaga,Cittadella,2-0,https://www.besoccer.com/match/calcio-portogruaro-summaga/as-cittadella/201186160,2011,1,serie_b
Pescara,Siena,1-1,https://www.besoccer.com/match/pescara-calcio/siena/201186161,2011,1,serie_b
Padova,Novara,1-1,https://www.besoccer.com/match/calcio-padova/novara-calcio/201186162,2011,1,serie_b
Modena,Piacenza,1-0,https://www.besoccer.com/match/modena-fc/piacenza/201186163,2011,1,serie_b
Livorno,Sassuolo,0-4,https://www.besoccer.com/match/livorno/us-sassuolo-calcio/201186164,2011,1,serie_b
Grosseto,Ascoli,0-0,https://www.besoccer.com/match/us-grosseto/ascoli/201186165,2011,1,serie_b
Frosinone,Empoli,2-3,https://www.besoccer.com/match/frosinone-calcio/empoli-fc/201186166,2011,1,serie_b
Torino,Varese,1-2,https://www.besoccer.com/match/torino-fc/as-varese-1910/201186167,2011,1,serie_b
Novara,Triestina ,2-0,https://www.besoccer.com/match/novara-calcio/us-triestina-calcio/201186168,2011,2,serie_b
Vicenza ,Calcio Portogruaro-Summaga,4-1,https://www.besoccer.com/match/vicenza-calcio/calcio-portogruaro-summaga/201186169,2011,2,serie_b
Varese,Atalanta,0-0,https://www.besoccer.com/match/as-varese-1910/atalanta/201186170,2011,2,serie_b
Siena,Reggina,2-1,https://www.besoccer.com/match/siena/reggina/201186171,2011,2,serie_b
Sassuolo,Grosseto,1-1,https://www.besoccer.com/match/us-sassuolo-calcio/us-grosseto/201186172,2011,2,serie_b
Piacenza,Frosinone,1-1,https://www.besoccer.com/match/piacenza/frosinone-calcio/201186173,2011,2,serie_b
Crotone,Padova,1-1,https://www.besoccer.com/match/fc-crotone/calcio-padova/201186174,2011,2,serie_b
Cittadella,Torino,2-1,https://www.besoccer.com/match/as-cittadella/torino-fc/201186175,2011,2,serie_b
Ascoli,Modena,1-1,https://www.besoccer.com/match/ascoli/modena-fc/201186176,2011,2,serie_b
AlbinoLeffe,Livorno,0-3,https://www.besoccer.com/match/uc-albinoleffe/livorno/201186177,2011,2,serie_b
Empoli,Pescara,0-0,https://www.besoccer.com/match/empoli-fc/pescara-calcio/201186178,2011,2,serie_b
Torino,Crotone,1-1,https://www.besoccer.com/match/torino-fc/fc-crotone/201186179,2011,3,serie_b
Modena,Padova,1-0,https://www.besoccer.com/match/modena-fc/calcio-padova/201186180,2011,3,serie_b
Varese,Empoli,0-0,https://www.besoccer.com/match/as-varese-1910/empoli-fc/201186181,2011,3,serie_b
Triestina ,Pescara,1-0,https://www.besoccer.com/match/us-triestina-calcio/pescara-calcio/201186182,2011,3,serie_b
Reggina,Piacenza,2-0,https://www.besoccer.com/match/reggina/piacenza/201186183,2011,3,serie_b
Calcio Portogruaro-Summaga,Sassuolo,1-0,https://www.besoccer.com/match/calcio-portogruaro-summaga/us-sassuolo-calcio/201186184,2011,3,serie_b
Grosseto,Vicenza ,1-2,https://www.besoccer.com/match/us-grosseto/vicenza-calcio/201186185,2011,3,serie_b
Cittadella,Novara,0-2,https://www.besoccer.com/match/as-cittadella/novara-calcio/201186186,2011,3,serie_b
Atalanta,Frosinone,0-0,https://www.besoccer.com/match/atalanta/frosinone-calcio/201186187,2011,3,serie_b
Ascoli,AlbinoLeffe,2-0,https://www.besoccer.com/match/ascoli/uc-albinoleffe/201186188,2011,3,serie_b
Livorno,Siena,1-1,https://www.besoccer.com/match/livorno/siena/201186189,2011,3,serie_b
Padova,Reggina,4-0,https://www.besoccer.com/match/calcio-padova/reggina/201186190,2011,4,serie_b
Vicenza ,Livorno,0-0,https://www.besoccer.com/match/vicenza-calcio/livorno/201186191,2011,4,serie_b
Siena,Cittadella,3-1,https://www.besoccer.com/match/siena/as-cittadella/201186192,2011,4,serie_b
Sassuolo,Torino,1-2,https://www.besoccer.com/match/us-sassuolo-calcio/torino-fc/201186193,2011,4,serie_b
Piacenza,Ascoli,2-4,https://www.besoccer.com/match/piacenza/ascoli/201186194,2011,4,serie_b
Pescara,Atalanta,0-2,https://www.besoccer.com/match/pescara-calcio/atalanta/201186195,2011,4,serie_b
Novara,Grosseto,2-1,https://www.besoccer.com/match/novara-calcio/us-grosseto/201186196,2011,4,serie_b
Frosinone,Calcio Portogruaro-Summaga,1-0,https://www.besoccer.com/match/frosinone-calcio/calcio-portogruaro-summaga/201186197,2011,4,serie_b
Empoli,Triestina ,1-1,https://www.besoccer.com/match/empoli-fc/us-triestina-calcio/201186198,2011,4,serie_b
AlbinoLeffe,Varese,3-1,https://www.besoccer.com/match/uc-albinoleffe/as-varese-1910/201186199,2011,4,serie_b
Crotone,Modena,3-1,https://www.besoccer.com/match/fc-crotone/modena-fc/201186200,2011,4,serie_b
Varese,Pescara,1-1,https://www.besoccer.com/match/as-varese-1910/pescara-calcio/201186201,2011,5,serie_b
Triestina ,Padova,0-0,https://www.besoccer.com/match/us-triestina-calcio/calcio-padova/201186202,2011,5,serie_b
Torino,Novara,1-0,https://www.besoccer.com/match/torino-fc/novara-calcio/201186203,2011,5,serie_b
Siena,Atalanta,1-0,https://www.besoccer.com/match/siena/atalanta/201186204,2011,5,serie_b
Reggina,Modena,4-0,https://www.besoccer.com/match/reggina/modena-fc/201186205,2011,5,serie_b
Livorno,Calcio Portogruaro-Summaga,0-0,https://www.besoccer.com/match/livorno/calcio-portogruaro-summaga/201186206,2011,5,serie_b
Grosseto,Piacenza,1-0,https://www.besoccer.com/match/us-grosseto/piacenza/201186207,2011,5,serie_b
Cittadella,Frosinone,1-1,https://www.besoccer.com/match/as-cittadella/frosinone-calcio/201186208,2011,5,serie_b
Ascoli,Empoli,0-0,https://www.besoccer.com/match/ascoli/empoli-fc/201186209,2011,5,serie_b
AlbinoLeffe,Crotone,1-1,https://www.besoccer.com/match/uc-albinoleffe/fc-crotone/201186210,2011,5,serie_b
Sassuolo,Vicenza ,2-1,https://www.besoccer.com/match/us-sassuolo-calcio/vicenza-calcio/201186211,2011,5,serie_b
Piacenza,Siena,0-1,https://www.besoccer.com/match/piacenza/siena/201186212,2011,6,serie_b
Atalanta,Reggina,1-1,https://www.besoccer.com/match/atalanta/reggina/201186213,2011,6,serie_b
Crotone,Sassuolo,2-0,https://www.besoccer.com/match/fc-crotone/us-sassuolo-calcio/201186214,2011,6,serie_b
Empoli,Grosseto,1-0,https://www.besoccer.com/match/empoli-fc/us-grosseto/201186215,2011,6,serie_b
Frosinone,Varese,1-0,https://www.besoccer.com/match/frosinone-calcio/as-varese-1910/201186216,2011,6,serie_b
Novara,Livorno,4-1,https://www.besoccer.com/match/novara-calcio/livorno/201186217,2011,6,serie_b
Padova,AlbinoLeffe,2-0,https://www.besoccer.com/match/calcio-padova/uc-albinoleffe/201186218,2011,6,serie_b
Pescara,Torino,2-0,https://www.besoccer.com/match/pescara-calcio/torino-fc/201186219,2011,6,serie_b
Calcio Portogruaro-Summaga,Ascoli,2-1,https://www.besoccer.com/match/calcio-portogruaro-summaga/ascoli/201186220,2011,6,serie_b
Vicenza ,Cittadella,1-0,https://www.besoccer.com/match/vicenza-calcio/as-cittadella/201186221,2011,6,serie_b
Modena,Triestina ,2-2,https://www.besoccer.com/match/modena-fc/us-triestina-calcio/201186222,2011,6,serie_b
Ascoli,Livorno,1-5,https://www.besoccer.com/match/ascoli/livorno/201186223,2011,7,serie_b
AlbinoLeffe,Pescara,1-2,https://www.besoccer.com/match/uc-albinoleffe/pescara-calcio/201186224,2011,7,serie_b
Cittadella,Empoli,2-3,https://www.besoccer.com/match/as-cittadella/empoli-fc/201186225,2011,7,serie_b
Grosseto,Frosinone,2-0,https://www.besoccer.com/match/us-grosseto/frosinone-calcio/201186226,2011,7,serie_b
Piacenza,Padova,2-2,https://www.besoccer.com/match/piacenza/calcio-padova/201186227,2011,7,serie_b
Reggina,Vicenza ,3-2,https://www.besoccer.com/match/reggina/vicenza-calcio/201186228,2011,7,serie_b
Sassuolo,Atalanta,0-2,https://www.besoccer.com/match/us-sassuolo-calcio/atalanta/201186229,2011,7,serie_b
Siena,Modena,2-0,https://www.besoccer.com/match/siena/modena-fc/201186230,2011,7,serie_b
Torino,Calcio Portogruaro-Summaga,2-1,https://www.besoccer.com/match/torino-fc/calcio-portogruaro-summaga/201186231,2011,7,serie_b
Triestina ,Crotone,3-0,https://www.besoccer.com/match/us-triestina-calcio/fc-crotone/201186232,2011,7,serie_b
Varese,Novara,3-1,https://www.besoccer.com/match/as-varese-1910/novara-calcio/201186233,2011,7,serie_b
Triestina ,Siena,0-0,https://www.besoccer.com/match/us-triestina-calcio/siena/201186234,2011,8,serie_b
Pescara,Sassuolo,1-0,https://www.besoccer.com/match/pescara-calcio/us-sassuolo-calcio/201186235,2011,8,serie_b
Frosinone,Reggina,1-2,https://www.besoccer.com/match/frosinone-calcio/reggina/201186236,2011,8,serie_b
Crotone,Varese,1-0,https://www.besoccer.com/match/fc-crotone/as-varese-1910/201186237,2011,8,serie_b
Empoli,Piacenza,1-1,https://www.besoccer.com/match/empoli-fc/piacenza/201186238,2011,8,serie_b
Livorno,Cittadella,3-0,https://www.besoccer.com/match/livorno/as-cittadella/201186239,2011,8,serie_b
Modena,AlbinoLeffe,2-2,https://www.besoccer.com/match/modena-fc/uc-albinoleffe/201186240,2011,8,serie_b
Padova,Grosseto,3-0,https://www.besoccer.com/match/calcio-padova/us-grosseto/201186241,2011,8,serie_b
Calcio Portogruaro-Summaga,Novara,1-5,https://www.besoccer.com/match/calcio-portogruaro-summaga/novara-calcio/201186242,2011,8,serie_b
Vicenza ,Ascoli,1-0,https://www.besoccer.com/match/vicenza-calcio/ascoli/201186243,2011,8,serie_b
Atalanta,Torino,2-1,https://www.besoccer.com/match/atalanta/torino-fc/201186244,2011,8,serie_b
AlbinoLeffe,Frosinone,2-1,https://www.besoccer.com/match/uc-albinoleffe/frosinone-calcio/201186245,2011,9,serie_b
Ascoli,Crotone,2-2,https://www.besoccer.com/match/ascoli/fc-crotone/201186246,2011,9,serie_b
Cittadella,Sassuolo,1-1,https://www.besoccer.com/match/as-cittadella/us-sassuolo-calcio/201186247,2011,9,serie_b
Grosseto,Calcio Portogruaro-Summaga,3-1,https://www.besoccer.com/match/us-grosseto/calcio-portogruaro-summaga/201186248,2011,9,serie_b
Modena,Empoli,0-0,https://www.besoccer.com/match/modena-fc/empoli-fc/201186249,2011,9,serie_b
Novara,Atalanta,2-0,https://www.besoccer.com/match/novara-calcio/atalanta/201186250,2011,9,serie_b
Piacenza,Triestina ,2-2,https://www.besoccer.com/match/piacenza/us-triestina-calcio/201186251,2011,9,serie_b
Reggina,Pescara,1-0,https://www.besoccer.com/match/reggina/pescara-calcio/201186252,2011,9,serie_b
Siena,Padova,2-1,https://www.besoccer.com/match/siena/calcio-padova/201186253,2011,9,serie_b
Torino,Vicenza ,2-1,https://www.besoccer.com/match/torino-fc/vicenza-calcio/201186254,2011,9,serie_b
Varese,Livorno,1-1,https://www.besoccer.com/match/as-varese-1910/livorno/201186255,2011,9,serie_b
Atalanta,Ascoli,2-1,https://www.besoccer.com/match/atalanta/ascoli/201186256,2011,10,serie_b
Crotone,Piacenza,0-1,https://www.besoccer.com/match/fc-crotone/piacenza/201186257,2011,10,serie_b
Frosinone,Modena,1-1,https://www.besoccer.com/match/frosinone-calcio/modena-fc/201186258,2011,10,serie_b
Livorno,Torino,2-1,https://www.besoccer.com/match/livorno/torino-fc/201186259,2011,10,serie_b
Pescara,Grosseto,4-2,https://www.besoccer.com/match/pescara-calcio/us-grosseto/201186260,2011,10,serie_b
Calcio Portogruaro-Summaga,Varese,1-1,https://www.besoccer.com/match/calcio-portogruaro-summaga/as-varese-1910/201186261,2011,10,serie_b
Sassuolo,Novara,0-1,https://www.besoccer.com/match/us-sassuolo-calcio/novara-calcio/201186262,2011,10,serie_b
Triestina ,Reggina,0-4,https://www.besoccer.com/match/us-triestina-calcio/reggina/201186263,2011,10,serie_b
Vicenza ,AlbinoLeffe,1-0,https://www.besoccer.com/match/vicenza-calcio/uc-albinoleffe/201186264,2011,10,serie_b
Padova,Cittadella,2-1,https://www.besoccer.com/match/calcio-padova/as-cittadella/201186265,2011,10,serie_b
Empoli,Siena,3-0,https://www.besoccer.com/match/empoli-fc/siena/201186266,2011,10,serie_b
Novara,Vicenza ,3-0,https://www.besoccer.com/match/novara-calcio/vicenza-calcio/201186267,2011,11,serie_b
AlbinoLeffe,Calcio Portogruaro-Summaga,1-0,https://www.besoccer.com/match/uc-albinoleffe/calcio-portogruaro-summaga/201186268,2011,11,serie_b
Ascoli,Cittadella,0-1,https://www.besoccer.com/match/ascoli/as-cittadella/201186269,2011,11,serie_b
Modena,Sassuolo,1-1,https://www.besoccer.com/match/modena-fc/us-sassuolo-calcio/201186270,2011,11,serie_b
Padova,Pescara,3-1,https://www.besoccer.com/match/calcio-padova/pescara-calcio/201186271,2011,11,serie_b
Piacenza,Atalanta,3-2,https://www.besoccer.com/match/piacenza/atalanta/201186272,2011,11,serie_b
Reggina,Empoli,0-0,https://www.besoccer.com/match/reggina/empoli-fc/201186273,2011,11,serie_b
Siena,Crotone,0-0,https://www.besoccer.com/match/siena/fc-crotone/201186274,2011,11,serie_b
Torino,Frosinone,1-2,https://www.besoccer.com/match/torino-fc/frosinone-calcio/201186275,2011,11,serie_b
Varese,Triestina ,4-0,https://www.besoccer.com/match/as-varese-1910/us-triestina-calcio/201186276,2011,11,serie_b
Grosseto,Livorno,0-0,https://www.besoccer.com/match/us-grosseto/livorno/201186277,2011,11,serie_b
Atalanta,Padova,4-1,https://www.besoccer.com/match/atalanta/calcio-padova/201186278,2011,12,serie_b
Cittadella,Grosseto,2-1,https://www.besoccer.com/match/as-cittadella/us-grosseto/201186279,2011,12,serie_b
Empoli,Crotone,0-0,https://www.besoccer.com/match/empoli-fc/fc-crotone/201186280,2011,12,serie_b
Frosinone,Triestina ,1-0,https://www.besoccer.com/match/frosinone-calcio/us-triestina-calcio/201186281,2011,12,serie_b
Livorno,Reggina,3-0,https://www.besoccer.com/match/livorno/reggina/201186282,2011,12,serie_b
Novara,AlbinoLeffe,3-0,https://www.besoccer.com/match/novara-calcio/uc-albinoleffe/201186283,2011,12,serie_b
Pescara,Modena,0-2,https://www.besoccer.com/match/pescara-calcio/modena-fc/201186284,2011,12,serie_b
Calcio Portogruaro-Summaga,Piacenza,0-0,https://www.besoccer.com/match/calcio-portogruaro-summaga/piacenza/201186285,2011,12,serie_b
Vicenza ,Varese,0-1,https://www.besoccer.com/match/vicenza-calcio/as-varese-1910/201186288,2011,12,serie_b
Sassuolo,Siena,4-3,https://www.besoccer.com/match/us-sassuolo-calcio/siena/201186286,2011,12,serie_b
Torino,Ascoli,2-1,https://www.besoccer.com/match/torino-fc/ascoli/201186287,2011,12,serie_b
Reggina,Calcio Portogruaro-Summaga,1-0,https://www.besoccer.com/match/reggina/calcio-portogruaro-summaga/201186296,2011,13,serie_b
Triestina ,Atalanta,0-1,https://www.besoccer.com/match/us-triestina-calcio/atalanta/201186298,2011,13,serie_b
AlbinoLeffe,Sassuolo,3-1,https://www.besoccer.com/match/uc-albinoleffe/us-sassuolo-calcio/201186289,2011,13,serie_b
Ascoli,Novara,1-1,https://www.besoccer.com/match/ascoli/novara-calcio/201186290,2011,13,serie_b
Crotone,Pescara,0-1,https://www.besoccer.com/match/fc-crotone/pescara-calcio/201186291,2011,13,serie_b
Grosseto,Torino,0-0,https://www.besoccer.com/match/us-grosseto/torino-fc/201186292,2011,13,serie_b
Modena,Livorno,1-1,https://www.besoccer.com/match/modena-fc/livorno/201186293,2011,13,serie_b
Padova,Empoli,2-2,https://www.besoccer.com/match/calcio-padova/empoli-fc/201186294,2011,13,serie_b
Piacenza,Vicenza ,4-1,https://www.besoccer.com/match/piacenza/vicenza-calcio/201186295,2011,13,serie_b
Siena,Frosinone,3-0,https://www.besoccer.com/match/siena/frosinone-calcio/201186297,2011,13,serie_b
Varese,Cittadella,0-0,https://www.besoccer.com/match/as-varese-1910/as-cittadella/201186299,2011,13,serie_b
Atalanta,Modena,1-0,https://www.besoccer.com/match/atalanta/modena-fc/201186300,2011,14,serie_b
Cittadella,Reggina,1-2,https://www.besoccer.com/match/as-cittadella/reggina/201186301,2011,14,serie_b
Frosinone,Crotone,2-3,https://www.besoccer.com/match/frosinone-calcio/fc-crotone/201186302,2011,14,serie_b
Grosseto,Varese,0-0,https://www.besoccer.com/match/us-grosseto/as-varese-1910/201186303,2011,14,serie_b
Livorno,Triestina ,1-3,https://www.besoccer.com/match/livorno/us-triestina-calcio/201186304,2011,14,serie_b
Novara,Empoli,1-1,https://www.besoccer.com/match/novara-calcio/empoli-fc/201186305,2011,14,serie_b
Pescara,Piacenza,2-2,https://www.besoccer.com/match/pescara-calcio/piacenza/201186306,2011,14,serie_b
Calcio Portogruaro-Summaga,Padova,1-1,https://www.besoccer.com/match/calcio-portogruaro-summaga/calcio-padova/201186307,2011,14,serie_b
Sassuolo,Ascoli,0-1,https://www.besoccer.com/match/us-sassuolo-calcio/ascoli/201186308,2011,14,serie_b
Torino,AlbinoLeffe,1-0,https://www.besoccer.com/match/torino-fc/uc-albinoleffe/201186309,2011,14,serie_b
Vicenza ,Siena,2-2,https://www.besoccer.com/match/vicenza-calcio/siena/201186310,2011,14,serie_b
AlbinoLeffe,Cittadella,1-3,https://www.besoccer.com/match/uc-albinoleffe/as-cittadella/201186311,2011,15,serie_b
Crotone,Livorno,2-1,https://www.besoccer.com/match/fc-crotone/livorno/201186312,2011,15,serie_b
Empoli,Atalanta,3-0,https://www.besoccer.com/match/empoli-fc/atalanta/201186313,2011,15,serie_b
Modena,Vicenza ,2-1,https://www.besoccer.com/match/modena-fc/vicenza-calcio/201186314,2011,15,serie_b
Padova,Frosinone,3-1,https://www.besoccer.com/match/calcio-padova/frosinone-calcio/201186315,2011,15,serie_b
Piacenza,Novara,1-2,https://www.besoccer.com/match/piacenza/novara-calcio/201186317,2011,15,serie_b
Reggina,Torino,1-1,https://www.besoccer.com/match/reggina/torino-fc/201186318,2011,15,serie_b
Triestina ,Calcio Portogruaro-Summaga,0-0,https://www.besoccer.com/match/us-triestina-calcio/calcio-portogruaro-summaga/201186320,2011,15,serie_b
Varese,Sassuolo,2-1,https://www.besoccer.com/match/as-varese-1910/us-sassuolo-calcio/201186321,2011,15,serie_b
Pescara,Ascoli,1-2,https://www.besoccer.com/match/pescara-calcio/ascoli/201186316,2011,15,serie_b
Siena,Grosseto,3-1,https://www.besoccer.com/match/siena/us-grosseto/201186319,2011,15,serie_b
Vicenza ,Padova,2-1,https://www.besoccer.com/match/vicenza-calcio/calcio-padova/201186332,2011,16,serie_b
Ascoli,Varese,0-0,https://www.besoccer.com/match/ascoli/as-varese-1910/201186322,2011,16,serie_b
Atalanta,Crotone,2-0,https://www.besoccer.com/match/atalanta/fc-crotone/201186323,2011,16,serie_b
Cittadella,Piacenza,3-0,https://www.besoccer.com/match/as-cittadella/piacenza/201186324,2011,16,serie_b
Grosseto,AlbinoLeffe,3-3,https://www.besoccer.com/match/us-grosseto/uc-albinoleffe/201186326,2011,16,serie_b
Livorno,Empoli,2-1,https://www.besoccer.com/match/livorno/empoli-fc/201186327,2011,16,serie_b
Calcio Portogruaro-Summaga,Siena,1-4,https://www.besoccer.com/match/calcio-portogruaro-summaga/siena/201186329,2011,16,serie_b
Sassuolo,Triestina ,0-0,https://www.besoccer.com/match/us-sassuolo-calcio/us-triestina-calcio/201186330,2011,16,serie_b
Torino,Modena,3-2,https://www.besoccer.com/match/torino-fc/modena-fc/201186331,2011,16,serie_b
Novara,Reggina,3-1,https://www.besoccer.com/match/novara-calcio/reggina/201186328,2011,16,serie_b
Frosinone,Pescara,1-1,https://www.besoccer.com/match/frosinone-calcio/pescara-calcio/201186325,2011,16,serie_b
Atalanta,Livorno,0-2,https://www.besoccer.com/match/atalanta/livorno/201186333,2011,17,serie_b
Crotone,Vicenza ,1-2,https://www.besoccer.com/match/fc-crotone/vicenza-calcio/201186334,2011,17,serie_b
Empoli,Sassuolo,0-1,https://www.besoccer.com/match/empoli-fc/us-sassuolo-calcio/201186335,2011,17,serie_b
Frosinone,Ascoli,1-1,https://www.besoccer.com/match/frosinone-calcio/ascoli/201186336,2011,17,serie_b
Padova,Varese,2-3,https://www.besoccer.com/match/calcio-padova/as-varese-1910/201186338,2011,17,serie_b
Pescara,Calcio Portogruaro-Summaga,4-2,https://www.besoccer.com/match/pescara-calcio/calcio-portogruaro-summaga/201186339,2011,17,serie_b
Piacenza,Torino,1-1,https://www.besoccer.com/match/piacenza/torino-fc/201186340,2011,17,serie_b
Siena,Novara,1-1,https://www.besoccer.com/match/siena/novara-calcio/201186342,2011,17,serie_b
Triestina ,Grosseto,0-1,https://www.besoccer.com/match/us-triestina-calcio/us-grosseto/201186343,2011,17,serie_b
Modena,Cittadella,1-1,https://www.besoccer.com/match/modena-fc/as-cittadella/201186337,2011,17,serie_b
Reggina,AlbinoLeffe,1-2,https://www.besoccer.com/match/reggina/uc-albinoleffe/201186341,2011,17,serie_b
AlbinoLeffe,Empoli,2-0,https://www.besoccer.com/match/uc-albinoleffe/empoli-fc/201186344,2011,18,serie_b
Ascoli,Padova,1-0,https://www.besoccer.com/match/ascoli/calcio-padova/201186345,2011,18,serie_b
Cittadella,Triestina ,4-1,https://www.besoccer.com/match/as-cittadella/us-triestina-calcio/201186346,2011,18,serie_b
Grosseto,Modena,3-1,https://www.besoccer.com/match/us-grosseto/modena-fc/201186347,2011,18,serie_b
Livorno,Pescara,1-1,https://www.besoccer.com/match/livorno/pescara-calcio/201186348,2011,18,serie_b
Novara,Crotone,3-0,https://www.besoccer.com/match/novara-calcio/fc-crotone/201186349,2011,18,serie_b
Calcio Portogruaro-Summaga,Atalanta,1-2,https://www.besoccer.com/match/calcio-portogruaro-summaga/atalanta/201186350,2011,18,serie_b
Sassuolo,Piacenza,1-1,https://www.besoccer.com/match/us-sassuolo-calcio/piacenza/201186351,2011,18,serie_b
Varese,Reggina,1-0,https://www.besoccer.com/match/as-varese-1910/reggina/201186353,2011,18,serie_b
Torino,Siena,1-1,https://www.besoccer.com/match/torino-fc/siena/201186352,2011,18,serie_b
Vicenza ,Frosinone,1-0,https://www.besoccer.com/match/vicenza-calcio/frosinone-calcio/201186354,2011,18,serie_b
Padova,Sassuolo,1-0,https://www.besoccer.com/match/calcio-padova/us-sassuolo-calcio/201186360,2011,19,serie_b
Atalanta,AlbinoLeffe,3-1,https://www.besoccer.com/match/atalanta/uc-albinoleffe/201186355,2011,19,serie_b
Crotone,Cittadella,1-1,https://www.besoccer.com/match/fc-crotone/as-cittadella/201186356,2011,19,serie_b
Empoli,Calcio Portogruaro-Summaga,2-3,https://www.besoccer.com/match/empoli-fc/calcio-portogruaro-summaga/201186357,2011,19,serie_b
Frosinone,Novara,1-1,https://www.besoccer.com/match/frosinone-calcio/novara-calcio/201186358,2011,19,serie_b
Modena,Varese,0-2,https://www.besoccer.com/match/modena-fc/as-varese-1910/201186359,2011,19,serie_b
Pescara,Vicenza ,1-0,https://www.besoccer.com/match/pescara-calcio/vicenza-calcio/201186361,2011,19,serie_b
Piacenza,Livorno,0-1,https://www.besoccer.com/match/piacenza/livorno/201186362,2011,19,serie_b
Reggina,Grosseto,1-0,https://www.besoccer.com/match/reggina/us-grosseto/201186363,2011,19,serie_b
Siena,Ascoli,3-0,https://www.besoccer.com/match/siena/ascoli/201186364,2011,19,serie_b
Triestina ,Torino,0-1,https://www.besoccer.com/match/us-triestina-calcio/torino-fc/201186365,2011,19,serie_b
Novara,Pescara,1-1,https://www.besoccer.com/match/novara-calcio/pescara-calcio/201186371,2011,20,serie_b
Ascoli,Reggina,2-1,https://www.besoccer.com/match/ascoli/reggina/201186367,2011,20,serie_b
Cittadella,Atalanta,0-1,https://www.besoccer.com/match/as-cittadella/atalanta/201186368,2011,20,serie_b
Grosseto,Crotone,2-2,https://www.besoccer.com/match/us-grosseto/fc-crotone/201186369,2011,20,serie_b
Calcio Portogruaro-Summaga,Modena,1-1,https://www.besoccer.com/match/calcio-portogruaro-summaga/modena-fc/201186372,2011,20,serie_b
Sassuolo,Frosinone,5-3,https://www.besoccer.com/match/us-sassuolo-calcio/frosinone-calcio/201186373,2011,20,serie_b
Torino,Empoli,2-1,https://www.besoccer.com/match/torino-fc/empoli-fc/201186374,2011,20,serie_b
Varese,Siena,1-0,https://www.besoccer.com/match/as-varese-1910/siena/201186375,2011,20,serie_b
Vicenza ,Triestina ,2-0,https://www.besoccer.com/match/vicenza-calcio/us-triestina-calcio/201186376,2011,20,serie_b
AlbinoLeffe,Piacenza,3-3,https://www.besoccer.com/match/uc-albinoleffe/piacenza/201186366,2011,20,serie_b
Livorno,Padova,3-3,https://www.besoccer.com/match/livorno/calcio-padova/201186370,2011,20,serie_b
Frosinone,Livorno,0-2,https://www.besoccer.com/match/frosinone-calcio/livorno/201186380,2011,21,serie_b
Crotone,Calcio Portogruaro-Summaga,2-0,https://www.besoccer.com/match/fc-crotone/calcio-portogruaro-summaga/201186378,2011,21,serie_b
Empoli,Vicenza ,1-1,https://www.besoccer.com/match/empoli-fc/vicenza-calcio/201186379,2011,21,serie_b
Modena,Novara,2-1,https://www.besoccer.com/match/modena-fc/novara-calcio/201186381,2011,21,serie_b
Pescara,Cittadella,1-0,https://www.besoccer.com/match/pescara-calcio/as-cittadella/201186383,2011,21,serie_b
Piacenza,Varese,2-1,https://www.besoccer.com/match/piacenza/as-varese-1910/201186384,2011,21,serie_b
Reggina,Sassuolo,0-0,https://www.besoccer.com/match/reggina/us-sassuolo-calcio/201186385,2011,21,serie_b
Siena,AlbinoLeffe,2-1,https://www.besoccer.com/match/siena/uc-albinoleffe/201186386,2011,21,serie_b
Triestina ,Ascoli,2-0,https://www.besoccer.com/match/us-triestina-calcio/ascoli/201186387,2011,21,serie_b
Padova,Torino,1-1,https://www.besoccer.com/match/calcio-padova/torino-fc/201186382,2011,21,serie_b
Atalanta,Grosseto,2-0,https://www.besoccer.com/match/atalanta/us-grosseto/201186377,2011,21,serie_b
Siena,Pescara,2-1,https://www.besoccer.com/match/siena/pescara-calcio/201186394,2011,22,serie_b
Vicenza ,Atalanta,1-1,https://www.besoccer.com/match/vicenza-calcio/atalanta/201186388,2011,22,serie_b
Empoli,Frosinone,2-1,https://www.besoccer.com/match/empoli-fc/frosinone-calcio/201186389,2011,22,serie_b
Ascoli,Grosseto,1-2,https://www.besoccer.com/match/ascoli/us-grosseto/201186390,2011,22,serie_b
Sassuolo,Livorno,1-0,https://www.besoccer.com/match/us-sassuolo-calcio/livorno/201186391,2011,22,serie_b
Piacenza,Modena,0-2,https://www.besoccer.com/match/piacenza/modena-fc/201186392,2011,22,serie_b
Novara,Padova,1-1,https://www.besoccer.com/match/novara-calcio/calcio-padova/201186393,2011,22,serie_b
Cittadella,Calcio Portogruaro-Summaga,1-1,https://www.besoccer.com/match/as-cittadella/calcio-portogruaro-summaga/201186395,2011,22,serie_b
Varese,Torino,3-0,https://www.besoccer.com/match/as-varese-1910/torino-fc/201186396,2011,22,serie_b
AlbinoLeffe,Triestina ,1-1,https://www.besoccer.com/match/uc-albinoleffe/us-triestina-calcio/201186397,2011,22,serie_b
Crotone,Reggina,0-0,https://www.besoccer.com/match/fc-crotone/reggina/201186398,2011,22,serie_b
Livorno,AlbinoLeffe,1-2,https://www.besoccer.com/match/livorno/uc-albinoleffe/201186399,2011,23,serie_b
Modena,Ascoli,0-0,https://www.besoccer.com/match/modena-fc/ascoli/201186400,2011,23,serie_b
Torino,Cittadella,1-1,https://www.besoccer.com/match/torino-fc/as-cittadella/201186401,2011,23,serie_b
Padova,Crotone,1-0,https://www.besoccer.com/match/calcio-padova/fc-crotone/201186402,2011,23,serie_b
Frosinone,Piacenza,1-1,https://www.besoccer.com/match/frosinone-calcio/piacenza/201186405,2011,23,serie_b
Grosseto,Sassuolo,1-0,https://www.besoccer.com/match/us-grosseto/us-sassuolo-calcio/201186406,2011,23,serie_b
Reggina,Siena,0-0,https://www.besoccer.com/match/reggina/siena/201186407,2011,23,serie_b
Atalanta,Varese,0-0,https://www.besoccer.com/match/atalanta/as-varese-1910/201186408,2011,23,serie_b
Calcio Portogruaro-Summaga,Vicenza ,1-0,https://www.besoccer.com/match/calcio-portogruaro-summaga/vicenza-calcio/201186409,2011,23,serie_b
Triestina ,Novara,1-1,https://www.besoccer.com/match/us-triestina-calcio/novara-calcio/201186404,2011,23,serie_b
Pescara,Empoli,1-0,https://www.besoccer.com/match/pescara-calcio/empoli-fc/201186403,2011,23,serie_b
Empoli,Varese,1-1,https://www.besoccer.com/match/empoli-fc/as-varese-1910/201186420,2011,24,serie_b
AlbinoLeffe,Ascoli,1-1,https://www.besoccer.com/match/uc-albinoleffe/ascoli/201186410,2011,24,serie_b
Novara,Cittadella,2-2,https://www.besoccer.com/match/novara-calcio/as-cittadella/201186412,2011,24,serie_b
Vicenza ,Grosseto,0-1,https://www.besoccer.com/match/vicenza-calcio/us-grosseto/201186413,2011,24,serie_b
Siena,Livorno,4-0,https://www.besoccer.com/match/siena/livorno/201186414,2011,24,serie_b
Padova,Modena,1-1,https://www.besoccer.com/match/calcio-padova/modena-fc/201186415,2011,24,serie_b
Sassuolo,Calcio Portogruaro-Summaga,0-1,https://www.besoccer.com/match/us-sassuolo-calcio/calcio-portogruaro-summaga/201186416,2011,24,serie_b
Piacenza,Reggina,3-2,https://www.besoccer.com/match/piacenza/reggina/201186417,2011,24,serie_b
Crotone,Torino,1-1,https://www.besoccer.com/match/fc-crotone/torino-fc/201186418,2011,24,serie_b
Pescara,Triestina ,0-0,https://www.besoccer.com/match/pescara-calcio/us-triestina-calcio/201186419,2011,24,serie_b
Frosinone,Atalanta,0-1,https://www.besoccer.com/match/frosinone-calcio/atalanta/201186411,2011,24,serie_b
Reggina,Padova,1-1,https://www.besoccer.com/match/reggina/calcio-padova/201186426,2011,25,serie_b
Varese,AlbinoLeffe,3-0,https://www.besoccer.com/match/as-varese-1910/uc-albinoleffe/201186421,2011,25,serie_b
Modena,Crotone,1-1,https://www.besoccer.com/match/modena-fc/fc-crotone/201186422,2011,25,serie_b
Triestina ,Empoli,1-2,https://www.besoccer.com/match/us-triestina-calcio/empoli-fc/201186423,2011,25,serie_b
Calcio Portogruaro-Summaga,Frosinone,0-1,https://www.besoccer.com/match/calcio-portogruaro-summaga/frosinone-calcio/201186424,2011,25,serie_b
Grosseto,Novara,0-1,https://www.besoccer.com/match/us-grosseto/novara-calcio/201186425,2011,25,serie_b
Atalanta,Pescara,1-0,https://www.besoccer.com/match/atalanta/pescara-calcio/201186427,2011,25,serie_b
Ascoli,Piacenza,3-1,https://www.besoccer.com/match/ascoli/piacenza/201186428,2011,25,serie_b
Torino,Sassuolo,1-2,https://www.besoccer.com/match/torino-fc/us-sassuolo-calcio/201186429,2011,25,serie_b
Cittadella,Siena,0-0,https://www.besoccer.com/match/as-cittadella/siena/201186430,2011,25,serie_b
Livorno,Vicenza ,0-1,https://www.besoccer.com/match/livorno/vicenza-calcio/201186431,2011,25,serie_b
Atalanta,Siena,0-0,https://www.besoccer.com/match/atalanta/siena/201186439,2011,26,serie_b
Crotone,AlbinoLeffe,0-1,https://www.besoccer.com/match/fc-crotone/uc-albinoleffe/201186432,2011,26,serie_b
Empoli,Ascoli,1-0,https://www.besoccer.com/match/empoli-fc/ascoli/201186433,2011,26,serie_b
Frosinone,Cittadella,1-1,https://www.besoccer.com/match/frosinone-calcio/as-cittadella/201186434,2011,26,serie_b
Piacenza,Grosseto,4-0,https://www.besoccer.com/match/piacenza/us-grosseto/201186435,2011,26,serie_b
Calcio Portogruaro-Summaga,Livorno,2-0,https://www.besoccer.com/match/calcio-portogruaro-summaga/livorno/201186436,2011,26,serie_b
Modena,Reggina,1-2,https://www.besoccer.com/match/modena-fc/reggina/201186437,2011,26,serie_b
Vicenza ,Sassuolo,1-1,https://www.besoccer.com/match/vicenza-calcio/us-sassuolo-calcio/201186438,2011,26,serie_b
Padova,Triestina ,0-1,https://www.besoccer.com/match/calcio-padova/us-triestina-calcio/201186441,2011,26,serie_b
Pescara,Varese,1-0,https://www.besoccer.com/match/pescara-calcio/as-varese-1910/201186442,2011,26,serie_b
Novara,Torino,1-0,https://www.besoccer.com/match/novara-calcio/torino-fc/201186440,2011,26,serie_b
Grosseto,Empoli,2-1,https://www.besoccer.com/match/us-grosseto/empoli-fc/201186445,2011,27,serie_b
Reggina,Atalanta,0-0,https://www.besoccer.com/match/reggina/atalanta/201186443,2011,27,serie_b
Sassuolo,Crotone,2-0,https://www.besoccer.com/match/us-sassuolo-calcio/fc-crotone/201186444,2011,27,serie_b
Triestina ,Modena,2-2,https://www.besoccer.com/match/us-triestina-calcio/modena-fc/201186447,2011,27,serie_b
Livorno,Novara,1-0,https://www.besoccer.com/match/livorno/novara-calcio/201186448,2011,27,serie_b
AlbinoLeffe,Padova,2-1,https://www.besoccer.com/match/uc-albinoleffe/calcio-padova/201186449,2011,27,serie_b
Torino,Pescara,3-1,https://www.besoccer.com/match/torino-fc/pescara-calcio/201186450,2011,27,serie_b
Siena,Piacenza,2-3,https://www.besoccer.com/match/siena/piacenza/201186451,2011,27,serie_b
Ascoli,Calcio Portogruaro-Summaga,1-0,https://www.besoccer.com/match/ascoli/calcio-portogruaro-summaga/201186452,2011,27,serie_b
Cittadella,Vicenza ,0-1,https://www.besoccer.com/match/as-cittadella/vicenza-calcio/201186453,2011,27,serie_b
Varese,Frosinone,3-3,https://www.besoccer.com/match/as-varese-1910/frosinone-calcio/201186446,2011,27,serie_b
Padova,Piacenza,0-0,https://www.besoccer.com/match/calcio-padova/piacenza/201186458,2011,28,serie_b
Livorno,Ascoli,1-1,https://www.besoccer.com/match/livorno/ascoli/201186455,2011,28,serie_b
Pescara,AlbinoLeffe,2-0,https://www.besoccer.com/match/pescara-calcio/uc-albinoleffe/201186454,2011,28,serie_b
Empoli,Cittadella,2-0,https://www.besoccer.com/match/empoli-fc/as-cittadella/201186456,2011,28,serie_b
Frosinone,Grosseto,0-0,https://www.besoccer.com/match/frosinone-calcio/us-grosseto/201186457,2011,28,serie_b
Vicenza ,Reggina,0-1,https://www.besoccer.com/match/vicenza-calcio/reggina/201186459,2011,28,serie_b
Atalanta,Sassuolo,1-0,https://www.besoccer.com/match/atalanta/us-sassuolo-calcio/201186460,2011,28,serie_b
Modena,Siena,0-1,https://www.besoccer.com/match/modena-fc/siena/201186461,2011,28,serie_b
Calcio Portogruaro-Summaga,Torino,0-1,https://www.besoccer.com/match/calcio-portogruaro-summaga/torino-fc/201186462,2011,28,serie_b
Crotone,Triestina ,2-1,https://www.besoccer.com/match/fc-crotone/us-triestina-calcio/201186463,2011,28,serie_b
Novara,Varese,1-1,https://www.besoccer.com/match/novara-calcio/as-varese-1910/201186464,2011,28,serie_b
Varese,Crotone,1-1,https://www.besoccer.com/match/as-varese-1910/fc-crotone/201186466,2011,29,serie_b
Piacenza,Empoli,2-1,https://www.besoccer.com/match/piacenza/empoli-fc/201186467,2011,29,serie_b
Reggina,Frosinone,2-1,https://www.besoccer.com/match/reggina/frosinone-calcio/201186468,2011,29,serie_b
Cittadella,Livorno,2-0,https://www.besoccer.com/match/as-cittadella/livorno/201186469,2011,29,serie_b
AlbinoLeffe,Modena,0-0,https://www.besoccer.com/match/uc-albinoleffe/modena-fc/201186470,2011,29,serie_b
Grosseto,Padova,3-1,https://www.besoccer.com/match/us-grosseto/calcio-padova/201186471,2011,29,serie_b
Sassuolo,Pescara,2-0,https://www.besoccer.com/match/us-sassuolo-calcio/pescara-calcio/201186472,2011,29,serie_b
Novara,Calcio Portogruaro-Summaga,0-0,https://www.besoccer.com/match/novara-calcio/calcio-portogruaro-summaga/201186473,2011,29,serie_b
Siena,Triestina ,1-0,https://www.besoccer.com/match/siena/us-triestina-calcio/201186474,2011,29,serie_b
Torino,Atalanta,1-2,https://www.besoccer.com/match/torino-fc/atalanta/201186465,2011,29,serie_b
Ascoli,Vicenza ,2-1,https://www.besoccer.com/match/ascoli/vicenza-calcio/201186475,2011,29,serie_b
Frosinone,AlbinoLeffe,2-1,https://www.besoccer.com/match/frosinone-calcio/uc-albinoleffe/201186476,2011,30,serie_b
Sassuolo,Cittadella,1-1,https://www.besoccer.com/match/us-sassuolo-calcio/as-cittadella/201186478,2011,30,serie_b
Calcio Portogruaro-Summaga,Grosseto,1-1,https://www.besoccer.com/match/calcio-portogruaro-summaga/us-grosseto/201186479,2011,30,serie_b
Empoli,Modena,0-1,https://www.besoccer.com/match/empoli-fc/modena-fc/201186480,2011,30,serie_b
Triestina ,Piacenza,0-1,https://www.besoccer.com/match/us-triestina-calcio/piacenza/201186482,2011,30,serie_b
Pescara,Reggina,0-0,https://www.besoccer.com/match/pescara-calcio/reggina/201186483,2011,30,serie_b
Padova,Siena,0-0,https://www.besoccer.com/match/calcio-padova/siena/201186484,2011,30,serie_b
Livorno,Varese,0-0,https://www.besoccer.com/match/livorno/as-varese-1910/201186486,2011,30,serie_b
Vicenza ,Torino,1-0,https://www.besoccer.com/match/vicenza-calcio/torino-fc/201186485,2011,30,serie_b
Atalanta,Novara,1-1,https://www.besoccer.com/match/atalanta/novara-calcio/201186481,2011,30,serie_b
Crotone,Ascoli,1-0,https://www.besoccer.com/match/fc-crotone/ascoli/201186477,2011,30,serie_b
Ascoli,Atalanta,1-1,https://www.besoccer.com/match/ascoli/atalanta/201186487,2011,31,serie_b
Piacenza,Crotone,2-0,https://www.besoccer.com/match/piacenza/fc-crotone/201186488,2011,31,serie_b
Siena,Empoli,0-0,https://www.besoccer.com/match/siena/empoli-fc/201186489,2011,31,serie_b
Modena,Frosinone,2-1,https://www.besoccer.com/match/modena-fc/frosinone-calcio/201186490,2011,31,serie_b
Torino,Livorno,0-2,https://www.besoccer.com/match/torino-fc/livorno/201186491,2011,31,serie_b
Grosseto,Pescara,3-2,https://www.besoccer.com/match/us-grosseto/pescara-calcio/201186493,2011,31,serie_b
Novara,Sassuolo,0-0,https://www.besoccer.com/match/novara-calcio/us-sassuolo-calcio/201186495,2011,31,serie_b
Reggina,Triestina ,1-1,https://www.besoccer.com/match/reggina/us-triestina-calcio/201186496,2011,31,serie_b
AlbinoLeffe,Vicenza ,2-2,https://www.besoccer.com/match/uc-albinoleffe/vicenza-calcio/201186497,2011,31,serie_b
Varese,Calcio Portogruaro-Summaga,1-0,https://www.besoccer.com/match/as-varese-1910/calcio-portogruaro-summaga/201186494,2011,31,serie_b
Cittadella,Padova,3-1,https://www.besoccer.com/match/as-cittadella/calcio-padova/201186492,2011,31,serie_b
Sassuolo,Modena,1-1,https://www.besoccer.com/match/us-sassuolo-calcio/modena-fc/201186501,2011,32,serie_b
Calcio Portogruaro-Summaga,AlbinoLeffe,2-1,https://www.besoccer.com/match/calcio-portogruaro-summaga/uc-albinoleffe/201186498,2011,32,serie_b
Cittadella,Ascoli,0-1,https://www.besoccer.com/match/as-cittadella/ascoli/201186499,2011,32,serie_b
Livorno,Grosseto,1-1,https://www.besoccer.com/match/livorno/us-grosseto/201186500,2011,32,serie_b
Vicenza ,Novara,1-0,https://www.besoccer.com/match/vicenza-calcio/novara-calcio/201186502,2011,32,serie_b
Pescara,Padova,0-2,https://www.besoccer.com/match/pescara-calcio/calcio-padova/201186503,2011,32,serie_b
Atalanta,Piacenza,3-0,https://www.besoccer.com/match/atalanta/piacenza/201186504,2011,32,serie_b
Crotone,Siena,1-2,https://www.besoccer.com/match/fc-crotone/siena/201186506,2011,32,serie_b
Frosinone,Torino,1-0,https://www.besoccer.com/match/frosinone-calcio/torino-fc/201186507,2011,32,serie_b
Triestina ,Varese,1-1,https://www.besoccer.com/match/us-triestina-calcio/as-varese-1910/201186508,2011,32,serie_b
Empoli,Reggina,1-0,https://www.besoccer.com/match/empoli-fc/reggina/201186505,2011,32,serie_b
Ascoli,Torino,0-4,https://www.besoccer.com/match/ascoli/torino-fc/201186518,2011,33,serie_b
Padova,Atalanta,1-1,https://www.besoccer.com/match/calcio-padova/atalanta/201186509,2011,33,serie_b
AlbinoLeffe,Novara,3-1,https://www.besoccer.com/match/uc-albinoleffe/novara-calcio/201186514,2011,33,serie_b
Grosseto,Cittadella,1-1,https://www.besoccer.com/match/us-grosseto/as-cittadella/201186510,2011,33,serie_b
Crotone,Empoli,3-2,https://www.besoccer.com/match/fc-crotone/empoli-fc/201186511,2011,33,serie_b
Triestina ,Frosinone,2-2,https://www.besoccer.com/match/us-triestina-calcio/frosinone-calcio/201186512,2011,33,serie_b
Modena,Pescara,1-0,https://www.besoccer.com/match/modena-fc/pescara-calcio/201186515,2011,33,serie_b
Piacenza,Calcio Portogruaro-Summaga,1-2,https://www.besoccer.com/match/piacenza/calcio-portogruaro-summaga/201186516,2011,33,serie_b
Siena,Sassuolo,4-0,https://www.besoccer.com/match/siena/us-sassuolo-calcio/201186517,2011,33,serie_b
Varese,Vicenza ,1-0,https://www.besoccer.com/match/as-varese-1910/vicenza-calcio/201186519,2011,33,serie_b
Reggina,Livorno,1-1,https://www.besoccer.com/match/reggina/livorno/201186513,2011,33,serie_b
Torino,Grosseto,1-0,https://www.besoccer.com/match/torino-fc/us-grosseto/201186523,2011,34,serie_b
Sassuolo,AlbinoLeffe,1-0,https://www.besoccer.com/match/us-sassuolo-calcio/uc-albinoleffe/201186520,2011,34,serie_b
Novara,Ascoli,1-0,https://www.besoccer.com/match/novara-calcio/ascoli/201186521,2011,34,serie_b
Pescara,Crotone,1-0,https://www.besoccer.com/match/pescara-calcio/fc-crotone/201186522,2011,34,serie_b
Livorno,Modena,0-1,https://www.besoccer.com/match/livorno/modena-fc/201186524,2011,34,serie_b
Empoli,Padova,2-2,https://www.besoccer.com/match/empoli-fc/calcio-padova/201186525,2011,34,serie_b
Vicenza ,Piacenza,3-1,https://www.besoccer.com/match/vicenza-calcio/piacenza/201186526,2011,34,serie_b
Calcio Portogruaro-Summaga,Reggina,1-1,https://www.besoccer.com/match/calcio-portogruaro-summaga/reggina/201186527,2011,34,serie_b
Atalanta,Triestina ,4-0,https://www.besoccer.com/match/atalanta/us-triestina-calcio/201186529,2011,34,serie_b
Cittadella,Varese,2-2,https://www.besoccer.com/match/as-cittadella/as-varese-1910/201186530,2011,34,serie_b
Frosinone,Siena,0-1,https://www.besoccer.com/match/frosinone-calcio/siena/201186528,2011,34,serie_b
Empoli,Novara,0-0,https://www.besoccer.com/match/empoli-fc/novara-calcio/201186536,2011,35,serie_b
Reggina,Cittadella,0-1,https://www.besoccer.com/match/reggina/as-cittadella/201186532,2011,35,serie_b
Crotone,Frosinone,4-1,https://www.besoccer.com/match/fc-crotone/frosinone-calcio/201186533,2011,35,serie_b
Varese,Grosseto,3-1,https://www.besoccer.com/match/as-varese-1910/us-grosseto/201186534,2011,35,serie_b
Triestina ,Livorno,0-0,https://www.besoccer.com/match/us-triestina-calcio/livorno/201186535,2011,35,serie_b
Piacenza,Pescara,0-2,https://www.besoccer.com/match/piacenza/pescara-calcio/201186537,2011,35,serie_b
Padova,Calcio Portogruaro-Summaga,3-1,https://www.besoccer.com/match/calcio-padova/calcio-portogruaro-summaga/201186538,2011,35,serie_b
Ascoli,Sassuolo,0-0,https://www.besoccer.com/match/ascoli/us-sassuolo-calcio/201186539,2011,35,serie_b
AlbinoLeffe,Torino,1-2,https://www.besoccer.com/match/uc-albinoleffe/torino-fc/201186540,2011,35,serie_b
Siena,Vicenza ,2-0,https://www.besoccer.com/match/siena/vicenza-calcio/201186541,2011,35,serie_b
Modena,Atalanta,1-2,https://www.besoccer.com/match/modena-fc/atalanta/201186531,2011,35,serie_b
Livorno,Crotone,1-2,https://www.besoccer.com/match/livorno/fc-crotone/201186543,2011,36,serie_b
Cittadella,AlbinoLeffe,0-4,https://www.besoccer.com/match/as-cittadella/uc-albinoleffe/201186542,2011,36,serie_b
Atalanta,Empoli,1-2,https://www.besoccer.com/match/atalanta/empoli-fc/201186544,2011,36,serie_b
Vicenza ,Modena,1-1,https://www.besoccer.com/match/vicenza-calcio/modena-fc/201186545,2011,36,serie_b
Frosinone,Padova,1-1,https://www.besoccer.com/match/frosinone-calcio/calcio-padova/201186546,2011,36,serie_b
Ascoli,Pescara,1-0,https://www.besoccer.com/match/ascoli/pescara-calcio/201186547,2011,36,serie_b
Novara,Piacenza,2-2,https://www.besoccer.com/match/novara-calcio/piacenza/201186548,2011,36,serie_b
Grosseto,Siena,0-1,https://www.besoccer.com/match/us-grosseto/siena/201186550,2011,36,serie_b
Calcio Portogruaro-Summaga,Triestina ,1-2,https://www.besoccer.com/match/calcio-portogruaro-summaga/us-triestina-calcio/201186551,2011,36,serie_b
Sassuolo,Varese,1-1,https://www.besoccer.com/match/us-sassuolo-calcio/as-varese-1910/201186552,2011,36,serie_b
Torino,Reggina,1-1,https://www.besoccer.com/match/torino-fc/reggina/201186549,2011,36,serie_b
Padova,Vicenza ,4-1,https://www.besoccer.com/match/calcio-padova/vicenza-calcio/201186563,2011,37,serie_b
Pescara,Frosinone,1-1,https://www.besoccer.com/match/pescara-calcio/frosinone-calcio/201186556,2011,37,serie_b
Varese,Ascoli,1-1,https://www.besoccer.com/match/as-varese-1910/ascoli/201186553,2011,37,serie_b
Crotone,Atalanta,2-2,https://www.besoccer.com/match/fc-crotone/atalanta/201186554,2011,37,serie_b
Piacenza,Cittadella,0-2,https://www.besoccer.com/match/piacenza/as-cittadella/201186555,2011,37,serie_b
AlbinoLeffe,Grosseto,1-1,https://www.besoccer.com/match/uc-albinoleffe/us-grosseto/201186557,2011,37,serie_b
Empoli,Livorno,0-0,https://www.besoccer.com/match/empoli-fc/livorno/201186558,2011,37,serie_b
Reggina,Novara,1-0,https://www.besoccer.com/match/reggina/novara-calcio/201186559,2011,37,serie_b
Siena,Calcio Portogruaro-Summaga,1-2,https://www.besoccer.com/match/siena/calcio-portogruaro-summaga/201186560,2011,37,serie_b
Triestina ,Sassuolo,2-1,https://www.besoccer.com/match/us-triestina-calcio/us-sassuolo-calcio/201186561,2011,37,serie_b
Modena,Torino,1-1,https://www.besoccer.com/match/modena-fc/torino-fc/201186562,2011,37,serie_b
Livorno,Atalanta,2-1,https://www.besoccer.com/match/livorno/atalanta/201186564,2011,38,serie_b
Vicenza ,Crotone,1-2,https://www.besoccer.com/match/vicenza-calcio/fc-crotone/201186565,2011,38,serie_b
Sassuolo,Empoli,1-0,https://www.besoccer.com/match/us-sassuolo-calcio/empoli-fc/201186566,2011,38,serie_b
Ascoli,Frosinone,3-1,https://www.besoccer.com/match/ascoli/frosinone-calcio/201186567,2011,38,serie_b
Cittadella,Modena,1-1,https://www.besoccer.com/match/as-cittadella/modena-fc/201186568,2011,38,serie_b
Varese,Padova,0-0,https://www.besoccer.com/match/as-varese-1910/calcio-padova/201186569,2011,38,serie_b
Calcio Portogruaro-Summaga,Pescara,1-2,https://www.besoccer.com/match/calcio-portogruaro-summaga/pescara-calcio/201186570,2011,38,serie_b
Torino,Piacenza,1-1,https://www.besoccer.com/match/torino-fc/piacenza/201186571,2011,38,serie_b
Grosseto,Triestina ,2-0,https://www.besoccer.com/match/us-grosseto/us-triestina-calcio/201186574,2011,38,serie_b
Novara,Siena,2-2,https://www.besoccer.com/match/novara-calcio/siena/201186573,2011,38,serie_b
AlbinoLeffe,Reggina,1-3,https://www.besoccer.com/match/uc-albinoleffe/reggina/201186572,2011,38,serie_b
Pescara,Livorno,0-1,https://www.besoccer.com/match/pescara-calcio/livorno/201186579,2011,39,serie_b
Empoli,AlbinoLeffe,3-1,https://www.besoccer.com/match/empoli-fc/uc-albinoleffe/201186575,2011,39,serie_b
Padova,Ascoli,3-1,https://www.besoccer.com/match/calcio-padova/ascoli/201186576,2011,39,serie_b
Triestina ,Cittadella,3-2,https://www.besoccer.com/match/us-triestina-calcio/as-cittadella/201186577,2011,39,serie_b
Modena,Grosseto,1-1,https://www.besoccer.com/match/modena-fc/us-grosseto/201186578,2011,39,serie_b
Crotone,Novara,0-3,https://www.besoccer.com/match/fc-crotone/novara-calcio/201186580,2011,39,serie_b
Atalanta,Calcio Portogruaro-Summaga,4-1,https://www.besoccer.com/match/atalanta/calcio-portogruaro-summaga/201186581,2011,39,serie_b
Piacenza,Sassuolo,1-0,https://www.besoccer.com/match/piacenza/us-sassuolo-calcio/201186582,2011,39,serie_b
Siena,Torino,2-2,https://www.besoccer.com/match/siena/torino-fc/201186583,2011,39,serie_b
Frosinone,Vicenza ,4-0,https://www.besoccer.com/match/frosinone-calcio/vicenza-calcio/201186585,2011,39,serie_b
Reggina,Varese,1-1,https://www.besoccer.com/match/reggina/as-varese-1910/201186584,2011,39,serie_b
Ascoli,Siena,3-2,https://www.besoccer.com/match/ascoli/siena/201186595,2011,40,serie_b
Cittadella,Crotone,1-0,https://www.besoccer.com/match/as-cittadella/fc-crotone/201186587,2011,40,serie_b
Calcio Portogruaro-Summaga,Empoli,0-1,https://www.besoccer.com/match/calcio-portogruaro-summaga/empoli-fc/201186588,2011,40,serie_b
Novara,Frosinone,2-1,https://www.besoccer.com/match/novara-calcio/frosinone-calcio/201186589,2011,40,serie_b
Varese,Modena,3-0,https://www.besoccer.com/match/as-varese-1910/modena-fc/201186590,2011,40,serie_b
Sassuolo,Padova,0-1,https://www.besoccer.com/match/us-sassuolo-calcio/calcio-padova/201186591,2011,40,serie_b
Vicenza ,Pescara,2-2,https://www.besoccer.com/match/vicenza-calcio/pescara-calcio/201186592,2011,40,serie_b
Livorno,Piacenza,1-0,https://www.besoccer.com/match/livorno/piacenza/201186593,2011,40,serie_b
Torino,Triestina ,2-0,https://www.besoccer.com/match/torino-fc/us-triestina-calcio/201186596,2011,40,serie_b
Grosseto,Reggina,0-1,https://www.besoccer.com/match/us-grosseto/reggina/201186594,2011,40,serie_b
AlbinoLeffe,Atalanta,2-3,https://www.besoccer.com/match/uc-albinoleffe/atalanta/201186586,2011,40,serie_b
Empoli,Torino,1-1,https://www.besoccer.com/match/empoli-fc/torino-fc/201186605,2011,41,serie_b
Piacenza,AlbinoLeffe,1-3,https://www.besoccer.com/match/piacenza/uc-albinoleffe/201186597,2011,41,serie_b
Reggina,Ascoli,0-0,https://www.besoccer.com/match/reggina/ascoli/201186598,2011,41,serie_b
Atalanta,Cittadella,2-2,https://www.besoccer.com/match/atalanta/as-cittadella/201186599,2011,41,serie_b
Crotone,Grosseto,0-0,https://www.besoccer.com/match/fc-crotone/us-grosseto/201186600,2011,41,serie_b
Padova,Livorno,3-2,https://www.besoccer.com/match/calcio-padova/livorno/201186601,2011,41,serie_b
Pescara,Novara,1-2,https://www.besoccer.com/match/pescara-calcio/novara-calcio/201186602,2011,41,serie_b
Modena,Calcio Portogruaro-Summaga,3-1,https://www.besoccer.com/match/modena-fc/calcio-portogruaro-summaga/201186603,2011,41,serie_b
Frosinone,Sassuolo,1-2,https://www.besoccer.com/match/frosinone-calcio/us-sassuolo-calcio/201186604,2011,41,serie_b
Triestina ,Vicenza ,0-1,https://www.besoccer.com/match/us-triestina-calcio/vicenza-calcio/201186607,2011,41,serie_b
Siena,Varese,5-0,https://www.besoccer.com/match/siena/as-varese-1910/201186606,2011,41,serie_b
Grosseto,Atalanta,1-1,https://www.besoccer.com/match/us-grosseto/atalanta/201186608,2011,42,serie_b
Calcio Portogruaro-Summaga,Crotone,2-3,https://www.besoccer.com/match/calcio-portogruaro-summaga/fc-crotone/201186609,2011,42,serie_b
Vicenza ,Empoli,1-1,https://www.besoccer.com/match/vicenza-calcio/empoli-fc/201186610,2011,42,serie_b
Livorno,Frosinone,2-1,https://www.besoccer.com/match/livorno/frosinone-calcio/201186611,2011,42,serie_b
Novara,Modena,2-3,https://www.besoccer.com/match/novara-calcio/modena-fc/201186612,2011,42,serie_b
Torino,Padova,0-2,https://www.besoccer.com/match/torino-fc/calcio-padova/201186613,2011,42,serie_b
Cittadella,Pescara,3-2,https://www.besoccer.com/match/as-cittadella/pescara-calcio/201186614,2011,42,serie_b
Varese,Piacenza,1-0,https://www.besoccer.com/match/as-varese-1910/piacenza/201186615,2011,42,serie_b
Sassuolo,Reggina,3-2,https://www.besoccer.com/match/us-sassuolo-calcio/reggina/201186616,2011,42,serie_b
AlbinoLeffe,Siena,1-0,https://www.besoccer.com/match/uc-albinoleffe/siena/201186617,2011,42,serie_b
Ascoli,Triestina ,3-0,https://www.besoccer.com/match/ascoli/us-triestina-calcio/201186618,2011,42,serie_b
