Home_Team,Away_Team,Result,Link,Season,Round,League
Alavés,Real Betis,0-0,https://www.besoccer.com/match/alaves/betis/199914396,1999,1,primera_division
Valencia,Atlético,1-0,https://www.besoccer.com/match/valencia-cf/atletico-madrid/199914395,1999,1,primera_division
R. Sociedad,Real Oviedo,3-3,https://www.besoccer.com/match/real-sociedad/real-oviedo/199914397,1999,1,primera_division
Real Zaragoza,Athletic,2-0,https://www.besoccer.com/match/real-zaragoza/athletic-bilbao/199914398,1999,1,primera_division
CF Extremadura,Real Valladolid,0-0,https://www.besoccer.com/match/cf-extremadura/valladolid/199914400,1999,1,primera_division
Celta,Deportivo,0-0,https://www.besoccer.com/match/celta/deportivo/199914401,1999,1,primera_division
Espanyol,Tenerife,2-1,https://www.besoccer.com/match/espanyol/tenerife/199914402,1999,1,primera_division
UD Salamanca,Mallorca,0-0,https://www.besoccer.com/match/salamanca/mallorca/199914403,1999,1,primera_division
Racing,Barcelona,0-0,https://www.besoccer.com/match/racing/barcelona/199914399,1999,1,primera_division
Real Madrid,Villarreal,4-1,https://www.besoccer.com/match/real-madrid/villarreal/199914404,1999,1,primera_division
Atlético,UD Salamanca,2-0,https://www.besoccer.com/match/atletico-madrid/salamanca/199914410,1999,2,primera_division
Real Valladolid,Real Madrid,0-1,https://www.besoccer.com/match/valladolid/real-madrid/199914412,1999,2,primera_division
Athletic,Racing,2-0,https://www.besoccer.com/match/athletic-bilbao/racing/199914408,1999,2,primera_division
Barcelona,CF Extremadura,1-0,https://www.besoccer.com/match/barcelona/cf-extremadura/199914405,1999,2,primera_division
Deportivo,Valencia,1-0,https://www.besoccer.com/match/deportivo/valencia-cf/199914406,1999,2,primera_division
Villarreal,Celta,1-1,https://www.besoccer.com/match/villarreal/celta/199914409,1999,2,primera_division
Tenerife,R. Sociedad,2-2,https://www.besoccer.com/match/tenerife/real-sociedad/199914411,1999,2,primera_division
Real Betis,Real Zaragoza,1-3,https://www.besoccer.com/match/betis/real-zaragoza/199914407,1999,2,primera_division
Real Oviedo,Alavés,1-0,https://www.besoccer.com/match/real-oviedo/alaves/199914413,1999,2,primera_division
Mallorca,Espanyol,2-0,https://www.besoccer.com/match/mallorca/espanyol/199914414,1999,2,primera_division
Real Madrid,Barcelona,2-2,https://www.besoccer.com/match/real-madrid/barcelona/199914415,1999,3,primera_division
Alavés,Real Zaragoza,1-0,https://www.besoccer.com/match/alaves/real-zaragoza/199914416,1999,3,primera_division
UD Salamanca,Deportivo,3-1,https://www.besoccer.com/match/salamanca/deportivo/199914423,1999,3,primera_division
Real Oviedo,Tenerife,0-1,https://www.besoccer.com/match/real-oviedo/tenerife/199914422,1999,3,primera_division
Racing,Real Betis,1-0,https://www.besoccer.com/match/racing/betis/199914417,1999,3,primera_division
CF Extremadura,Athletic,0-1,https://www.besoccer.com/match/cf-extremadura/athletic-bilbao/199914418,1999,3,primera_division
Celta,Real Valladolid,0-0,https://www.besoccer.com/match/celta/valladolid/199914419,1999,3,primera_division
Valencia,Villarreal,1-0,https://www.besoccer.com/match/valencia-cf/villarreal/199914420,1999,3,primera_division
R. Sociedad,Mallorca,0-1,https://www.besoccer.com/match/real-sociedad/mallorca/199914421,1999,3,primera_division
Espanyol,Atlético,1-1,https://www.besoccer.com/match/espanyol/atletico-madrid/199914424,1999,3,primera_division
Real Valladolid,Valencia,3-1,https://www.besoccer.com/match/valladolid/valencia-cf/199914427,1999,4,primera_division
Athletic,Real Madrid,2-3,https://www.besoccer.com/match/athletic-bilbao/real-madrid/199914428,1999,4,primera_division
Barcelona,Celta,2-2,https://www.besoccer.com/match/barcelona/celta/199914426,1999,4,primera_division
Atlético,R. Sociedad,4-1,https://www.besoccer.com/match/atletico-madrid/real-sociedad/199914429,1999,4,primera_division
Real Betis,CF Extremadura,1-1,https://www.besoccer.com/match/betis/cf-extremadura/199914425,1999,4,primera_division
Deportivo,Espanyol,1-0,https://www.besoccer.com/match/deportivo/espanyol/199914430,1999,4,primera_division
Villarreal,UD Salamanca,5-0,https://www.besoccer.com/match/villarreal/salamanca/199914431,1999,4,primera_division
Tenerife,Alavés,1-2,https://www.besoccer.com/match/tenerife/alaves/199914432,1999,4,primera_division
Mallorca,Real Oviedo,0-0,https://www.besoccer.com/match/mallorca/real-oviedo/199914434,1999,4,primera_division
Real Zaragoza,Racing,3-1,https://www.besoccer.com/match/real-zaragoza/racing/199914433,1999,4,primera_division
Valencia,Barcelona,1-3,https://www.besoccer.com/match/valencia-cf/barcelona/199914435,1999,5,primera_division
R. Sociedad,Deportivo,2-0,https://www.besoccer.com/match/real-sociedad/deportivo/199914436,1999,5,primera_division
Alavés,Racing,0-1,https://www.besoccer.com/match/alaves/racing/199914439,1999,5,primera_division
CF Extremadura,Real Zaragoza,0-2,https://www.besoccer.com/match/cf-extremadura/real-zaragoza/199914440,1999,5,primera_division
Celta,Athletic,3-2,https://www.besoccer.com/match/celta/athletic-bilbao/199914441,1999,5,primera_division
Espanyol,Villarreal,1-1,https://www.besoccer.com/match/espanyol/villarreal/199914442,1999,5,primera_division
Real Oviedo,Atlético,3-1,https://www.besoccer.com/match/real-oviedo/atletico-madrid/199914443,1999,5,primera_division
UD Salamanca,Real Valladolid,1-0,https://www.besoccer.com/match/salamanca/valladolid/199914444,1999,5,primera_division
Tenerife,Mallorca,1-1,https://www.besoccer.com/match/tenerife/mallorca/199914438,1999,5,primera_division
Real Madrid,Real Betis,0-1,https://www.besoccer.com/match/real-madrid/betis/199914437,1999,5,primera_division
Barcelona,UD Salamanca,1-1,https://www.besoccer.com/match/barcelona/salamanca/199914445,1999,6,primera_division
Real Zaragoza,Real Madrid,3-4,https://www.besoccer.com/match/real-zaragoza/real-madrid/199914446,1999,6,primera_division
Villarreal,R. Sociedad,1-1,https://www.besoccer.com/match/villarreal/real-sociedad/199914447,1999,6,primera_division
Real Betis,Celta,0-3,https://www.besoccer.com/match/betis/celta/199914448,1999,6,primera_division
Atlético,Tenerife,2-0,https://www.besoccer.com/match/atletico-madrid/tenerife/199914449,1999,6,primera_division
Athletic,Valencia,2-0,https://www.besoccer.com/match/athletic-bilbao/valencia-cf/199914450,1999,6,primera_division
Deportivo,Real Oviedo,4-0,https://www.besoccer.com/match/deportivo/real-oviedo/199914451,1999,6,primera_division
Real Valladolid,Espanyol,2-1,https://www.besoccer.com/match/valladolid/espanyol/199914452,1999,6,primera_division
Racing,CF Extremadura,3-1,https://www.besoccer.com/match/racing/cf-extremadura/199914453,1999,6,primera_division
Mallorca,Alavés,2-1,https://www.besoccer.com/match/mallorca/alaves/199914454,1999,6,primera_division
Celta,Real Zaragoza,2-0,https://www.besoccer.com/match/celta/real-zaragoza/199914455,1999,7,primera_division
Valencia,Real Betis,5-1,https://www.besoccer.com/match/valencia-cf/betis/199914456,1999,7,primera_division
Alavés,CF Extremadura,0-1,https://www.besoccer.com/match/alaves/cf-extremadura/199914457,1999,7,primera_division
UD Salamanca,Athletic,2-1,https://www.besoccer.com/match/salamanca/athletic-bilbao/199914458,1999,7,primera_division
Espanyol,Barcelona,1-2,https://www.besoccer.com/match/espanyol/barcelona/199914459,1999,7,primera_division
R. Sociedad,Real Valladolid,1-0,https://www.besoccer.com/match/real-sociedad/valladolid/199914460,1999,7,primera_division
Tenerife,Deportivo,1-1,https://www.besoccer.com/match/tenerife/deportivo/199914461,1999,7,primera_division
Mallorca,Atlético,4-0,https://www.besoccer.com/match/mallorca/atletico-madrid/199914462,1999,7,primera_division
Real Oviedo,Villarreal,0-0,https://www.besoccer.com/match/real-oviedo/villarreal/199914463,1999,7,primera_division
Real Madrid,Racing,2-2,https://www.besoccer.com/match/real-madrid/racing/199914464,1999,7,primera_division
Athletic,Espanyol,2-2,https://www.besoccer.com/match/athletic-bilbao/espanyol/199914465,1999,8,primera_division
CF Extremadura,Real Madrid,1-5,https://www.besoccer.com/match/cf-extremadura/real-madrid/199914466,1999,8,primera_division
Racing,Celta,2-2,https://www.besoccer.com/match/racing/celta/199914467,1999,8,primera_division
Real Betis,UD Salamanca,1-0,https://www.besoccer.com/match/betis/salamanca/199914468,1999,8,primera_division
Barcelona,R. Sociedad,4-1,https://www.besoccer.com/match/barcelona/real-sociedad/199914469,1999,8,primera_division
Atlético,Alavés,3-0,https://www.besoccer.com/match/atletico-madrid/alaves/199914470,1999,8,primera_division
Real Zaragoza,Valencia,1-4,https://www.besoccer.com/match/real-zaragoza/valencia-cf/199914471,1999,8,primera_division
Real Valladolid,Real Oviedo,2-1,https://www.besoccer.com/match/valladolid/real-oviedo/199914472,1999,8,primera_division
Villarreal,Tenerife,2-5,https://www.besoccer.com/match/villarreal/tenerife/199914473,1999,8,primera_division
Deportivo,Mallorca,1-1,https://www.besoccer.com/match/deportivo/mallorca/199914474,1999,8,primera_division
Espanyol,Real Betis,1-0,https://www.besoccer.com/match/espanyol/betis/199914475,1999,9,primera_division
UD Salamanca,Real Zaragoza,1-2,https://www.besoccer.com/match/salamanca/real-zaragoza/199914476,1999,9,primera_division
Alavés,Real Madrid,1-1,https://www.besoccer.com/match/alaves/real-madrid/199914477,1999,9,primera_division
Tenerife,Real Valladolid,2-2,https://www.besoccer.com/match/tenerife/valladolid/199914478,1999,9,primera_division
Celta,CF Extremadura,5-1,https://www.besoccer.com/match/celta/cf-extremadura/199914479,1999,9,primera_division
Mallorca,Villarreal,1-0,https://www.besoccer.com/match/mallorca/villarreal/199914480,1999,9,primera_division
Atlético,Deportivo,1-1,https://www.besoccer.com/match/atletico-madrid/deportivo/199914481,1999,9,primera_division
R. Sociedad,Athletic,3-1,https://www.besoccer.com/match/real-sociedad/athletic-bilbao/199914482,1999,9,primera_division
Real Oviedo,Barcelona,2-1,https://www.besoccer.com/match/real-oviedo/barcelona/199914483,1999,9,primera_division
Valencia,Racing,3-0,https://www.besoccer.com/match/valencia-cf/racing/199914484,1999,9,primera_division
Real Madrid,Celta,1-2,https://www.besoccer.com/match/real-madrid/celta/199914485,1999,10,primera_division
Real Valladolid,Mallorca,1-0,https://www.besoccer.com/match/valladolid/mallorca/199914486,1999,10,primera_division
Villarreal,Atlético,2-1,https://www.besoccer.com/match/villarreal/atletico-madrid/199914487,1999,10,primera_division
CF Extremadura,Valencia,1-0,https://www.besoccer.com/match/cf-extremadura/valencia-cf/199914488,1999,10,primera_division
Racing,UD Salamanca,4-1,https://www.besoccer.com/match/racing/salamanca/199914489,1999,10,primera_division
Real Zaragoza,Espanyol,0-3,https://www.besoccer.com/match/real-zaragoza/espanyol/199914490,1999,10,primera_division
Barcelona,Tenerife,4-1,https://www.besoccer.com/match/barcelona/tenerife/199914491,1999,10,primera_division
Deportivo,Alavés,2-2,https://www.besoccer.com/match/deportivo/alaves/199914492,1999,10,primera_division
Athletic,Real Oviedo,3-5,https://www.besoccer.com/match/athletic-bilbao/real-oviedo/199914493,1999,10,primera_division
Real Betis,R. Sociedad,1-0,https://www.besoccer.com/match/betis/real-sociedad/199914494,1999,10,primera_division
Tenerife,Athletic,0-1,https://www.besoccer.com/match/tenerife/athletic-bilbao/199914495,1999,11,primera_division
R. Sociedad,Real Zaragoza,0-0,https://www.besoccer.com/match/real-sociedad/real-zaragoza/199914496,1999,11,primera_division
Alavés,Celta,2-0,https://www.besoccer.com/match/alaves/celta/199914497,1999,11,primera_division
Valencia,Real Madrid,3-1,https://www.besoccer.com/match/valencia-cf/real-madrid/199914498,1999,11,primera_division
Mallorca,Barcelona,1-0,https://www.besoccer.com/match/mallorca/barcelona/199914499,1999,11,primera_division
Atlético,Real Valladolid,6-1,https://www.besoccer.com/match/atletico-madrid/valladolid/199914500,1999,11,primera_division
Real Oviedo,Real Betis,0-1,https://www.besoccer.com/match/real-oviedo/betis/199914501,1999,11,primera_division
Deportivo,Villarreal,2-1,https://www.besoccer.com/match/deportivo/villarreal/199914502,1999,11,primera_division
UD Salamanca,CF Extremadura,2-1,https://www.besoccer.com/match/salamanca/cf-extremadura/199914503,1999,11,primera_division
Espanyol,Racing,1-1,https://www.besoccer.com/match/espanyol/racing/199914504,1999,11,primera_division
Barcelona,Atlético,0-1,https://www.besoccer.com/match/barcelona/atletico-madrid/199914505,1999,12,primera_division
Real Betis,Tenerife,1-0,https://www.besoccer.com/match/betis/tenerife/199914506,1999,12,primera_division
Celta,Valencia,2-2,https://www.besoccer.com/match/celta/valencia-cf/199914507,1999,12,primera_division
CF Extremadura,Espanyol,1-0,https://www.besoccer.com/match/cf-extremadura/espanyol/199914508,1999,12,primera_division
Real Zaragoza,Real Oviedo,1-0,https://www.besoccer.com/match/real-zaragoza/real-oviedo/199914509,1999,12,primera_division
Athletic,Mallorca,1-0,https://www.besoccer.com/match/athletic-bilbao/mallorca/199914510,1999,12,primera_division
Real Valladolid,Deportivo,0-1,https://www.besoccer.com/match/valladolid/deportivo/199914511,1999,12,primera_division
Villarreal,Alavés,2-0,https://www.besoccer.com/match/villarreal/alaves/199914512,1999,12,primera_division
Racing,R. Sociedad,0-1,https://www.besoccer.com/match/racing/real-sociedad/199914513,1999,12,primera_division
Real Madrid,UD Salamanca,3-1,https://www.besoccer.com/match/real-madrid/salamanca/199914514,1999,12,primera_division
UD Salamanca,Celta,1-1,https://www.besoccer.com/match/salamanca/celta/199914515,1999,13,primera_division
Espanyol,Real Madrid,0-0,https://www.besoccer.com/match/espanyol/real-madrid/199914516,1999,13,primera_division
R. Sociedad,CF Extremadura,2-0,https://www.besoccer.com/match/real-sociedad/cf-extremadura/199914517,1999,13,primera_division
Mallorca,Real Betis,1-0,https://www.besoccer.com/match/mallorca/betis/199914518,1999,13,primera_division
Deportivo,Barcelona,2-1,https://www.besoccer.com/match/deportivo/barcelona/199914519,1999,13,primera_division
Atlético,Athletic,0-0,https://www.besoccer.com/match/atletico-madrid/athletic-bilbao/199914520,1999,13,primera_division
Alavés,Valencia,0-1,https://www.besoccer.com/match/alaves/valencia-cf/199914521,1999,13,primera_division
Tenerife,Real Zaragoza,1-1,https://www.besoccer.com/match/tenerife/real-zaragoza/199914522,1999,13,primera_division
Villarreal,Real Valladolid,2-1,https://www.besoccer.com/match/villarreal/valladolid/199914523,1999,13,primera_division
Real Oviedo,Racing,1-0,https://www.besoccer.com/match/real-oviedo/racing/199914524,1999,13,primera_division
Real Betis,Atlético,0-0,https://www.besoccer.com/match/betis/atletico-madrid/199914525,1999,14,primera_division
Real Madrid,R. Sociedad,3-2,https://www.besoccer.com/match/real-madrid/real-sociedad/199914526,1999,14,primera_division
Racing,Tenerife,0-0,https://www.besoccer.com/match/racing/tenerife/199914527,1999,14,primera_division
Barcelona,Villarreal,1-3,https://www.besoccer.com/match/barcelona/villarreal/199914528,1999,14,primera_division
Real Valladolid,Alavés,3-0,https://www.besoccer.com/match/valladolid/alaves/199914529,1999,14,primera_division
CF Extremadura,Real Oviedo,0-1,https://www.besoccer.com/match/cf-extremadura/real-oviedo/199914530,1999,14,primera_division
Real Zaragoza,Mallorca,0-1,https://www.besoccer.com/match/real-zaragoza/mallorca/199914531,1999,14,primera_division
Athletic,Deportivo,2-1,https://www.besoccer.com/match/athletic-bilbao/deportivo/199914532,1999,14,primera_division
Valencia,UD Salamanca,1-0,https://www.besoccer.com/match/valencia-cf/salamanca/199914533,1999,14,primera_division
Celta,Espanyol,2-0,https://www.besoccer.com/match/celta/espanyol/199914534,1999,14,primera_division
Deportivo,Real Betis,2-2,https://www.besoccer.com/match/deportivo/betis/199914535,1999,15,primera_division
Mallorca,Racing,1-1,https://www.besoccer.com/match/mallorca/racing/199914536,1999,15,primera_division
Alavés,UD Salamanca,1-0,https://www.besoccer.com/match/alaves/salamanca/199914537,1999,15,primera_division
Tenerife,CF Extremadura,1-1,https://www.besoccer.com/match/tenerife/cf-extremadura/199914538,1999,15,primera_division
Espanyol,Valencia,2-1,https://www.besoccer.com/match/espanyol/valencia-cf/199914539,1999,15,primera_division
Real Oviedo,Real Madrid,1-0,https://www.besoccer.com/match/real-oviedo/real-madrid/199914540,1999,15,primera_division
Real Valladolid,Barcelona,0-1,https://www.besoccer.com/match/valladolid/barcelona/199914541,1999,15,primera_division
Atlético,Real Zaragoza,0-0,https://www.besoccer.com/match/atletico-madrid/real-zaragoza/199914542,1999,15,primera_division
Villarreal,Athletic,0-1,https://www.besoccer.com/match/villarreal/athletic-bilbao/199914543,1999,15,primera_division
R. Sociedad,Celta,2-0,https://www.besoccer.com/match/real-sociedad/celta/199914544,1999,15,primera_division
Valencia,R. Sociedad,2-0,https://www.besoccer.com/match/valencia-cf/real-sociedad/199914545,1999,16,primera_division
CF Extremadura,Mallorca,1-0,https://www.besoccer.com/match/cf-extremadura/mallorca/199914546,1999,16,primera_division
UD Salamanca,Espanyol,2-3,https://www.besoccer.com/match/salamanca/espanyol/199914547,1999,16,primera_division
Celta,Real Oviedo,6-2,https://www.besoccer.com/match/celta/real-oviedo/199914548,1999,16,primera_division
Real Madrid,Tenerife,4-0,https://www.besoccer.com/match/real-madrid/tenerife/199914549,1999,16,primera_division
Racing,Atlético,2-3,https://www.besoccer.com/match/racing/atletico-madrid/199914550,1999,16,primera_division
Real Betis,Villarreal,4-1,https://www.besoccer.com/match/betis/villarreal/199914551,1999,16,primera_division
Athletic,Real Valladolid,2-1,https://www.besoccer.com/match/athletic-bilbao/valladolid/199914552,1999,16,primera_division
Real Zaragoza,Deportivo,3-1,https://www.besoccer.com/match/real-zaragoza/deportivo/199914553,1999,16,primera_division
Barcelona,Alavés,7-1,https://www.besoccer.com/match/barcelona/alaves/199914554,1999,16,primera_division
Barcelona,Athletic,4-2,https://www.besoccer.com/match/barcelona/athletic-bilbao/199914555,1999,17,primera_division
Tenerife,Celta,0-2,https://www.besoccer.com/match/tenerife/celta/199914556,1999,17,primera_division
Alavés,Espanyol,1-1,https://www.besoccer.com/match/alaves/espanyol/199914557,1999,17,primera_division
Atlético,CF Extremadura,5-0,https://www.besoccer.com/match/atletico-madrid/cf-extremadura/199914558,1999,17,primera_division
R. Sociedad,UD Salamanca,4-0,https://www.besoccer.com/match/real-sociedad/salamanca/199914559,1999,17,primera_division
Real Oviedo,Valencia,2-2,https://www.besoccer.com/match/real-oviedo/valencia-cf/199914560,1999,17,primera_division
Deportivo,Racing,1-2,https://www.besoccer.com/match/deportivo/racing/199914561,1999,17,primera_division
Villarreal,Real Zaragoza,1-1,https://www.besoccer.com/match/villarreal/real-zaragoza/199914562,1999,17,primera_division
Real Valladolid,Real Betis,0-3,https://www.besoccer.com/match/valladolid/betis/199914563,1999,17,primera_division
Mallorca,Real Madrid,2-1,https://www.besoccer.com/match/mallorca/real-madrid/199914564,1999,17,primera_division
Celta,Mallorca,4-2,https://www.besoccer.com/match/celta/mallorca/199914565,1999,18,primera_division
CF Extremadura,Deportivo,1-2,https://www.besoccer.com/match/cf-extremadura/deportivo/199914566,1999,18,primera_division
Real Betis,Barcelona,0-3,https://www.besoccer.com/match/betis/barcelona/199914567,1999,18,primera_division
Espanyol,R. Sociedad,0-0,https://www.besoccer.com/match/espanyol/real-sociedad/199914568,1999,18,primera_division
UD Salamanca,Real Oviedo,1-1,https://www.besoccer.com/match/salamanca/real-oviedo/199914569,1999,18,primera_division
Real Madrid,Atlético,4-2,https://www.besoccer.com/match/real-madrid/atletico-madrid/199914570,1999,18,primera_division
Racing,Villarreal,1-2,https://www.besoccer.com/match/racing/villarreal/199914571,1999,18,primera_division
Real Zaragoza,Real Valladolid,2-0,https://www.besoccer.com/match/real-zaragoza/valladolid/199914572,1999,18,primera_division
Alavés,Athletic,1-2,https://www.besoccer.com/match/alaves/athletic-bilbao/199914573,1999,18,primera_division
Valencia,Tenerife,1-1,https://www.besoccer.com/match/valencia-cf/tenerife/199914574,1999,18,primera_division
Athletic,Real Betis,0-0,https://www.besoccer.com/match/athletic-bilbao/betis/199914575,1999,19,primera_division
Deportivo,Real Madrid,4-0,https://www.besoccer.com/match/deportivo/real-madrid/199914576,1999,19,primera_division
Real Oviedo,Espanyol,1-1,https://www.besoccer.com/match/real-oviedo/espanyol/199914577,1999,19,primera_division
Tenerife,UD Salamanca,1-0,https://www.besoccer.com/match/tenerife/salamanca/199914578,1999,19,primera_division
Villarreal,CF Extremadura,1-1,https://www.besoccer.com/match/villarreal/cf-extremadura/199914579,1999,19,primera_division
R. Sociedad,Alavés,2-1,https://www.besoccer.com/match/real-sociedad/alaves/199914580,1999,19,primera_division
Mallorca,Valencia,0-1,https://www.besoccer.com/match/mallorca/valencia-cf/199914581,1999,19,primera_division
Atlético,Celta,2-1,https://www.besoccer.com/match/atletico-madrid/celta/199914582,1999,19,primera_division
Real Valladolid,Racing,0-0,https://www.besoccer.com/match/valladolid/racing/199914583,1999,19,primera_division
Barcelona,Real Zaragoza,3-1,https://www.besoccer.com/match/barcelona/real-zaragoza/199914584,1999,19,primera_division
Atlético,Valencia,1-2,https://www.besoccer.com/match/atletico-madrid/valencia-cf/199914585,1999,20,primera_division
Athletic,Real Zaragoza,2-0,https://www.besoccer.com/match/athletic-bilbao/real-zaragoza/199914586,1999,20,primera_division
Mallorca,UD Salamanca,1-0,https://www.besoccer.com/match/mallorca/salamanca/199914587,1999,20,primera_division
Real Oviedo,R. Sociedad,2-1,https://www.besoccer.com/match/real-oviedo/real-sociedad/199914588,1999,20,primera_division
Villarreal,Real Madrid,0-2,https://www.besoccer.com/match/villarreal/real-madrid/199914589,1999,20,primera_division
Real Betis,Alavés,1-0,https://www.besoccer.com/match/betis/alaves/199914590,1999,20,primera_division
Barcelona,Racing,3-2,https://www.besoccer.com/match/barcelona/racing/199914591,1999,20,primera_division
Tenerife,Espanyol,0-0,https://www.besoccer.com/match/tenerife/espanyol/199914592,1999,20,primera_division
Real Valladolid,CF Extremadura,0-0,https://www.besoccer.com/match/valladolid/cf-extremadura/199914593,1999,20,primera_division
Deportivo,Celta,2-1,https://www.besoccer.com/match/deportivo/celta/199914594,1999,20,primera_division
Valencia,Deportivo,0-0,https://www.besoccer.com/match/valencia-cf/deportivo/199914595,1999,21,primera_division
Celta,Villarreal,4-1,https://www.besoccer.com/match/celta/villarreal/199914596,1999,21,primera_division
Racing,Athletic,2-0,https://www.besoccer.com/match/racing/athletic-bilbao/199914597,1999,21,primera_division
CF Extremadura,Barcelona,1-2,https://www.besoccer.com/match/cf-extremadura/barcelona/199914598,1999,21,primera_division
Real Madrid,Real Valladolid,3-2,https://www.besoccer.com/match/real-madrid/valladolid/199914599,1999,21,primera_division
UD Salamanca,Atlético,2-1,https://www.besoccer.com/match/salamanca/atletico-madrid/199914600,1999,21,primera_division
Espanyol,Mallorca,1-0,https://www.besoccer.com/match/espanyol/mallorca/199914601,1999,21,primera_division
R. Sociedad,Tenerife,1-1,https://www.besoccer.com/match/real-sociedad/tenerife/199914602,1999,21,primera_division
Real Zaragoza,Real Betis,2-2,https://www.besoccer.com/match/real-zaragoza/betis/199914603,1999,21,primera_division
Alavés,Real Oviedo,2-2,https://www.besoccer.com/match/alaves/real-oviedo/199914604,1999,21,primera_division
Deportivo,UD Salamanca,1-0,https://www.besoccer.com/match/deportivo/salamanca/199914605,1999,22,primera_division
Mallorca,R. Sociedad,1-0,https://www.besoccer.com/match/mallorca/real-sociedad/199914606,1999,22,primera_division
Atlético,Espanyol,1-2,https://www.besoccer.com/match/atletico-madrid/espanyol/199914607,1999,22,primera_division
Real Valladolid,Celta,2-1,https://www.besoccer.com/match/valladolid/celta/199914608,1999,22,primera_division
Real Zaragoza,Alavés,1-1,https://www.besoccer.com/match/real-zaragoza/alaves/199914609,1999,22,primera_division
Real Betis,Racing,1-1,https://www.besoccer.com/match/betis/racing/199914610,1999,22,primera_division
Athletic,CF Extremadura,0-0,https://www.besoccer.com/match/athletic-bilbao/cf-extremadura/199914611,1999,22,primera_division
Barcelona,Real Madrid,3-0,https://www.besoccer.com/match/barcelona/real-madrid/199914612,1999,22,primera_division
Tenerife,Real Oviedo,0-2,https://www.besoccer.com/match/tenerife/real-oviedo/199914613,1999,22,primera_division
Villarreal,Valencia,1-0,https://www.besoccer.com/match/villarreal/valencia-cf/199914614,1999,22,primera_division
CF Extremadura,Real Betis,2-1,https://www.besoccer.com/match/cf-extremadura/betis/199914615,1999,23,primera_division
Real Madrid,Athletic,0-1,https://www.besoccer.com/match/real-madrid/athletic-bilbao/199914616,1999,23,primera_division
Racing,Real Zaragoza,2-4,https://www.besoccer.com/match/racing/real-zaragoza/199914617,1999,23,primera_division
Real Oviedo,Mallorca,1-3,https://www.besoccer.com/match/real-oviedo/mallorca/199914618,1999,23,primera_division
R. Sociedad,Atlético,3-2,https://www.besoccer.com/match/real-sociedad/atletico-madrid/199914619,1999,23,primera_division
Celta,Barcelona,0-0,https://www.besoccer.com/match/celta/barcelona/199914620,1999,23,primera_division
Valencia,Real Valladolid,0-1,https://www.besoccer.com/match/valencia-cf/valladolid/199914621,1999,23,primera_division
Espanyol,Deportivo,2-2,https://www.besoccer.com/match/espanyol/deportivo/199914622,1999,23,primera_division
Alavés,Tenerife,3-1,https://www.besoccer.com/match/alaves/tenerife/199914623,1999,23,primera_division
UD Salamanca,Villarreal,1-0,https://www.besoccer.com/match/salamanca/villarreal/199914624,1999,23,primera_division
Atlético,Real Oviedo,0-0,https://www.besoccer.com/match/atletico-madrid/real-oviedo/199914625,1999,24,primera_division
Athletic,Celta,0-0,https://www.besoccer.com/match/athletic-bilbao/celta/199914626,1999,24,primera_division
Barcelona,Valencia,2-4,https://www.besoccer.com/match/barcelona/valencia-cf/199914627,1999,24,primera_division
Real Betis,Real Madrid,3-2,https://www.besoccer.com/match/betis/real-madrid/199914628,1999,24,primera_division
Villarreal,Espanyol,2-2,https://www.besoccer.com/match/villarreal/espanyol/199914629,1999,24,primera_division
Mallorca,Tenerife,1-1,https://www.besoccer.com/match/mallorca/tenerife/199914630,1999,24,primera_division
Deportivo,R. Sociedad,0-1,https://www.besoccer.com/match/deportivo/real-sociedad/199914631,1999,24,primera_division
Racing,Alavés,2-0,https://www.besoccer.com/match/racing/alaves/199914632,1999,24,primera_division
Real Zaragoza,CF Extremadura,3-1,https://www.besoccer.com/match/real-zaragoza/cf-extremadura/199914633,1999,24,primera_division
Real Valladolid,UD Salamanca,4-1,https://www.besoccer.com/match/valladolid/salamanca/199914634,1999,24,primera_division
Real Oviedo,Deportivo,1-2,https://www.besoccer.com/match/real-oviedo/deportivo/199914635,1999,25,primera_division
Espanyol,Real Valladolid,0-2,https://www.besoccer.com/match/espanyol/valladolid/199914636,1999,25,primera_division
CF Extremadura,Racing,0-3,https://www.besoccer.com/match/cf-extremadura/racing/199914637,1999,25,primera_division
Real Madrid,Real Zaragoza,3-2,https://www.besoccer.com/match/real-madrid/real-zaragoza/199914638,1999,25,primera_division
Tenerife,Atlético,1-0,https://www.besoccer.com/match/tenerife/atletico-madrid/199914639,1999,25,primera_division
UD Salamanca,Barcelona,1-4,https://www.besoccer.com/match/salamanca/barcelona/199914640,1999,25,primera_division
Celta,Real Betis,4-0,https://www.besoccer.com/match/celta/betis/199914641,1999,25,primera_division
R. Sociedad,Villarreal,1-1,https://www.besoccer.com/match/real-sociedad/villarreal/199914642,1999,25,primera_division
Alavés,Mallorca,2-0,https://www.besoccer.com/match/alaves/mallorca/199914643,1999,25,primera_division
Valencia,Athletic,4-1,https://www.besoccer.com/match/valencia-cf/athletic-bilbao/199914644,1999,25,primera_division
Real Betis,Valencia,0-1,https://www.besoccer.com/match/betis/valencia-cf/199914645,1999,26,primera_division
Racing,Real Madrid,1-3,https://www.besoccer.com/match/racing/real-madrid/199914646,1999,26,primera_division
Real Zaragoza,Celta,0-1,https://www.besoccer.com/match/real-zaragoza/celta/199914647,1999,26,primera_division
Atlético,Mallorca,1-2,https://www.besoccer.com/match/atletico-madrid/mallorca/199914648,1999,26,primera_division
Villarreal,Real Oviedo,0-0,https://www.besoccer.com/match/villarreal/real-oviedo/199914649,1999,26,primera_division
CF Extremadura,Alavés,1-0,https://www.besoccer.com/match/cf-extremadura/alaves/199914650,1999,26,primera_division
Athletic,UD Salamanca,1-0,https://www.besoccer.com/match/athletic-bilbao/salamanca/199914651,1999,26,primera_division
Real Valladolid,R. Sociedad,0-0,https://www.besoccer.com/match/valladolid/real-sociedad/199914652,1999,26,primera_division
Deportivo,Tenerife,2-0,https://www.besoccer.com/match/deportivo/tenerife/199914653,1999,26,primera_division
Barcelona,Espanyol,3-0,https://www.besoccer.com/match/barcelona/espanyol/199914654,1999,26,primera_division
Espanyol,Athletic,1-1,https://www.besoccer.com/match/espanyol/athletic-bilbao/199914655,1999,27,primera_division
UD Salamanca,Real Betis,1-3,https://www.besoccer.com/match/salamanca/betis/199914656,1999,27,primera_division
Tenerife,Villarreal,2-2,https://www.besoccer.com/match/tenerife/villarreal/199914657,1999,27,primera_division
Valencia,Real Zaragoza,1-1,https://www.besoccer.com/match/valencia-cf/real-zaragoza/199914658,1999,27,primera_division
Real Madrid,CF Extremadura,2-0,https://www.besoccer.com/match/real-madrid/cf-extremadura/199914659,1999,27,primera_division
Celta,Racing,3-0,https://www.besoccer.com/match/celta/racing/199914660,1999,27,primera_division
Real Oviedo,Real Valladolid,0-0,https://www.besoccer.com/match/real-oviedo/valladolid/199914661,1999,27,primera_division
Mallorca,Deportivo,1-2,https://www.besoccer.com/match/mallorca/deportivo/199914662,1999,27,primera_division
Alavés,Atlético,2-0,https://www.besoccer.com/match/alaves/atletico-madrid/199914663,1999,27,primera_division
R. Sociedad,Barcelona,0-2,https://www.besoccer.com/match/real-sociedad/barcelona/199914664,1999,27,primera_division
Racing,Valencia,0-1,https://www.besoccer.com/match/racing/valencia-cf/199914665,1999,28,primera_division
Deportivo,Atlético,1-1,https://www.besoccer.com/match/deportivo/atletico-madrid/199914666,1999,28,primera_division
Barcelona,Real Oviedo,3-1,https://www.besoccer.com/match/barcelona/real-oviedo/199914667,1999,28,primera_division
Real Madrid,Alavés,3-2,https://www.besoccer.com/match/real-madrid/alaves/199914668,1999,28,primera_division
Real Zaragoza,UD Salamanca,2-0,https://www.besoccer.com/match/real-zaragoza/salamanca/199914669,1999,28,primera_division
Athletic,R. Sociedad,0-0,https://www.besoccer.com/match/athletic-bilbao/real-sociedad/199914670,1999,28,primera_division
Real Valladolid,Tenerife,2-1,https://www.besoccer.com/match/valladolid/tenerife/199914671,1999,28,primera_division
Villarreal,Mallorca,0-2,https://www.besoccer.com/match/villarreal/mallorca/199914672,1999,28,primera_division
CF Extremadura,Celta,1-1,https://www.besoccer.com/match/cf-extremadura/celta/199914673,1999,28,primera_division
Real Betis,Espanyol,0-1,https://www.besoccer.com/match/betis/espanyol/199914674,1999,28,primera_division
Tenerife,Barcelona,2-3,https://www.besoccer.com/match/tenerife/barcelona/199914675,1999,29,primera_division
Espanyol,Real Zaragoza,2-1,https://www.besoccer.com/match/espanyol/real-zaragoza/199914676,1999,29,primera_division
Celta,Real Madrid,5-1,https://www.besoccer.com/match/celta/real-madrid/199914677,1999,29,primera_division
Atlético,Villarreal,2-2,https://www.besoccer.com/match/atletico-madrid/villarreal/199914678,1999,29,primera_division
Valencia,CF Extremadura,1-1,https://www.besoccer.com/match/valencia-cf/cf-extremadura/199914679,1999,29,primera_division
UD Salamanca,Racing,1-2,https://www.besoccer.com/match/salamanca/racing/199914680,1999,29,primera_division
Real Oviedo,Athletic,0-0,https://www.besoccer.com/match/real-oviedo/athletic-bilbao/199914681,1999,29,primera_division
Mallorca,Real Valladolid,1-0,https://www.besoccer.com/match/mallorca/valladolid/199914682,1999,29,primera_division
Alavés,Deportivo,2-1,https://www.besoccer.com/match/alaves/deportivo/199914683,1999,29,primera_division
R. Sociedad,Real Betis,1-0,https://www.besoccer.com/match/real-sociedad/betis/199914684,1999,29,primera_division
Real Valladolid,Atlético,1-0,https://www.besoccer.com/match/valladolid/atletico-madrid/199914685,1999,30,primera_division
Barcelona,Mallorca,2-1,https://www.besoccer.com/match/barcelona/mallorca/199914686,1999,30,primera_division
Athletic,Tenerife,2-0,https://www.besoccer.com/match/athletic-bilbao/tenerife/199914687,1999,30,primera_division
Celta,Alavés,1-1,https://www.besoccer.com/match/celta/alaves/199914688,1999,30,primera_division
CF Extremadura,UD Salamanca,1-1,https://www.besoccer.com/match/cf-extremadura/salamanca/199914689,1999,30,primera_division
Racing,Espanyol,0-2,https://www.besoccer.com/match/racing/espanyol/199914690,1999,30,primera_division
Real Betis,Real Oviedo,5-0,https://www.besoccer.com/match/betis/real-oviedo/199914691,1999,30,primera_division
Real Madrid,Valencia,3-1,https://www.besoccer.com/match/real-madrid/valencia-cf/199914692,1999,30,primera_division
Villarreal,Deportivo,1-2,https://www.besoccer.com/match/villarreal/deportivo/199914693,1999,30,primera_division
Real Zaragoza,R. Sociedad,1-1,https://www.besoccer.com/match/real-zaragoza/real-sociedad/199914694,1999,30,primera_division
Valencia,Celta,2-2,https://www.besoccer.com/match/valencia-cf/celta/199914695,1999,31,primera_division
R. Sociedad,Racing,2-0,https://www.besoccer.com/match/real-sociedad/racing/199914696,1999,31,primera_division
UD Salamanca,Real Madrid,1-1,https://www.besoccer.com/match/salamanca/real-madrid/199914697,1999,31,primera_division
Espanyol,CF Extremadura,0-0,https://www.besoccer.com/match/espanyol/cf-extremadura/199914698,1999,31,primera_division
Tenerife,Real Betis,3-2,https://www.besoccer.com/match/tenerife/betis/199914699,1999,31,primera_division
Real Oviedo,Real Zaragoza,1-2,https://www.besoccer.com/match/real-oviedo/real-zaragoza/199914700,1999,31,primera_division
Mallorca,Athletic,6-1,https://www.besoccer.com/match/mallorca/athletic-bilbao/199914701,1999,31,primera_division
Deportivo,Real Valladolid,3-0,https://www.besoccer.com/match/deportivo/valladolid/199914702,1999,31,primera_division
Atlético,Barcelona,1-1,https://www.besoccer.com/match/atletico-madrid/barcelona/199914703,1999,31,primera_division
Alavés,Villarreal,2-1,https://www.besoccer.com/match/alaves/villarreal/199914704,1999,31,primera_division
Real Madrid,Espanyol,2-0,https://www.besoccer.com/match/real-madrid/espanyol/199914705,1999,32,primera_division
Valencia,Alavés,5-0,https://www.besoccer.com/match/valencia-cf/alaves/199914706,1999,32,primera_division
Real Zaragoza,Tenerife,3-1,https://www.besoccer.com/match/real-zaragoza/tenerife/199914707,1999,32,primera_division
Athletic,Atlético,1-2,https://www.besoccer.com/match/athletic-bilbao/atletico-madrid/199914708,1999,32,primera_division
Celta,UD Salamanca,1-0,https://www.besoccer.com/match/celta/salamanca/199914709,1999,32,primera_division
CF Extremadura,R. Sociedad,1-0,https://www.besoccer.com/match/cf-extremadura/real-sociedad/199914710,1999,32,primera_division
Racing,Real Oviedo,0-0,https://www.besoccer.com/match/racing/real-oviedo/199914711,1999,32,primera_division
Barcelona,Deportivo,4-0,https://www.besoccer.com/match/barcelona/deportivo/199914712,1999,32,primera_division
Real Valladolid,Villarreal,1-0,https://www.besoccer.com/match/valladolid/villarreal/199914713,1999,32,primera_division
Real Betis,Mallorca,1-3,https://www.besoccer.com/match/betis/mallorca/199914714,1999,32,primera_division
R. Sociedad,Real Madrid,3-2,https://www.besoccer.com/match/real-sociedad/real-madrid/199914715,1999,33,primera_division
Atlético,Real Betis,2-3,https://www.besoccer.com/match/atletico-madrid/betis/199914716,1999,33,primera_division
UD Salamanca,Valencia,0-1,https://www.besoccer.com/match/salamanca/valencia-cf/199914717,1999,33,primera_division
Espanyol,Celta,3-0,https://www.besoccer.com/match/espanyol/celta/199914718,1999,33,primera_division
Real Oviedo,CF Extremadura,1-0,https://www.besoccer.com/match/real-oviedo/cf-extremadura/199914719,1999,33,primera_division
Mallorca,Real Zaragoza,1-0,https://www.besoccer.com/match/mallorca/real-zaragoza/199914720,1999,33,primera_division
Deportivo,Athletic,1-1,https://www.besoccer.com/match/deportivo/athletic-bilbao/199914721,1999,33,primera_division
Villarreal,Barcelona,2-3,https://www.besoccer.com/match/villarreal/barcelona/199914722,1999,33,primera_division
Alavés,Real Valladolid,2-0,https://www.besoccer.com/match/alaves/valladolid/199914723,1999,33,primera_division
Tenerife,Racing,2-2,https://www.besoccer.com/match/tenerife/racing/199914724,1999,33,primera_division
Racing,Mallorca,1-0,https://www.besoccer.com/match/racing/mallorca/199914725,1999,34,primera_division
Barcelona,Real Valladolid,1-1,https://www.besoccer.com/match/barcelona/valladolid/199914726,1999,34,primera_division
CF Extremadura,Tenerife,1-0,https://www.besoccer.com/match/cf-extremadura/tenerife/199914727,1999,34,primera_division
Valencia,Espanyol,1-2,https://www.besoccer.com/match/valencia-cf/espanyol/199914728,1999,34,primera_division
UD Salamanca,Alavés,1-0,https://www.besoccer.com/match/salamanca/alaves/199914729,1999,34,primera_division
Celta,R. Sociedad,2-2,https://www.besoccer.com/match/celta/real-sociedad/199914730,1999,34,primera_division
Real Madrid,Real Oviedo,2-1,https://www.besoccer.com/match/real-madrid/real-oviedo/199914731,1999,34,primera_division
Real Betis,Deportivo,0-3,https://www.besoccer.com/match/betis/deportivo/199914732,1999,34,primera_division
Athletic,Villarreal,2-0,https://www.besoccer.com/match/athletic-bilbao/villarreal/199914733,1999,34,primera_division
Real Zaragoza,Atlético,2-0,https://www.besoccer.com/match/real-zaragoza/atletico-madrid/199914734,1999,34,primera_division
Alavés,Barcelona,1-4,https://www.besoccer.com/match/alaves/barcelona/199914735,1999,35,primera_division
Villarreal,Real Betis,3-4,https://www.besoccer.com/match/villarreal/betis/199914736,1999,35,primera_division
R. Sociedad,Valencia,1-1,https://www.besoccer.com/match/real-sociedad/valencia-cf/199914737,1999,35,primera_division
Real Oviedo,Celta,1-3,https://www.besoccer.com/match/real-oviedo/celta/199914738,1999,35,primera_division
Tenerife,Real Madrid,2-3,https://www.besoccer.com/match/tenerife/real-madrid/199914739,1999,35,primera_division
Atlético,Racing,1-1,https://www.besoccer.com/match/atletico-madrid/racing/199914740,1999,35,primera_division
Real Valladolid,Athletic,0-3,https://www.besoccer.com/match/valladolid/athletic-bilbao/199914741,1999,35,primera_division
Espanyol,UD Salamanca,4-0,https://www.besoccer.com/match/espanyol/salamanca/199914742,1999,35,primera_division
Deportivo,Real Zaragoza,2-1,https://www.besoccer.com/match/deportivo/real-zaragoza/199914743,1999,35,primera_division
Mallorca,CF Extremadura,2-0,https://www.besoccer.com/match/mallorca/cf-extremadura/199914744,1999,35,primera_division
Valencia,Real Oviedo,3-0,https://www.besoccer.com/match/valencia-cf/real-oviedo/199914745,1999,36,primera_division
Athletic,Barcelona,1-3,https://www.besoccer.com/match/athletic-bilbao/barcelona/199914746,1999,36,primera_division
Racing,Deportivo,1-1,https://www.besoccer.com/match/racing/deportivo/199914747,1999,36,primera_division
UD Salamanca,R. Sociedad,0-1,https://www.besoccer.com/match/salamanca/real-sociedad/199914748,1999,36,primera_division
Celta,Tenerife,2-0,https://www.besoccer.com/match/celta/tenerife/199914749,1999,36,primera_division
Espanyol,Alavés,3-0,https://www.besoccer.com/match/espanyol/alaves/199914750,1999,36,primera_division
CF Extremadura,Atlético,2-1,https://www.besoccer.com/match/cf-extremadura/atletico-madrid/199914751,1999,36,primera_division
Real Betis,Real Valladolid,2-0,https://www.besoccer.com/match/betis/valladolid/199914752,1999,36,primera_division
Real Madrid,Mallorca,2-1,https://www.besoccer.com/match/real-madrid/mallorca/199914753,1999,36,primera_division
Real Zaragoza,Villarreal,4-0,https://www.besoccer.com/match/real-zaragoza/villarreal/199914754,1999,36,primera_division
Real Valladolid,Real Zaragoza,1-1,https://www.besoccer.com/match/valladolid/real-zaragoza/199914755,1999,37,primera_division
Deportivo,CF Extremadura,1-1,https://www.besoccer.com/match/deportivo/cf-extremadura/199914756,1999,37,primera_division
Atlético,Real Madrid,3-1,https://www.besoccer.com/match/atletico-madrid/real-madrid/199914757,1999,37,primera_division
Barcelona,Real Betis,4-1,https://www.besoccer.com/match/barcelona/betis/199914758,1999,37,primera_division
Tenerife,Valencia,3-2,https://www.besoccer.com/match/tenerife/valencia-cf/199914759,1999,37,primera_division
Mallorca,Celta,2-0,https://www.besoccer.com/match/mallorca/celta/199914760,1999,37,primera_division
R. Sociedad,Espanyol,1-2,https://www.besoccer.com/match/real-sociedad/espanyol/199914761,1999,37,primera_division
Villarreal,Racing,3-0,https://www.besoccer.com/match/villarreal/racing/199914762,1999,37,primera_division
Athletic,Alavés,5-0,https://www.besoccer.com/match/athletic-bilbao/alaves/199914763,1999,37,primera_division
Real Oviedo,UD Salamanca,3-2,https://www.besoccer.com/match/real-oviedo/salamanca/199914764,1999,37,primera_division
Racing,Real Valladolid,0-2,https://www.besoccer.com/match/racing/valladolid/199914765,1999,38,primera_division
UD Salamanca,Tenerife,1-2,https://www.besoccer.com/match/salamanca/tenerife/199914766,1999,38,primera_division
Espanyol,Real Oviedo,2-1,https://www.besoccer.com/match/espanyol/real-oviedo/199914767,1999,38,primera_division
Alavés,R. Sociedad,2-1,https://www.besoccer.com/match/alaves/real-sociedad/199914768,1999,38,primera_division
Real Betis,Athletic,1-4,https://www.besoccer.com/match/betis/athletic-bilbao/199914769,1999,38,primera_division
Real Zaragoza,Barcelona,2-0,https://www.besoccer.com/match/real-zaragoza/barcelona/199914770,1999,38,primera_division
CF Extremadura,Villarreal,2-2,https://www.besoccer.com/match/cf-extremadura/villarreal/199914771,1999,38,primera_division
Real Madrid,Deportivo,3-1,https://www.besoccer.com/match/real-madrid/deportivo/199914772,1999,38,primera_division
Celta,Atlético,0-1,https://www.besoccer.com/match/celta/atletico-madrid/199914773,1999,38,primera_division
Valencia,Mallorca,3-0,https://www.besoccer.com/match/valencia-cf/mallorca/199914774,1999,38,primera_division
