Home_Team,Away_Team,Result,Link,Season,Round,League
Valencia,Real Madrid,1-0,https://www.besoccer.com/match/valencia-cf/real-madrid/2002317,2002,1,primera_division
Osasuna,Celta,0-3,https://www.besoccer.com/match/osasuna/celta/2002322,2002,1,primera_division
R. Sociedad,Athletic,1-3,https://www.besoccer.com/match/real-sociedad/athletic-bilbao/2002325,2002,1,primera_division
Tenerife,Alavés,0-2,https://www.besoccer.com/match/tenerife/alaves/2002326,2002,1,primera_division
Deportivo,Real Valladolid,4-0,https://www.besoccer.com/match/deportivo/valladolid/2002318,2002,1,primera_division
Espanyol,Real Zaragoza,2-1,https://www.besoccer.com/match/espanyol/real-zaragoza/2002319,2002,1,primera_division
Mallorca,Las Palmas,0-3,https://www.besoccer.com/match/mallorca/ud-palmas/2002321,2002,1,primera_division
Málaga,Real Betis,3-2,https://www.besoccer.com/match/malaga/betis/2002320,2002,1,primera_division
Rayo Vallecano,Villarreal,1-2,https://www.besoccer.com/match/rayo-vallecano/villarreal/2002323,2002,1,primera_division
Sevilla,Barcelona,1-2,https://www.besoccer.com/match/sevilla/barcelona/2002324,2002,1,primera_division
Athletic,Mallorca,0-1,https://www.besoccer.com/match/athletic-bilbao/mallorca/2002327,2002,2,primera_division
Villarreal,Osasuna,3-0,https://www.besoccer.com/match/villarreal/osasuna/2002330,2002,2,primera_division
Real Madrid,Málaga,1-1,https://www.besoccer.com/match/real-madrid/malaga/2002329,2002,2,primera_division
Las Palmas,Deportivo,0-1,https://www.besoccer.com/match/ud-palmas/deportivo/2002328,2002,2,primera_division
Alavés,R. Sociedad,2-0,https://www.besoccer.com/match/alaves/real-sociedad/2002331,2002,2,primera_division
Celta,Tenerife,3-0,https://www.besoccer.com/match/celta/tenerife/2002334,2002,2,primera_division
Barcelona,Rayo Vallecano,1-1,https://www.besoccer.com/match/barcelona/rayo-vallecano/2002332,2002,2,primera_division
Real Valladolid,Valencia,1-1,https://www.besoccer.com/match/valladolid/valencia-cf/2002335,2002,2,primera_division
Real Betis,Espanyol,2-0,https://www.besoccer.com/match/betis/espanyol/2002333,2002,2,primera_division
Real Zaragoza,Sevilla,1-1,https://www.besoccer.com/match/real-zaragoza/sevilla/2002336,2002,2,primera_division
Mallorca,Alavés,0-0,https://www.besoccer.com/match/mallorca/alaves/2002339,2002,3,primera_division
Deportivo,Athletic,1-2,https://www.besoccer.com/match/deportivo/athletic-bilbao/2002338,2002,3,primera_division
Real Betis,Real Madrid,3-1,https://www.besoccer.com/match/betis/real-madrid/2002337,2002,3,primera_division
Osasuna,Barcelona,0-0,https://www.besoccer.com/match/osasuna/barcelona/2002340,2002,3,primera_division
Espanyol,Sevilla,2-3,https://www.besoccer.com/match/espanyol/sevilla/2002341,2002,3,primera_division
R. Sociedad,Celta,0-0,https://www.besoccer.com/match/real-sociedad/celta/2002344,2002,3,primera_division
Málaga,Real Valladolid,1-2,https://www.besoccer.com/match/malaga/valladolid/2002342,2002,3,primera_division
Rayo Vallecano,Real Zaragoza,1-2,https://www.besoccer.com/match/rayo-vallecano/real-zaragoza/2002343,2002,3,primera_division
Tenerife,Villarreal,2-0,https://www.besoccer.com/match/tenerife/villarreal/2002345,2002,3,primera_division
Valencia,Las Palmas,1-0,https://www.besoccer.com/match/valencia-cf/ud-palmas/2002346,2002,3,primera_division
Villarreal,R. Sociedad,1-0,https://www.besoccer.com/match/villarreal/real-sociedad/2002351,2002,4,primera_division
Barcelona,Tenerife,2-0,https://www.besoccer.com/match/barcelona/tenerife/2002348,2002,4,primera_division
Real Madrid,Espanyol,5-1,https://www.besoccer.com/match/real-madrid/espanyol/2002350,2002,4,primera_division
Alavés,Deportivo,2-3,https://www.besoccer.com/match/alaves/deportivo/2002347,2002,4,primera_division
Las Palmas,Málaga,0-0,https://www.besoccer.com/match/ud-palmas/malaga/2002349,2002,4,primera_division
Celta,Mallorca,2-0,https://www.besoccer.com/match/celta/mallorca/2002353,2002,4,primera_division
Sevilla,Rayo Vallecano,2-1,https://www.besoccer.com/match/sevilla/rayo-vallecano/2002354,2002,4,primera_division
Real Valladolid,Real Betis,0-2,https://www.besoccer.com/match/valladolid/betis/2002355,2002,4,primera_division
Real Zaragoza,Osasuna,0-1,https://www.besoccer.com/match/real-zaragoza/osasuna/2002356,2002,4,primera_division
Athletic,Valencia,2-2,https://www.besoccer.com/match/athletic-bilbao/valencia-cf/2002352,2002,4,primera_division
R. Sociedad,Barcelona,0-2,https://www.besoccer.com/match/real-sociedad/barcelona/2002360,2002,5,primera_division
Espanyol,Rayo Vallecano,3-1,https://www.besoccer.com/match/espanyol/rayo-vallecano/2002357,2002,5,primera_division
Málaga,Athletic,1-2,https://www.besoccer.com/match/malaga/athletic-bilbao/2002358,2002,5,primera_division
Real Madrid,Real Valladolid,2-2,https://www.besoccer.com/match/real-madrid/valladolid/2002359,2002,5,primera_division
Osasuna,Sevilla,1-0,https://www.besoccer.com/match/osasuna/sevilla/2002364,2002,5,primera_division
Real Betis,Las Palmas,1-0,https://www.besoccer.com/match/betis/ud-palmas/2002361,2002,5,primera_division
Mallorca,Villarreal,0-1,https://www.besoccer.com/match/mallorca/villarreal/2002363,2002,5,primera_division
Tenerife,Real Zaragoza,0-0,https://www.besoccer.com/match/tenerife/real-zaragoza/2002365,2002,5,primera_division
Valencia,Alavés,0-0,https://www.besoccer.com/match/valencia-cf/alaves/2002366,2002,5,primera_division
Deportivo,Celta,2-2,https://www.besoccer.com/match/deportivo/celta/2002362,2002,5,primera_division
Alavés,Málaga,1-0,https://www.besoccer.com/match/alaves/malaga/2002367,2002,6,primera_division
Rayo Vallecano,Osasuna,0-1,https://www.besoccer.com/match/rayo-vallecano/osasuna/2002371,2002,6,primera_division
Real Valladolid,Espanyol,0-1,https://www.besoccer.com/match/valladolid/espanyol/2002373,2002,6,primera_division
Real Zaragoza,R. Sociedad,3-2,https://www.besoccer.com/match/real-zaragoza/real-sociedad/2002375,2002,6,primera_division
Barcelona,Mallorca,3-0,https://www.besoccer.com/match/barcelona/mallorca/2002368,2002,6,primera_division
Athletic,Real Betis,0-0,https://www.besoccer.com/match/athletic-bilbao/betis/2002369,2002,6,primera_division
Sevilla,Tenerife,2-0,https://www.besoccer.com/match/sevilla/tenerife/2002372,2002,6,primera_division
Villarreal,Deportivo,1-1,https://www.besoccer.com/match/villarreal/deportivo/2002374,2002,6,primera_division
Las Palmas,Real Madrid,4-2,https://www.besoccer.com/match/ud-palmas/real-madrid/2002370,2002,6,primera_division
Celta,Valencia,1-1,https://www.besoccer.com/match/celta/valencia-cf/2002376,2002,6,primera_division
Real Madrid,Athletic,2-0,https://www.besoccer.com/match/real-madrid/athletic-bilbao/2002378,2002,7,primera_division
Deportivo,Barcelona,2-1,https://www.besoccer.com/match/deportivo/barcelona/2002377,2002,7,primera_division
Real Betis,Alavés,1-0,https://www.besoccer.com/match/betis/alaves/2002379,2002,7,primera_division
Espanyol,Osasuna,1-1,https://www.besoccer.com/match/espanyol/osasuna/2002380,2002,7,primera_division
Málaga,Celta,2-2,https://www.besoccer.com/match/malaga/celta/2002381,2002,7,primera_division
R. Sociedad,Sevilla,3-3,https://www.besoccer.com/match/real-sociedad/sevilla/2002383,2002,7,primera_division
Real Valladolid,Las Palmas,1-0,https://www.besoccer.com/match/valladolid/ud-palmas/2002386,2002,7,primera_division
Mallorca,Real Zaragoza,0-1,https://www.besoccer.com/match/mallorca/real-zaragoza/2002382,2002,7,primera_division
Tenerife,Rayo Vallecano,3-1,https://www.besoccer.com/match/tenerife/rayo-vallecano/2002384,2002,7,primera_division
Valencia,Villarreal,1-0,https://www.besoccer.com/match/valencia-cf/villarreal/2002385,2002,7,primera_division
Real Zaragoza,Deportivo,1-2,https://www.besoccer.com/match/real-zaragoza/deportivo/2002389,2002,8,primera_division
Sevilla,Mallorca,2-2,https://www.besoccer.com/match/sevilla/mallorca/2002388,2002,8,primera_division
Alavés,Real Madrid,0-0,https://www.besoccer.com/match/alaves/real-madrid/2002387,2002,8,primera_division
Osasuna,Tenerife,0-2,https://www.besoccer.com/match/osasuna/tenerife/2002394,2002,8,primera_division
Rayo Vallecano,R. Sociedad,2-1,https://www.besoccer.com/match/rayo-vallecano/real-sociedad/2002395,2002,8,primera_division
Villarreal,Málaga,1-2,https://www.besoccer.com/match/villarreal/malaga/2002396,2002,8,primera_division
Barcelona,Valencia,2-2,https://www.besoccer.com/match/barcelona/valencia-cf/2002390,2002,8,primera_division
Athletic,Real Valladolid,1-4,https://www.besoccer.com/match/athletic-bilbao/valladolid/2002391,2002,8,primera_division
Celta,Real Betis,3-1,https://www.besoccer.com/match/celta/betis/2002392,2002,8,primera_division
Las Palmas,Espanyol,2-0,https://www.besoccer.com/match/ud-palmas/espanyol/2002393,2002,8,primera_division
Málaga,Barcelona,1-1,https://www.besoccer.com/match/malaga/barcelona/2002400,2002,9,primera_division
R. Sociedad,Osasuna,2-1,https://www.besoccer.com/match/real-sociedad/osasuna/2002401,2002,9,primera_division
Deportivo,Sevilla,1-0,https://www.besoccer.com/match/deportivo/sevilla/2002398,2002,9,primera_division
Real Betis,Villarreal,1-1,https://www.besoccer.com/match/betis/villarreal/2002397,2002,9,primera_division
Las Palmas,Athletic,1-1,https://www.besoccer.com/match/ud-palmas/athletic-bilbao/2002399,2002,9,primera_division
Mallorca,Rayo Vallecano,3-0,https://www.besoccer.com/match/mallorca/rayo-vallecano/2002403,2002,9,primera_division
Real Valladolid,Alavés,1-3,https://www.besoccer.com/match/valladolid/alaves/2002406,2002,9,primera_division
Espanyol,Tenerife,2-0,https://www.besoccer.com/match/espanyol/tenerife/2002402,2002,9,primera_division
Real Madrid,Celta,1-1,https://www.besoccer.com/match/real-madrid/celta/2002404,2002,9,primera_division
Valencia,Real Zaragoza,2-0,https://www.besoccer.com/match/valencia-cf/real-zaragoza/2002405,2002,9,primera_division
Villarreal,Real Madrid,2-3,https://www.besoccer.com/match/villarreal/real-madrid/2002411,2002,10,primera_division
Rayo Vallecano,Deportivo,2-1,https://www.besoccer.com/match/rayo-vallecano/deportivo/2002409,2002,10,primera_division
Osasuna,Mallorca,4-0,https://www.besoccer.com/match/osasuna/mallorca/2002408,2002,10,primera_division
Barcelona,Real Betis,3-0,https://www.besoccer.com/match/barcelona/betis/2002407,2002,10,primera_division
Tenerife,R. Sociedad,0-1,https://www.besoccer.com/match/tenerife/real-sociedad/2002410,2002,10,primera_division
Alavés,Las Palmas,1-0,https://www.besoccer.com/match/alaves/ud-palmas/2002412,2002,10,primera_division
Celta,Real Valladolid,1-1,https://www.besoccer.com/match/celta/valladolid/2002414,2002,10,primera_division
Sevilla,Valencia,1-1,https://www.besoccer.com/match/sevilla/valencia-cf/2002415,2002,10,primera_division
Real Zaragoza,Málaga,0-2,https://www.besoccer.com/match/real-zaragoza/malaga/2002416,2002,10,primera_division
Athletic,Espanyol,1-1,https://www.besoccer.com/match/athletic-bilbao/espanyol/2002413,2002,10,primera_division
Athletic,Alavés,2-1,https://www.besoccer.com/match/athletic-bilbao/alaves/2002417,2002,11,primera_division
Real Betis,Real Zaragoza,0-1,https://www.besoccer.com/match/betis/real-zaragoza/2002418,2002,11,primera_division
Deportivo,Osasuna,5-1,https://www.besoccer.com/match/deportivo/osasuna/2002419,2002,11,primera_division
Espanyol,R. Sociedad,1-2,https://www.besoccer.com/match/espanyol/real-sociedad/2002420,2002,11,primera_division
Málaga,Sevilla,1-3,https://www.besoccer.com/match/malaga/sevilla/2002422,2002,11,primera_division
Mallorca,Tenerife,2-0,https://www.besoccer.com/match/mallorca/tenerife/2002423,2002,11,primera_division
Valencia,Rayo Vallecano,2-1,https://www.besoccer.com/match/valencia-cf/rayo-vallecano/2002425,2002,11,primera_division
Real Valladolid,Villarreal,1-0,https://www.besoccer.com/match/valladolid/villarreal/2002426,2002,11,primera_division
Las Palmas,Celta,4-2,https://www.besoccer.com/match/ud-palmas/celta/2002421,2002,11,primera_division
Real Madrid,Barcelona,2-0,https://www.besoccer.com/match/real-madrid/barcelona/2002424,2002,11,primera_division
Sevilla,Real Betis,0-0,https://www.besoccer.com/match/sevilla/betis/2002427,2002,12,primera_division
Alavés,Espanyol,2-1,https://www.besoccer.com/match/alaves/espanyol/2002428,2002,12,primera_division
Celta,Athletic,2-3,https://www.besoccer.com/match/celta/athletic-bilbao/2002430,2002,12,primera_division
Osasuna,Valencia,0-0,https://www.besoccer.com/match/osasuna/valencia-cf/2002431,2002,12,primera_division
Rayo Vallecano,Málaga,3-0,https://www.besoccer.com/match/rayo-vallecano/malaga/2002432,2002,12,primera_division
R. Sociedad,Mallorca,1-2,https://www.besoccer.com/match/real-sociedad/mallorca/2002433,2002,12,primera_division
Villarreal,Las Palmas,2-0,https://www.besoccer.com/match/villarreal/ud-palmas/2002435,2002,12,primera_division
Real Zaragoza,Real Madrid,2-1,https://www.besoccer.com/match/real-zaragoza/real-madrid/2002436,2002,12,primera_division
Tenerife,Deportivo,3-1,https://www.besoccer.com/match/tenerife/deportivo/2002434,2002,12,primera_division
Barcelona,Real Valladolid,4-0,https://www.besoccer.com/match/barcelona/valladolid/2002429,2002,12,primera_division
Real Madrid,Sevilla,2-1,https://www.besoccer.com/match/real-madrid/sevilla/2002439,2002,13,primera_division
Deportivo,R. Sociedad,3-1,https://www.besoccer.com/match/deportivo/real-sociedad/2002437,2002,13,primera_division
Las Palmas,Barcelona,0-0,https://www.besoccer.com/match/ud-palmas/barcelona/2002438,2002,13,primera_division
Alavés,Celta,1-0,https://www.besoccer.com/match/alaves/celta/2002440,2002,13,primera_division
Athletic,Villarreal,0-0,https://www.besoccer.com/match/athletic-bilbao/villarreal/2002442,2002,13,primera_division
Espanyol,Mallorca,2-1,https://www.besoccer.com/match/espanyol/mallorca/2002443,2002,13,primera_division
Málaga,Osasuna,2-1,https://www.besoccer.com/match/malaga/osasuna/2002444,2002,13,primera_division
Valencia,Tenerife,0-0,https://www.besoccer.com/match/valencia-cf/tenerife/2002445,2002,13,primera_division
Real Valladolid,Real Zaragoza,2-0,https://www.besoccer.com/match/valladolid/real-zaragoza/2002446,2002,13,primera_division
Real Betis,Rayo Vallecano,2-0,https://www.besoccer.com/match/betis/rayo-vallecano/2002441,2002,13,primera_division
Barcelona,Athletic,1-2,https://www.besoccer.com/match/barcelona/athletic-bilbao/2002447,2002,14,primera_division
Celta,Espanyol,4-1,https://www.besoccer.com/match/celta/espanyol/2002448,2002,14,primera_division
Osasuna,Real Betis,1-2,https://www.besoccer.com/match/osasuna/betis/2002450,2002,14,primera_division
Rayo Vallecano,Real Madrid,0-3,https://www.besoccer.com/match/rayo-vallecano/real-madrid/2002451,2002,14,primera_division
Sevilla,Real Valladolid,4-0,https://www.besoccer.com/match/sevilla/valladolid/2002452,2002,14,primera_division
R. Sociedad,Valencia,2-0,https://www.besoccer.com/match/real-sociedad/valencia-cf/2002453,2002,14,primera_division
Villarreal,Alavés,1-0,https://www.besoccer.com/match/villarreal/alaves/2002455,2002,14,primera_division
Real Zaragoza,Las Palmas,2-1,https://www.besoccer.com/match/real-zaragoza/ud-palmas/2002456,2002,14,primera_division
Tenerife,Málaga,1-0,https://www.besoccer.com/match/tenerife/malaga/2002454,2002,14,primera_division
Mallorca,Deportivo,4-1,https://www.besoccer.com/match/mallorca/deportivo/2002449,2002,14,primera_division
Real Betis,Tenerife,1-0,https://www.besoccer.com/match/betis/tenerife/2002461,2002,15,primera_division
Athletic,Real Zaragoza,2-1,https://www.besoccer.com/match/athletic-bilbao/real-zaragoza/2002462,2002,15,primera_division
Málaga,R. Sociedad,1-0,https://www.besoccer.com/match/malaga/real-sociedad/2002465,2002,15,primera_division
Real Valladolid,Rayo Vallecano,3-1,https://www.besoccer.com/match/valladolid/rayo-vallecano/2002466,2002,15,primera_division
Las Palmas,Sevilla,1-0,https://www.besoccer.com/match/ud-palmas/sevilla/2002464,2002,15,primera_division
Espanyol,Deportivo,1-0,https://www.besoccer.com/match/espanyol/deportivo/2002458,2002,15,primera_division
Real Madrid,Osasuna,2-1,https://www.besoccer.com/match/real-madrid/osasuna/2002459,2002,15,primera_division
Celta,Villarreal,3-1,https://www.besoccer.com/match/celta/villarreal/2002463,2002,15,primera_division
Alavés,Barcelona,2-0,https://www.besoccer.com/match/alaves/barcelona/2002457,2002,15,primera_division
Valencia,Mallorca,1-1,https://www.besoccer.com/match/valencia-cf/mallorca/2002460,2002,15,primera_division
Sevilla,Athletic,3-3,https://www.besoccer.com/match/sevilla/athletic-bilbao/2002467,2002,16,primera_division
Tenerife,Real Madrid,0-2,https://www.besoccer.com/match/tenerife/real-madrid/2002468,2002,16,primera_division
Deportivo,Valencia,1-0,https://www.besoccer.com/match/deportivo/valencia-cf/2002470,2002,16,primera_division
Mallorca,Málaga,1-1,https://www.besoccer.com/match/mallorca/malaga/2002471,2002,16,primera_division
Osasuna,Real Valladolid,1-0,https://www.besoccer.com/match/osasuna/valladolid/2002472,2002,16,primera_division
Rayo Vallecano,Las Palmas,0-0,https://www.besoccer.com/match/rayo-vallecano/ud-palmas/2002473,2002,16,primera_division
R. Sociedad,Real Betis,0-0,https://www.besoccer.com/match/real-sociedad/betis/2002474,2002,16,primera_division
Villarreal,Espanyol,1-1,https://www.besoccer.com/match/villarreal/espanyol/2002475,2002,16,primera_division
Real Zaragoza,Alavés,0-2,https://www.besoccer.com/match/real-zaragoza/alaves/2002476,2002,16,primera_division
Barcelona,Celta,2-2,https://www.besoccer.com/match/barcelona/celta/2002469,2002,16,primera_division
Real Betis,Mallorca,1-0,https://www.besoccer.com/match/betis/mallorca/2002481,2002,17,primera_division
Athletic,Rayo Vallecano,1-1,https://www.besoccer.com/match/athletic-bilbao/rayo-vallecano/2002482,2002,17,primera_division
Celta,Real Zaragoza,2-0,https://www.besoccer.com/match/celta/real-zaragoza/2002483,2002,17,primera_division
Real Valladolid,Tenerife,0-0,https://www.besoccer.com/match/valladolid/tenerife/2002485,2002,17,primera_division
Villarreal,Barcelona,0-1,https://www.besoccer.com/match/villarreal/barcelona/2002486,2002,17,primera_division
Alavés,Sevilla,0-1,https://www.besoccer.com/match/alaves/sevilla/2002480,2002,17,primera_division
Real Madrid,R. Sociedad,3-1,https://www.besoccer.com/match/real-madrid/real-sociedad/2002479,2002,17,primera_division
Málaga,Deportivo,1-1,https://www.besoccer.com/match/malaga/deportivo/2002484,2002,17,primera_division
Espanyol,Valencia,2-3,https://www.besoccer.com/match/espanyol/valencia-cf/2002477,2002,17,primera_division
Las Palmas,Osasuna,1-1,https://www.besoccer.com/match/ud-palmas/osasuna/2002478,2002,17,primera_division
R. Sociedad,Real Valladolid,6-0,https://www.besoccer.com/match/real-sociedad/valladolid/2002490,2002,18,primera_division
Deportivo,Real Betis,2-0,https://www.besoccer.com/match/deportivo/betis/2002487,2002,18,primera_division
Sevilla,Celta,0-1,https://www.besoccer.com/match/sevilla/celta/2002489,2002,18,primera_division
Espanyol,Barcelona,2-0,https://www.besoccer.com/match/espanyol/barcelona/2002488,2002,18,primera_division
Valencia,Málaga,2-1,https://www.besoccer.com/match/valencia-cf/malaga/2002492,2002,18,primera_division
Tenerife,Las Palmas,1-3,https://www.besoccer.com/match/tenerife/ud-palmas/2002491,2002,18,primera_division
Mallorca,Real Madrid,1-1,https://www.besoccer.com/match/mallorca/real-madrid/2002493,2002,18,primera_division
Real Zaragoza,Villarreal,3-2,https://www.besoccer.com/match/real-zaragoza/villarreal/2002495,2002,18,primera_division
Osasuna,Athletic,0-1,https://www.besoccer.com/match/osasuna/athletic-bilbao/2002494,2002,18,primera_division
Rayo Vallecano,Alavés,2-0,https://www.besoccer.com/match/rayo-vallecano/alaves/2002526,2002,18,primera_division
Celta,Rayo Vallecano,2-2,https://www.besoccer.com/match/celta/rayo-vallecano/2002496,2002,19,primera_division
Villarreal,Sevilla,0-2,https://www.besoccer.com/match/villarreal/sevilla/2002499,2002,19,primera_division
Real Madrid,Deportivo,3-1,https://www.besoccer.com/match/real-madrid/deportivo/2002498,2002,19,primera_division
Las Palmas,R. Sociedad,0-0,https://www.besoccer.com/match/ud-palmas/real-sociedad/2002497,2002,19,primera_division
Alavés,Osasuna,0-2,https://www.besoccer.com/match/alaves/osasuna/2002500,2002,19,primera_division
Real Betis,Valencia,1-3,https://www.besoccer.com/match/betis/valencia-cf/2002502,2002,19,primera_division
Athletic,Tenerife,1-2,https://www.besoccer.com/match/athletic-bilbao/tenerife/2002503,2002,19,primera_division
Málaga,Espanyol,2-0,https://www.besoccer.com/match/malaga/espanyol/2002504,2002,19,primera_division
Real Valladolid,Mallorca,2-1,https://www.besoccer.com/match/valladolid/mallorca/2002505,2002,19,primera_division
Barcelona,Real Zaragoza,2-0,https://www.besoccer.com/match/barcelona/real-zaragoza/2002501,2002,19,primera_division
Villarreal,Rayo Vallecano,1-1,https://www.besoccer.com/match/villarreal/rayo-vallecano/2002507,2002,20,primera_division
Athletic,R. Sociedad,2-1,https://www.besoccer.com/match/athletic-bilbao/real-sociedad/2002506,2002,20,primera_division
Alavés,Tenerife,1-0,https://www.besoccer.com/match/alaves/tenerife/2002508,2002,20,primera_division
Barcelona,Sevilla,3-1,https://www.besoccer.com/match/barcelona/sevilla/2002509,2002,20,primera_division
Real Betis,Málaga,1-1,https://www.besoccer.com/match/betis/malaga/2002510,2002,20,primera_division
Celta,Osasuna,1-1,https://www.besoccer.com/match/celta/osasuna/2002511,2002,20,primera_division
Real Valladolid,Deportivo,3-0,https://www.besoccer.com/match/valladolid/deportivo/2002514,2002,20,primera_division
Real Zaragoza,Espanyol,0-0,https://www.besoccer.com/match/real-zaragoza/espanyol/2002515,2002,20,primera_division
Las Palmas,Mallorca,3-1,https://www.besoccer.com/match/ud-palmas/mallorca/2002512,2002,20,primera_division
Real Madrid,Valencia,1-0,https://www.besoccer.com/match/real-madrid/valencia-cf/2002513,2002,20,primera_division
R. Sociedad,Alavés,1-2,https://www.besoccer.com/match/real-sociedad/alaves/2002517,2002,21,primera_division
Málaga,Real Madrid,1-1,https://www.besoccer.com/match/malaga/real-madrid/2002516,2002,21,primera_division
Espanyol,Real Betis,1-1,https://www.besoccer.com/match/espanyol/betis/2002519,2002,21,primera_division
Mallorca,Athletic,3-0,https://www.besoccer.com/match/mallorca/athletic-bilbao/2002520,2002,21,primera_division
Osasuna,Villarreal,2-2,https://www.besoccer.com/match/osasuna/villarreal/2002521,2002,21,primera_division
Rayo Vallecano,Barcelona,2-1,https://www.besoccer.com/match/rayo-vallecano/barcelona/2002522,2002,21,primera_division
Sevilla,Real Zaragoza,4-2,https://www.besoccer.com/match/sevilla/real-zaragoza/2002523,2002,21,primera_division
Valencia,Real Valladolid,1-2,https://www.besoccer.com/match/valencia-cf/valladolid/2002525,2002,21,primera_division
Tenerife,Celta,1-1,https://www.besoccer.com/match/tenerife/celta/2002524,2002,21,primera_division
Deportivo,Las Palmas,1-0,https://www.besoccer.com/match/deportivo/ud-palmas/2002518,2002,21,primera_division
Celta,R. Sociedad,3-1,https://www.besoccer.com/match/celta/real-sociedad/2002527,2002,22,primera_division
Las Palmas,Valencia,0-1,https://www.besoccer.com/match/ud-palmas/valencia-cf/2002528,2002,22,primera_division
Alavés,Mallorca,0-4,https://www.besoccer.com/match/alaves/mallorca/2002529,2002,22,primera_division
Barcelona,Osasuna,0-1,https://www.besoccer.com/match/barcelona/osasuna/2002530,2002,22,primera_division
Athletic,Deportivo,1-1,https://www.besoccer.com/match/athletic-bilbao/deportivo/2002531,2002,22,primera_division
Sevilla,Espanyol,3-0,https://www.besoccer.com/match/sevilla/espanyol/2002533,2002,22,primera_division
Real Valladolid,Málaga,0-0,https://www.besoccer.com/match/valladolid/malaga/2002534,2002,22,primera_division
Villarreal,Tenerife,2-1,https://www.besoccer.com/match/villarreal/tenerife/2002535,2002,22,primera_division
Real Zaragoza,Rayo Vallecano,3-2,https://www.besoccer.com/match/real-zaragoza/rayo-vallecano/2002536,2002,22,primera_division
Real Madrid,Real Betis,1-1,https://www.besoccer.com/match/real-madrid/betis/2002532,2002,22,primera_division
R. Sociedad,Villarreal,2-1,https://www.besoccer.com/match/real-sociedad/villarreal/2002540,2002,23,primera_division
Mallorca,Celta,0-1,https://www.besoccer.com/match/mallorca/celta/2002538,2002,23,primera_division
Deportivo,Alavés,0-1,https://www.besoccer.com/match/deportivo/alaves/2002537,2002,23,primera_division
Rayo Vallecano,Sevilla,2-1,https://www.besoccer.com/match/rayo-vallecano/sevilla/2002539,2002,23,primera_division
Tenerife,Barcelona,0-6,https://www.besoccer.com/match/tenerife/barcelona/2002541,2002,23,primera_division
Real Betis,Real Valladolid,2-0,https://www.besoccer.com/match/betis/valladolid/2002542,2002,23,primera_division
Espanyol,Real Madrid,2-1,https://www.besoccer.com/match/espanyol/real-madrid/2002543,2002,23,primera_division
Málaga,Las Palmas,1-1,https://www.besoccer.com/match/malaga/ud-palmas/2002544,2002,23,primera_division
Osasuna,Real Zaragoza,0-0,https://www.besoccer.com/match/osasuna/real-zaragoza/2002545,2002,23,primera_division
Valencia,Athletic,2-1,https://www.besoccer.com/match/valencia-cf/athletic-bilbao/2002546,2002,23,primera_division
Celta,Deportivo,0-2,https://www.besoccer.com/match/celta/deportivo/2002307,2002,24,primera_division
Athletic,Málaga,3-2,https://www.besoccer.com/match/athletic-bilbao/malaga/2002310,2002,24,primera_division
Alavés,Valencia,1-2,https://www.besoccer.com/match/alaves/valencia-cf/2002308,2002,24,primera_division
Barcelona,R. Sociedad,2-0,https://www.besoccer.com/match/barcelona/real-sociedad/2002309,2002,24,primera_division
Rayo Vallecano,Espanyol,2-2,https://www.besoccer.com/match/rayo-vallecano/espanyol/2002312,2002,24,primera_division
Sevilla,Osasuna,0-0,https://www.besoccer.com/match/sevilla/osasuna/2002313,2002,24,primera_division
Real Valladolid,Real Madrid,2-1,https://www.besoccer.com/match/valladolid/real-madrid/2002314,2002,24,primera_division
Villarreal,Mallorca,2-1,https://www.besoccer.com/match/villarreal/mallorca/2002315,2002,24,primera_division
Real Zaragoza,Tenerife,1-1,https://www.besoccer.com/match/real-zaragoza/tenerife/2002316,2002,24,primera_division
Las Palmas,Real Betis,0-0,https://www.besoccer.com/match/ud-palmas/betis/2002311,2002,24,primera_division
Mallorca,Barcelona,0-0,https://www.besoccer.com/match/mallorca/barcelona/2002547,2002,25,primera_division
Valencia,Celta,0-0,https://www.besoccer.com/match/valencia-cf/celta/2002548,2002,25,primera_division
Deportivo,Villarreal,0-0,https://www.besoccer.com/match/deportivo/villarreal/2002550,2002,25,primera_division
Espanyol,Real Valladolid,1-0,https://www.besoccer.com/match/espanyol/valladolid/2002551,2002,25,primera_division
Málaga,Alavés,1-0,https://www.besoccer.com/match/malaga/alaves/2002552,2002,25,primera_division
Osasuna,Rayo Vallecano,1-0,https://www.besoccer.com/match/osasuna/rayo-vallecano/2002553,2002,25,primera_division
Real Madrid,Las Palmas,7-0,https://www.besoccer.com/match/real-madrid/ud-palmas/2002554,2002,25,primera_division
R. Sociedad,Real Zaragoza,3-1,https://www.besoccer.com/match/real-sociedad/real-zaragoza/2002555,2002,25,primera_division
Tenerife,Sevilla,1-1,https://www.besoccer.com/match/tenerife/sevilla/2002556,2002,25,primera_division
Real Betis,Athletic,1-1,https://www.besoccer.com/match/betis/athletic-bilbao/2002549,2002,25,primera_division
Athletic,Real Madrid,2-1,https://www.besoccer.com/match/athletic-bilbao/real-madrid/2002558,2002,26,primera_division
Villarreal,Valencia,1-1,https://www.besoccer.com/match/villarreal/valencia-cf/2002559,2002,26,primera_division
Barcelona,Deportivo,3-2,https://www.besoccer.com/match/barcelona/deportivo/2002557,2002,26,primera_division
Alavés,Real Betis,0-1,https://www.besoccer.com/match/alaves/betis/2002560,2002,26,primera_division
Osasuna,Espanyol,1-1,https://www.besoccer.com/match/osasuna/espanyol/2002563,2002,26,primera_division
Rayo Vallecano,Tenerife,2-0,https://www.besoccer.com/match/rayo-vallecano/tenerife/2002564,2002,26,primera_division
Sevilla,R. Sociedad,0-1,https://www.besoccer.com/match/sevilla/real-sociedad/2002565,2002,26,primera_division
Real Zaragoza,Mallorca,1-0,https://www.besoccer.com/match/real-zaragoza/mallorca/2002566,2002,26,primera_division
Las Palmas,Real Valladolid,1-1,https://www.besoccer.com/match/ud-palmas/valladolid/2002562,2002,26,primera_division
Celta,Málaga,0-0,https://www.besoccer.com/match/celta/malaga/2002561,2002,26,primera_division
Real Madrid,Alavés,3-1,https://www.besoccer.com/match/real-madrid/alaves/2002568,2002,27,primera_division
Deportivo,Real Zaragoza,1-0,https://www.besoccer.com/match/deportivo/real-zaragoza/2002567,2002,27,primera_division
Valencia,Barcelona,2-0,https://www.besoccer.com/match/valencia-cf/barcelona/2002569,2002,27,primera_division
Espanyol,Las Palmas,3-1,https://www.besoccer.com/match/espanyol/ud-palmas/2002571,2002,27,primera_division
Málaga,Villarreal,2-1,https://www.besoccer.com/match/malaga/villarreal/2002572,2002,27,primera_division
Mallorca,Sevilla,0-4,https://www.besoccer.com/match/mallorca/sevilla/2002573,2002,27,primera_division
R. Sociedad,Rayo Vallecano,2-2,https://www.besoccer.com/match/real-sociedad/rayo-vallecano/2002574,2002,27,primera_division
Real Valladolid,Athletic,2-0,https://www.besoccer.com/match/valladolid/athletic-bilbao/2002576,2002,27,primera_division
Tenerife,Osasuna,3-1,https://www.besoccer.com/match/tenerife/osasuna/2002575,2002,27,primera_division
Real Betis,Celta,4-1,https://www.besoccer.com/match/betis/celta/2002570,2002,27,primera_division
Celta,Real Madrid,0-1,https://www.besoccer.com/match/celta/real-madrid/2002577,2002,28,primera_division
Sevilla,Deportivo,0-1,https://www.besoccer.com/match/sevilla/deportivo/2002578,2002,28,primera_division
Villarreal,Real Betis,1-1,https://www.besoccer.com/match/villarreal/betis/2002579,2002,28,primera_division
Alavés,Real Valladolid,3-1,https://www.besoccer.com/match/alaves/valladolid/2002580,2002,28,primera_division
Barcelona,Málaga,5-1,https://www.besoccer.com/match/barcelona/malaga/2002581,2002,28,primera_division
Osasuna,R. Sociedad,1-1,https://www.besoccer.com/match/osasuna/real-sociedad/2002583,2002,28,primera_division
Rayo Vallecano,Mallorca,0-2,https://www.besoccer.com/match/rayo-vallecano/mallorca/2002584,2002,28,primera_division
Real Zaragoza,Valencia,0-1,https://www.besoccer.com/match/real-zaragoza/valencia-cf/2002586,2002,28,primera_division
Tenerife,Espanyol,1-1,https://www.besoccer.com/match/tenerife/espanyol/2002585,2002,28,primera_division
Athletic,Las Palmas,3-1,https://www.besoccer.com/match/athletic-bilbao/ud-palmas/2002582,2002,28,primera_division
Real Madrid,Villarreal,3-0,https://www.besoccer.com/match/real-madrid/villarreal/2002590,2002,29,primera_division
Real Betis,Barcelona,2-1,https://www.besoccer.com/match/betis/barcelona/2002587,2002,29,primera_division
Deportivo,Rayo Vallecano,1-1,https://www.besoccer.com/match/deportivo/rayo-vallecano/2002588,2002,29,primera_division
Las Palmas,Alavés,2-1,https://www.besoccer.com/match/ud-palmas/alaves/2002589,2002,29,primera_division
Espanyol,Athletic,2-0,https://www.besoccer.com/match/espanyol/athletic-bilbao/2002591,2002,29,primera_division
Málaga,Real Zaragoza,2-1,https://www.besoccer.com/match/malaga/real-zaragoza/2002592,2002,29,primera_division
Mallorca,Osasuna,4-2,https://www.besoccer.com/match/mallorca/osasuna/2002593,2002,29,primera_division
Valencia,Sevilla,2-0,https://www.besoccer.com/match/valencia-cf/sevilla/2002595,2002,29,primera_division
Real Valladolid,Celta,2-4,https://www.besoccer.com/match/valladolid/celta/2002596,2002,29,primera_division
R. Sociedad,Tenerife,0-2,https://www.besoccer.com/match/real-sociedad/tenerife/2002594,2002,29,primera_division
Osasuna,Deportivo,1-3,https://www.besoccer.com/match/osasuna/deportivo/2002598,2002,30,primera_division
Barcelona,Real Madrid,1-1,https://www.besoccer.com/match/barcelona/real-madrid/2002597,2002,30,primera_division
Alavés,Athletic,2-3,https://www.besoccer.com/match/alaves/athletic-bilbao/2002599,2002,30,primera_division
Celta,Las Palmas,3-2,https://www.besoccer.com/match/celta/ud-palmas/2002600,2002,30,primera_division
Sevilla,Málaga,0-2,https://www.besoccer.com/match/sevilla/malaga/2002602,2002,30,primera_division
R. Sociedad,Espanyol,1-0,https://www.besoccer.com/match/real-sociedad/espanyol/2002603,2002,30,primera_division
Villarreal,Real Valladolid,2-2,https://www.besoccer.com/match/villarreal/valladolid/2002605,2002,30,primera_division
Real Zaragoza,Real Betis,1-1,https://www.besoccer.com/match/real-zaragoza/betis/2002606,2002,30,primera_division
Tenerife,Mallorca,0-0,https://www.besoccer.com/match/tenerife/mallorca/2002604,2002,30,primera_division
Rayo Vallecano,Valencia,2-1,https://www.besoccer.com/match/rayo-vallecano/valencia-cf/2002601,2002,30,primera_division
Málaga,Rayo Vallecano,0-0,https://www.besoccer.com/match/malaga/rayo-vallecano/2002609,2002,31,primera_division
Real Betis,Sevilla,0-0,https://www.besoccer.com/match/betis/sevilla/2002607,2002,31,primera_division
Las Palmas,Villarreal,3-2,https://www.besoccer.com/match/ud-palmas/villarreal/2002608,2002,31,primera_division
Athletic,Celta,1-6,https://www.besoccer.com/match/athletic-bilbao/celta/2002610,2002,31,primera_division
Deportivo,Tenerife,3-1,https://www.besoccer.com/match/deportivo/tenerife/2002611,2002,31,primera_division
Espanyol,Alavés,1-2,https://www.besoccer.com/match/espanyol/alaves/2002612,2002,31,primera_division
Mallorca,R. Sociedad,0-2,https://www.besoccer.com/match/mallorca/real-sociedad/2002613,2002,31,primera_division
Real Madrid,Real Zaragoza,3-1,https://www.besoccer.com/match/real-madrid/real-zaragoza/2002614,2002,31,primera_division
Valencia,Osasuna,2-1,https://www.besoccer.com/match/valencia-cf/osasuna/2002615,2002,31,primera_division
Real Valladolid,Barcelona,1-2,https://www.besoccer.com/match/valladolid/barcelona/2002616,2002,31,primera_division
Sevilla,Real Madrid,0-1,https://www.besoccer.com/match/sevilla/real-madrid/2002619,2002,32,primera_division
R. Sociedad,Deportivo,1-1,https://www.besoccer.com/match/real-sociedad/deportivo/2002620,2002,32,primera_division
Barcelona,Las Palmas,1-1,https://www.besoccer.com/match/barcelona/ud-palmas/2002617,2002,32,primera_division
Celta,Alavés,3-1,https://www.besoccer.com/match/celta/alaves/2002618,2002,32,primera_division
Tenerife,Valencia,0-1,https://www.besoccer.com/match/tenerife/valencia-cf/2002621,2002,32,primera_division
Osasuna,Málaga,0-2,https://www.besoccer.com/match/osasuna/malaga/2002623,2002,32,primera_division
Mallorca,Espanyol,2-1,https://www.besoccer.com/match/mallorca/espanyol/2002622,2002,32,primera_division
Villarreal,Athletic,5-2,https://www.besoccer.com/match/villarreal/athletic-bilbao/2002625,2002,32,primera_division
Real Zaragoza,Real Valladolid,0-0,https://www.besoccer.com/match/real-zaragoza/valladolid/2002626,2002,32,primera_division
Rayo Vallecano,Real Betis,0-0,https://www.besoccer.com/match/rayo-vallecano/betis/2002624,2002,32,primera_division
Real Madrid,Rayo Vallecano,3-1,https://www.besoccer.com/match/real-madrid/rayo-vallecano/2002630,2002,33,primera_division
Deportivo,Mallorca,5-0,https://www.besoccer.com/match/deportivo/mallorca/2002628,2002,33,primera_division
Athletic,Barcelona,0-2,https://www.besoccer.com/match/athletic-bilbao/barcelona/2002627,2002,33,primera_division
Las Palmas,Real Zaragoza,1-1,https://www.besoccer.com/match/ud-palmas/real-zaragoza/2002629,2002,33,primera_division
Alavés,Villarreal,2-1,https://www.besoccer.com/match/alaves/villarreal/2002631,2002,33,primera_division
Espanyol,Celta,2-0,https://www.besoccer.com/match/espanyol/celta/2002633,2002,33,primera_division
Málaga,Tenerife,2-0,https://www.besoccer.com/match/malaga/tenerife/2002634,2002,33,primera_division
Real Valladolid,Sevilla,1-1,https://www.besoccer.com/match/valladolid/sevilla/2002636,2002,33,primera_division
Valencia,R. Sociedad,4-0,https://www.besoccer.com/match/valencia-cf/real-sociedad/2002635,2002,33,primera_division
Real Betis,Osasuna,0-0,https://www.besoccer.com/match/betis/osasuna/2002632,2002,33,primera_division
Mallorca,Valencia,1-1,https://www.besoccer.com/match/mallorca/valencia-cf/2002637,2002,34,primera_division
Deportivo,Espanyol,3-1,https://www.besoccer.com/match/deportivo/espanyol/2002639,2002,34,primera_division
Rayo Vallecano,Real Valladolid,1-0,https://www.besoccer.com/match/rayo-vallecano/valladolid/2002641,2002,34,primera_division
Sevilla,Las Palmas,1-1,https://www.besoccer.com/match/sevilla/ud-palmas/2002642,2002,34,primera_division
R. Sociedad,Málaga,2-1,https://www.besoccer.com/match/real-sociedad/malaga/2002643,2002,34,primera_division
Villarreal,Celta,2-1,https://www.besoccer.com/match/villarreal/celta/2002645,2002,34,primera_division
Barcelona,Alavés,3-2,https://www.besoccer.com/match/barcelona/alaves/2002638,2002,34,primera_division
Tenerife,Real Betis,2-1,https://www.besoccer.com/match/tenerife/betis/2002644,2002,34,primera_division
Real Zaragoza,Athletic,2-2,https://www.besoccer.com/match/real-zaragoza/athletic-bilbao/2002646,2002,34,primera_division
Osasuna,Real Madrid,3-1,https://www.besoccer.com/match/osasuna/real-madrid/2002640,2002,34,primera_division
Celta,Barcelona,2-1,https://www.besoccer.com/match/celta/barcelona/2002647,2002,35,primera_division
Real Madrid,Tenerife,4-1,https://www.besoccer.com/match/real-madrid/tenerife/2002649,2002,35,primera_division
Las Palmas,Rayo Vallecano,0-2,https://www.besoccer.com/match/ud-palmas/rayo-vallecano/2002648,2002,35,primera_division
Alavés,Real Zaragoza,2-1,https://www.besoccer.com/match/alaves/real-zaragoza/2002650,2002,35,primera_division
Real Betis,R. Sociedad,3-0,https://www.besoccer.com/match/betis/real-sociedad/2002651,2002,35,primera_division
Athletic,Sevilla,0-1,https://www.besoccer.com/match/athletic-bilbao/sevilla/2002652,2002,35,primera_division
Espanyol,Villarreal,3-1,https://www.besoccer.com/match/espanyol/villarreal/2002653,2002,35,primera_division
Málaga,Mallorca,0-0,https://www.besoccer.com/match/malaga/mallorca/2002654,2002,35,primera_division
Real Valladolid,Osasuna,1-0,https://www.besoccer.com/match/valladolid/osasuna/2002656,2002,35,primera_division
Valencia,Deportivo,1-0,https://www.besoccer.com/match/valencia-cf/deportivo/2002655,2002,35,primera_division
Barcelona,Villarreal,4-1,https://www.besoccer.com/match/barcelona/villarreal/2002657,2002,36,primera_division
R. Sociedad,Real Madrid,3-0,https://www.besoccer.com/match/real-sociedad/real-madrid/2002658,2002,36,primera_division
Valencia,Espanyol,2-1,https://www.besoccer.com/match/valencia-cf/espanyol/2002659,2002,36,primera_division
Real Zaragoza,Celta,0-1,https://www.besoccer.com/match/real-zaragoza/celta/2002666,2002,36,primera_division
Rayo Vallecano,Athletic,4-2,https://www.besoccer.com/match/rayo-vallecano/athletic-bilbao/2002663,2002,36,primera_division
Sevilla,Alavés,2-0,https://www.besoccer.com/match/sevilla/alaves/2002664,2002,36,primera_division
Mallorca,Real Betis,1-3,https://www.besoccer.com/match/mallorca/betis/2002661,2002,36,primera_division
Osasuna,Las Palmas,3-2,https://www.besoccer.com/match/osasuna/ud-palmas/2002662,2002,36,primera_division
Tenerife,Real Valladolid,1-5,https://www.besoccer.com/match/tenerife/valladolid/2002665,2002,36,primera_division
Deportivo,Málaga,2-2,https://www.besoccer.com/match/deportivo/malaga/2002660,2002,36,primera_division
Barcelona,Espanyol,2-0,https://www.besoccer.com/match/barcelona/espanyol/2002668,2002,37,primera_division
Alavés,Rayo Vallecano,0-1,https://www.besoccer.com/match/alaves/rayo-vallecano/2002667,2002,37,primera_division
Real Betis,Deportivo,0-3,https://www.besoccer.com/match/betis/deportivo/2002669,2002,37,primera_division
Athletic,Osasuna,1-1,https://www.besoccer.com/match/athletic-bilbao/osasuna/2002670,2002,37,primera_division
Celta,Sevilla,1-2,https://www.besoccer.com/match/celta/sevilla/2002671,2002,37,primera_division
Las Palmas,Tenerife,0-1,https://www.besoccer.com/match/ud-palmas/tenerife/2002672,2002,37,primera_division
Málaga,Valencia,0-2,https://www.besoccer.com/match/malaga/valencia-cf/2002673,2002,37,primera_division
Real Madrid,Mallorca,0-0,https://www.besoccer.com/match/real-madrid/mallorca/2002674,2002,37,primera_division
Real Valladolid,R. Sociedad,1-3,https://www.besoccer.com/match/valladolid/real-sociedad/2002675,2002,37,primera_division
Villarreal,Real Zaragoza,2-1,https://www.besoccer.com/match/villarreal/real-zaragoza/2002676,2002,37,primera_division
Deportivo,Real Madrid,3-0,https://www.besoccer.com/match/deportivo/real-madrid/2002677,2002,38,primera_division
Espanyol,Málaga,1-2,https://www.besoccer.com/match/espanyol/malaga/2002678,2002,38,primera_division
Mallorca,Real Valladolid,2-1,https://www.besoccer.com/match/mallorca/valladolid/2002679,2002,38,primera_division
Osasuna,Alavés,0-1,https://www.besoccer.com/match/osasuna/alaves/2002680,2002,38,primera_division
Rayo Vallecano,Celta,1-0,https://www.besoccer.com/match/rayo-vallecano/celta/2002681,2002,38,primera_division
Sevilla,Villarreal,1-0,https://www.besoccer.com/match/sevilla/villarreal/2002682,2002,38,primera_division
R. Sociedad,Las Palmas,1-1,https://www.besoccer.com/match/real-sociedad/ud-palmas/2002683,2002,38,primera_division
Tenerife,Athletic,2-3,https://www.besoccer.com/match/tenerife/athletic-bilbao/2002684,2002,38,primera_division
Valencia,Real Betis,2-0,https://www.besoccer.com/match/valencia-cf/betis/2002685,2002,38,primera_division
Real Zaragoza,Barcelona,1-1,https://www.besoccer.com/match/real-zaragoza/barcelona/2002686,2002,38,primera_division
