Home_Team,Away_Team,Result,Link,Season,Round,League
Valencia,Real Betis,2-1,https://www.besoccer.com/match/valencia-cf/betis/2007381,2007,1,primera_division
Deportivo,Real Zaragoza,3-2,https://www.besoccer.com/match/deportivo/real-zaragoza/2007383,2007,1,primera_division
Espanyol,Gimnàstic Tarragona,0-1,https://www.besoccer.com/match/espanyol/gimnastic-tarragona/2007384,2007,1,primera_division
Osasuna,Getafe,0-2,https://www.besoccer.com/match/osasuna/getafe/2007385,2007,1,primera_division
Racing,Atlético,0-1,https://www.besoccer.com/match/racing/atletico-madrid/2007386,2007,1,primera_division
Real Madrid,Villarreal,0-0,https://www.besoccer.com/match/real-madrid/villarreal/2007387,2007,1,primera_division
Recreativo,Mallorca,1-1,https://www.besoccer.com/match/recreativo/mallorca/2007388,2007,1,primera_division
Athletic,R. Sociedad,1-1,https://www.besoccer.com/match/athletic-bilbao/real-sociedad/2007382,2007,1,primera_division
Celta,Barcelona,2-3,https://www.besoccer.com/match/celta/barcelona/2007389,2007,1,primera_division
Sevilla,Levante,4-0,https://www.besoccer.com/match/sevilla/levante/2007390,2007,1,primera_division
Barcelona,Osasuna,3-0,https://www.besoccer.com/match/barcelona/osasuna/2007392,2007,2,primera_division
Atlético,Valencia,0-1,https://www.besoccer.com/match/atletico-madrid/valencia-cf/2007391,2007,2,primera_division
Real Betis,Athletic,3-0,https://www.besoccer.com/match/betis/athletic-bilbao/2007393,2007,2,primera_division
Getafe,Racing,1-0,https://www.besoccer.com/match/getafe/racing/2007394,2007,2,primera_division
Gimnàstic Tarragona,Celta,1-2,https://www.besoccer.com/match/gimnastic-tarragona/celta/2007395,2007,2,primera_division
Levante,Real Madrid,1-4,https://www.besoccer.com/match/levante/real-madrid/2007396,2007,2,primera_division
Mallorca,Deportivo,0-0,https://www.besoccer.com/match/mallorca/deportivo/2007397,2007,2,primera_division
R. Sociedad,Sevilla,1-3,https://www.besoccer.com/match/real-sociedad/sevilla/2007398,2007,2,primera_division
Villarreal,Recreativo,0-1,https://www.besoccer.com/match/villarreal/recreativo/2007400,2007,2,primera_division
Real Zaragoza,Espanyol,3-0,https://www.besoccer.com/match/real-zaragoza/espanyol/2007399,2007,2,primera_division
Deportivo,Villarreal,2-0,https://www.besoccer.com/match/deportivo/villarreal/2007401,2007,3,primera_division
Sevilla,Real Betis,3-2,https://www.besoccer.com/match/sevilla/betis/2007404,2007,3,primera_division
Athletic,Atlético,1-4,https://www.besoccer.com/match/athletic-bilbao/atletico-madrid/2007402,2007,3,primera_division
Espanyol,Celta,2-1,https://www.besoccer.com/match/espanyol/celta/2007403,2007,3,primera_division
Osasuna,Gimnàstic Tarragona,2-0,https://www.besoccer.com/match/osasuna/gimnastic-tarragona/2007405,2007,3,primera_division
Racing,Barcelona,0-3,https://www.besoccer.com/match/racing/barcelona/2007406,2007,3,primera_division
Real Zaragoza,Mallorca,2-0,https://www.besoccer.com/match/real-zaragoza/mallorca/2007408,2007,3,primera_division
Recreativo,Levante,0-1,https://www.besoccer.com/match/recreativo/levante/2007409,2007,3,primera_division
Valencia,Getafe,2-0,https://www.besoccer.com/match/valencia-cf/getafe/2007410,2007,3,primera_division
Real Madrid,R. Sociedad,2-0,https://www.besoccer.com/match/real-madrid/real-sociedad/2007407,2007,3,primera_division
Real Betis,Real Madrid,0-1,https://www.besoccer.com/match/betis/real-madrid/2007411,2007,4,primera_division
Atlético,Sevilla,2-1,https://www.besoccer.com/match/atletico-madrid/sevilla/2007412,2007,4,primera_division
Celta,Osasuna,0-2,https://www.besoccer.com/match/celta/osasuna/2007414,2007,4,primera_division
Getafe,Athletic,0-0,https://www.besoccer.com/match/getafe/athletic-bilbao/2007415,2007,4,primera_division
Gimnàstic Tarragona,Racing,2-2,https://www.besoccer.com/match/gimnastic-tarragona/racing/2007416,2007,4,primera_division
Levante,Deportivo,2-0,https://www.besoccer.com/match/levante/deportivo/2007417,2007,4,primera_division
Mallorca,Espanyol,1-0,https://www.besoccer.com/match/mallorca/espanyol/2007418,2007,4,primera_division
R. Sociedad,Recreativo,2-3,https://www.besoccer.com/match/real-sociedad/recreativo/2007419,2007,4,primera_division
Villarreal,Real Zaragoza,3-2,https://www.besoccer.com/match/villarreal/real-zaragoza/2007420,2007,4,primera_division
Barcelona,Valencia,1-1,https://www.besoccer.com/match/barcelona/valencia-cf/2007413,2007,4,primera_division
Athletic,Barcelona,1-3,https://www.besoccer.com/match/athletic-bilbao/barcelona/2007421,2007,5,primera_division
Deportivo,R. Sociedad,2-0,https://www.besoccer.com/match/deportivo/real-sociedad/2007422,2007,5,primera_division
Espanyol,Osasuna,0-0,https://www.besoccer.com/match/espanyol/osasuna/2007423,2007,5,primera_division
Sevilla,Getafe,1-0,https://www.besoccer.com/match/sevilla/getafe/2007424,2007,5,primera_division
Racing,Celta,1-1,https://www.besoccer.com/match/racing/celta/2007425,2007,5,primera_division
Real Madrid,Atlético,1-1,https://www.besoccer.com/match/real-madrid/atletico-madrid/2007426,2007,5,primera_division
Mallorca,Villarreal,1-2,https://www.besoccer.com/match/mallorca/villarreal/2007427,2007,5,primera_division
Real Zaragoza,Levante,2-2,https://www.besoccer.com/match/real-zaragoza/levante/2007428,2007,5,primera_division
Recreativo,Real Betis,2-0,https://www.besoccer.com/match/recreativo/betis/2007429,2007,5,primera_division
Valencia,Gimnàstic Tarragona,4-0,https://www.besoccer.com/match/valencia-cf/gimnastic-tarragona/2007430,2007,5,primera_division
Getafe,Real Madrid,1-0,https://www.besoccer.com/match/getafe/real-madrid/2007432,2007,6,primera_division
Atlético,Recreativo,2-1,https://www.besoccer.com/match/atletico-madrid/recreativo/2007431,2007,6,primera_division
Celta,Valencia,3-2,https://www.besoccer.com/match/celta/valencia-cf/2007435,2007,6,primera_division
Gimnàstic Tarragona,Athletic,2-3,https://www.besoccer.com/match/gimnastic-tarragona/athletic-bilbao/2007436,2007,6,primera_division
Levante,Mallorca,0-1,https://www.besoccer.com/match/levante/mallorca/2007437,2007,6,primera_division
Osasuna,Racing,0-1,https://www.besoccer.com/match/osasuna/racing/2007438,2007,6,primera_division
R. Sociedad,Real Zaragoza,1-3,https://www.besoccer.com/match/real-sociedad/real-zaragoza/2007439,2007,6,primera_division
Villarreal,Espanyol,0-0,https://www.besoccer.com/match/villarreal/espanyol/2007440,2007,6,primera_division
Barcelona,Sevilla,3-1,https://www.besoccer.com/match/barcelona/sevilla/2007433,2007,6,primera_division
Real Betis,Deportivo,1-1,https://www.besoccer.com/match/betis/deportivo/2007434,2007,6,primera_division
Real Zaragoza,Real Betis,2-1,https://www.besoccer.com/match/real-zaragoza/betis/2007442,2007,7,primera_division
Villarreal,Levante,1-1,https://www.besoccer.com/match/villarreal/levante/2007443,2007,7,primera_division
Deportivo,Atlético,1-0,https://www.besoccer.com/match/deportivo/atletico-madrid/2007441,2007,7,primera_division
Athletic,Celta,0-1,https://www.besoccer.com/match/athletic-bilbao/celta/2007444,2007,7,primera_division
Espanyol,Racing,2-2,https://www.besoccer.com/match/espanyol/racing/2007445,2007,7,primera_division
Sevilla,Gimnàstic Tarragona,2-1,https://www.besoccer.com/match/sevilla/gimnastic-tarragona/2007446,2007,7,primera_division
Mallorca,R. Sociedad,0-0,https://www.besoccer.com/match/mallorca/real-sociedad/2007448,2007,7,primera_division
Recreativo,Getafe,1-2,https://www.besoccer.com/match/recreativo/getafe/2007449,2007,7,primera_division
Valencia,Osasuna,1-0,https://www.besoccer.com/match/valencia-cf/osasuna/2007450,2007,7,primera_division
Real Madrid,Barcelona,2-0,https://www.besoccer.com/match/real-madrid/barcelona/2007447,2007,7,primera_division
Barcelona,Recreativo,3-0,https://www.besoccer.com/match/barcelona/recreativo/2007451,2007,8,primera_division
Racing,Valencia,1-0,https://www.besoccer.com/match/racing/valencia-cf/2007453,2007,8,primera_division
Gimnàstic Tarragona,Real Madrid,1-3,https://www.besoccer.com/match/gimnastic-tarragona/real-madrid/2007452,2007,8,primera_division
Real Betis,Mallorca,0-1,https://www.besoccer.com/match/betis/mallorca/2007455,2007,8,primera_division
Celta,Sevilla,1-2,https://www.besoccer.com/match/celta/sevilla/2007456,2007,8,primera_division
Getafe,Deportivo,2-0,https://www.besoccer.com/match/getafe/deportivo/2007457,2007,8,primera_division
Levante,Espanyol,0-0,https://www.besoccer.com/match/levante/espanyol/2007458,2007,8,primera_division
R. Sociedad,Villarreal,0-1,https://www.besoccer.com/match/real-sociedad/villarreal/2007460,2007,8,primera_division
Osasuna,Athletic,1-1,https://www.besoccer.com/match/osasuna/athletic-bilbao/2007459,2007,8,primera_division
Atlético,Real Zaragoza,0-1,https://www.besoccer.com/match/atletico-madrid/real-zaragoza/2007454,2007,8,primera_division
Levante,R. Sociedad,2-0,https://www.besoccer.com/match/levante/real-sociedad/2007462,2007,9,primera_division
Mallorca,Atlético,0-0,https://www.besoccer.com/match/mallorca/atletico-madrid/2007463,2007,9,primera_division
Deportivo,Barcelona,1-1,https://www.besoccer.com/match/deportivo/barcelona/2007461,2007,9,primera_division
Athletic,Racing,0-0,https://www.besoccer.com/match/athletic-bilbao/racing/2007464,2007,9,primera_division
Sevilla,Osasuna,2-0,https://www.besoccer.com/match/sevilla/osasuna/2007466,2007,9,primera_division
Real Zaragoza,Getafe,3-1,https://www.besoccer.com/match/real-zaragoza/getafe/2007468,2007,9,primera_division
Recreativo,Gimnàstic Tarragona,2-1,https://www.besoccer.com/match/recreativo/gimnastic-tarragona/2007469,2007,9,primera_division
Villarreal,Real Betis,3-2,https://www.besoccer.com/match/villarreal/betis/2007470,2007,9,primera_division
Real Madrid,Celta,1-2,https://www.besoccer.com/match/real-madrid/celta/2007467,2007,9,primera_division
Espanyol,Valencia,1-1,https://www.besoccer.com/match/espanyol/valencia-cf/2007465,2007,9,primera_division
Atlético,Villarreal,3-1,https://www.besoccer.com/match/atletico-madrid/villarreal/2007471,2007,10,primera_division
Valencia,Athletic,1-1,https://www.besoccer.com/match/valencia-cf/athletic-bilbao/2007472,2007,10,primera_division
Real Betis,Levante,2-1,https://www.besoccer.com/match/betis/levante/2007474,2007,10,primera_division
Celta,Recreativo,1-2,https://www.besoccer.com/match/celta/recreativo/2007475,2007,10,primera_division
Getafe,Mallorca,1-0,https://www.besoccer.com/match/getafe/mallorca/2007476,2007,10,primera_division
Gimnàstic Tarragona,Deportivo,0-0,https://www.besoccer.com/match/gimnastic-tarragona/deportivo/2007477,2007,10,primera_division
Racing,Sevilla,0-0,https://www.besoccer.com/match/racing/sevilla/2007479,2007,10,primera_division
R. Sociedad,Espanyol,1-1,https://www.besoccer.com/match/real-sociedad/espanyol/2007480,2007,10,primera_division
Osasuna,Real Madrid,1-4,https://www.besoccer.com/match/osasuna/real-madrid/2007478,2007,10,primera_division
Barcelona,Real Zaragoza,3-1,https://www.besoccer.com/match/barcelona/real-zaragoza/2007473,2007,10,primera_division
Real Madrid,Racing,3-1,https://www.besoccer.com/match/real-madrid/racing/2007482,2007,11,primera_division
Sevilla,Valencia,3-0,https://www.besoccer.com/match/sevilla/valencia-cf/2007481,2007,11,primera_division
Espanyol,Athletic,3-2,https://www.besoccer.com/match/espanyol/athletic-bilbao/2007484,2007,11,primera_division
Levante,Atlético,0-3,https://www.besoccer.com/match/levante/atletico-madrid/2007485,2007,11,primera_division
R. Sociedad,Real Betis,0-0,https://www.besoccer.com/match/real-sociedad/betis/2007487,2007,11,primera_division
Real Zaragoza,Gimnàstic Tarragona,3-0,https://www.besoccer.com/match/real-zaragoza/gimnastic-tarragona/2007488,2007,11,primera_division
Recreativo,Osasuna,2-0,https://www.besoccer.com/match/recreativo/osasuna/2007489,2007,11,primera_division
Villarreal,Getafe,1-0,https://www.besoccer.com/match/villarreal/getafe/2007490,2007,11,primera_division
Mallorca,Barcelona,1-4,https://www.besoccer.com/match/mallorca/barcelona/2007486,2007,11,primera_division
Deportivo,Celta,0-1,https://www.besoccer.com/match/deportivo/celta/2007483,2007,11,primera_division
Barcelona,Villarreal,4-0,https://www.besoccer.com/match/barcelona/villarreal/2007492,2007,12,primera_division
Atlético,R. Sociedad,1-1,https://www.besoccer.com/match/atletico-madrid/real-sociedad/2007491,2007,12,primera_division
Real Betis,Espanyol,1-1,https://www.besoccer.com/match/betis/espanyol/2007494,2007,12,primera_division
Celta,Real Zaragoza,1-1,https://www.besoccer.com/match/celta/real-zaragoza/2007495,2007,12,primera_division
Getafe,Levante,0-0,https://www.besoccer.com/match/getafe/levante/2007496,2007,12,primera_division
Gimnàstic Tarragona,Mallorca,2-3,https://www.besoccer.com/match/gimnastic-tarragona/mallorca/2007497,2007,12,primera_division
Osasuna,Deportivo,4-1,https://www.besoccer.com/match/osasuna/deportivo/2007498,2007,12,primera_division
Racing,Recreativo,4-3,https://www.besoccer.com/match/racing/recreativo/2007499,2007,12,primera_division
Valencia,Real Madrid,0-1,https://www.besoccer.com/match/valencia-cf/real-madrid/2007500,2007,12,primera_division
Athletic,Sevilla,1-3,https://www.besoccer.com/match/athletic-bilbao/sevilla/2007493,2007,12,primera_division
Real Betis,Atlético,0-1,https://www.besoccer.com/match/betis/atletico-madrid/2007501,2007,13,primera_division
Levante,Barcelona,1-1,https://www.besoccer.com/match/levante/barcelona/2007502,2007,13,primera_division
Recreativo,Valencia,2-0,https://www.besoccer.com/match/recreativo/valencia-cf/2007503,2007,13,primera_division
Deportivo,Racing,0-0,https://www.besoccer.com/match/deportivo/racing/2007504,2007,13,primera_division
Espanyol,Sevilla,2-1,https://www.besoccer.com/match/espanyol/sevilla/2007505,2007,13,primera_division
Real Madrid,Athletic,2-1,https://www.besoccer.com/match/real-madrid/athletic-bilbao/2007506,2007,13,primera_division
Mallorca,Celta,2-2,https://www.besoccer.com/match/mallorca/celta/2007507,2007,13,primera_division
R. Sociedad,Getafe,0-0,https://www.besoccer.com/match/real-sociedad/getafe/2007508,2007,13,primera_division
Real Zaragoza,Osasuna,1-2,https://www.besoccer.com/match/real-zaragoza/osasuna/2007509,2007,13,primera_division
Villarreal,Gimnàstic Tarragona,2-0,https://www.besoccer.com/match/villarreal/gimnastic-tarragona/2007510,2007,13,primera_division
Barcelona,R. Sociedad,1-0,https://www.besoccer.com/match/barcelona/real-sociedad/2007511,2007,14,primera_division
Sevilla,Real Madrid,2-1,https://www.besoccer.com/match/sevilla/real-madrid/2007512,2007,14,primera_division
Athletic,Recreativo,4-2,https://www.besoccer.com/match/athletic-bilbao/recreativo/2007513,2007,14,primera_division
Atlético,Espanyol,1-2,https://www.besoccer.com/match/atletico-madrid/espanyol/2007514,2007,14,primera_division
Celta,Villarreal,1-1,https://www.besoccer.com/match/celta/villarreal/2007515,2007,14,primera_division
Getafe,Real Betis,1-1,https://www.besoccer.com/match/getafe/betis/2007516,2007,14,primera_division
Gimnàstic Tarragona,Levante,2-1,https://www.besoccer.com/match/gimnastic-tarragona/levante/2007517,2007,14,primera_division
Osasuna,Mallorca,3-0,https://www.besoccer.com/match/osasuna/mallorca/2007518,2007,14,primera_division
Racing,Real Zaragoza,0-2,https://www.besoccer.com/match/racing/real-zaragoza/2007519,2007,14,primera_division
Valencia,Deportivo,4-0,https://www.besoccer.com/match/valencia-cf/deportivo/2007520,2007,14,primera_division
Villarreal,Osasuna,1-4,https://www.besoccer.com/match/villarreal/osasuna/2007529,2007,15,primera_division
Deportivo,Athletic,0-2,https://www.besoccer.com/match/deportivo/athletic-bilbao/2007521,2007,15,primera_division
Mallorca,Racing,1-2,https://www.besoccer.com/match/mallorca/racing/2007522,2007,15,primera_division
Real Zaragoza,Valencia,0-1,https://www.besoccer.com/match/real-zaragoza/valencia-cf/2007523,2007,15,primera_division
Atlético,Getafe,1-0,https://www.besoccer.com/match/atletico-madrid/getafe/2007524,2007,15,primera_division
Espanyol,Real Madrid,0-1,https://www.besoccer.com/match/espanyol/real-madrid/2007525,2007,15,primera_division
Levante,Celta,1-1,https://www.besoccer.com/match/levante/celta/2007526,2007,15,primera_division
R. Sociedad,Gimnàstic Tarragona,3-2,https://www.besoccer.com/match/real-sociedad/gimnastic-tarragona/2007527,2007,15,primera_division
Recreativo,Sevilla,1-3,https://www.besoccer.com/match/recreativo/sevilla/2007528,2007,15,primera_division
Real Betis,Barcelona,1-1,https://www.besoccer.com/match/betis/barcelona/2007530,2007,15,primera_division
Athletic,Real Zaragoza,0-0,https://www.besoccer.com/match/athletic-bilbao/real-zaragoza/2007531,2007,16,primera_division
Valencia,Mallorca,3-1,https://www.besoccer.com/match/valencia-cf/mallorca/2007532,2007,16,primera_division
Celta,R. Sociedad,0-0,https://www.besoccer.com/match/celta/real-sociedad/2007533,2007,16,primera_division
Sevilla,Deportivo,4-0,https://www.besoccer.com/match/sevilla/deportivo/2007534,2007,16,primera_division
Getafe,Espanyol,0-1,https://www.besoccer.com/match/getafe/espanyol/2007535,2007,16,primera_division
Gimnàstic Tarragona,Real Betis,0-1,https://www.besoccer.com/match/gimnastic-tarragona/betis/2007536,2007,16,primera_division
Osasuna,Levante,2-1,https://www.besoccer.com/match/osasuna/levante/2007537,2007,16,primera_division
Racing,Villarreal,2-1,https://www.besoccer.com/match/racing/villarreal/2007538,2007,16,primera_division
Real Madrid,Recreativo,0-3,https://www.besoccer.com/match/real-madrid/recreativo/2007539,2007,16,primera_division
Barcelona,Atlético,1-1,https://www.besoccer.com/match/barcelona/atletico-madrid/2007540,2007,16,primera_division
Atlético,Gimnàstic Tarragona,0-0,https://www.besoccer.com/match/atletico-madrid/gimnastic-tarragona/2007541,2007,17,primera_division
R. Sociedad,Osasuna,2-1,https://www.besoccer.com/match/real-sociedad/osasuna/2007542,2007,17,primera_division
Real Zaragoza,Sevilla,2-1,https://www.besoccer.com/match/real-zaragoza/sevilla/2007543,2007,17,primera_division
Real Betis,Celta,1-0,https://www.besoccer.com/match/betis/celta/2007544,2007,17,primera_division
Deportivo,Real Madrid,2-0,https://www.besoccer.com/match/deportivo/real-madrid/2007545,2007,17,primera_division
Espanyol,Recreativo,0-1,https://www.besoccer.com/match/espanyol/recreativo/2007546,2007,17,primera_division
Getafe,Barcelona,1-1,https://www.besoccer.com/match/getafe/barcelona/2007547,2007,17,primera_division
Levante,Racing,2-0,https://www.besoccer.com/match/levante/racing/2007548,2007,17,primera_division
Mallorca,Athletic,1-3,https://www.besoccer.com/match/mallorca/athletic-bilbao/2007549,2007,17,primera_division
Villarreal,Valencia,0-1,https://www.besoccer.com/match/villarreal/valencia-cf/2007550,2007,17,primera_division
Espanyol,Barcelona,3-1,https://www.besoccer.com/match/espanyol/barcelona/2007551,2007,18,primera_division
Valencia,Levante,3-0,https://www.besoccer.com/match/valencia-cf/levante/2007552,2007,18,primera_division
Athletic,Villarreal,0-1,https://www.besoccer.com/match/athletic-bilbao/villarreal/2007553,2007,18,primera_division
Celta,Atlético,1-3,https://www.besoccer.com/match/celta/atletico-madrid/2007554,2007,18,primera_division
Sevilla,Mallorca,1-2,https://www.besoccer.com/match/sevilla/mallorca/2007555,2007,18,primera_division
Gimnàstic Tarragona,Getafe,1-3,https://www.besoccer.com/match/gimnastic-tarragona/getafe/2007556,2007,18,primera_division
Osasuna,Real Betis,5-1,https://www.besoccer.com/match/osasuna/betis/2007557,2007,18,primera_division
Racing,R. Sociedad,1-0,https://www.besoccer.com/match/racing/real-sociedad/2007558,2007,18,primera_division
Real Madrid,Real Zaragoza,1-0,https://www.besoccer.com/match/real-madrid/real-zaragoza/2007559,2007,18,primera_division
Recreativo,Deportivo,1-1,https://www.besoccer.com/match/recreativo/deportivo/2007560,2007,18,primera_division
Atlético,Osasuna,1-0,https://www.besoccer.com/match/atletico-madrid/osasuna/2007561,2007,19,primera_division
Villarreal,Sevilla,0-0,https://www.besoccer.com/match/villarreal/sevilla/2007562,2007,19,primera_division
Barcelona,Gimnàstic Tarragona,3-0,https://www.besoccer.com/match/barcelona/gimnastic-tarragona/2007563,2007,19,primera_division
Real Betis,Racing,1-1,https://www.besoccer.com/match/betis/racing/2007564,2007,19,primera_division
Deportivo,Espanyol,0-0,https://www.besoccer.com/match/deportivo/espanyol/2007565,2007,19,primera_division
Getafe,Celta,1-0,https://www.besoccer.com/match/getafe/celta/2007566,2007,19,primera_division
Levante,Athletic,0-0,https://www.besoccer.com/match/levante/athletic-bilbao/2007567,2007,19,primera_division
Mallorca,Real Madrid,0-1,https://www.besoccer.com/match/mallorca/real-madrid/2007568,2007,19,primera_division
R. Sociedad,Valencia,0-1,https://www.besoccer.com/match/real-sociedad/valencia-cf/2007569,2007,19,primera_division
Real Zaragoza,Recreativo,0-0,https://www.besoccer.com/match/real-zaragoza/recreativo/2007570,2007,19,primera_division
Atlético,Racing,1-1,https://www.besoccer.com/match/atletico-madrid/racing/2007571,2007,20,primera_division
Villarreal,Real Madrid,1-0,https://www.besoccer.com/match/villarreal/real-madrid/2007572,2007,20,primera_division
Barcelona,Celta,3-1,https://www.besoccer.com/match/barcelona/celta/2007573,2007,20,primera_division
Real Betis,Valencia,2-1,https://www.besoccer.com/match/betis/valencia-cf/2007574,2007,20,primera_division
Getafe,Osasuna,2-0,https://www.besoccer.com/match/getafe/osasuna/2007575,2007,20,primera_division
Gimnàstic Tarragona,Espanyol,4-0,https://www.besoccer.com/match/gimnastic-tarragona/espanyol/2007576,2007,20,primera_division
Levante,Sevilla,2-4,https://www.besoccer.com/match/levante/sevilla/2007577,2007,20,primera_division
Mallorca,Recreativo,2-1,https://www.besoccer.com/match/mallorca/recreativo/2007578,2007,20,primera_division
R. Sociedad,Athletic,0-2,https://www.besoccer.com/match/real-sociedad/athletic-bilbao/2007579,2007,20,primera_division
Real Zaragoza,Deportivo,1-1,https://www.besoccer.com/match/real-zaragoza/deportivo/2007580,2007,20,primera_division
Deportivo,Mallorca,1-0,https://www.besoccer.com/match/deportivo/mallorca/2007581,2007,21,primera_division
Espanyol,Real Zaragoza,1-2,https://www.besoccer.com/match/espanyol/real-zaragoza/2007582,2007,21,primera_division
Valencia,Atlético,3-1,https://www.besoccer.com/match/valencia-cf/atletico-madrid/2007583,2007,21,primera_division
Athletic,Real Betis,1-2,https://www.besoccer.com/match/athletic-bilbao/betis/2007584,2007,21,primera_division
Celta,Gimnàstic Tarragona,1-1,https://www.besoccer.com/match/celta/gimnastic-tarragona/2007585,2007,21,primera_division
Sevilla,R. Sociedad,0-0,https://www.besoccer.com/match/sevilla/real-sociedad/2007586,2007,21,primera_division
Racing,Getafe,1-0,https://www.besoccer.com/match/racing/getafe/2007588,2007,21,primera_division
Recreativo,Villarreal,2-1,https://www.besoccer.com/match/recreativo/villarreal/2007590,2007,21,primera_division
Real Madrid,Levante,0-1,https://www.besoccer.com/match/real-madrid/levante/2007589,2007,21,primera_division
Osasuna,Barcelona,0-0,https://www.besoccer.com/match/osasuna/barcelona/2007587,2007,21,primera_division
R. Sociedad,Real Madrid,1-2,https://www.besoccer.com/match/real-sociedad/real-madrid/2007592,2007,22,primera_division
Real Betis,Sevilla,0-0,https://www.besoccer.com/match/betis/sevilla/2007591,2007,22,primera_division
Celta,Espanyol,0-2,https://www.besoccer.com/match/celta/espanyol/2007595,2007,22,primera_division
Getafe,Valencia,3-0,https://www.besoccer.com/match/getafe/valencia-cf/2007596,2007,22,primera_division
Gimnàstic Tarragona,Osasuna,2-3,https://www.besoccer.com/match/gimnastic-tarragona/osasuna/2007597,2007,22,primera_division
Levante,Recreativo,2-1,https://www.besoccer.com/match/levante/recreativo/2007598,2007,22,primera_division
Mallorca,Real Zaragoza,2-1,https://www.besoccer.com/match/mallorca/real-zaragoza/2007599,2007,22,primera_division
Villarreal,Deportivo,0-2,https://www.besoccer.com/match/villarreal/deportivo/2007600,2007,22,primera_division
Barcelona,Racing,2-0,https://www.besoccer.com/match/barcelona/racing/2007594,2007,22,primera_division
Atlético,Athletic,1-0,https://www.besoccer.com/match/atletico-madrid/athletic-bilbao/2007593,2007,22,primera_division
Real Madrid,Real Betis,0-0,https://www.besoccer.com/match/real-madrid/betis/2007601,2007,23,primera_division
Real Zaragoza,Villarreal,1-0,https://www.besoccer.com/match/real-zaragoza/villarreal/2007602,2007,23,primera_division
Deportivo,Levante,0-0,https://www.besoccer.com/match/deportivo/levante/2007604,2007,23,primera_division
Athletic,Getafe,2-0,https://www.besoccer.com/match/athletic-bilbao/getafe/2007603,2007,23,primera_division
Espanyol,Mallorca,3-1,https://www.besoccer.com/match/espanyol/mallorca/2007605,2007,23,primera_division
Sevilla,Atlético,3-1,https://www.besoccer.com/match/sevilla/atletico-madrid/2007606,2007,23,primera_division
Osasuna,Celta,0-1,https://www.besoccer.com/match/osasuna/celta/2007607,2007,23,primera_division
Racing,Gimnàstic Tarragona,4-1,https://www.besoccer.com/match/racing/gimnastic-tarragona/2007608,2007,23,primera_division
Recreativo,R. Sociedad,1-0,https://www.besoccer.com/match/recreativo/real-sociedad/2007609,2007,23,primera_division
Valencia,Barcelona,2-1,https://www.besoccer.com/match/valencia-cf/barcelona/2007610,2007,23,primera_division
R. Sociedad,Deportivo,0-1,https://www.besoccer.com/match/real-sociedad/deportivo/2007612,2007,24,primera_division
Atlético,Real Madrid,1-1,https://www.besoccer.com/match/atletico-madrid/real-madrid/2007611,2007,24,primera_division
Real Betis,Recreativo,0-0,https://www.besoccer.com/match/betis/recreativo/2007614,2007,24,primera_division
Celta,Racing,2-2,https://www.besoccer.com/match/celta/racing/2007615,2007,24,primera_division
Getafe,Sevilla,0-0,https://www.besoccer.com/match/getafe/sevilla/2007616,2007,24,primera_division
Gimnàstic Tarragona,Valencia,1-1,https://www.besoccer.com/match/gimnastic-tarragona/valencia-cf/2007617,2007,24,primera_division
Levante,Real Zaragoza,0-0,https://www.besoccer.com/match/levante/real-zaragoza/2007618,2007,24,primera_division
Osasuna,Espanyol,0-2,https://www.besoccer.com/match/osasuna/espanyol/2007619,2007,24,primera_division
Villarreal,Mallorca,2-1,https://www.besoccer.com/match/villarreal/mallorca/2007620,2007,24,primera_division
Barcelona,Athletic,3-0,https://www.besoccer.com/match/barcelona/athletic-bilbao/2007613,2007,24,primera_division
Valencia,Celta,1-0,https://www.besoccer.com/match/valencia-cf/celta/2007622,2007,25,primera_division
Sevilla,Barcelona,2-1,https://www.besoccer.com/match/sevilla/barcelona/2007621,2007,25,primera_division
Athletic,Gimnàstic Tarragona,0-2,https://www.besoccer.com/match/athletic-bilbao/gimnastic-tarragona/2007623,2007,25,primera_division
Deportivo,Real Betis,0-1,https://www.besoccer.com/match/deportivo/betis/2007624,2007,25,primera_division
Espanyol,Villarreal,1-1,https://www.besoccer.com/match/espanyol/villarreal/2007625,2007,25,primera_division
Racing,Osasuna,1-0,https://www.besoccer.com/match/racing/osasuna/2007626,2007,25,primera_division
Mallorca,Levante,3-1,https://www.besoccer.com/match/mallorca/levante/2007628,2007,25,primera_division
Real Zaragoza,R. Sociedad,3-2,https://www.besoccer.com/match/real-zaragoza/real-sociedad/2007629,2007,25,primera_division
Real Madrid,Getafe,1-1,https://www.besoccer.com/match/real-madrid/getafe/2007627,2007,25,primera_division
Recreativo,Atlético,1-0,https://www.besoccer.com/match/recreativo/atletico-madrid/2007630,2007,25,primera_division
Levante,Villarreal,0-2,https://www.besoccer.com/match/levante/villarreal/2007632,2007,26,primera_division
Barcelona,Real Madrid,3-3,https://www.besoccer.com/match/barcelona/real-madrid/2007631,2007,26,primera_division
Real Betis,Real Zaragoza,1-1,https://www.besoccer.com/match/betis/real-zaragoza/2007634,2007,26,primera_division
Celta,Athletic,1-1,https://www.besoccer.com/match/celta/athletic-bilbao/2007635,2007,26,primera_division
Getafe,Recreativo,1-1,https://www.besoccer.com/match/getafe/recreativo/2007636,2007,26,primera_division
Gimnàstic Tarragona,Sevilla,1-0,https://www.besoccer.com/match/gimnastic-tarragona/sevilla/2007637,2007,26,primera_division
Racing,Espanyol,1-1,https://www.besoccer.com/match/racing/espanyol/2007639,2007,26,primera_division
R. Sociedad,Mallorca,3-1,https://www.besoccer.com/match/real-sociedad/mallorca/2007640,2007,26,primera_division
Atlético,Deportivo,2-0,https://www.besoccer.com/match/atletico-madrid/deportivo/2007633,2007,26,primera_division
Osasuna,Valencia,1-1,https://www.besoccer.com/match/osasuna/valencia-cf/2007638,2007,26,primera_division
Valencia,Racing,0-2,https://www.besoccer.com/match/valencia-cf/racing/2007644,2007,27,primera_division
Mallorca,Real Betis,2-0,https://www.besoccer.com/match/mallorca/betis/2007642,2007,27,primera_division
Recreativo,Barcelona,0-4,https://www.besoccer.com/match/recreativo/barcelona/2007643,2007,27,primera_division
Athletic,Osasuna,0-3,https://www.besoccer.com/match/athletic-bilbao/osasuna/2007641,2007,27,primera_division
Deportivo,Getafe,1-0,https://www.besoccer.com/match/deportivo/getafe/2007645,2007,27,primera_division
Espanyol,Levante,1-1,https://www.besoccer.com/match/espanyol/levante/2007646,2007,27,primera_division
Real Zaragoza,Atlético,1-0,https://www.besoccer.com/match/real-zaragoza/atletico-madrid/2007649,2007,27,primera_division
Villarreal,R. Sociedad,1-1,https://www.besoccer.com/match/villarreal/real-sociedad/2007650,2007,27,primera_division
Real Madrid,Gimnàstic Tarragona,2-0,https://www.besoccer.com/match/real-madrid/gimnastic-tarragona/2007648,2007,27,primera_division
Sevilla,Celta,2-0,https://www.besoccer.com/match/sevilla/celta/2007647,2007,27,primera_division
Real Betis,Villarreal,3-3,https://www.besoccer.com/match/betis/villarreal/2007652,2007,28,primera_division
R. Sociedad,Levante,1-0,https://www.besoccer.com/match/real-sociedad/levante/2007653,2007,28,primera_division
Valencia,Espanyol,3-2,https://www.besoccer.com/match/valencia-cf/espanyol/2007654,2007,28,primera_division
Barcelona,Deportivo,2-1,https://www.besoccer.com/match/barcelona/deportivo/2007651,2007,28,primera_division
Atlético,Mallorca,1-1,https://www.besoccer.com/match/atletico-madrid/mallorca/2007655,2007,28,primera_division
Getafe,Real Zaragoza,2-2,https://www.besoccer.com/match/getafe/real-zaragoza/2007657,2007,28,primera_division
Gimnàstic Tarragona,Recreativo,1-1,https://www.besoccer.com/match/gimnastic-tarragona/recreativo/2007658,2007,28,primera_division
Racing,Athletic,5-4,https://www.besoccer.com/match/racing/athletic-bilbao/2007660,2007,28,primera_division
Celta,Real Madrid,1-2,https://www.besoccer.com/match/celta/real-madrid/2007656,2007,28,primera_division
Osasuna,Sevilla,0-0,https://www.besoccer.com/match/osasuna/sevilla/2007659,2007,28,primera_division
Real Zaragoza,Barcelona,1-0,https://www.besoccer.com/match/real-zaragoza/barcelona/2007662,2007,29,primera_division
Athletic,Valencia,1-0,https://www.besoccer.com/match/athletic-bilbao/valencia-cf/2007661,2007,29,primera_division
Deportivo,Gimnàstic Tarragona,1-0,https://www.besoccer.com/match/deportivo/gimnastic-tarragona/2007663,2007,29,primera_division
Espanyol,R. Sociedad,1-0,https://www.besoccer.com/match/espanyol/real-sociedad/2007664,2007,29,primera_division
Sevilla,Racing,0-0,https://www.besoccer.com/match/sevilla/racing/2007665,2007,29,primera_division
Levante,Real Betis,1-1,https://www.besoccer.com/match/levante/betis/2007666,2007,29,primera_division
Mallorca,Getafe,2-0,https://www.besoccer.com/match/mallorca/getafe/2007668,2007,29,primera_division
Recreativo,Celta,4-2,https://www.besoccer.com/match/recreativo/celta/2007669,2007,29,primera_division
Real Madrid,Osasuna,2-0,https://www.besoccer.com/match/real-madrid/osasuna/2007667,2007,29,primera_division
Villarreal,Atlético,0-1,https://www.besoccer.com/match/villarreal/atletico-madrid/2007670,2007,29,primera_division
Racing,Real Madrid,2-1,https://www.besoccer.com/match/racing/real-madrid/2007672,2007,30,primera_division
Real Betis,R. Sociedad,0-1,https://www.besoccer.com/match/betis/real-sociedad/2007671,2007,30,primera_division
Athletic,Espanyol,2-1,https://www.besoccer.com/match/athletic-bilbao/espanyol/2007673,2007,30,primera_division
Atlético,Levante,1-0,https://www.besoccer.com/match/atletico-madrid/levante/2007674,2007,30,primera_division
Celta,Deportivo,1-0,https://www.besoccer.com/match/celta/deportivo/2007676,2007,30,primera_division
Getafe,Villarreal,3-0,https://www.besoccer.com/match/getafe/villarreal/2007677,2007,30,primera_division
Gimnàstic Tarragona,Real Zaragoza,1-0,https://www.besoccer.com/match/gimnastic-tarragona/real-zaragoza/2007678,2007,30,primera_division
Osasuna,Recreativo,1-1,https://www.besoccer.com/match/osasuna/recreativo/2007679,2007,30,primera_division
Barcelona,Mallorca,1-0,https://www.besoccer.com/match/barcelona/mallorca/2007675,2007,30,primera_division
Valencia,Sevilla,2-0,https://www.besoccer.com/match/valencia-cf/sevilla/2007680,2007,30,primera_division
R. Sociedad,Atlético,2-0,https://www.besoccer.com/match/real-sociedad/atletico-madrid/2007682,2007,31,primera_division
Real Madrid,Valencia,2-1,https://www.besoccer.com/match/real-madrid/valencia-cf/2007681,2007,31,primera_division
Deportivo,Osasuna,1-0,https://www.besoccer.com/match/deportivo/osasuna/2007683,2007,31,primera_division
Espanyol,Real Betis,2-2,https://www.besoccer.com/match/espanyol/betis/2007684,2007,31,primera_division
Levante,Getafe,1-1,https://www.besoccer.com/match/levante/getafe/2007686,2007,31,primera_division
Mallorca,Gimnàstic Tarragona,1-0,https://www.besoccer.com/match/mallorca/gimnastic-tarragona/2007687,2007,31,primera_division
Real Zaragoza,Celta,2-0,https://www.besoccer.com/match/real-zaragoza/celta/2007688,2007,31,primera_division
Recreativo,Racing,4-2,https://www.besoccer.com/match/recreativo/racing/2007689,2007,31,primera_division
Sevilla,Athletic,4-1,https://www.besoccer.com/match/sevilla/athletic-bilbao/2007685,2007,31,primera_division
Villarreal,Barcelona,2-0,https://www.besoccer.com/match/villarreal/barcelona/2007690,2007,31,primera_division
Atlético,Real Betis,0-0,https://www.besoccer.com/match/atletico-madrid/betis/2007691,2007,32,primera_division
Valencia,Recreativo,2-0,https://www.besoccer.com/match/valencia-cf/recreativo/2007692,2007,32,primera_division
Celta,Mallorca,0-3,https://www.besoccer.com/match/celta/mallorca/2007695,2007,32,primera_division
Sevilla,Espanyol,3-1,https://www.besoccer.com/match/sevilla/espanyol/2007696,2007,32,primera_division
Getafe,R. Sociedad,1-0,https://www.besoccer.com/match/getafe/real-sociedad/2007697,2007,32,primera_division
Gimnàstic Tarragona,Villarreal,0-3,https://www.besoccer.com/match/gimnastic-tarragona/villarreal/2007698,2007,32,primera_division
Osasuna,Real Zaragoza,2-2,https://www.besoccer.com/match/osasuna/real-zaragoza/2007699,2007,32,primera_division
Racing,Deportivo,0-0,https://www.besoccer.com/match/racing/deportivo/2007700,2007,32,primera_division
Barcelona,Levante,1-0,https://www.besoccer.com/match/barcelona/levante/2007694,2007,32,primera_division
Athletic,Real Madrid,1-4,https://www.besoccer.com/match/athletic-bilbao/real-madrid/2007693,2007,32,primera_division
R. Sociedad,Barcelona,0-2,https://www.besoccer.com/match/real-sociedad/barcelona/2007702,2007,33,primera_division
Deportivo,Valencia,1-2,https://www.besoccer.com/match/deportivo/valencia-cf/2007701,2007,33,primera_division
Real Betis,Getafe,0-2,https://www.besoccer.com/match/betis/getafe/2007703,2007,33,primera_division
Levante,Gimnàstic Tarragona,2-0,https://www.besoccer.com/match/levante/gimnastic-tarragona/2007705,2007,33,primera_division
Mallorca,Osasuna,3-1,https://www.besoccer.com/match/mallorca/osasuna/2007707,2007,33,primera_division
Real Zaragoza,Racing,0-0,https://www.besoccer.com/match/real-zaragoza/racing/2007708,2007,33,primera_division
Recreativo,Athletic,0-0,https://www.besoccer.com/match/recreativo/athletic-bilbao/2007709,2007,33,primera_division
Villarreal,Celta,1-0,https://www.besoccer.com/match/villarreal/celta/2007710,2007,33,primera_division
Espanyol,Atlético,2-1,https://www.besoccer.com/match/espanyol/atletico-madrid/2007704,2007,33,primera_division
Real Madrid,Sevilla,3-2,https://www.besoccer.com/match/real-madrid/sevilla/2007706,2007,33,primera_division
Real Madrid,Espanyol,4-3,https://www.besoccer.com/match/real-madrid/espanyol/2007712,2007,34,primera_division
Sevilla,Recreativo,2-1,https://www.besoccer.com/match/sevilla/recreativo/2007711,2007,34,primera_division
Athletic,Deportivo,1-1,https://www.besoccer.com/match/athletic-bilbao/deportivo/2007713,2007,34,primera_division
Celta,Levante,1-2,https://www.besoccer.com/match/celta/levante/2007715,2007,34,primera_division
Getafe,Atlético,1-4,https://www.besoccer.com/match/getafe/atletico-madrid/2007716,2007,34,primera_division
Gimnàstic Tarragona,R. Sociedad,1-3,https://www.besoccer.com/match/gimnastic-tarragona/real-sociedad/2007717,2007,34,primera_division
Osasuna,Villarreal,1-4,https://www.besoccer.com/match/osasuna/villarreal/2007718,2007,34,primera_division
Racing,Mallorca,0-2,https://www.besoccer.com/match/racing/mallorca/2007719,2007,34,primera_division
Barcelona,Real Betis,1-1,https://www.besoccer.com/match/barcelona/betis/2007714,2007,34,primera_division
Valencia,Real Zaragoza,2-0,https://www.besoccer.com/match/valencia-cf/real-zaragoza/2007720,2007,34,primera_division
Real Betis,Gimnàstic Tarragona,1-1,https://www.besoccer.com/match/betis/gimnastic-tarragona/2007721,2007,35,primera_division
Mallorca,Valencia,0-1,https://www.besoccer.com/match/mallorca/valencia-cf/2007722,2007,35,primera_division
Real Zaragoza,Athletic,4-3,https://www.besoccer.com/match/real-zaragoza/athletic-bilbao/2007723,2007,35,primera_division
Deportivo,Sevilla,1-2,https://www.besoccer.com/match/deportivo/sevilla/2007725,2007,35,primera_division
Espanyol,Getafe,1-5,https://www.besoccer.com/match/espanyol/getafe/2007726,2007,35,primera_division
Levante,Osasuna,1-4,https://www.besoccer.com/match/levante/osasuna/2007727,2007,35,primera_division
R. Sociedad,Celta,3-1,https://www.besoccer.com/match/real-sociedad/celta/2007728,2007,35,primera_division
Villarreal,Racing,2-1,https://www.besoccer.com/match/villarreal/racing/2007730,2007,35,primera_division
Recreativo,Real Madrid,2-3,https://www.besoccer.com/match/recreativo/real-madrid/2007729,2007,35,primera_division
Atlético,Barcelona,0-6,https://www.besoccer.com/match/atletico-madrid/barcelona/2007724,2007,35,primera_division
Valencia,Villarreal,2-3,https://www.besoccer.com/match/valencia-cf/villarreal/2007733,2007,36,primera_division
Real Madrid,Deportivo,3-1,https://www.besoccer.com/match/real-madrid/deportivo/2007732,2007,36,primera_division
Barcelona,Getafe,1-0,https://www.besoccer.com/match/barcelona/getafe/2007731,2007,36,primera_division
Athletic,Mallorca,1-0,https://www.besoccer.com/match/athletic-bilbao/mallorca/2007734,2007,36,primera_division
Celta,Real Betis,2-1,https://www.besoccer.com/match/celta/betis/2007735,2007,36,primera_division
Osasuna,R. Sociedad,2-0,https://www.besoccer.com/match/osasuna/real-sociedad/2007738,2007,36,primera_division
Racing,Levante,2-3,https://www.besoccer.com/match/racing/levante/2007739,2007,36,primera_division
Recreativo,Espanyol,0-1,https://www.besoccer.com/match/recreativo/espanyol/2007740,2007,36,primera_division
Gimnàstic Tarragona,Atlético,0-2,https://www.besoccer.com/match/gimnastic-tarragona/atletico-madrid/2007737,2007,36,primera_division
Sevilla,Real Zaragoza,3-1,https://www.besoccer.com/match/sevilla/real-zaragoza/2007736,2007,36,primera_division
Atlético,Celta,2-3,https://www.besoccer.com/match/atletico-madrid/celta/2007741,2007,37,primera_division
Barcelona,Espanyol,2-2,https://www.besoccer.com/match/barcelona/espanyol/2007742,2007,37,primera_division
Real Betis,Osasuna,0-5,https://www.besoccer.com/match/betis/osasuna/2007743,2007,37,primera_division
Levante,Valencia,4-2,https://www.besoccer.com/match/levante/valencia-cf/2007746,2007,37,primera_division
Mallorca,Sevilla,0-0,https://www.besoccer.com/match/mallorca/sevilla/2007747,2007,37,primera_division
R. Sociedad,Racing,0-0,https://www.besoccer.com/match/real-sociedad/racing/2007748,2007,37,primera_division
Real Zaragoza,Real Madrid,2-2,https://www.besoccer.com/match/real-zaragoza/real-madrid/2007749,2007,37,primera_division
Villarreal,Athletic,3-1,https://www.besoccer.com/match/villarreal/athletic-bilbao/2007750,2007,37,primera_division
Deportivo,Recreativo,2-5,https://www.besoccer.com/match/deportivo/recreativo/2007744,2007,37,primera_division
Getafe,Gimnàstic Tarragona,0-1,https://www.besoccer.com/match/getafe/gimnastic-tarragona/2007745,2007,37,primera_division
Athletic,Levante,2-0,https://www.besoccer.com/match/athletic-bilbao/levante/2007751,2007,38,primera_division
Celta,Getafe,2-1,https://www.besoccer.com/match/celta/getafe/2007752,2007,38,primera_division
Espanyol,Deportivo,1-3,https://www.besoccer.com/match/espanyol/deportivo/2007753,2007,38,primera_division
Racing,Real Betis,0-2,https://www.besoccer.com/match/racing/betis/2007757,2007,38,primera_division
Valencia,R. Sociedad,3-3,https://www.besoccer.com/match/valencia-cf/real-sociedad/2007760,2007,38,primera_division
Sevilla,Villarreal,0-1,https://www.besoccer.com/match/sevilla/villarreal/2007754,2007,38,primera_division
Gimnàstic Tarragona,Barcelona,1-5,https://www.besoccer.com/match/gimnastic-tarragona/barcelona/2007755,2007,38,primera_division
Osasuna,Atlético,1-2,https://www.besoccer.com/match/osasuna/atletico-madrid/2007756,2007,38,primera_division
Real Madrid,Mallorca,3-1,https://www.besoccer.com/match/real-madrid/mallorca/2007758,2007,38,primera_division
Recreativo,Real Zaragoza,1-1,https://www.besoccer.com/match/recreativo/real-zaragoza/2007759,2007,38,primera_division
