Home_Team,Away_Team,Result,Link,Season,Round,League
Arsenal,Queens Park Rangers,1-1,https://www.besoccer.com/match/arsenal/queens-park-rangers-fc/19923867,1992,1,premier_league
Southampton,Tottenham Hotspur,2-3,https://www.besoccer.com/match/southampton-fc/tottenham-hotspur-fc/19923868,1992,1,premier_league
Sheffield Wednesday,Aston Villa,2-3,https://www.besoccer.com/match/sheffield-wednesday-fc/aston-villa-fc/19923869,1992,1,premier_league
Nottingham Forest,Everton,2-1,https://www.besoccer.com/match/nottingham-forest-fc/everton-fc/19923870,1992,1,premier_league
Norwich City,Sheffield United,2-2,https://www.besoccer.com/match/norwich-city-fc/sheffield-united/19923871,1992,1,premier_league
Man. Utd,Notts County,2-0,https://www.besoccer.com/match/manchester-united-fc/notts-county/19923872,1992,1,premier_league
Liverpool,Oldham Athletic AFC,2-1,https://www.besoccer.com/match/liverpool/oldham-athletic-afc/19923873,1992,1,premier_league
Coventry City,Man. City,0-1,https://www.besoccer.com/match/coventry-city/manchester-city-fc/19923874,1992,1,premier_league
Chelsea,Wimbledon FC,2-2,https://www.besoccer.com/match/chelsea-fc/wimbledon-fc/19923875,1992,1,premier_league
West Ham,Luton Town,0-0,https://www.besoccer.com/match/west-ham-united/luton-town-fc/19923876,1992,1,premier_league
Crystal Palace,Leeds United,1-0,https://www.besoccer.com/match/crystal-palace-fc/leeds-united-afc/19923877,1992,1,premier_league
Everton,Arsenal,3-1,https://www.besoccer.com/match/everton-fc/arsenal/19923878,1992,2,premier_league
Leeds United,Nottingham Forest,1-0,https://www.besoccer.com/match/leeds-united-afc/nottingham-forest-fc/19923879,1992,2,premier_league
Notts County,Southampton,1-0,https://www.besoccer.com/match/notts-county/southampton-fc/19923880,1992,2,premier_league
Sheffield United,West Ham,1-1,https://www.besoccer.com/match/sheffield-united/west-ham-united/19923881,1992,2,premier_league
Queens Park Rangers,Norwich City,0-2,https://www.besoccer.com/match/queens-park-rangers-fc/norwich-city-fc/19923882,1992,2,premier_league
Oldham Athletic AFC,Chelsea,3-0,https://www.besoccer.com/match/oldham-athletic-afc/chelsea-fc/19923883,1992,2,premier_league
Man. City,Liverpool,2-1,https://www.besoccer.com/match/manchester-city-fc/liverpool/19923884,1992,2,premier_league
Coventry City,Luton Town,5-0,https://www.besoccer.com/match/coventry-city/luton-town-fc/19923885,1992,2,premier_league
Aston Villa,Man. Utd,0-1,https://www.besoccer.com/match/aston-villa-fc/manchester-united-fc/19923886,1992,2,premier_league
Wimbledon FC,Sheffield Wednesday,2-1,https://www.besoccer.com/match/wimbledon-fc/sheffield-wednesday-fc/19923887,1992,2,premier_league
Tottenham Hotspur,Crystal Palace,0-1,https://www.besoccer.com/match/tottenham-hotspur-fc/crystal-palace-fc/19923888,1992,2,premier_league
Leeds United,Sheffield Wednesday,1-1,https://www.besoccer.com/match/leeds-united-afc/sheffield-wednesday-fc/19923889,1992,3,premier_league
Aston Villa,Arsenal,3-1,https://www.besoccer.com/match/aston-villa-fc/arsenal/19923890,1992,3,premier_league
Wimbledon FC,West Ham,2-0,https://www.besoccer.com/match/wimbledon-fc/west-ham-united/19923891,1992,3,premier_league
Tottenham Hotspur,Chelsea,1-3,https://www.besoccer.com/match/tottenham-hotspur-fc/chelsea-fc/19923892,1992,3,premier_league
Sheffield United,Southampton,0-2,https://www.besoccer.com/match/sheffield-united/southampton-fc/19923893,1992,3,premier_league
Queens Park Rangers,Coventry City,1-1,https://www.besoccer.com/match/queens-park-rangers-fc/coventry-city/19923894,1992,3,premier_league
Oldham Athletic AFC,Norwich City,2-2,https://www.besoccer.com/match/oldham-athletic-afc/norwich-city-fc/19923895,1992,3,premier_league
Notts County,Nottingham Forest,0-4,https://www.besoccer.com/match/notts-county/nottingham-forest-fc/19923896,1992,3,premier_league
Man. City,Crystal Palace,3-2,https://www.besoccer.com/match/manchester-city-fc/crystal-palace-fc/19923897,1992,3,premier_league
Luton Town,Liverpool,0-0,https://www.besoccer.com/match/luton-town-fc/liverpool/19923898,1992,3,premier_league
Everton,Man. Utd,0-0,https://www.besoccer.com/match/everton-fc/manchester-united-fc/19923899,1992,3,premier_league
Crystal Palace,Wimbledon FC,3-2,https://www.besoccer.com/match/crystal-palace-fc/wimbledon-fc/19923900,1992,4,premier_league
Arsenal,Luton Town,2-0,https://www.besoccer.com/match/arsenal/luton-town-fc/19923901,1992,4,premier_league
Liverpool,Queens Park Rangers,1-0,https://www.besoccer.com/match/liverpool/queens-park-rangers-fc/19923902,1992,4,premier_league
Sheffield Wednesday,Everton,2-1,https://www.besoccer.com/match/sheffield-wednesday-fc/everton-fc/19923903,1992,4,premier_league
West Ham,Aston Villa,3-1,https://www.besoccer.com/match/west-ham-united/aston-villa-fc/19923904,1992,4,premier_league
Southampton,Leeds United,0-4,https://www.besoccer.com/match/southampton-fc/leeds-united-afc/19923905,1992,4,premier_league
Nottingham Forest,Tottenham Hotspur,1-3,https://www.besoccer.com/match/nottingham-forest-fc/tottenham-hotspur-fc/19923906,1992,4,premier_league
Norwich City,Man. City,0-0,https://www.besoccer.com/match/norwich-city-fc/manchester-city-fc/19923907,1992,4,premier_league
Man. Utd,Oldham Athletic AFC,1-0,https://www.besoccer.com/match/manchester-united-fc/oldham-athletic-afc/19923908,1992,4,premier_league
Coventry City,Sheffield United,3-1,https://www.besoccer.com/match/coventry-city/sheffield-united/19923909,1992,4,premier_league
Chelsea,Notts County,2-2,https://www.besoccer.com/match/chelsea-fc/notts-county/19923910,1992,4,premier_league
Sheffield Wednesday,Queens Park Rangers,4-1,https://www.besoccer.com/match/sheffield-wednesday-fc/queens-park-rangers-fc/19923911,1992,5,premier_league
Arsenal,Man. City,2-1,https://www.besoccer.com/match/arsenal/manchester-city-fc/19923912,1992,5,premier_league
West Ham,Notts County,0-2,https://www.besoccer.com/match/west-ham-united/notts-county/19923913,1992,5,premier_league
Southampton,Aston Villa,1-1,https://www.besoccer.com/match/southampton-fc/aston-villa-fc/19923914,1992,5,premier_league
Nottingham Forest,Oldham Athletic AFC,3-1,https://www.besoccer.com/match/nottingham-forest-fc/oldham-athletic-afc/19923915,1992,5,premier_league
Norwich City,Tottenham Hotspur,0-1,https://www.besoccer.com/match/norwich-city-fc/tottenham-hotspur-fc/19923916,1992,5,premier_league
Man. Utd,Leeds United,1-1,https://www.besoccer.com/match/manchester-united-fc/leeds-united-afc/19923917,1992,5,premier_league
Liverpool,Everton,3-1,https://www.besoccer.com/match/liverpool/everton-fc/19923918,1992,5,premier_league
Crystal Palace,Sheffield United,2-1,https://www.besoccer.com/match/crystal-palace-fc/sheffield-united/19923919,1992,5,premier_league
Coventry City,Wimbledon FC,0-1,https://www.besoccer.com/match/coventry-city/wimbledon-fc/19923920,1992,5,premier_league
Chelsea,Luton Town,4-1,https://www.besoccer.com/match/chelsea-fc/luton-town-fc/19923921,1992,5,premier_league
Notts County,Sheffield Wednesday,2-1,https://www.besoccer.com/match/notts-county/sheffield-wednesday-fc/19923922,1992,6,premier_league
Everton,Norwich City,1-1,https://www.besoccer.com/match/everton-fc/norwich-city-fc/19923923,1992,6,premier_league
Leeds United,Arsenal,2-2,https://www.besoccer.com/match/leeds-united-afc/arsenal/19923924,1992,6,premier_league
Oldham Athletic AFC,Coventry City,2-1,https://www.besoccer.com/match/oldham-athletic-afc/coventry-city/19923925,1992,6,premier_league
Sheffield United,Chelsea,0-1,https://www.besoccer.com/match/sheffield-united/chelsea-fc/19923926,1992,6,premier_league
Wimbledon FC,Man. Utd,1-2,https://www.besoccer.com/match/wimbledon-fc/manchester-united-fc/19923927,1992,6,premier_league
Queens Park Rangers,West Ham,0-0,https://www.besoccer.com/match/queens-park-rangers-fc/west-ham-united/19923928,1992,6,premier_league
Man. City,Nottingham Forest,2-1,https://www.besoccer.com/match/manchester-city-fc/nottingham-forest-fc/19923929,1992,6,premier_league
Luton Town,Southampton,2-1,https://www.besoccer.com/match/luton-town-fc/southampton-fc/19923930,1992,6,premier_league
Aston Villa,Crystal Palace,0-1,https://www.besoccer.com/match/aston-villa-fc/crystal-palace-fc/19923931,1992,6,premier_league
Tottenham Hotspur,Liverpool,1-2,https://www.besoccer.com/match/tottenham-hotspur-fc/liverpool/19923932,1992,6,premier_league
Leeds United,Man. City,3-0,https://www.besoccer.com/match/leeds-united-afc/manchester-city-fc/19923933,1992,7,premier_league
Notts County,Liverpool,1-2,https://www.besoccer.com/match/notts-county/liverpool/19923934,1992,7,premier_league
Arsenal,Coventry City,1-2,https://www.besoccer.com/match/arsenal/coventry-city/19923935,1992,7,premier_league
Wimbledon FC,Luton Town,3-0,https://www.besoccer.com/match/wimbledon-fc/luton-town-fc/19923936,1992,7,premier_league
West Ham,Chelsea,1-1,https://www.besoccer.com/match/west-ham-united/chelsea-fc/19923937,1992,7,premier_league
Sheffield Wednesday,Nottingham Forest,2-1,https://www.besoccer.com/match/sheffield-wednesday-fc/nottingham-forest-fc/19923938,1992,7,premier_league
Queens Park Rangers,Southampton,2-2,https://www.besoccer.com/match/queens-park-rangers-fc/southampton-fc/19923939,1992,7,premier_league
Oldham Athletic AFC,Sheffield United,2-1,https://www.besoccer.com/match/oldham-athletic-afc/sheffield-united/19923940,1992,7,premier_league
Man. Utd,Norwich City,3-0,https://www.besoccer.com/match/manchester-united-fc/norwich-city-fc/19923941,1992,7,premier_league
Everton,Crystal Palace,2-2,https://www.besoccer.com/match/everton-fc/crystal-palace-fc/19923942,1992,7,premier_league
Aston Villa,Tottenham Hotspur,0-0,https://www.besoccer.com/match/aston-villa-fc/tottenham-hotspur-fc/19923943,1992,7,premier_league
Liverpool,Aston Villa,1-1,https://www.besoccer.com/match/liverpool/aston-villa-fc/19923944,1992,8,premier_league
Man. City,Sheffield Wednesday,0-1,https://www.besoccer.com/match/manchester-city-fc/sheffield-wednesday-fc/19923945,1992,8,premier_league
Chelsea,Leeds United,0-1,https://www.besoccer.com/match/chelsea-fc/leeds-united-afc/19923946,1992,8,premier_league
Tottenham Hotspur,Queens Park Rangers,2-0,https://www.besoccer.com/match/tottenham-hotspur-fc/queens-park-rangers-fc/19923947,1992,8,premier_league
Southampton,Man. Utd,0-1,https://www.besoccer.com/match/southampton-fc/manchester-united-fc/19923948,1992,8,premier_league
Sheffield United,Everton,2-1,https://www.besoccer.com/match/sheffield-united/everton-fc/19923949,1992,8,premier_league
Nottingham Forest,Wimbledon FC,4-2,https://www.besoccer.com/match/nottingham-forest-fc/wimbledon-fc/19923950,1992,8,premier_league
Norwich City,West Ham,2-1,https://www.besoccer.com/match/norwich-city-fc/west-ham-united/19923951,1992,8,premier_league
Luton Town,Oldham Athletic AFC,2-1,https://www.besoccer.com/match/luton-town-fc/oldham-athletic-afc/19923952,1992,8,premier_league
Crystal Palace,Arsenal,1-4,https://www.besoccer.com/match/crystal-palace-fc/arsenal/19923953,1992,8,premier_league
Coventry City,Notts County,1-0,https://www.besoccer.com/match/coventry-city/notts-county/19923954,1992,8,premier_league
Crystal Palace,West Ham,2-3,https://www.besoccer.com/match/crystal-palace-fc/west-ham-united/19923955,1992,9,premier_league
Luton Town,Queens Park Rangers,0-1,https://www.besoccer.com/match/luton-town-fc/queens-park-rangers-fc/19923956,1992,9,premier_league
Sheffield United,Notts County,1-3,https://www.besoccer.com/match/sheffield-united/notts-county/19923957,1992,9,premier_league
Man. City,Everton,0-1,https://www.besoccer.com/match/manchester-city-fc/everton-fc/19923958,1992,9,premier_league
Southampton,Wimbledon FC,1-0,https://www.besoccer.com/match/southampton-fc/wimbledon-fc/19923959,1992,9,premier_league
Norwich City,Sheffield Wednesday,1-0,https://www.besoccer.com/match/norwich-city-fc/sheffield-wednesday-fc/19923960,1992,9,premier_league
Coventry City,Leeds United,0-0,https://www.besoccer.com/match/coventry-city/leeds-united-afc/19923961,1992,9,premier_league
Chelsea,Aston Villa,2-0,https://www.besoccer.com/match/chelsea-fc/aston-villa-fc/19923962,1992,9,premier_league
Tottenham Hotspur,Oldham Athletic AFC,0-0,https://www.besoccer.com/match/tottenham-hotspur-fc/oldham-athletic-afc/19923963,1992,9,premier_league
Liverpool,Arsenal,2-0,https://www.besoccer.com/match/liverpool/arsenal/19923964,1992,9,premier_league
Nottingham Forest,Man. Utd,1-0,https://www.besoccer.com/match/nottingham-forest-fc/manchester-united-fc/19923965,1992,9,premier_league
Wimbledon FC,Tottenham Hotspur,3-5,https://www.besoccer.com/match/wimbledon-fc/tottenham-hotspur-fc/19923966,1992,10,premier_league
Leeds United,Liverpool,1-0,https://www.besoccer.com/match/leeds-united-afc/liverpool/19923967,1992,10,premier_league
Arsenal,Sheffield United,5-2,https://www.besoccer.com/match/arsenal/sheffield-united/19923968,1992,10,premier_league
Aston Villa,Nottingham Forest,3-1,https://www.besoccer.com/match/aston-villa-fc/nottingham-forest-fc/19923969,1992,10,premier_league
Man. Utd,Luton Town,5-0,https://www.besoccer.com/match/manchester-united-fc/luton-town-fc/19923970,1992,10,premier_league
Oldham Athletic AFC,Crystal Palace,2-3,https://www.besoccer.com/match/oldham-athletic-afc/crystal-palace-fc/19923971,1992,10,premier_league
Sheffield Wednesday,Southampton,2-0,https://www.besoccer.com/match/sheffield-wednesday-fc/southampton-fc/19923972,1992,10,premier_league
Everton,Coventry City,3-0,https://www.besoccer.com/match/everton-fc/coventry-city/19923973,1992,10,premier_league
Notts County,Norwich City,2-2,https://www.besoccer.com/match/notts-county/norwich-city-fc/19923974,1992,10,premier_league
Queens Park Rangers,Chelsea,2-2,https://www.besoccer.com/match/queens-park-rangers-fc/chelsea-fc/19923975,1992,10,premier_league
West Ham,Man. City,1-2,https://www.besoccer.com/match/west-ham-united/manchester-city-fc/19923976,1992,10,premier_league
Liverpool,Sheffield Wednesday,1-1,https://www.besoccer.com/match/liverpool/sheffield-wednesday-fc/19923977,1992,11,premier_league
Nottingham Forest,West Ham,2-2,https://www.besoccer.com/match/nottingham-forest-fc/west-ham-united/19923978,1992,11,premier_league
Southampton,Arsenal,0-4,https://www.besoccer.com/match/southampton-fc/arsenal/19923979,1992,11,premier_league
Tottenham Hotspur,Man. Utd,1-2,https://www.besoccer.com/match/tottenham-hotspur-fc/manchester-united-fc/19923980,1992,11,premier_league
Chelsea,Everton,2-2,https://www.besoccer.com/match/chelsea-fc/everton-fc/19923981,1992,11,premier_league
Sheffield United,Wimbledon FC,0-0,https://www.besoccer.com/match/sheffield-united/wimbledon-fc/19923982,1992,11,premier_league
Norwich City,Leeds United,2-2,https://www.besoccer.com/match/norwich-city-fc/leeds-united-afc/19923983,1992,11,premier_league
Man. City,Oldham Athletic AFC,1-2,https://www.besoccer.com/match/manchester-city-fc/oldham-athletic-afc/19923984,1992,11,premier_league
Luton Town,Notts County,1-1,https://www.besoccer.com/match/luton-town-fc/notts-county/19923985,1992,11,premier_league
Crystal Palace,Queens Park Rangers,2-2,https://www.besoccer.com/match/crystal-palace-fc/queens-park-rangers-fc/19923986,1992,11,premier_league
Coventry City,Aston Villa,1-0,https://www.besoccer.com/match/coventry-city/aston-villa-fc/19923987,1992,11,premier_league
Arsenal,Chelsea,3-2,https://www.besoccer.com/match/arsenal/chelsea-fc/19923988,1992,12,premier_league
Queens Park Rangers,Nottingham Forest,0-2,https://www.besoccer.com/match/queens-park-rangers-fc/nottingham-forest-fc/19923989,1992,12,premier_league
Aston Villa,Luton Town,4-0,https://www.besoccer.com/match/aston-villa-fc/luton-town-fc/19923990,1992,12,premier_league
Wimbledon FC,Norwich City,3-1,https://www.besoccer.com/match/wimbledon-fc/norwich-city-fc/19923991,1992,12,premier_league
West Ham,Coventry City,0-1,https://www.besoccer.com/match/west-ham-united/coventry-city/19923992,1992,12,premier_league
Sheffield Wednesday,Crystal Palace,4-1,https://www.besoccer.com/match/sheffield-wednesday-fc/crystal-palace-fc/19923993,1992,12,premier_league
Oldham Athletic AFC,Southampton,1-1,https://www.besoccer.com/match/oldham-athletic-afc/southampton-fc/19923994,1992,12,premier_league
Leeds United,Sheffield United,4-3,https://www.besoccer.com/match/leeds-united-afc/sheffield-united/19923995,1992,12,premier_league
Everton,Tottenham Hotspur,3-1,https://www.besoccer.com/match/everton-fc/tottenham-hotspur-fc/19923996,1992,12,premier_league
Man. Utd,Liverpool,0-0,https://www.besoccer.com/match/manchester-united-fc/liverpool/19923997,1992,12,premier_league
Notts County,Man. City,1-3,https://www.besoccer.com/match/notts-county/manchester-city-fc/19923998,1992,12,premier_league
Man. Utd,Arsenal,1-1,https://www.besoccer.com/match/manchester-united-fc/arsenal/19923999,1992,13,premier_league
Sheffield United,Nottingham Forest,4-2,https://www.besoccer.com/match/sheffield-united/nottingham-forest-fc/19924000,1992,13,premier_league
Chelsea,Liverpool,2-2,https://www.besoccer.com/match/chelsea-fc/liverpool/19924001,1992,13,premier_league
Wimbledon FC,Queens Park Rangers,0-1,https://www.besoccer.com/match/wimbledon-fc/queens-park-rangers-fc/19924002,1992,13,premier_league
Tottenham Hotspur,Man. City,0-1,https://www.besoccer.com/match/tottenham-hotspur-fc/manchester-city-fc/19924003,1992,13,premier_league
Southampton,Norwich City,0-0,https://www.besoccer.com/match/southampton-fc/norwich-city-fc/19924004,1992,13,premier_league
Oldham Athletic AFC,West Ham,2-2,https://www.besoccer.com/match/oldham-athletic-afc/west-ham-united/19924005,1992,13,premier_league
Notts County,Leeds United,2-4,https://www.besoccer.com/match/notts-county/leeds-united-afc/19924006,1992,13,premier_league
Luton Town,Sheffield Wednesday,2-2,https://www.besoccer.com/match/luton-town-fc/sheffield-wednesday-fc/19924007,1992,13,premier_league
Everton,Aston Villa,0-2,https://www.besoccer.com/match/everton-fc/aston-villa-fc/19924008,1992,13,premier_league
Coventry City,Crystal Palace,1-2,https://www.besoccer.com/match/coventry-city/crystal-palace-fc/19924009,1992,13,premier_league
Arsenal,Notts County,2-0,https://www.besoccer.com/match/arsenal/notts-county/19924010,1992,14,premier_league
Nottingham Forest,Southampton,1-3,https://www.besoccer.com/match/nottingham-forest-fc/southampton-fc/19924011,1992,14,premier_league
Sheffield Wednesday,Man. Utd,3-2,https://www.besoccer.com/match/sheffield-wednesday-fc/manchester-united-fc/19924012,1992,14,premier_league
Aston Villa,Wimbledon FC,2-1,https://www.besoccer.com/match/aston-villa-fc/wimbledon-fc/19924013,1992,14,premier_league
West Ham,Tottenham Hotspur,2-1,https://www.besoccer.com/match/west-ham-united/tottenham-hotspur-fc/19924014,1992,14,premier_league
Queens Park Rangers,Everton,3-1,https://www.besoccer.com/match/queens-park-rangers-fc/everton-fc/19924015,1992,14,premier_league
Norwich City,Luton Town,1-0,https://www.besoccer.com/match/norwich-city-fc/luton-town-fc/19924016,1992,14,premier_league
Man. City,Sheffield United,3-2,https://www.besoccer.com/match/manchester-city-fc/sheffield-united/19924017,1992,14,premier_league
Liverpool,Coventry City,1-0,https://www.besoccer.com/match/liverpool/coventry-city/19924018,1992,14,premier_league
Leeds United,Oldham Athletic AFC,1-0,https://www.besoccer.com/match/leeds-united-afc/oldham-athletic-afc/19924019,1992,14,premier_league
Crystal Palace,Chelsea,0-0,https://www.besoccer.com/match/crystal-palace-fc/chelsea-fc/19924020,1992,14,premier_league
Liverpool,Crystal Palace,1-2,https://www.besoccer.com/match/liverpool/crystal-palace-fc/19924021,1992,15,premier_league
Arsenal,West Ham,0-1,https://www.besoccer.com/match/arsenal/west-ham-united/19924022,1992,15,premier_league
Man. Utd,Sheffield United,2-0,https://www.besoccer.com/match/manchester-united-fc/sheffield-united/19924023,1992,15,premier_league
Coventry City,Chelsea,0-1,https://www.besoccer.com/match/coventry-city/chelsea-fc/19924024,1992,15,premier_league
Wimbledon FC,Leeds United,0-0,https://www.besoccer.com/match/wimbledon-fc/leeds-united-afc/19924025,1992,15,premier_league
Southampton,Man. City,0-3,https://www.besoccer.com/match/southampton-fc/manchester-city-fc/19924026,1992,15,premier_league
Sheffield Wednesday,Tottenham Hotspur,0-0,https://www.besoccer.com/match/sheffield-wednesday-fc/tottenham-hotspur-fc/19924027,1992,15,premier_league
Queens Park Rangers,Aston Villa,0-1,https://www.besoccer.com/match/queens-park-rangers-fc/aston-villa-fc/19924028,1992,15,premier_league
Notts County,Oldham Athletic AFC,2-0,https://www.besoccer.com/match/notts-county/oldham-athletic-afc/19924029,1992,15,premier_league
Norwich City,Nottingham Forest,0-0,https://www.besoccer.com/match/norwich-city-fc/nottingham-forest-fc/19924030,1992,15,premier_league
Luton Town,Everton,0-1,https://www.besoccer.com/match/luton-town-fc/everton-fc/19924031,1992,15,premier_league
Man. City,Man. Utd,0-0,https://www.besoccer.com/match/manchester-city-fc/manchester-united-fc/19924032,1992,16,premier_league
Oldham Athletic AFC,Arsenal,1-1,https://www.besoccer.com/match/oldham-athletic-afc/arsenal/19924033,1992,16,premier_league
Aston Villa,Notts County,1-0,https://www.besoccer.com/match/aston-villa-fc/notts-county/19924034,1992,16,premier_league
Tottenham Hotspur,Luton Town,4-1,https://www.besoccer.com/match/tottenham-hotspur-fc/luton-town-fc/19924035,1992,16,premier_league
Nottingham Forest,Coventry City,1-0,https://www.besoccer.com/match/nottingham-forest-fc/coventry-city/19924036,1992,16,premier_league
Leeds United,Queens Park Rangers,2-0,https://www.besoccer.com/match/leeds-united-afc/queens-park-rangers-fc/19924037,1992,16,premier_league
Everton,Wimbledon FC,2-0,https://www.besoccer.com/match/everton-fc/wimbledon-fc/19924038,1992,16,premier_league
Crystal Palace,Southampton,1-0,https://www.besoccer.com/match/crystal-palace-fc/southampton-fc/19924039,1992,16,premier_league
Chelsea,Norwich City,0-3,https://www.besoccer.com/match/chelsea-fc/norwich-city-fc/19924040,1992,16,premier_league
West Ham,Liverpool,0-0,https://www.besoccer.com/match/west-ham-united/liverpool/19924041,1992,16,premier_league
Sheffield United,Sheffield Wednesday,2-0,https://www.besoccer.com/match/sheffield-united/sheffield-wednesday-fc/19924042,1992,16,premier_league
Wimbledon FC,Liverpool,0-0,https://www.besoccer.com/match/wimbledon-fc/liverpool/19924043,1992,17,premier_league
Man. Utd,West Ham,2-1,https://www.besoccer.com/match/manchester-united-fc/west-ham-united/19924044,1992,17,premier_league
Nottingham Forest,Crystal Palace,5-1,https://www.besoccer.com/match/nottingham-forest-fc/crystal-palace-fc/19924045,1992,17,premier_league
Queens Park Rangers,Oldham Athletic AFC,1-3,https://www.besoccer.com/match/queens-park-rangers-fc/oldham-athletic-afc/19924046,1992,17,premier_league
Sheffield Wednesday,Arsenal,1-1,https://www.besoccer.com/match/sheffield-wednesday-fc/arsenal/19924047,1992,17,premier_league
Everton,Notts County,1-0,https://www.besoccer.com/match/everton-fc/notts-county/19924048,1992,17,premier_league
Luton Town,Man. City,2-2,https://www.besoccer.com/match/luton-town-fc/manchester-city-fc/19924049,1992,17,premier_league
Norwich City,Coventry City,3-2,https://www.besoccer.com/match/norwich-city-fc/coventry-city/19924050,1992,17,premier_league
Southampton,Chelsea,1-0,https://www.besoccer.com/match/southampton-fc/chelsea-fc/19924051,1992,17,premier_league
Tottenham Hotspur,Sheffield United,0-1,https://www.besoccer.com/match/tottenham-hotspur-fc/sheffield-united/19924052,1992,17,premier_league
Aston Villa,Leeds United,1-4,https://www.besoccer.com/match/aston-villa-fc/leeds-united-afc/19924053,1992,17,premier_league
Liverpool,Norwich City,2-1,https://www.besoccer.com/match/liverpool/norwich-city-fc/19924054,1992,18,premier_league
Crystal Palace,Man. Utd,1-3,https://www.besoccer.com/match/crystal-palace-fc/manchester-united-fc/19924055,1992,18,premier_league
Chelsea,Nottingham Forest,1-0,https://www.besoccer.com/match/chelsea-fc/nottingham-forest-fc/19924056,1992,18,premier_league
West Ham,Sheffield Wednesday,1-2,https://www.besoccer.com/match/west-ham-united/sheffield-wednesday-fc/19924057,1992,18,premier_league
Sheffield United,Luton Town,1-1,https://www.besoccer.com/match/sheffield-united/luton-town-fc/19924058,1992,18,premier_league
Oldham Athletic AFC,Aston Villa,3-2,https://www.besoccer.com/match/oldham-athletic-afc/aston-villa-fc/19924059,1992,18,premier_league
Notts County,Queens Park Rangers,0-1,https://www.besoccer.com/match/notts-county/queens-park-rangers-fc/19924060,1992,18,premier_league
Man. City,Wimbledon FC,0-0,https://www.besoccer.com/match/manchester-city-fc/wimbledon-fc/19924061,1992,18,premier_league
Leeds United,Everton,1-0,https://www.besoccer.com/match/leeds-united-afc/everton-fc/19924062,1992,18,premier_league
Coventry City,Southampton,2-0,https://www.besoccer.com/match/coventry-city/southampton-fc/19924063,1992,18,premier_league
Arsenal,Tottenham Hotspur,2-0,https://www.besoccer.com/match/arsenal/tottenham-hotspur-fc/19924064,1992,18,premier_league
Southampton,Liverpool,1-1,https://www.besoccer.com/match/southampton-fc/liverpool/19924065,1992,19,premier_league
Wimbledon FC,Oldham Athletic AFC,2-1,https://www.besoccer.com/match/wimbledon-fc/oldham-athletic-afc/19924066,1992,19,premier_league
Aston Villa,Man. City,3-1,https://www.besoccer.com/match/aston-villa-fc/manchester-city-fc/19924067,1992,19,premier_league
Tottenham Hotspur,Notts County,2-1,https://www.besoccer.com/match/tottenham-hotspur-fc/notts-county/19924068,1992,19,premier_league
Sheffield Wednesday,Chelsea,3-0,https://www.besoccer.com/match/sheffield-wednesday-fc/chelsea-fc/19924069,1992,19,premier_league
Queens Park Rangers,Sheffield United,1-0,https://www.besoccer.com/match/queens-park-rangers-fc/sheffield-united/19924070,1992,19,premier_league
Norwich City,Crystal Palace,3-3,https://www.besoccer.com/match/norwich-city-fc/crystal-palace-fc/19924071,1992,19,premier_league
Man. Utd,Coventry City,4-0,https://www.besoccer.com/match/manchester-united-fc/coventry-city/19924072,1992,19,premier_league
Luton Town,Leeds United,0-2,https://www.besoccer.com/match/luton-town-fc/leeds-united-afc/19924073,1992,19,premier_league
Everton,West Ham,4-0,https://www.besoccer.com/match/everton-fc/west-ham-united/19924074,1992,19,premier_league
Nottingham Forest,Arsenal,3-2,https://www.besoccer.com/match/nottingham-forest-fc/arsenal/19924075,1992,19,premier_league
Liverpool,Nottingham Forest,2-0,https://www.besoccer.com/match/liverpool/nottingham-forest-fc/19924076,1992,20,premier_league
Leeds United,Tottenham Hotspur,1-1,https://www.besoccer.com/match/leeds-united-afc/tottenham-hotspur-fc/19924077,1992,20,premier_league
Man. City,Queens Park Rangers,2-2,https://www.besoccer.com/match/manchester-city-fc/queens-park-rangers-fc/19924078,1992,20,premier_league
Oldham Athletic AFC,Everton,2-2,https://www.besoccer.com/match/oldham-athletic-afc/everton-fc/19924079,1992,20,premier_league
Sheffield United,Aston Villa,2-0,https://www.besoccer.com/match/sheffield-united/aston-villa-fc/19924080,1992,20,premier_league
Chelsea,Man. Utd,1-3,https://www.besoccer.com/match/chelsea-fc/manchester-united-fc/19924081,1992,20,premier_league
Arsenal,Norwich City,1-1,https://www.besoccer.com/match/arsenal/norwich-city-fc/19924082,1992,20,premier_league
Notts County,Wimbledon FC,1-1,https://www.besoccer.com/match/notts-county/wimbledon-fc/19924083,1992,20,premier_league
Crystal Palace,Luton Town,1-1,https://www.besoccer.com/match/crystal-palace-fc/luton-town-fc/19924084,1992,20,premier_league
Southampton,West Ham,1-0,https://www.besoccer.com/match/southampton-fc/west-ham-united/19924085,1992,20,premier_league
Coventry City,Sheffield Wednesday,0-0,https://www.besoccer.com/match/coventry-city/sheffield-wednesday-fc/19924086,1992,20,premier_league
Luton Town,Coventry City,1-0,https://www.besoccer.com/match/luton-town-fc/coventry-city/19924087,1992,21,premier_league
Southampton,Notts County,1-1,https://www.besoccer.com/match/southampton-fc/notts-county/19924088,1992,21,premier_league
Arsenal,Everton,4-2,https://www.besoccer.com/match/arsenal/everton-fc/19924089,1992,21,premier_league
West Ham,Sheffield United,1-1,https://www.besoccer.com/match/west-ham-united/sheffield-united/19924090,1992,21,premier_league
Sheffield Wednesday,Wimbledon FC,2-0,https://www.besoccer.com/match/sheffield-wednesday-fc/wimbledon-fc/19924091,1992,21,premier_league
Norwich City,Queens Park Rangers,0-1,https://www.besoccer.com/match/norwich-city-fc/queens-park-rangers-fc/19924092,1992,21,premier_league
Liverpool,Man. City,2-2,https://www.besoccer.com/match/liverpool/manchester-city-fc/19924093,1992,21,premier_league
Chelsea,Oldham Athletic AFC,4-2,https://www.besoccer.com/match/chelsea-fc/oldham-athletic-afc/19924094,1992,21,premier_league
Crystal Palace,Tottenham Hotspur,1-2,https://www.besoccer.com/match/crystal-palace-fc/tottenham-hotspur-fc/19924095,1992,21,premier_league
Nottingham Forest,Leeds United,0-0,https://www.besoccer.com/match/nottingham-forest-fc/leeds-united-afc/19924096,1992,21,premier_league
Man. Utd,Aston Villa,1-0,https://www.besoccer.com/match/manchester-united-fc/aston-villa-fc/19924097,1992,21,premier_league
Luton Town,Arsenal,1-0,https://www.besoccer.com/match/luton-town-fc/arsenal/19924098,1992,22,premier_league
Oldham Athletic AFC,Man. Utd,3-6,https://www.besoccer.com/match/oldham-athletic-afc/manchester-united-fc/19924099,1992,22,premier_league
Wimbledon FC,Crystal Palace,1-1,https://www.besoccer.com/match/wimbledon-fc/crystal-palace-fc/19924100,1992,22,premier_league
Tottenham Hotspur,Nottingham Forest,1-2,https://www.besoccer.com/match/tottenham-hotspur-fc/nottingham-forest-fc/19924101,1992,22,premier_league
Sheffield United,Coventry City,0-3,https://www.besoccer.com/match/sheffield-united/coventry-city/19924102,1992,22,premier_league
Queens Park Rangers,Liverpool,0-0,https://www.besoccer.com/match/queens-park-rangers-fc/liverpool/19924103,1992,22,premier_league
Man. City,Norwich City,2-1,https://www.besoccer.com/match/manchester-city-fc/norwich-city-fc/19924104,1992,22,premier_league
Leeds United,Southampton,3-3,https://www.besoccer.com/match/leeds-united-afc/southampton-fc/19924105,1992,22,premier_league
Everton,Sheffield Wednesday,0-1,https://www.besoccer.com/match/everton-fc/sheffield-wednesday-fc/19924106,1992,22,premier_league
Aston Villa,West Ham,3-1,https://www.besoccer.com/match/aston-villa-fc/west-ham-united/19924107,1992,22,premier_league
Notts County,Chelsea,2-0,https://www.besoccer.com/match/notts-county/chelsea-fc/19924108,1992,22,premier_league
Man. City,Arsenal,1-0,https://www.besoccer.com/match/manchester-city-fc/arsenal/19924109,1992,23,premier_league
Wimbledon FC,Coventry City,1-1,https://www.besoccer.com/match/wimbledon-fc/coventry-city/19924110,1992,23,premier_league
Tottenham Hotspur,Norwich City,3-0,https://www.besoccer.com/match/tottenham-hotspur-fc/norwich-city-fc/19924111,1992,23,premier_league
Queens Park Rangers,Sheffield Wednesday,1-1,https://www.besoccer.com/match/queens-park-rangers-fc/sheffield-wednesday-fc/19924112,1992,23,premier_league
Oldham Athletic AFC,Nottingham Forest,2-1,https://www.besoccer.com/match/oldham-athletic-afc/nottingham-forest-fc/19924113,1992,23,premier_league
Notts County,West Ham,3-0,https://www.besoccer.com/match/notts-county/west-ham-united/19924114,1992,23,premier_league
Everton,Liverpool,1-1,https://www.besoccer.com/match/everton-fc/liverpool/19924115,1992,23,premier_league
Aston Villa,Southampton,2-1,https://www.besoccer.com/match/aston-villa-fc/southampton-fc/19924116,1992,23,premier_league
Luton Town,Chelsea,2-0,https://www.besoccer.com/match/luton-town-fc/chelsea-fc/19924117,1992,23,premier_league
Sheffield United,Crystal Palace,1-1,https://www.besoccer.com/match/sheffield-united/crystal-palace-fc/19924118,1992,23,premier_league
Leeds United,Man. Utd,1-1,https://www.besoccer.com/match/leeds-united-afc/manchester-united-fc/19924119,1992,23,premier_league
Arsenal,Wimbledon FC,1-1,https://www.besoccer.com/match/arsenal/wimbledon-fc/19924120,1992,24,premier_league
Man. Utd,Queens Park Rangers,1-4,https://www.besoccer.com/match/manchester-united-fc/queens-park-rangers-fc/19924121,1992,24,premier_league
West Ham,Leeds United,1-3,https://www.besoccer.com/match/west-ham-united/leeds-united-afc/19924122,1992,24,premier_league
Southampton,Everton,1-2,https://www.besoccer.com/match/southampton-fc/everton-fc/19924123,1992,24,premier_league
Sheffield Wednesday,Oldham Athletic AFC,1-1,https://www.besoccer.com/match/sheffield-wednesday-fc/oldham-athletic-afc/19924124,1992,24,premier_league
Nottingham Forest,Luton Town,1-1,https://www.besoccer.com/match/nottingham-forest-fc/luton-town-fc/19924125,1992,24,premier_league
Norwich City,Aston Villa,2-1,https://www.besoccer.com/match/norwich-city-fc/aston-villa-fc/19924126,1992,24,premier_league
Liverpool,Sheffield United,2-1,https://www.besoccer.com/match/liverpool/sheffield-united/19924127,1992,24,premier_league
Crystal Palace,Notts County,1-0,https://www.besoccer.com/match/crystal-palace-fc/notts-county/19924128,1992,24,premier_league
Coventry City,Tottenham Hotspur,1-2,https://www.besoccer.com/match/coventry-city/tottenham-hotspur-fc/19924129,1992,24,premier_league
Chelsea,Man. City,1-1,https://www.besoccer.com/match/chelsea-fc/manchester-city-fc/19924130,1992,24,premier_league
Arsenal,Aston Villa,0-0,https://www.besoccer.com/match/arsenal/aston-villa-fc/19924131,1992,25,premier_league
Man. Utd,Everton,1-0,https://www.besoccer.com/match/manchester-united-fc/everton-fc/19924132,1992,25,premier_league
West Ham,Wimbledon FC,1-1,https://www.besoccer.com/match/west-ham-united/wimbledon-fc/19924133,1992,25,premier_league
Southampton,Sheffield United,2-4,https://www.besoccer.com/match/southampton-fc/sheffield-united/19924134,1992,25,premier_league
Nottingham Forest,Notts County,1-1,https://www.besoccer.com/match/nottingham-forest-fc/notts-county/19924135,1992,25,premier_league
Norwich City,Oldham Athletic AFC,1-2,https://www.besoccer.com/match/norwich-city-fc/oldham-athletic-afc/19924136,1992,25,premier_league
Liverpool,Luton Town,2-1,https://www.besoccer.com/match/liverpool/luton-town-fc/19924137,1992,25,premier_league
Coventry City,Queens Park Rangers,2-2,https://www.besoccer.com/match/coventry-city/queens-park-rangers-fc/19924138,1992,25,premier_league
Chelsea,Tottenham Hotspur,2-0,https://www.besoccer.com/match/chelsea-fc/tottenham-hotspur-fc/19924139,1992,25,premier_league
Crystal Palace,Man. City,1-1,https://www.besoccer.com/match/crystal-palace-fc/manchester-city-fc/19924140,1992,25,premier_league
Sheffield Wednesday,Leeds United,1-6,https://www.besoccer.com/match/sheffield-wednesday-fc/leeds-united-afc/19924141,1992,25,premier_league
Notts County,Man. Utd,1-1,https://www.besoccer.com/match/notts-county/manchester-united-fc/19924142,1992,26,premier_league
Queens Park Rangers,Arsenal,0-0,https://www.besoccer.com/match/queens-park-rangers-fc/arsenal/19924143,1992,26,premier_league
Tottenham Hotspur,Southampton,1-2,https://www.besoccer.com/match/tottenham-hotspur-fc/southampton-fc/19924144,1992,26,premier_league
Sheffield United,Norwich City,1-0,https://www.besoccer.com/match/sheffield-united/norwich-city-fc/19924145,1992,26,premier_league
Oldham Athletic AFC,Liverpool,2-3,https://www.besoccer.com/match/oldham-athletic-afc/liverpool/19924146,1992,26,premier_league
Man. City,Coventry City,1-0,https://www.besoccer.com/match/manchester-city-fc/coventry-city/19924147,1992,26,premier_league
Luton Town,West Ham,0-1,https://www.besoccer.com/match/luton-town-fc/west-ham-united/19924148,1992,26,premier_league
Aston Villa,Sheffield Wednesday,0-1,https://www.besoccer.com/match/aston-villa-fc/sheffield-wednesday-fc/19924149,1992,26,premier_league
Leeds United,Crystal Palace,1-1,https://www.besoccer.com/match/leeds-united-afc/crystal-palace-fc/19924150,1992,26,premier_league
Wimbledon FC,Chelsea,1-2,https://www.besoccer.com/match/wimbledon-fc/chelsea-fc/19924151,1992,26,premier_league
Everton,Nottingham Forest,1-1,https://www.besoccer.com/match/everton-fc/nottingham-forest-fc/19924152,1992,26,premier_league
Arsenal,Man. Utd,1-1,https://www.besoccer.com/match/arsenal/manchester-united-fc/19924153,1992,27,premier_league
Crystal Palace,Coventry City,0-1,https://www.besoccer.com/match/crystal-palace-fc/coventry-city/19924154,1992,27,premier_league
Norwich City,Southampton,2-1,https://www.besoccer.com/match/norwich-city-fc/southampton-fc/19924155,1992,27,premier_league
Nottingham Forest,Sheffield United,2-5,https://www.besoccer.com/match/nottingham-forest-fc/sheffield-united/19924156,1992,27,premier_league
Sheffield Wednesday,Luton Town,3-2,https://www.besoccer.com/match/sheffield-wednesday-fc/luton-town-fc/19924157,1992,27,premier_league
West Ham,Oldham Athletic AFC,1-0,https://www.besoccer.com/match/west-ham-united/oldham-athletic-afc/19924158,1992,27,premier_league
Leeds United,Notts County,3-0,https://www.besoccer.com/match/leeds-united-afc/notts-county/19924159,1992,27,premier_league
Liverpool,Chelsea,1-2,https://www.besoccer.com/match/liverpool/chelsea-fc/19924160,1992,27,premier_league
Man. City,Tottenham Hotspur,1-0,https://www.besoccer.com/match/manchester-city-fc/tottenham-hotspur-fc/19924161,1992,27,premier_league
Queens Park Rangers,Wimbledon FC,1-1,https://www.besoccer.com/match/queens-park-rangers-fc/wimbledon-fc/19924162,1992,27,premier_league
Aston Villa,Everton,0-0,https://www.besoccer.com/match/aston-villa-fc/everton-fc/19924163,1992,27,premier_league
Notts County,Arsenal,0-1,https://www.besoccer.com/match/notts-county/arsenal/19924164,1992,28,premier_league
Man. Utd,Sheffield Wednesday,1-1,https://www.besoccer.com/match/manchester-united-fc/sheffield-wednesday-fc/19924165,1992,28,premier_league
Luton Town,Norwich City,2-0,https://www.besoccer.com/match/luton-town-fc/norwich-city-fc/19924166,1992,28,premier_league
Coventry City,Liverpool,0-0,https://www.besoccer.com/match/coventry-city/liverpool/19924167,1992,28,premier_league
Chelsea,Crystal Palace,1-1,https://www.besoccer.com/match/chelsea-fc/crystal-palace-fc/19924168,1992,28,premier_league
Everton,Queens Park Rangers,0-0,https://www.besoccer.com/match/everton-fc/queens-park-rangers-fc/19924169,1992,28,premier_league
Oldham Athletic AFC,Leeds United,2-0,https://www.besoccer.com/match/oldham-athletic-afc/leeds-united-afc/19924170,1992,28,premier_league
Sheffield United,Man. City,4-2,https://www.besoccer.com/match/sheffield-united/manchester-city-fc/19924171,1992,28,premier_league
Wimbledon FC,Aston Villa,2-0,https://www.besoccer.com/match/wimbledon-fc/aston-villa-fc/19924172,1992,28,premier_league
Tottenham Hotspur,West Ham,3-0,https://www.besoccer.com/match/tottenham-hotspur-fc/west-ham-united/19924173,1992,28,premier_league
Southampton,Nottingham Forest,0-1,https://www.besoccer.com/match/southampton-fc/nottingham-forest-fc/19924174,1992,28,premier_league
Chelsea,Southampton,1-1,https://www.besoccer.com/match/chelsea-fc/southampton-fc/19924175,1992,29,premier_league
Arsenal,Sheffield Wednesday,7-1,https://www.besoccer.com/match/arsenal/sheffield-wednesday-fc/19924176,1992,29,premier_league
Man. City,Luton Town,4-0,https://www.besoccer.com/match/manchester-city-fc/luton-town-fc/19924177,1992,29,premier_league
Oldham Athletic AFC,Queens Park Rangers,2-1,https://www.besoccer.com/match/oldham-athletic-afc/queens-park-rangers-fc/19924178,1992,29,premier_league
Crystal Palace,Nottingham Forest,0-0,https://www.besoccer.com/match/crystal-palace-fc/nottingham-forest-fc/19924179,1992,29,premier_league
Leeds United,Aston Villa,0-0,https://www.besoccer.com/match/leeds-united-afc/aston-villa-fc/19924180,1992,29,premier_league
Coventry City,Norwich City,0-0,https://www.besoccer.com/match/coventry-city/norwich-city-fc/19924181,1992,29,premier_league
Notts County,Everton,0-0,https://www.besoccer.com/match/notts-county/everton-fc/19924182,1992,29,premier_league
Liverpool,Wimbledon FC,2-3,https://www.besoccer.com/match/liverpool/wimbledon-fc/19924183,1992,29,premier_league
Sheffield United,Tottenham Hotspur,2-0,https://www.besoccer.com/match/sheffield-united/tottenham-hotspur-fc/19924184,1992,29,premier_league
West Ham,Man. Utd,1-0,https://www.besoccer.com/match/west-ham-united/manchester-united-fc/19924185,1992,29,premier_league
Man. Utd,Crystal Palace,2-0,https://www.besoccer.com/match/manchester-united-fc/crystal-palace-fc/19924186,1992,30,premier_league
Queens Park Rangers,Notts County,1-1,https://www.besoccer.com/match/queens-park-rangers-fc/notts-county/19924187,1992,30,premier_league
Southampton,Coventry City,0-0,https://www.besoccer.com/match/southampton-fc/coventry-city/19924188,1992,30,premier_league
Sheffield Wednesday,West Ham,2-1,https://www.besoccer.com/match/sheffield-wednesday-fc/west-ham-united/19924189,1992,30,premier_league
Norwich City,Liverpool,3-0,https://www.besoccer.com/match/norwich-city-fc/liverpool/19924190,1992,30,premier_league
Luton Town,Sheffield United,2-1,https://www.besoccer.com/match/luton-town-fc/sheffield-united/19924191,1992,30,premier_league
Aston Villa,Oldham Athletic AFC,1-0,https://www.besoccer.com/match/aston-villa-fc/oldham-athletic-afc/19924192,1992,30,premier_league
Nottingham Forest,Chelsea,1-1,https://www.besoccer.com/match/nottingham-forest-fc/chelsea-fc/19924193,1992,30,premier_league
Tottenham Hotspur,Arsenal,1-1,https://www.besoccer.com/match/tottenham-hotspur-fc/arsenal/19924194,1992,30,premier_league
Wimbledon FC,Man. City,2-1,https://www.besoccer.com/match/wimbledon-fc/manchester-city-fc/19924195,1992,30,premier_league
Everton,Leeds United,1-1,https://www.besoccer.com/match/everton-fc/leeds-united-afc/19924196,1992,30,premier_league
West Ham,Everton,0-2,https://www.besoccer.com/match/west-ham-united/everton-fc/19924197,1992,31,premier_league
Coventry City,Man. Utd,0-0,https://www.besoccer.com/match/coventry-city/manchester-united-fc/19924198,1992,31,premier_league
Sheffield United,Queens Park Rangers,0-0,https://www.besoccer.com/match/sheffield-united/queens-park-rangers-fc/19924199,1992,31,premier_league
Man. City,Aston Villa,2-0,https://www.besoccer.com/match/manchester-city-fc/aston-villa-fc/19924200,1992,31,premier_league
Liverpool,Southampton,0-0,https://www.besoccer.com/match/liverpool/southampton-fc/19924201,1992,31,premier_league
Leeds United,Luton Town,2-0,https://www.besoccer.com/match/leeds-united-afc/luton-town-fc/19924202,1992,31,premier_league
Crystal Palace,Norwich City,3-4,https://www.besoccer.com/match/crystal-palace-fc/norwich-city-fc/19924203,1992,31,premier_league
Oldham Athletic AFC,Wimbledon FC,0-1,https://www.besoccer.com/match/oldham-athletic-afc/wimbledon-fc/19924204,1992,31,premier_league
Chelsea,Sheffield Wednesday,0-3,https://www.besoccer.com/match/chelsea-fc/sheffield-wednesday-fc/19924205,1992,31,premier_league
Arsenal,Nottingham Forest,3-3,https://www.besoccer.com/match/arsenal/nottingham-forest-fc/19924206,1992,31,premier_league
Notts County,Tottenham Hotspur,0-2,https://www.besoccer.com/match/notts-county/tottenham-hotspur-fc/19924207,1992,31,premier_league
Man. Utd,Chelsea,1-1,https://www.besoccer.com/match/manchester-united-fc/chelsea-fc/19924208,1992,32,premier_league
Wimbledon FC,Notts County,2-0,https://www.besoccer.com/match/wimbledon-fc/notts-county/19924209,1992,32,premier_league
Everton,Oldham Athletic AFC,2-1,https://www.besoccer.com/match/everton-fc/oldham-athletic-afc/19924210,1992,32,premier_league
Sheffield Wednesday,Coventry City,1-1,https://www.besoccer.com/match/sheffield-wednesday-fc/coventry-city/19924211,1992,32,premier_league
Luton Town,Crystal Palace,1-1,https://www.besoccer.com/match/luton-town-fc/crystal-palace-fc/19924212,1992,32,premier_league
Queens Park Rangers,Man. City,4-0,https://www.besoccer.com/match/queens-park-rangers-fc/manchester-city-fc/19924213,1992,32,premier_league
Tottenham Hotspur,Leeds United,1-3,https://www.besoccer.com/match/tottenham-hotspur-fc/leeds-united-afc/19924214,1992,32,premier_league
Aston Villa,Sheffield United,1-1,https://www.besoccer.com/match/aston-villa-fc/sheffield-united/19924215,1992,32,premier_league
Norwich City,Arsenal,1-3,https://www.besoccer.com/match/norwich-city-fc/arsenal/19924216,1992,32,premier_league
West Ham,Southampton,0-1,https://www.besoccer.com/match/west-ham-united/southampton-fc/19924217,1992,32,premier_league
Nottingham Forest,Liverpool,1-1,https://www.besoccer.com/match/nottingham-forest-fc/liverpool/19924218,1992,32,premier_league
Notts County,Aston Villa,0-0,https://www.besoccer.com/match/notts-county/aston-villa-fc/19924219,1992,33,premier_league
Arsenal,Oldham Athletic AFC,2-1,https://www.besoccer.com/match/arsenal/oldham-athletic-afc/19924220,1992,33,premier_league
Wimbledon FC,Everton,0-0,https://www.besoccer.com/match/wimbledon-fc/everton-fc/19924221,1992,33,premier_league
Liverpool,West Ham,1-0,https://www.besoccer.com/match/liverpool/west-ham-united/19924222,1992,33,premier_league
Southampton,Crystal Palace,1-0,https://www.besoccer.com/match/southampton-fc/crystal-palace-fc/19924223,1992,33,premier_league
Coventry City,Nottingham Forest,0-2,https://www.besoccer.com/match/coventry-city/nottingham-forest-fc/19924224,1992,33,premier_league
Sheffield Wednesday,Sheffield United,1-3,https://www.besoccer.com/match/sheffield-wednesday-fc/sheffield-united/19924225,1992,33,premier_league
Luton Town,Tottenham Hotspur,0-0,https://www.besoccer.com/match/luton-town-fc/tottenham-hotspur-fc/19924226,1992,33,premier_league
Norwich City,Chelsea,0-1,https://www.besoccer.com/match/norwich-city-fc/chelsea-fc/19924227,1992,33,premier_league
Queens Park Rangers,Leeds United,4-1,https://www.besoccer.com/match/queens-park-rangers-fc/leeds-united-afc/19924228,1992,33,premier_league
Man. Utd,Man. City,1-1,https://www.besoccer.com/match/manchester-united-fc/manchester-city-fc/19924229,1992,33,premier_league
Sheffield United,Man. Utd,1-2,https://www.besoccer.com/match/sheffield-united/manchester-united-fc/19924230,1992,34,premier_league
West Ham,Arsenal,0-2,https://www.besoccer.com/match/west-ham-united/arsenal/19924231,1992,34,premier_league
Oldham Athletic AFC,Notts County,4-3,https://www.besoccer.com/match/oldham-athletic-afc/notts-county/19924232,1992,34,premier_league
Crystal Palace,Liverpool,1-0,https://www.besoccer.com/match/crystal-palace-fc/liverpool/19924233,1992,34,premier_league
Tottenham Hotspur,Sheffield Wednesday,0-2,https://www.besoccer.com/match/tottenham-hotspur-fc/sheffield-wednesday-fc/19924234,1992,34,premier_league
Nottingham Forest,Norwich City,2-0,https://www.besoccer.com/match/nottingham-forest-fc/norwich-city-fc/19924235,1992,34,premier_league
Everton,Luton Town,1-1,https://www.besoccer.com/match/everton-fc/luton-town-fc/19924236,1992,34,premier_league
Aston Villa,Queens Park Rangers,0-1,https://www.besoccer.com/match/aston-villa-fc/queens-park-rangers-fc/19924237,1992,34,premier_league
Chelsea,Coventry City,0-1,https://www.besoccer.com/match/chelsea-fc/coventry-city/19924238,1992,34,premier_league
Leeds United,Wimbledon FC,5-1,https://www.besoccer.com/match/leeds-united-afc/wimbledon-fc/19924239,1992,34,premier_league
Man. City,Southampton,0-1,https://www.besoccer.com/match/manchester-city-fc/southampton-fc/19924240,1992,34,premier_league
Nottingham Forest,Man. City,2-0,https://www.besoccer.com/match/nottingham-forest-fc/manchester-city-fc/19924241,1992,35,premier_league
West Ham,Queens Park Rangers,2-2,https://www.besoccer.com/match/west-ham-united/queens-park-rangers-fc/19924242,1992,35,premier_league
Liverpool,Tottenham Hotspur,2-1,https://www.besoccer.com/match/liverpool/tottenham-hotspur-fc/19924243,1992,35,premier_league
Man. Utd,Wimbledon FC,0-0,https://www.besoccer.com/match/manchester-united-fc/wimbledon-fc/19924244,1992,35,premier_league
Southampton,Luton Town,2-1,https://www.besoccer.com/match/southampton-fc/luton-town-fc/19924245,1992,35,premier_league
Sheffield Wednesday,Notts County,1-0,https://www.besoccer.com/match/sheffield-wednesday-fc/notts-county/19924246,1992,35,premier_league
Norwich City,Everton,4-3,https://www.besoccer.com/match/norwich-city-fc/everton-fc/19924247,1992,35,premier_league
Crystal Palace,Aston Villa,0-0,https://www.besoccer.com/match/crystal-palace-fc/aston-villa-fc/19924248,1992,35,premier_league
Coventry City,Oldham Athletic AFC,1-1,https://www.besoccer.com/match/coventry-city/oldham-athletic-afc/19924249,1992,35,premier_league
Chelsea,Sheffield United,1-2,https://www.besoccer.com/match/chelsea-fc/sheffield-united/19924250,1992,35,premier_league
Arsenal,Leeds United,1-1,https://www.besoccer.com/match/arsenal/leeds-united-afc/19924251,1992,35,premier_league
Leeds United,West Ham,0-0,https://www.besoccer.com/match/leeds-united-afc/west-ham-united/19924252,1992,36,premier_league
Queens Park Rangers,Man. Utd,0-0,https://www.besoccer.com/match/queens-park-rangers-fc/manchester-united-fc/19924253,1992,36,premier_league
Sheffield United,Liverpool,2-0,https://www.besoccer.com/match/sheffield-united/liverpool/19924254,1992,36,premier_league
Wimbledon FC,Arsenal,1-3,https://www.besoccer.com/match/wimbledon-fc/arsenal/19924255,1992,36,premier_league
Aston Villa,Norwich City,1-0,https://www.besoccer.com/match/aston-villa-fc/norwich-city-fc/19924256,1992,36,premier_league
Notts County,Crystal Palace,2-3,https://www.besoccer.com/match/notts-county/crystal-palace-fc/19924257,1992,36,premier_league
Oldham Athletic AFC,Sheffield Wednesday,3-0,https://www.besoccer.com/match/oldham-athletic-afc/sheffield-wednesday-fc/19924258,1992,36,premier_league
Tottenham Hotspur,Coventry City,4-3,https://www.besoccer.com/match/tottenham-hotspur-fc/coventry-city/19924259,1992,36,premier_league
Man. City,Chelsea,0-0,https://www.besoccer.com/match/manchester-city-fc/chelsea-fc/19924260,1992,36,premier_league
Everton,Southampton,0-1,https://www.besoccer.com/match/everton-fc/southampton-fc/19924261,1992,36,premier_league
Luton Town,Nottingham Forest,2-1,https://www.besoccer.com/match/luton-town-fc/nottingham-forest-fc/19924262,1992,36,premier_league
Norwich City,Man. Utd,1-3,https://www.besoccer.com/match/norwich-city-fc/manchester-united-fc/19924263,1992,37,premier_league
Liverpool,Notts County,4-0,https://www.besoccer.com/match/liverpool/notts-county/19924264,1992,37,premier_league
Nottingham Forest,Sheffield Wednesday,0-2,https://www.besoccer.com/match/nottingham-forest-fc/sheffield-wednesday-fc/19924265,1992,37,premier_league
Southampton,Queens Park Rangers,2-1,https://www.besoccer.com/match/southampton-fc/queens-park-rangers-fc/19924266,1992,37,premier_league
Coventry City,Arsenal,0-1,https://www.besoccer.com/match/coventry-city/arsenal/19924267,1992,37,premier_league
Luton Town,Wimbledon FC,2-1,https://www.besoccer.com/match/luton-town-fc/wimbledon-fc/19924268,1992,37,premier_league
Sheffield United,Oldham Athletic AFC,2-0,https://www.besoccer.com/match/sheffield-united/oldham-athletic-afc/19924269,1992,37,premier_league
Chelsea,West Ham,2-1,https://www.besoccer.com/match/chelsea-fc/west-ham-united/19924270,1992,37,premier_league
Crystal Palace,Everton,2-0,https://www.besoccer.com/match/crystal-palace-fc/everton-fc/19924271,1992,37,premier_league
Man. City,Leeds United,4-0,https://www.besoccer.com/match/manchester-city-fc/leeds-united-afc/19924272,1992,37,premier_league
Tottenham Hotspur,Aston Villa,2-5,https://www.besoccer.com/match/tottenham-hotspur-fc/aston-villa-fc/19924273,1992,37,premier_league
Wimbledon FC,Nottingham Forest,3-0,https://www.besoccer.com/match/wimbledon-fc/nottingham-forest-fc/19924274,1992,38,premier_league
Aston Villa,Liverpool,1-0,https://www.besoccer.com/match/aston-villa-fc/liverpool/19924275,1992,38,premier_league
Arsenal,Crystal Palace,4-1,https://www.besoccer.com/match/arsenal/crystal-palace-fc/19924276,1992,38,premier_league
West Ham,Norwich City,4-0,https://www.besoccer.com/match/west-ham-united/norwich-city-fc/19924277,1992,38,premier_league
Sheffield Wednesday,Man. City,2-0,https://www.besoccer.com/match/sheffield-wednesday-fc/manchester-city-fc/19924278,1992,38,premier_league
Queens Park Rangers,Tottenham Hotspur,1-2,https://www.besoccer.com/match/queens-park-rangers-fc/tottenham-hotspur-fc/19924279,1992,38,premier_league
Oldham Athletic AFC,Luton Town,5-1,https://www.besoccer.com/match/oldham-athletic-afc/luton-town-fc/19924280,1992,38,premier_league
Notts County,Coventry City,1-0,https://www.besoccer.com/match/notts-county/coventry-city/19924281,1992,38,premier_league
Leeds United,Chelsea,3-0,https://www.besoccer.com/match/leeds-united-afc/chelsea-fc/19924282,1992,38,premier_league
Everton,Sheffield United,0-2,https://www.besoccer.com/match/everton-fc/sheffield-united/19924283,1992,38,premier_league
Man. Utd,Southampton,1-0,https://www.besoccer.com/match/manchester-united-fc/southampton-fc/19924284,1992,38,premier_league
Liverpool,Leeds United,0-0,https://www.besoccer.com/match/liverpool/leeds-united-afc/19924285,1992,39,premier_league
Luton Town,Man. Utd,1-1,https://www.besoccer.com/match/luton-town-fc/manchester-united-fc/19924286,1992,39,premier_league
Man. City,West Ham,2-0,https://www.besoccer.com/match/manchester-city-fc/west-ham-united/19924287,1992,39,premier_league
Nottingham Forest,Aston Villa,2-0,https://www.besoccer.com/match/nottingham-forest-fc/aston-villa-fc/19924288,1992,39,premier_league
Chelsea,Queens Park Rangers,2-1,https://www.besoccer.com/match/chelsea-fc/queens-park-rangers-fc/19924289,1992,39,premier_league
Coventry City,Everton,0-1,https://www.besoccer.com/match/coventry-city/everton-fc/19924290,1992,39,premier_league
Crystal Palace,Oldham Athletic AFC,0-0,https://www.besoccer.com/match/crystal-palace-fc/oldham-athletic-afc/19924291,1992,39,premier_league
Norwich City,Notts County,0-1,https://www.besoccer.com/match/norwich-city-fc/notts-county/19924292,1992,39,premier_league
Sheffield United,Arsenal,1-1,https://www.besoccer.com/match/sheffield-united/arsenal/19924293,1992,39,premier_league
Southampton,Sheffield Wednesday,0-1,https://www.besoccer.com/match/southampton-fc/sheffield-wednesday-fc/19924294,1992,39,premier_league
Tottenham Hotspur,Wimbledon FC,3-2,https://www.besoccer.com/match/tottenham-hotspur-fc/wimbledon-fc/19924295,1992,39,premier_league
Man. Utd,Nottingham Forest,1-2,https://www.besoccer.com/match/manchester-united-fc/nottingham-forest-fc/19924296,1992,40,premier_league
West Ham,Crystal Palace,0-2,https://www.besoccer.com/match/west-ham-united/crystal-palace-fc/19924297,1992,40,premier_league
Arsenal,Liverpool,4-0,https://www.besoccer.com/match/arsenal/liverpool/19924298,1992,40,premier_league
Wimbledon FC,Southampton,0-1,https://www.besoccer.com/match/wimbledon-fc/southampton-fc/19924299,1992,40,premier_league
Sheffield Wednesday,Norwich City,2-0,https://www.besoccer.com/match/sheffield-wednesday-fc/norwich-city-fc/19924300,1992,40,premier_league
Queens Park Rangers,Luton Town,2-1,https://www.besoccer.com/match/queens-park-rangers-fc/luton-town-fc/19924301,1992,40,premier_league
Oldham Athletic AFC,Tottenham Hotspur,1-0,https://www.besoccer.com/match/oldham-athletic-afc/tottenham-hotspur-fc/19924302,1992,40,premier_league
Notts County,Sheffield United,1-3,https://www.besoccer.com/match/notts-county/sheffield-united/19924303,1992,40,premier_league
Leeds United,Coventry City,2-0,https://www.besoccer.com/match/leeds-united-afc/coventry-city/19924304,1992,40,premier_league
Everton,Man. City,1-2,https://www.besoccer.com/match/everton-fc/manchester-city-fc/19924305,1992,40,premier_league
Aston Villa,Chelsea,3-1,https://www.besoccer.com/match/aston-villa-fc/chelsea-fc/19924306,1992,40,premier_league
Chelsea,Arsenal,1-1,https://www.besoccer.com/match/chelsea-fc/arsenal/19924307,1992,41,premier_league
Tottenham Hotspur,Everton,3-3,https://www.besoccer.com/match/tottenham-hotspur-fc/everton-fc/19924308,1992,41,premier_league
Southampton,Oldham Athletic AFC,1-0,https://www.besoccer.com/match/southampton-fc/oldham-athletic-afc/19924309,1992,41,premier_league
Nottingham Forest,Queens Park Rangers,1-1,https://www.besoccer.com/match/nottingham-forest-fc/queens-park-rangers-fc/19924310,1992,41,premier_league
Norwich City,Wimbledon FC,1-1,https://www.besoccer.com/match/norwich-city-fc/wimbledon-fc/19924311,1992,41,premier_league
Man. City,Notts County,2-0,https://www.besoccer.com/match/manchester-city-fc/notts-county/19924312,1992,41,premier_league
Luton Town,Aston Villa,2-0,https://www.besoccer.com/match/luton-town-fc/aston-villa-fc/19924313,1992,41,premier_league
Crystal Palace,Sheffield Wednesday,1-1,https://www.besoccer.com/match/crystal-palace-fc/sheffield-wednesday-fc/19924314,1992,41,premier_league
Coventry City,West Ham,1-0,https://www.besoccer.com/match/coventry-city/west-ham-united/19924315,1992,41,premier_league
Liverpool,Man. Utd,2-0,https://www.besoccer.com/match/liverpool/manchester-united-fc/19924316,1992,41,premier_league
Sheffield United,Leeds United,2-3,https://www.besoccer.com/match/sheffield-united/leeds-united-afc/19924317,1992,41,premier_league
Arsenal,Southampton,5-1,https://www.besoccer.com/match/arsenal/southampton-fc/19924318,1992,42,premier_league
West Ham,Nottingham Forest,3-0,https://www.besoccer.com/match/west-ham-united/nottingham-forest-fc/19924319,1992,42,premier_league
Sheffield Wednesday,Liverpool,0-0,https://www.besoccer.com/match/sheffield-wednesday-fc/liverpool/19924320,1992,42,premier_league
Queens Park Rangers,Crystal Palace,1-0,https://www.besoccer.com/match/queens-park-rangers-fc/crystal-palace-fc/19924321,1992,42,premier_league
Oldham Athletic AFC,Man. City,2-5,https://www.besoccer.com/match/oldham-athletic-afc/manchester-city-fc/19924322,1992,42,premier_league
Notts County,Luton Town,2-1,https://www.besoccer.com/match/notts-county/luton-town-fc/19924323,1992,42,premier_league
Man. Utd,Tottenham Hotspur,3-1,https://www.besoccer.com/match/manchester-united-fc/tottenham-hotspur-fc/19924324,1992,42,premier_league
Leeds United,Norwich City,1-0,https://www.besoccer.com/match/leeds-united-afc/norwich-city-fc/19924325,1992,42,premier_league
Everton,Chelsea,2-1,https://www.besoccer.com/match/everton-fc/chelsea-fc/19924326,1992,42,premier_league
Aston Villa,Coventry City,2-0,https://www.besoccer.com/match/aston-villa-fc/coventry-city/19924327,1992,42,premier_league
Wimbledon FC,Sheffield United,3-0,https://www.besoccer.com/match/wimbledon-fc/sheffield-united/19924328,1992,42,premier_league
