Home_Team,Away_Team,Result,Link,Season,Round,League
Man. Utd,Leicester,2-1,https://www.besoccer.com/match/manchester-united-fc/leicester-city-fc/20199627,2019,1,premier_league
Newcastle,Tottenham Hotspur,1-2,https://www.besoccer.com/match/newcastle-united-fc/tottenham-hotspur-fc/20199626,2019,1,premier_league
AFC Bournemouth,Cardiff City,2-0,https://www.besoccer.com/match/afc-bournemouth/cardiff-city-fc/20199621,2019,1,premier_league
Fulham,Crystal Palace,0-2,https://www.besoccer.com/match/fulham/crystal-palace-fc/20199622,2019,1,premier_league
Watford,Brighton & Hove Albion,2-0,https://www.besoccer.com/match/watford-fc/brighton-amp-hov/20199624,2019,1,premier_league
Huddersfield Town,Chelsea,0-3,https://www.besoccer.com/match/huddersfield-town-fc/chelsea-fc/20199629,2019,1,premier_league
Wolves,Everton,2-2,https://www.besoccer.com/match/wolverhampton/everton-fc/20199623,2019,1,premier_league
Southampton,Burnley,0-0,https://www.besoccer.com/match/southampton-fc/burnley-fc/20199625,2019,1,premier_league
Liverpool,West Ham,4-0,https://www.besoccer.com/match/liverpool/west-ham-united/20199628,2019,1,premier_league
Arsenal,Man. City,0-2,https://www.besoccer.com/match/arsenal/manchester-city-fc/20199620,2019,1,premier_league
Cardiff City,Newcastle,0-0,https://www.besoccer.com/match/cardiff-city-fc/newcastle-united-fc/20199632,2019,2,premier_league
Everton,Southampton,2-1,https://www.besoccer.com/match/everton-fc/southampton-fc/20199636,2019,2,premier_league
Leicester,Wolves,2-0,https://www.besoccer.com/match/leicester-city-fc/wolverhampton/20199638,2019,2,premier_league
Tottenham Hotspur,Fulham,3-1,https://www.besoccer.com/match/tottenham-hotspur-fc/fulham/20199641,2019,2,premier_league
West Ham,AFC Bournemouth,1-2,https://www.besoccer.com/match/west-ham-united/afc-bournemouth/20199643,2019,2,premier_league
Chelsea,Arsenal,3-2,https://www.besoccer.com/match/chelsea-fc/arsenal/20199633,2019,2,premier_league
Burnley,Watford,1-3,https://www.besoccer.com/match/burnley-fc/watford-fc/20199631,2019,2,premier_league
Man. City,Huddersfield Town,6-1,https://www.besoccer.com/match/manchester-city-fc/huddersfield-town-fc/20199640,2019,2,premier_league
Brighton & Hove Albion,Man. Utd,3-2,https://www.besoccer.com/match/brighton-amp-hov/manchester-united-fc/20199630,2019,2,premier_league
Crystal Palace,Liverpool,0-2,https://www.besoccer.com/match/crystal-palace-fc/liverpool/20199634,2019,2,premier_league
Wolves,Man. City,1-1,https://www.besoccer.com/match/wolverhampton/manchester-city-fc/20199660,2019,3,premier_league
Arsenal,West Ham,3-1,https://www.besoccer.com/match/arsenal/west-ham-united/20199635,2019,3,premier_league
AFC Bournemouth,Everton,2-2,https://www.besoccer.com/match/afc-bournemouth/everton-fc/20199637,2019,3,premier_league
Huddersfield Town,Cardiff City,0-0,https://www.besoccer.com/match/huddersfield-town-fc/cardiff-city-fc/20199642,2019,3,premier_league
Southampton,Leicester,1-2,https://www.besoccer.com/match/southampton-fc/leicester-city-fc/20199657,2019,3,premier_league
Liverpool,Brighton & Hove Albion,1-0,https://www.besoccer.com/match/liverpool/brighton-amp-hov/20199644,2019,3,premier_league
Watford,Crystal Palace,2-1,https://www.besoccer.com/match/watford-fc/crystal-palace-fc/20199658,2019,3,premier_league
Fulham,Burnley,4-2,https://www.besoccer.com/match/fulham/burnley-fc/20199639,2019,3,premier_league
Newcastle,Chelsea,1-2,https://www.besoccer.com/match/newcastle-united-fc/chelsea-fc/20199656,2019,3,premier_league
Man. Utd,Tottenham Hotspur,0-3,https://www.besoccer.com/match/manchester-united-fc/tottenham-hotspur-fc/20199651,2019,3,premier_league
Leicester,Liverpool,1-2,https://www.besoccer.com/match/leicester-city-fc/liverpool/20199652,2019,4,premier_league
Brighton & Hove Albion,Fulham,2-2,https://www.besoccer.com/match/brighton-amp-hov/fulham/20199645,2019,4,premier_league
Chelsea,AFC Bournemouth,2-0,https://www.besoccer.com/match/chelsea-fc/afc-bournemouth/20199648,2019,4,premier_league
Crystal Palace,Southampton,0-2,https://www.besoccer.com/match/crystal-palace-fc/southampton-fc/20199649,2019,4,premier_league
Everton,Huddersfield Town,1-1,https://www.besoccer.com/match/everton-fc/huddersfield-town-fc/20199650,2019,4,premier_league
West Ham,Wolves,0-1,https://www.besoccer.com/match/west-ham-united/wolverhampton/20199655,2019,4,premier_league
Man. City,Newcastle,2-1,https://www.besoccer.com/match/manchester-city-fc/newcastle-united-fc/20199653,2019,4,premier_league
Cardiff City,Arsenal,2-3,https://www.besoccer.com/match/cardiff-city-fc/arsenal/20199647,2019,4,premier_league
Burnley,Man. Utd,0-2,https://www.besoccer.com/match/burnley-fc/manchester-united-fc/20199646,2019,4,premier_league
Watford,Tottenham Hotspur,2-1,https://www.besoccer.com/match/watford-fc/tottenham-hotspur-fc/20199654,2019,4,premier_league
Tottenham Hotspur,Liverpool,1-2,https://www.besoccer.com/match/tottenham-hotspur-fc/liverpool/20199667,2019,5,premier_league
AFC Bournemouth,Leicester,4-2,https://www.besoccer.com/match/afc-bournemouth/leicester-city-fc/20199659,2019,5,premier_league
Chelsea,Cardiff City,4-1,https://www.besoccer.com/match/chelsea-fc/cardiff-city-fc/20199661,2019,5,premier_league
Huddersfield Town,Crystal Palace,0-1,https://www.besoccer.com/match/huddersfield-town-fc/crystal-palace-fc/20199663,2019,5,premier_league
Man. City,Fulham,3-0,https://www.besoccer.com/match/manchester-city-fc/fulham/20199664,2019,5,premier_league
Newcastle,Arsenal,1-2,https://www.besoccer.com/match/newcastle-united-fc/arsenal/20199665,2019,5,premier_league
Watford,Man. Utd,1-2,https://www.besoccer.com/match/watford-fc/manchester-united-fc/20199668,2019,5,premier_league
Wolves,Burnley,1-0,https://www.besoccer.com/match/wolverhampton/burnley-fc/20199669,2019,5,premier_league
Everton,West Ham,1-3,https://www.besoccer.com/match/everton-fc/west-ham-united/20199662,2019,5,premier_league
Southampton,Brighton & Hove Albion,2-2,https://www.besoccer.com/match/southampton-fc/brighton-amp-hov/20199666,2019,5,premier_league
Fulham,Watford,1-1,https://www.besoccer.com/match/fulham/watford-fc/20199675,2019,6,premier_league
Burnley,AFC Bournemouth,4-0,https://www.besoccer.com/match/burnley-fc/afc-bournemouth/20199672,2019,6,premier_league
Cardiff City,Man. City,0-5,https://www.besoccer.com/match/cardiff-city-fc/manchester-city-fc/20199673,2019,6,premier_league
Crystal Palace,Newcastle,0-0,https://www.besoccer.com/match/crystal-palace-fc/newcastle-united-fc/20199674,2019,6,premier_league
Leicester,Huddersfield Town,3-1,https://www.besoccer.com/match/leicester-city-fc/huddersfield-town-fc/20199676,2019,6,premier_league
Liverpool,Southampton,3-0,https://www.besoccer.com/match/liverpool/southampton-fc/20199677,2019,6,premier_league
Man. Utd,Wolves,1-1,https://www.besoccer.com/match/manchester-united-fc/wolverhampton/20199678,2019,6,premier_league
Brighton & Hove Albion,Tottenham Hotspur,1-2,https://www.besoccer.com/match/brighton-amp-hov/tottenham-hotspur-fc/20199671,2019,6,premier_league
West Ham,Chelsea,0-0,https://www.besoccer.com/match/west-ham-united/chelsea-fc/20199679,2019,6,premier_league
Arsenal,Everton,2-0,https://www.besoccer.com/match/arsenal/everton-fc/20199670,2019,6,premier_league
West Ham,Man. Utd,3-1,https://www.besoccer.com/match/west-ham-united/manchester-united-fc/20199688,2019,7,premier_league
Arsenal,Watford,2-0,https://www.besoccer.com/match/arsenal/watford-fc/20199680,2019,7,premier_league
Everton,Fulham,3-0,https://www.besoccer.com/match/everton-fc/fulham/20199684,2019,7,premier_league
Huddersfield Town,Tottenham Hotspur,0-2,https://www.besoccer.com/match/huddersfield-town-fc/tottenham-hotspur-fc/20199685,2019,7,premier_league
Man. City,Brighton & Hove Albion,2-0,https://www.besoccer.com/match/manchester-city-fc/brighton-amp-hov/20199686,2019,7,premier_league
Newcastle,Leicester,0-2,https://www.besoccer.com/match/newcastle-united-fc/leicester-city-fc/20199687,2019,7,premier_league
Wolves,Southampton,2-0,https://www.besoccer.com/match/wolverhampton/southampton-fc/20199689,2019,7,premier_league
Chelsea,Liverpool,1-1,https://www.besoccer.com/match/chelsea-fc/liverpool/20199683,2019,7,premier_league
Cardiff City,Burnley,1-2,https://www.besoccer.com/match/cardiff-city-fc/burnley-fc/20199682,2019,7,premier_league
AFC Bournemouth,Crystal Palace,2-1,https://www.besoccer.com/match/afc-bournemouth/crystal-palace-fc/20199681,2019,7,premier_league
Brighton & Hove Albion,West Ham,1-0,https://www.besoccer.com/match/brighton-amp-hov/west-ham-united/20199690,2019,8,premier_league
Burnley,Huddersfield Town,1-1,https://www.besoccer.com/match/burnley-fc/huddersfield-town-fc/20199691,2019,8,premier_league
Crystal Palace,Wolves,0-1,https://www.besoccer.com/match/crystal-palace-fc/wolverhampton/20199692,2019,8,premier_league
Leicester,Everton,1-2,https://www.besoccer.com/match/leicester-city-fc/everton-fc/20199694,2019,8,premier_league
Tottenham Hotspur,Cardiff City,1-0,https://www.besoccer.com/match/tottenham-hotspur-fc/cardiff-city-fc/20199698,2019,8,premier_league
Watford,AFC Bournemouth,0-4,https://www.besoccer.com/match/watford-fc/afc-bournemouth/20199700,2019,8,premier_league
Man. Utd,Newcastle,3-2,https://www.besoccer.com/match/manchester-united-fc/newcastle-united-fc/20199696,2019,8,premier_league
Fulham,Arsenal,1-5,https://www.besoccer.com/match/fulham/arsenal/20199693,2019,8,premier_league
Southampton,Chelsea,0-3,https://www.besoccer.com/match/southampton-fc/chelsea-fc/20199697,2019,8,premier_league
Liverpool,Man. City,0-0,https://www.besoccer.com/match/liverpool/manchester-city-fc/20199695,2019,8,premier_league
Chelsea,Man. Utd,2-2,https://www.besoccer.com/match/chelsea-fc/manchester-united-fc/20199707,2019,9,premier_league
Wolves,Watford,0-2,https://www.besoccer.com/match/wolverhampton/watford-fc/20199701,2019,9,premier_league
West Ham,Tottenham Hotspur,0-1,https://www.besoccer.com/match/west-ham-united/tottenham-hotspur-fc/20199702,2019,9,premier_league
Newcastle,Brighton & Hove Albion,0-1,https://www.besoccer.com/match/newcastle-united-fc/brighton-amp-hov/20199703,2019,9,premier_league
AFC Bournemouth,Southampton,0-0,https://www.besoccer.com/match/afc-bournemouth/southampton-fc/20199705,2019,9,premier_league
Cardiff City,Fulham,4-2,https://www.besoccer.com/match/cardiff-city-fc/fulham/20199706,2019,9,premier_league
Man. City,Burnley,5-0,https://www.besoccer.com/match/manchester-city-fc/burnley-fc/20199710,2019,9,premier_league
Huddersfield Town,Liverpool,0-1,https://www.besoccer.com/match/huddersfield-town-fc/liverpool/20199709,2019,9,premier_league
Everton,Crystal Palace,2-0,https://www.besoccer.com/match/everton-fc/crystal-palace-fc/20199708,2019,9,premier_league
Arsenal,Leicester,3-1,https://www.besoccer.com/match/arsenal/leicester-city-fc/20199704,2019,9,premier_league
Brighton & Hove Albion,Wolves,1-0,https://www.besoccer.com/match/brighton-amp-hov/wolverhampton/20199711,2019,10,premier_league
Fulham,AFC Bournemouth,0-3,https://www.besoccer.com/match/fulham/afc-bournemouth/20199714,2019,10,premier_league
Liverpool,Cardiff City,4-1,https://www.besoccer.com/match/liverpool/cardiff-city-fc/20199716,2019,10,premier_league
Southampton,Newcastle,0-0,https://www.besoccer.com/match/southampton-fc/newcastle-united-fc/20199718,2019,10,premier_league
Watford,Huddersfield Town,3-0,https://www.besoccer.com/match/watford-fc/huddersfield-town-fc/20199720,2019,10,premier_league
Leicester,West Ham,1-1,https://www.besoccer.com/match/leicester-city-fc/west-ham-united/20199715,2019,10,premier_league
Burnley,Chelsea,0-4,https://www.besoccer.com/match/burnley-fc/chelsea-fc/20199712,2019,10,premier_league
Crystal Palace,Arsenal,2-2,https://www.besoccer.com/match/crystal-palace-fc/arsenal/20199713,2019,10,premier_league
Man. Utd,Everton,2-1,https://www.besoccer.com/match/manchester-united-fc/everton-fc/20199717,2019,10,premier_league
Tottenham Hotspur,Man. City,0-1,https://www.besoccer.com/match/tottenham-hotspur-fc/manchester-city-fc/20199719,2019,10,premier_league
AFC Bournemouth,Man. Utd,1-2,https://www.besoccer.com/match/afc-bournemouth/manchester-united-fc/20199722,2019,11,premier_league
Cardiff City,Leicester,0-1,https://www.besoccer.com/match/cardiff-city-fc/leicester-city-fc/20199723,2019,11,premier_league
Everton,Brighton & Hove Albion,3-1,https://www.besoccer.com/match/everton-fc/brighton-amp-hov/20199725,2019,11,premier_league
Newcastle,Watford,1-0,https://www.besoccer.com/match/newcastle-united-fc/watford-fc/20199728,2019,11,premier_league
West Ham,Burnley,4-2,https://www.besoccer.com/match/west-ham-united/burnley-fc/20199729,2019,11,premier_league
Arsenal,Liverpool,1-1,https://www.besoccer.com/match/arsenal/liverpool/20199721,2019,11,premier_league
Wolves,Tottenham Hotspur,2-3,https://www.besoccer.com/match/wolverhampton/tottenham-hotspur-fc/20199730,2019,11,premier_league
Man. City,Southampton,6-1,https://www.besoccer.com/match/manchester-city-fc/southampton-fc/20199727,2019,11,premier_league
Chelsea,Crystal Palace,3-1,https://www.besoccer.com/match/chelsea-fc/crystal-palace-fc/20199724,2019,11,premier_league
Huddersfield Town,Fulham,1-0,https://www.besoccer.com/match/huddersfield-town-fc/fulham/20199726,2019,11,premier_league
Cardiff City,Brighton & Hove Albion,2-1,https://www.besoccer.com/match/cardiff-city-fc/brighton-amp-hov/20199732,2019,12,premier_league
Huddersfield Town,West Ham,1-1,https://www.besoccer.com/match/huddersfield-town-fc/west-ham-united/20199735,2019,12,premier_league
Leicester,Burnley,0-0,https://www.besoccer.com/match/leicester-city-fc/burnley-fc/20199736,2019,12,premier_league
Newcastle,AFC Bournemouth,2-1,https://www.besoccer.com/match/newcastle-united-fc/afc-bournemouth/20199739,2019,12,premier_league
Southampton,Watford,1-1,https://www.besoccer.com/match/southampton-fc/watford-fc/20199740,2019,12,premier_league
Crystal Palace,Tottenham Hotspur,0-1,https://www.besoccer.com/match/crystal-palace-fc/tottenham-hotspur-fc/20199734,2019,12,premier_league
Liverpool,Fulham,2-0,https://www.besoccer.com/match/liverpool/fulham/20199737,2019,12,premier_league
Chelsea,Everton,0-0,https://www.besoccer.com/match/chelsea-fc/everton-fc/20199733,2019,12,premier_league
Arsenal,Wolves,1-1,https://www.besoccer.com/match/arsenal/wolverhampton/20199731,2019,12,premier_league
Man. City,Man. Utd,3-1,https://www.besoccer.com/match/manchester-city-fc/manchester-united-fc/20199738,2019,12,premier_league
Brighton & Hove Albion,Leicester,1-1,https://www.besoccer.com/match/brighton-amp-hov/leicester-city-fc/20199742,2019,13,premier_league
Everton,Cardiff City,1-0,https://www.besoccer.com/match/everton-fc/cardiff-city-fc/20199744,2019,13,premier_league
Fulham,Southampton,3-2,https://www.besoccer.com/match/fulham/southampton-fc/20199745,2019,13,premier_league
Man. Utd,Crystal Palace,0-0,https://www.besoccer.com/match/manchester-united-fc/crystal-palace-fc/20199746,2019,13,premier_league
Watford,Liverpool,0-3,https://www.besoccer.com/match/watford-fc/liverpool/20199748,2019,13,premier_league
West Ham,Man. City,0-4,https://www.besoccer.com/match/west-ham-united/manchester-city-fc/20199749,2019,13,premier_league
Tottenham Hotspur,Chelsea,3-1,https://www.besoccer.com/match/tottenham-hotspur-fc/chelsea-fc/20199747,2019,13,premier_league
AFC Bournemouth,Arsenal,1-2,https://www.besoccer.com/match/afc-bournemouth/arsenal/20199741,2019,13,premier_league
Wolves,Huddersfield Town,0-2,https://www.besoccer.com/match/wolverhampton/huddersfield-town-fc/20199750,2019,13,premier_league
Burnley,Newcastle,1-2,https://www.besoccer.com/match/burnley-fc/newcastle-united-fc/20199743,2019,13,premier_league
Cardiff City,Wolves,2-1,https://www.besoccer.com/match/cardiff-city-fc/wolverhampton/20199752,2019,14,premier_league
Crystal Palace,Burnley,2-0,https://www.besoccer.com/match/crystal-palace-fc/burnley-fc/20199754,2019,14,premier_league
Huddersfield Town,Brighton & Hove Albion,1-2,https://www.besoccer.com/match/huddersfield-town-fc/brighton-amp-hov/20199755,2019,14,premier_league
Leicester,Watford,2-0,https://www.besoccer.com/match/leicester-city-fc/watford-fc/20199756,2019,14,premier_league
Man. City,AFC Bournemouth,3-1,https://www.besoccer.com/match/manchester-city-fc/afc-bournemouth/20199759,2019,14,premier_league
Newcastle,West Ham,0-3,https://www.besoccer.com/match/newcastle-united-fc/west-ham-united/20199760,2019,14,premier_league
Southampton,Man. Utd,2-2,https://www.besoccer.com/match/southampton-fc/manchester-united-fc/20199761,2019,14,premier_league
Chelsea,Fulham,2-0,https://www.besoccer.com/match/chelsea-fc/fulham/20199753,2019,14,premier_league
Arsenal,Tottenham Hotspur,4-2,https://www.besoccer.com/match/arsenal/tottenham-hotspur-fc/20199751,2019,14,premier_league
Liverpool,Everton,1-0,https://www.besoccer.com/match/liverpool/everton-fc/20199757,2019,14,premier_league
AFC Bournemouth,Huddersfield Town,2-1,https://www.besoccer.com/match/afc-bournemouth/huddersfield-town-fc/20199758,2019,15,premier_league
Brighton & Hove Albion,Crystal Palace,3-1,https://www.besoccer.com/match/brighton-amp-hov/crystal-palace-fc/20199919,2019,15,premier_league
West Ham,Cardiff City,3-1,https://www.besoccer.com/match/west-ham-united/cardiff-city-fc/20199923,2019,15,premier_league
Watford,Man. City,1-2,https://www.besoccer.com/match/watford-fc/manchester-city-fc/20199922,2019,15,premier_league
Burnley,Liverpool,1-3,https://www.besoccer.com/match/burnley-fc/liverpool/20199920,2019,15,premier_league
Fulham,Leicester,1-1,https://www.besoccer.com/match/fulham/leicester-city-fc/20199921,2019,15,premier_league
Wolves,Chelsea,2-1,https://www.besoccer.com/match/wolverhampton/chelsea-fc/20199924,2019,15,premier_league
Everton,Newcastle,1-1,https://www.besoccer.com/match/everton-fc/newcastle-united-fc/20199926,2019,15,premier_league
Man. Utd,Arsenal,2-2,https://www.besoccer.com/match/manchester-united-fc/arsenal/20199925,2019,15,premier_league
Tottenham Hotspur,Southampton,3-1,https://www.besoccer.com/match/tottenham-hotspur-fc/southampton-fc/20199927,2019,15,premier_league
AFC Bournemouth,Liverpool,0-4,https://www.besoccer.com/match/afc-bournemouth/liverpool/20199763,2019,16,premier_league
Arsenal,Huddersfield Town,1-0,https://www.besoccer.com/match/arsenal/huddersfield-town-fc/20199762,2019,16,premier_league
Burnley,Brighton & Hove Albion,1-0,https://www.besoccer.com/match/burnley-fc/brighton-amp-hov/20199764,2019,16,premier_league
Cardiff City,Southampton,1-0,https://www.besoccer.com/match/cardiff-city-fc/southampton-fc/20199765,2019,16,premier_league
Man. Utd,Fulham,4-1,https://www.besoccer.com/match/manchester-united-fc/fulham/20199769,2019,16,premier_league
West Ham,Crystal Palace,3-2,https://www.besoccer.com/match/west-ham-united/crystal-palace-fc/20199771,2019,16,premier_league
Chelsea,Man. City,2-0,https://www.besoccer.com/match/chelsea-fc/manchester-city-fc/20199766,2019,16,premier_league
Leicester,Tottenham Hotspur,0-2,https://www.besoccer.com/match/leicester-city-fc/tottenham-hotspur-fc/20199768,2019,16,premier_league
Newcastle,Wolves,1-2,https://www.besoccer.com/match/newcastle-united-fc/wolverhampton/20199770,2019,16,premier_league
Everton,Watford,2-2,https://www.besoccer.com/match/everton-fc/watford-fc/20199767,2019,16,premier_league
Man. City,Everton,3-1,https://www.besoccer.com/match/manchester-city-fc/everton-fc/20199777,2019,17,premier_league
Crystal Palace,Leicester,1-0,https://www.besoccer.com/match/crystal-palace-fc/leicester-city-fc/20199773,2019,17,premier_league
Huddersfield Town,Newcastle,0-1,https://www.besoccer.com/match/huddersfield-town-fc/newcastle-united-fc/20199775,2019,17,premier_league
Tottenham Hotspur,Burnley,1-0,https://www.besoccer.com/match/tottenham-hotspur-fc/burnley-fc/20199945,2019,17,premier_league
Watford,Cardiff City,3-2,https://www.besoccer.com/match/watford-fc/cardiff-city-fc/20199946,2019,17,premier_league
Wolves,AFC Bournemouth,2-0,https://www.besoccer.com/match/wolverhampton/afc-bournemouth/20199947,2019,17,premier_league
Fulham,West Ham,0-2,https://www.besoccer.com/match/fulham/west-ham-united/20199774,2019,17,premier_league
Brighton & Hove Albion,Chelsea,1-2,https://www.besoccer.com/match/brighton-amp-hov/chelsea-fc/20199772,2019,17,premier_league
Southampton,Arsenal,3-2,https://www.besoccer.com/match/southampton-fc/arsenal/20199944,2019,17,premier_league
Liverpool,Man. Utd,3-1,https://www.besoccer.com/match/liverpool/manchester-united-fc/20199776,2019,17,premier_league
Wolves,Liverpool,0-2,https://www.besoccer.com/match/wolverhampton/liverpool/20199957,2019,18,premier_league
Arsenal,Burnley,3-1,https://www.besoccer.com/match/arsenal/burnley-fc/20199948,2019,18,premier_league
AFC Bournemouth,Brighton & Hove Albion,2-0,https://www.besoccer.com/match/afc-bournemouth/brighton-amp-hov/20199949,2019,18,premier_league
Chelsea,Leicester,0-1,https://www.besoccer.com/match/chelsea-fc/leicester-city-fc/20199951,2019,18,premier_league
Huddersfield Town,Southampton,1-3,https://www.besoccer.com/match/huddersfield-town-fc/southampton-fc/20199953,2019,18,premier_league
Man. City,Crystal Palace,2-3,https://www.besoccer.com/match/manchester-city-fc/crystal-palace-fc/20199954,2019,18,premier_league
Newcastle,Fulham,0-0,https://www.besoccer.com/match/newcastle-united-fc/fulham/20199955,2019,18,premier_league
West Ham,Watford,0-2,https://www.besoccer.com/match/west-ham-united/watford-fc/20199956,2019,18,premier_league
Cardiff City,Man. Utd,1-5,https://www.besoccer.com/match/cardiff-city-fc/manchester-united-fc/20199950,2019,18,premier_league
Everton,Tottenham Hotspur,2-6,https://www.besoccer.com/match/everton-fc/tottenham-hotspur-fc/20199952,2019,18,premier_league
Fulham,Wolves,1-1,https://www.besoccer.com/match/fulham/wolverhampton/20199961,2019,19,premier_league
Burnley,Everton,1-5,https://www.besoccer.com/match/burnley-fc/everton-fc/20199959,2019,19,premier_league
Crystal Palace,Cardiff City,0-0,https://www.besoccer.com/match/crystal-palace-fc/cardiff-city-fc/20199960,2019,19,premier_league
Leicester,Man. City,2-1,https://www.besoccer.com/match/leicester-city-fc/manchester-city-fc/20199962,2019,19,premier_league
Liverpool,Newcastle,4-0,https://www.besoccer.com/match/liverpool/newcastle-united-fc/20199963,2019,19,premier_league
Man. Utd,Huddersfield Town,3-1,https://www.besoccer.com/match/manchester-united-fc/huddersfield-town-fc/20199964,2019,19,premier_league
Tottenham Hotspur,AFC Bournemouth,5-0,https://www.besoccer.com/match/tottenham-hotspur-fc/afc-bournemouth/20199966,2019,19,premier_league
Brighton & Hove Albion,Arsenal,1-1,https://www.besoccer.com/match/brighton-amp-hov/arsenal/20199958,2019,19,premier_league
Watford,Chelsea,1-2,https://www.besoccer.com/match/watford-fc/chelsea-fc/20199967,2019,19,premier_league
Southampton,West Ham,1-2,https://www.besoccer.com/match/southampton-fc/west-ham-united/20199965,2019,19,premier_league
Brighton & Hove Albion,Everton,1-0,https://www.besoccer.com/match/brighton-amp-hov/everton-fc/20199968,2019,20,premier_league
Fulham,Huddersfield Town,1-0,https://www.besoccer.com/match/fulham/huddersfield-town-fc/20199971,2019,20,premier_league
Leicester,Cardiff City,0-1,https://www.besoccer.com/match/leicester-city-fc/cardiff-city-fc/20199972,2019,20,premier_league
Tottenham Hotspur,Wolves,1-3,https://www.besoccer.com/match/tottenham-hotspur-fc/wolverhampton/20199976,2019,20,premier_league
Watford,Newcastle,1-1,https://www.besoccer.com/match/watford-fc/newcastle-united-fc/20199977,2019,20,premier_league
Liverpool,Arsenal,5-1,https://www.besoccer.com/match/liverpool/arsenal/20199973,2019,20,premier_league
Crystal Palace,Chelsea,0-1,https://www.besoccer.com/match/crystal-palace-fc/chelsea-fc/20199970,2019,20,premier_league
Burnley,West Ham,2-0,https://www.besoccer.com/match/burnley-fc/west-ham-united/20199969,2019,20,premier_league
Southampton,Man. City,1-3,https://www.besoccer.com/match/southampton-fc/manchester-city-fc/20199975,2019,20,premier_league
Man. Utd,AFC Bournemouth,4-1,https://www.besoccer.com/match/manchester-united-fc/afc-bournemouth/20199974,2019,20,premier_league
Everton,Leicester,0-1,https://www.besoccer.com/match/everton-fc/leicester-city-fc/20199982,2019,21,premier_league
Arsenal,Fulham,4-1,https://www.besoccer.com/match/arsenal/fulham/20199978,2019,21,premier_league
Cardiff City,Tottenham Hotspur,0-3,https://www.besoccer.com/match/cardiff-city-fc/tottenham-hotspur-fc/20199980,2019,21,premier_league
Chelsea,Southampton,0-0,https://www.besoccer.com/match/chelsea-fc/southampton-fc/20199981,2019,21,premier_league
Huddersfield Town,Burnley,1-2,https://www.besoccer.com/match/huddersfield-town-fc/burnley-fc/20199983,2019,21,premier_league
West Ham,Brighton & Hove Albion,2-2,https://www.besoccer.com/match/west-ham-united/brighton-amp-hov/20199986,2019,21,premier_league
Wolves,Crystal Palace,0-2,https://www.besoccer.com/match/wolverhampton/crystal-palace-fc/20199987,2019,21,premier_league
AFC Bournemouth,Watford,3-3,https://www.besoccer.com/match/afc-bournemouth/watford-fc/20199979,2019,21,premier_league
Newcastle,Man. Utd,0-2,https://www.besoccer.com/match/newcastle-united-fc/manchester-united-fc/20199985,2019,21,premier_league
Man. City,Liverpool,2-1,https://www.besoccer.com/match/manchester-city-fc/liverpool/20199984,2019,21,premier_league
West Ham,Arsenal,1-0,https://www.besoccer.com/match/west-ham-united/arsenal/20199997,2019,22,premier_league
Brighton & Hove Albion,Liverpool,0-1,https://www.besoccer.com/match/brighton-amp-hov/liverpool/20199988,2019,22,premier_league
Burnley,Fulham,2-1,https://www.besoccer.com/match/burnley-fc/fulham/20199989,2019,22,premier_league
Cardiff City,Huddersfield Town,0-0,https://www.besoccer.com/match/cardiff-city-fc/huddersfield-town-fc/20199990,2019,22,premier_league
Crystal Palace,Watford,1-2,https://www.besoccer.com/match/crystal-palace-fc/watford-fc/20199992,2019,22,premier_league
Leicester,Southampton,1-2,https://www.besoccer.com/match/leicester-city-fc/southampton-fc/20199994,2019,22,premier_league
Chelsea,Newcastle,2-1,https://www.besoccer.com/match/chelsea-fc/newcastle-united-fc/20199991,2019,22,premier_league
Everton,AFC Bournemouth,2-0,https://www.besoccer.com/match/everton-fc/afc-bournemouth/20199993,2019,22,premier_league
Tottenham Hotspur,Man. Utd,0-1,https://www.besoccer.com/match/tottenham-hotspur-fc/manchester-united-fc/20199996,2019,22,premier_league
Man. City,Wolves,3-0,https://www.besoccer.com/match/manchester-city-fc/wolverhampton/20199995,2019,22,premier_league
Wolves,Leicester,4-3,https://www.besoccer.com/match/wolverhampton/leicester-city-fc/201910007,2019,23,premier_league
AFC Bournemouth,West Ham,2-0,https://www.besoccer.com/match/afc-bournemouth/west-ham-united/20199999,2019,23,premier_league
Liverpool,Crystal Palace,4-3,https://www.besoccer.com/match/liverpool/crystal-palace-fc/201910002,2019,23,premier_league
Man. Utd,Brighton & Hove Albion,2-1,https://www.besoccer.com/match/manchester-united-fc/brighton-amp-hov/201910003,2019,23,premier_league
Newcastle,Cardiff City,3-0,https://www.besoccer.com/match/newcastle-united-fc/cardiff-city-fc/201910004,2019,23,premier_league
Southampton,Everton,2-1,https://www.besoccer.com/match/southampton-fc/everton-fc/201910005,2019,23,premier_league
Watford,Burnley,0-0,https://www.besoccer.com/match/watford-fc/burnley-fc/201910006,2019,23,premier_league
Arsenal,Chelsea,2-0,https://www.besoccer.com/match/arsenal/chelsea-fc/20199998,2019,23,premier_league
Huddersfield Town,Man. City,0-3,https://www.besoccer.com/match/huddersfield-town-fc/manchester-city-fc/201910001,2019,23,premier_league
Fulham,Tottenham Hotspur,1-2,https://www.besoccer.com/match/fulham/tottenham-hotspur-fc/201910000,2019,23,premier_league
Arsenal,Cardiff City,2-1,https://www.besoccer.com/match/arsenal/cardiff-city-fc/201910008,2019,24,premier_league
Fulham,Brighton & Hove Albion,4-2,https://www.besoccer.com/match/fulham/brighton-amp-hov/201910010,2019,24,premier_league
Huddersfield Town,Everton,0-1,https://www.besoccer.com/match/huddersfield-town-fc/everton-fc/201910011,2019,24,premier_league
Wolves,West Ham,3-0,https://www.besoccer.com/match/wolverhampton/west-ham-united/201910012,2019,24,premier_league
Man. Utd,Burnley,2-2,https://www.besoccer.com/match/manchester-united-fc/burnley-fc/201910013,2019,24,premier_league
Newcastle,Man. City,2-1,https://www.besoccer.com/match/newcastle-united-fc/manchester-city-fc/201910014,2019,24,premier_league
AFC Bournemouth,Chelsea,4-0,https://www.besoccer.com/match/afc-bournemouth/chelsea-fc/201910009,2019,24,premier_league
Southampton,Crystal Palace,1-1,https://www.besoccer.com/match/southampton-fc/crystal-palace-fc/201910015,2019,24,premier_league
Liverpool,Leicester,1-1,https://www.besoccer.com/match/liverpool/leicester-city-fc/201910016,2019,24,premier_league
Tottenham Hotspur,Watford,2-1,https://www.besoccer.com/match/tottenham-hotspur-fc/watford-fc/201910017,2019,24,premier_league
Tottenham Hotspur,Newcastle,1-0,https://www.besoccer.com/match/tottenham-hotspur-fc/newcastle-united-fc/201910026,2019,25,premier_league
Brighton & Hove Albion,Watford,0-0,https://www.besoccer.com/match/brighton-amp-hov/watford-fc/201910018,2019,25,premier_league
Burnley,Southampton,1-1,https://www.besoccer.com/match/burnley-fc/southampton-fc/201910019,2019,25,premier_league
Chelsea,Huddersfield Town,5-0,https://www.besoccer.com/match/chelsea-fc/huddersfield-town-fc/201910021,2019,25,premier_league
Crystal Palace,Fulham,2-0,https://www.besoccer.com/match/crystal-palace-fc/fulham/201910022,2019,25,premier_league
Everton,Wolves,1-3,https://www.besoccer.com/match/everton-fc/wolverhampton/201910023,2019,25,premier_league
Cardiff City,AFC Bournemouth,2-0,https://www.besoccer.com/match/cardiff-city-fc/afc-bournemouth/201910020,2019,25,premier_league
Leicester,Man. Utd,0-1,https://www.besoccer.com/match/leicester-city-fc/manchester-united-fc/201910024,2019,25,premier_league
Man. City,Arsenal,3-1,https://www.besoccer.com/match/manchester-city-fc/arsenal/201910025,2019,25,premier_league
West Ham,Liverpool,1-1,https://www.besoccer.com/match/west-ham-united/liverpool/201910027,2019,25,premier_league
Fulham,Man. Utd,0-3,https://www.besoccer.com/match/fulham/manchester-united-fc/201910030,2019,26,premier_league
Crystal Palace,West Ham,1-1,https://www.besoccer.com/match/crystal-palace-fc/west-ham-united/201910029,2019,26,premier_league
Huddersfield Town,Arsenal,1-2,https://www.besoccer.com/match/huddersfield-town-fc/arsenal/201910031,2019,26,premier_league
Liverpool,AFC Bournemouth,3-0,https://www.besoccer.com/match/liverpool/afc-bournemouth/201910032,2019,26,premier_league
Southampton,Cardiff City,1-2,https://www.besoccer.com/match/southampton-fc/cardiff-city-fc/201910034,2019,26,premier_league
Watford,Everton,1-0,https://www.besoccer.com/match/watford-fc/everton-fc/201910036,2019,26,premier_league
Brighton & Hove Albion,Burnley,1-3,https://www.besoccer.com/match/brighton-amp-hov/burnley-fc/201910028,2019,26,premier_league
Tottenham Hotspur,Leicester,3-1,https://www.besoccer.com/match/tottenham-hotspur-fc/leicester-city-fc/201910035,2019,26,premier_league
Man. City,Chelsea,6-0,https://www.besoccer.com/match/manchester-city-fc/chelsea-fc/201910033,2019,26,premier_league
Wolves,Newcastle,1-1,https://www.besoccer.com/match/wolverhampton/newcastle-united-fc/201910037,2019,26,premier_league
Everton,Man. City,0-2,https://www.besoccer.com/match/everton-fc/manchester-city-fc/201910043,2019,27,premier_league
Cardiff City,Watford,1-5,https://www.besoccer.com/match/cardiff-city-fc/watford-fc/201910041,2019,27,premier_league
West Ham,Fulham,3-1,https://www.besoccer.com/match/west-ham-united/fulham/201910047,2019,27,premier_league
Burnley,Tottenham Hotspur,2-1,https://www.besoccer.com/match/burnley-fc/tottenham-hotspur-fc/201910040,2019,27,premier_league
AFC Bournemouth,Wolves,1-1,https://www.besoccer.com/match/afc-bournemouth/wolverhampton/201910039,2019,27,premier_league
Newcastle,Huddersfield Town,2-0,https://www.besoccer.com/match/newcastle-united-fc/huddersfield-town-fc/201910046,2019,27,premier_league
Leicester,Crystal Palace,1-4,https://www.besoccer.com/match/leicester-city-fc/crystal-palace-fc/201910044,2019,27,premier_league
Arsenal,Southampton,2-0,https://www.besoccer.com/match/arsenal/southampton-fc/201910038,2019,27,premier_league
Man. Utd,Liverpool,0-0,https://www.besoccer.com/match/manchester-united-fc/liverpool/201910045,2019,27,premier_league
Chelsea,Brighton & Hove Albion,3-0,https://www.besoccer.com/match/chelsea-fc/brighton-amp-hov/201910042,2019,27,premier_league
Cardiff City,Everton,0-3,https://www.besoccer.com/match/cardiff-city-fc/everton-fc/201910049,2019,28,premier_league
Huddersfield Town,Wolves,1-0,https://www.besoccer.com/match/huddersfield-town-fc/wolverhampton/201910050,2019,28,premier_league
Leicester,Brighton & Hove Albion,2-1,https://www.besoccer.com/match/leicester-city-fc/brighton-amp-hov/201910051,2019,28,premier_league
Newcastle,Burnley,2-0,https://www.besoccer.com/match/newcastle-united-fc/burnley-fc/201910054,2019,28,premier_league
Arsenal,AFC Bournemouth,5-1,https://www.besoccer.com/match/arsenal/afc-bournemouth/201910048,2019,28,premier_league
Southampton,Fulham,2-0,https://www.besoccer.com/match/southampton-fc/fulham/201910055,2019,28,premier_league
Crystal Palace,Man. Utd,1-3,https://www.besoccer.com/match/crystal-palace-fc/manchester-united-fc/201910052,2019,28,premier_league
Chelsea,Tottenham Hotspur,2-0,https://www.besoccer.com/match/chelsea-fc/tottenham-hotspur-fc/201910053,2019,28,premier_league
Liverpool,Watford,5-0,https://www.besoccer.com/match/liverpool/watford-fc/201910056,2019,28,premier_league
Man. City,West Ham,1-0,https://www.besoccer.com/match/manchester-city-fc/west-ham-united/201910057,2019,28,premier_league
Tottenham Hotspur,Arsenal,1-1,https://www.besoccer.com/match/tottenham-hotspur-fc/arsenal/201910064,2019,29,premier_league
AFC Bournemouth,Man. City,0-1,https://www.besoccer.com/match/afc-bournemouth/manchester-city-fc/201910058,2019,29,premier_league
Brighton & Hove Albion,Huddersfield Town,1-0,https://www.besoccer.com/match/brighton-amp-hov/huddersfield-town-fc/201910059,2019,29,premier_league
Burnley,Crystal Palace,1-3,https://www.besoccer.com/match/burnley-fc/crystal-palace-fc/201910060,2019,29,premier_league
Man. Utd,Southampton,3-2,https://www.besoccer.com/match/manchester-united-fc/southampton-fc/201910063,2019,29,premier_league
Wolves,Cardiff City,2-0,https://www.besoccer.com/match/wolverhampton/cardiff-city-fc/201910067,2019,29,premier_league
West Ham,Newcastle,2-0,https://www.besoccer.com/match/west-ham-united/newcastle-united-fc/201910066,2019,29,premier_league
Watford,Leicester,2-1,https://www.besoccer.com/match/watford-fc/leicester-city-fc/201910065,2019,29,premier_league
Fulham,Chelsea,1-2,https://www.besoccer.com/match/fulham/chelsea-fc/201910062,2019,29,premier_league
Everton,Liverpool,0-0,https://www.besoccer.com/match/everton-fc/liverpool/201910061,2019,29,premier_league
Crystal Palace,Brighton & Hove Albion,1-2,https://www.besoccer.com/match/crystal-palace-fc/brighton-amp-hov/201910071,2019,30,premier_league
Cardiff City,West Ham,2-0,https://www.besoccer.com/match/cardiff-city-fc/west-ham-united/201910069,2019,30,premier_league
Huddersfield Town,AFC Bournemouth,0-2,https://www.besoccer.com/match/huddersfield-town-fc/afc-bournemouth/201910072,2019,30,premier_league
Leicester,Fulham,3-1,https://www.besoccer.com/match/leicester-city-fc/fulham/201910073,2019,30,premier_league
Newcastle,Everton,3-2,https://www.besoccer.com/match/newcastle-united-fc/everton-fc/201910076,2019,30,premier_league
Southampton,Tottenham Hotspur,2-1,https://www.besoccer.com/match/southampton-fc/tottenham-hotspur-fc/201910077,2019,30,premier_league
Man. City,Watford,3-1,https://www.besoccer.com/match/manchester-city-fc/watford-fc/201910075,2019,30,premier_league
Liverpool,Burnley,4-2,https://www.besoccer.com/match/liverpool/burnley-fc/201910074,2019,30,premier_league
Chelsea,Wolves,1-1,https://www.besoccer.com/match/chelsea-fc/wolverhampton/201910070,2019,30,premier_league
Arsenal,Man. Utd,2-0,https://www.besoccer.com/match/arsenal/manchester-united-fc/201910068,2019,30,premier_league
AFC Bournemouth,Newcastle,2-2,https://www.besoccer.com/match/afc-bournemouth/newcastle-united-fc/201910078,2019,31,premier_league
Burnley,Leicester,1-2,https://www.besoccer.com/match/burnley-fc/leicester-city-fc/201910080,2019,31,premier_league
West Ham,Huddersfield Town,4-3,https://www.besoccer.com/match/west-ham-united/huddersfield-town-fc/201910086,2019,31,premier_league
Fulham,Liverpool,1-2,https://www.besoccer.com/match/fulham/liverpool/201910082,2019,31,premier_league
Everton,Chelsea,2-0,https://www.besoccer.com/match/everton-fc/chelsea-fc/201910081,2019,31,premier_league
Tottenham Hotspur,Crystal Palace,2-0,https://www.besoccer.com/match/tottenham-hotspur-fc/crystal-palace-fc/201910084,2019,31,premier_league
Brighton & Hove Albion,Cardiff City,0-2,https://www.besoccer.com/match/brighton-amp-hov/cardiff-city-fc/201910079,2019,31,premier_league
Watford,Southampton,1-1,https://www.besoccer.com/match/watford-fc/southampton-fc/201910085,2019,31,premier_league
Wolves,Arsenal,3-1,https://www.besoccer.com/match/wolverhampton/arsenal/201910087,2019,31,premier_league
Man. Utd,Man. City,0-2,https://www.besoccer.com/match/manchester-united-fc/manchester-city-fc/201910083,2019,31,premier_league
Fulham,Man. City,0-2,https://www.besoccer.com/match/fulham/manchester-city-fc/201910093,2019,32,premier_league
Brighton & Hove Albion,Southampton,0-1,https://www.besoccer.com/match/brighton-amp-hov/southampton-fc/201910089,2019,32,premier_league
Burnley,Wolves,2-0,https://www.besoccer.com/match/burnley-fc/wolverhampton/201910090,2019,32,premier_league
Crystal Palace,Huddersfield Town,2-0,https://www.besoccer.com/match/crystal-palace-fc/huddersfield-town-fc/201910092,2019,32,premier_league
Leicester,AFC Bournemouth,2-0,https://www.besoccer.com/match/leicester-city-fc/afc-bournemouth/201910094,2019,32,premier_league
Man. Utd,Watford,2-1,https://www.besoccer.com/match/manchester-united-fc/watford-fc/201910096,2019,32,premier_league
West Ham,Everton,0-2,https://www.besoccer.com/match/west-ham-united/everton-fc/201910097,2019,32,premier_league
Cardiff City,Chelsea,1-2,https://www.besoccer.com/match/cardiff-city-fc/chelsea-fc/201910091,2019,32,premier_league
Liverpool,Tottenham Hotspur,2-1,https://www.besoccer.com/match/liverpool/tottenham-hotspur-fc/201910095,2019,32,premier_league
Arsenal,Newcastle,2-0,https://www.besoccer.com/match/arsenal/newcastle-united-fc/201910088,2019,32,premier_league
Watford,Fulham,4-1,https://www.besoccer.com/match/watford-fc/fulham/201910106,2019,33,premier_league
Wolves,Man. Utd,2-1,https://www.besoccer.com/match/wolverhampton/manchester-united-fc/201910107,2019,33,premier_league
Man. City,Cardiff City,2-0,https://www.besoccer.com/match/manchester-city-fc/cardiff-city-fc/201910102,2019,33,premier_league
Southampton,Liverpool,1-3,https://www.besoccer.com/match/southampton-fc/liverpool/201910104,2019,33,premier_league
AFC Bournemouth,Burnley,1-3,https://www.besoccer.com/match/afc-bournemouth/burnley-fc/201910098,2019,33,premier_league
Huddersfield Town,Leicester,1-4,https://www.besoccer.com/match/huddersfield-town-fc/leicester-city-fc/201910101,2019,33,premier_league
Newcastle,Crystal Palace,0-1,https://www.besoccer.com/match/newcastle-united-fc/crystal-palace-fc/201910103,2019,33,premier_league
Everton,Arsenal,1-0,https://www.besoccer.com/match/everton-fc/arsenal/201910100,2019,33,premier_league
Chelsea,West Ham,2-0,https://www.besoccer.com/match/chelsea-fc/west-ham-united/201910099,2019,33,premier_league
Tottenham Hotspur,Brighton & Hove Albion,1-0,https://www.besoccer.com/match/tottenham-hotspur-fc/brighton-amp-hov/201910105,2019,33,premier_league
Leicester,Newcastle,0-1,https://www.besoccer.com/match/leicester-city-fc/newcastle-united-fc/201910112,2019,34,premier_league
Tottenham Hotspur,Huddersfield Town,4-0,https://www.besoccer.com/match/tottenham-hotspur-fc/huddersfield-town-fc/201910116,2019,34,premier_league
Brighton & Hove Albion,AFC Bournemouth,0-5,https://www.besoccer.com/match/brighton-amp-hov/afc-bournemouth/201910108,2019,34,premier_league
Burnley,Cardiff City,2-0,https://www.besoccer.com/match/burnley-fc/cardiff-city-fc/201910109,2019,34,premier_league
Fulham,Everton,2-0,https://www.besoccer.com/match/fulham/everton-fc/201910111,2019,34,premier_league
Southampton,Wolves,3-1,https://www.besoccer.com/match/southampton-fc/wolverhampton/201910115,2019,34,premier_league
Man. Utd,West Ham,2-1,https://www.besoccer.com/match/manchester-united-fc/west-ham-united/201910114,2019,34,premier_league
Crystal Palace,Man. City,1-3,https://www.besoccer.com/match/crystal-palace-fc/manchester-city-fc/201910110,2019,34,premier_league
Liverpool,Chelsea,2-0,https://www.besoccer.com/match/liverpool/chelsea-fc/201910113,2019,34,premier_league
Watford,Arsenal,0-1,https://www.besoccer.com/match/watford-fc/arsenal/201910117,2019,34,premier_league
Man. City,Tottenham Hotspur,1-0,https://www.besoccer.com/match/manchester-city-fc/tottenham-hotspur-fc/201910124,2019,35,premier_league
AFC Bournemouth,Fulham,0-1,https://www.besoccer.com/match/afc-bournemouth/fulham/201910119,2019,35,premier_league
Huddersfield Town,Watford,1-2,https://www.besoccer.com/match/huddersfield-town-fc/watford-fc/201910123,2019,35,premier_league
West Ham,Leicester,2-2,https://www.besoccer.com/match/west-ham-united/leicester-city-fc/201910126,2019,35,premier_league
Wolves,Brighton & Hove Albion,0-0,https://www.besoccer.com/match/wolverhampton/brighton-amp-hov/201910127,2019,35,premier_league
Newcastle,Southampton,3-1,https://www.besoccer.com/match/newcastle-united-fc/southampton-fc/201910125,2019,35,premier_league
Everton,Man. Utd,4-0,https://www.besoccer.com/match/everton-fc/manchester-united-fc/201910122,2019,35,premier_league
Arsenal,Crystal Palace,2-3,https://www.besoccer.com/match/arsenal/crystal-palace-fc/201910118,2019,35,premier_league
Cardiff City,Liverpool,0-2,https://www.besoccer.com/match/cardiff-city-fc/liverpool/201910120,2019,35,premier_league
Chelsea,Burnley,2-2,https://www.besoccer.com/match/chelsea-fc/burnley-fc/201910121,2019,35,premier_league
Liverpool,Huddersfield Town,5-0,https://www.besoccer.com/match/liverpool/huddersfield-town-fc/201910133,2019,36,premier_league
Tottenham Hotspur,West Ham,0-1,https://www.besoccer.com/match/tottenham-hotspur-fc/west-ham-united/201910136,2019,36,premier_league
Crystal Palace,Everton,0-0,https://www.besoccer.com/match/crystal-palace-fc/everton-fc/201910130,2019,36,premier_league
Fulham,Cardiff City,1-0,https://www.besoccer.com/match/fulham/cardiff-city-fc/201910131,2019,36,premier_league
Southampton,AFC Bournemouth,3-3,https://www.besoccer.com/match/southampton-fc/afc-bournemouth/201910135,2019,36,premier_league
Watford,Wolves,1-2,https://www.besoccer.com/match/watford-fc/wolverhampton/201910137,2019,36,premier_league
Brighton & Hove Albion,Newcastle,1-1,https://www.besoccer.com/match/brighton-amp-hov/newcastle-united-fc/201910128,2019,36,premier_league
Leicester,Arsenal,3-0,https://www.besoccer.com/match/leicester-city-fc/arsenal/201910132,2019,36,premier_league
Burnley,Man. City,0-1,https://www.besoccer.com/match/burnley-fc/manchester-city-fc/201910129,2019,36,premier_league
Man. Utd,Chelsea,1-1,https://www.besoccer.com/match/manchester-united-fc/chelsea-fc/201910134,2019,36,premier_league
Everton,Burnley,2-0,https://www.besoccer.com/match/everton-fc/burnley-fc/201910142,2019,37,premier_league
AFC Bournemouth,Tottenham Hotspur,1-0,https://www.besoccer.com/match/afc-bournemouth/tottenham-hotspur-fc/201910139,2019,37,premier_league
West Ham,Southampton,3-0,https://www.besoccer.com/match/west-ham-united/southampton-fc/201910146,2019,37,premier_league
Wolves,Fulham,1-0,https://www.besoccer.com/match/wolverhampton/fulham/201910147,2019,37,premier_league
Cardiff City,Crystal Palace,2-3,https://www.besoccer.com/match/cardiff-city-fc/crystal-palace-fc/201910140,2019,37,premier_league
Newcastle,Liverpool,2-3,https://www.besoccer.com/match/newcastle-united-fc/liverpool/201910145,2019,37,premier_league
Chelsea,Watford,3-0,https://www.besoccer.com/match/chelsea-fc/watford-fc/201910141,2019,37,premier_league
Huddersfield Town,Man. Utd,1-1,https://www.besoccer.com/match/huddersfield-town-fc/manchester-united-fc/201910143,2019,37,premier_league
Arsenal,Brighton & Hove Albion,1-1,https://www.besoccer.com/match/arsenal/brighton-amp-hov/201910138,2019,37,premier_league
Man. City,Leicester,1-0,https://www.besoccer.com/match/manchester-city-fc/leicester-city-fc/201910144,2019,37,premier_league
Brighton & Hove Albion,Man. City,1-4,https://www.besoccer.com/match/brighton-amp-hov/manchester-city-fc/201910148,2019,38,premier_league
Burnley,Arsenal,1-3,https://www.besoccer.com/match/burnley-fc/arsenal/201910149,2019,38,premier_league
Crystal Palace,AFC Bournemouth,5-3,https://www.besoccer.com/match/crystal-palace-fc/afc-bournemouth/201910150,2019,38,premier_league
Fulham,Newcastle,0-4,https://www.besoccer.com/match/fulham/newcastle-united-fc/201910151,2019,38,premier_league
Leicester,Chelsea,0-0,https://www.besoccer.com/match/leicester-city-fc/chelsea-fc/201910152,2019,38,premier_league
Liverpool,Wolves,2-0,https://www.besoccer.com/match/liverpool/wolverhampton/201910153,2019,38,premier_league
Man. Utd,Cardiff City,0-2,https://www.besoccer.com/match/manchester-united-fc/cardiff-city-fc/201910154,2019,38,premier_league
Southampton,Huddersfield Town,1-1,https://www.besoccer.com/match/southampton-fc/huddersfield-town-fc/201910155,2019,38,premier_league
Tottenham Hotspur,Everton,2-2,https://www.besoccer.com/match/tottenham-hotspur-fc/everton-fc/201910156,2019,38,premier_league
Watford,West Ham,1-4,https://www.besoccer.com/match/watford-fc/west-ham-united/201910157,2019,38,premier_league
