Home_Team,Away_Team,Result,Link,Season,Round,League
Aston Villa,Man. Utd,3-1,https://www.besoccer.com/match/aston-villa-fc/manchester-united-fc/199610473,1996,1,premier_league
Blackburn Rovers,Queens Park Rangers,1-0,https://www.besoccer.com/match/blackburn-rovers-fc/queens-park-rangers-fc/199610474,1996,1,premier_league
Chelsea,Everton,0-0,https://www.besoccer.com/match/chelsea-fc/everton-fc/199610475,1996,1,premier_league
Liverpool,Sheffield Wednesday,1-0,https://www.besoccer.com/match/liverpool/sheffield-wednesday-fc/199610476,1996,1,premier_league
Man. City,Tottenham Hotspur,1-1,https://www.besoccer.com/match/manchester-city-fc/tottenham-hotspur-fc/199610477,1996,1,premier_league
Newcastle,Coventry City,3-0,https://www.besoccer.com/match/newcastle-united-fc/coventry-city/199610478,1996,1,premier_league
Southampton,Nottingham Forest,3-4,https://www.besoccer.com/match/southampton-fc/nottingham-forest-fc/199610479,1996,1,premier_league
West Ham,Leeds United,1-2,https://www.besoccer.com/match/west-ham-united/leeds-united-afc/199610480,1996,1,premier_league
Wimbledon FC,Bolton Wanderers,3-2,https://www.besoccer.com/match/wimbledon-fc/bolton-wanderers-fc/199610481,1996,1,premier_league
Arsenal,Middlesbrough,1-1,https://www.besoccer.com/match/arsenal/middlesbrough-fc/199610482,1996,1,premier_league
Leeds United,Liverpool,1-0,https://www.besoccer.com/match/leeds-united-afc/liverpool/199610483,1996,2,premier_league
Bolton Wanderers,Newcastle,1-3,https://www.besoccer.com/match/bolton-wanderers-fc/newcastle-united-fc/199610484,1996,2,premier_league
Coventry City,Man. City,2-1,https://www.besoccer.com/match/coventry-city/manchester-city-fc/199610485,1996,2,premier_league
Everton,Arsenal,0-2,https://www.besoccer.com/match/everton-fc/arsenal/199610486,1996,2,premier_league
Man. Utd,West Ham,2-1,https://www.besoccer.com/match/manchester-united-fc/west-ham-united/199610487,1996,2,premier_league
Nottingham Forest,Chelsea,0-0,https://www.besoccer.com/match/nottingham-forest-fc/chelsea-fc/199610488,1996,2,premier_league
Queens Park Rangers,Wimbledon FC,0-3,https://www.besoccer.com/match/queens-park-rangers-fc/wimbledon-fc/199610489,1996,2,premier_league
Sheffield Wednesday,Blackburn Rovers,2-1,https://www.besoccer.com/match/sheffield-wednesday-fc/blackburn-rovers-fc/199610490,1996,2,premier_league
Tottenham Hotspur,Aston Villa,0-1,https://www.besoccer.com/match/tottenham-hotspur-fc/aston-villa-fc/199610491,1996,2,premier_league
Middlesbrough,Southampton,0-0,https://www.besoccer.com/match/middlesbrough-fc/southampton-fc/199610492,1996,2,premier_league
Bolton Wanderers,Blackburn Rovers,2-1,https://www.besoccer.com/match/bolton-wanderers-fc/blackburn-rovers-fc/199610493,1996,3,premier_league
Coventry City,Arsenal,0-0,https://www.besoccer.com/match/coventry-city/arsenal/199610494,1996,3,premier_league
Everton,Southampton,2-0,https://www.besoccer.com/match/everton-fc/southampton-fc/199610495,1996,3,premier_league
Leeds United,Aston Villa,2-0,https://www.besoccer.com/match/leeds-united-afc/aston-villa-fc/199610496,1996,3,premier_league
Man. Utd,Wimbledon FC,3-1,https://www.besoccer.com/match/manchester-united-fc/wimbledon-fc/199610497,1996,3,premier_league
Middlesbrough,Chelsea,2-0,https://www.besoccer.com/match/middlesbrough-fc/chelsea-fc/199610498,1996,3,premier_league
Nottingham Forest,West Ham,1-1,https://www.besoccer.com/match/nottingham-forest-fc/west-ham-united/199610499,1996,3,premier_league
Queens Park Rangers,Man. City,1-0,https://www.besoccer.com/match/queens-park-rangers-fc/manchester-city-fc/199610500,1996,3,premier_league
Tottenham Hotspur,Liverpool,1-3,https://www.besoccer.com/match/tottenham-hotspur-fc/liverpool/199610501,1996,3,premier_league
Sheffield Wednesday,Newcastle,0-2,https://www.besoccer.com/match/sheffield-wednesday-fc/newcastle-united-fc/199610502,1996,3,premier_league
Blackburn Rovers,Man. Utd,1-2,https://www.besoccer.com/match/blackburn-rovers-fc/manchester-united-fc/199610503,1996,4,premier_league
Arsenal,Nottingham Forest,1-1,https://www.besoccer.com/match/arsenal/nottingham-forest-fc/199610504,1996,4,premier_league
Wimbledon FC,Sheffield Wednesday,2-2,https://www.besoccer.com/match/wimbledon-fc/sheffield-wednesday-fc/199610505,1996,4,premier_league
Aston Villa,Bolton Wanderers,1-0,https://www.besoccer.com/match/aston-villa-fc/bolton-wanderers-fc/199610506,1996,4,premier_league
Chelsea,Coventry City,2-2,https://www.besoccer.com/match/chelsea-fc/coventry-city/199610507,1996,4,premier_league
Liverpool,Queens Park Rangers,1-0,https://www.besoccer.com/match/liverpool/queens-park-rangers-fc/199610508,1996,4,premier_league
Man. City,Everton,0-2,https://www.besoccer.com/match/manchester-city-fc/everton-fc/199610509,1996,4,premier_league
Newcastle,Middlesbrough,1-0,https://www.besoccer.com/match/newcastle-united-fc/middlesbrough-fc/199610510,1996,4,premier_league
Southampton,Leeds United,1-1,https://www.besoccer.com/match/southampton-fc/leeds-united-afc/199610511,1996,4,premier_league
West Ham,Tottenham Hotspur,1-1,https://www.besoccer.com/match/west-ham-united/tottenham-hotspur-fc/199610512,1996,4,premier_league
Blackburn Rovers,Aston Villa,1-1,https://www.besoccer.com/match/blackburn-rovers-fc/aston-villa-fc/199610513,1996,5,premier_league
Bolton Wanderers,Middlesbrough,1-1,https://www.besoccer.com/match/bolton-wanderers-fc/middlesbrough-fc/199610514,1996,5,premier_league
Coventry City,Nottingham Forest,1-1,https://www.besoccer.com/match/coventry-city/nottingham-forest-fc/199610515,1996,5,premier_league
Everton,Man. Utd,2-3,https://www.besoccer.com/match/everton-fc/manchester-united-fc/199610516,1996,5,premier_league
Queens Park Rangers,Sheffield Wednesday,0-3,https://www.besoccer.com/match/queens-park-rangers-fc/sheffield-wednesday-fc/199610517,1996,5,premier_league
Southampton,Newcastle,1-0,https://www.besoccer.com/match/southampton-fc/newcastle-united-fc/199610518,1996,5,premier_league
Tottenham Hotspur,Leeds United,2-1,https://www.besoccer.com/match/tottenham-hotspur-fc/leeds-united-afc/199610519,1996,5,premier_league
Wimbledon FC,Liverpool,1-0,https://www.besoccer.com/match/wimbledon-fc/liverpool/199610520,1996,5,premier_league
Man. City,Arsenal,0-1,https://www.besoccer.com/match/manchester-city-fc/arsenal/199610521,1996,5,premier_league
West Ham,Chelsea,1-3,https://www.besoccer.com/match/west-ham-united/chelsea-fc/199610522,1996,5,premier_league
Arsenal,West Ham,1-0,https://www.besoccer.com/match/arsenal/west-ham-united/199610523,1996,6,premier_league
Aston Villa,Wimbledon FC,2-0,https://www.besoccer.com/match/aston-villa-fc/wimbledon-fc/199610524,1996,6,premier_league
Chelsea,Southampton,3-0,https://www.besoccer.com/match/chelsea-fc/southampton-fc/199610525,1996,6,premier_league
Leeds United,Queens Park Rangers,1-3,https://www.besoccer.com/match/leeds-united-afc/queens-park-rangers-fc/199610526,1996,6,premier_league
Liverpool,Blackburn Rovers,3-0,https://www.besoccer.com/match/liverpool/blackburn-rovers-fc/199610527,1996,6,premier_league
Man. Utd,Bolton Wanderers,3-0,https://www.besoccer.com/match/manchester-united-fc/bolton-wanderers-fc/199610528,1996,6,premier_league
Middlesbrough,Coventry City,2-1,https://www.besoccer.com/match/middlesbrough-fc/coventry-city/199610529,1996,6,premier_league
Newcastle,Man. City,3-1,https://www.besoccer.com/match/newcastle-united-fc/manchester-city-fc/199610530,1996,6,premier_league
Sheffield Wednesday,Tottenham Hotspur,1-3,https://www.besoccer.com/match/sheffield-wednesday-fc/tottenham-hotspur-fc/199610531,1996,6,premier_league
Nottingham Forest,Everton,3-2,https://www.besoccer.com/match/nottingham-forest-fc/everton-fc/199610532,1996,6,premier_league
Arsenal,Southampton,4-2,https://www.besoccer.com/match/arsenal/southampton-fc/199610533,1996,7,premier_league
Aston Villa,Nottingham Forest,1-1,https://www.besoccer.com/match/aston-villa-fc/nottingham-forest-fc/199610534,1996,7,premier_league
Blackburn Rovers,Coventry City,5-1,https://www.besoccer.com/match/blackburn-rovers-fc/coventry-city/199610535,1996,7,premier_league
Liverpool,Bolton Wanderers,5-2,https://www.besoccer.com/match/liverpool/bolton-wanderers-fc/199610536,1996,7,premier_league
Man. City,Middlesbrough,0-1,https://www.besoccer.com/match/manchester-city-fc/middlesbrough-fc/199610537,1996,7,premier_league
Sheffield Wednesday,Man. Utd,0-0,https://www.besoccer.com/match/sheffield-wednesday-fc/manchester-united-fc/199610538,1996,7,premier_league
West Ham,Everton,2-1,https://www.besoccer.com/match/west-ham-united/everton-fc/199610539,1996,7,premier_league
Wimbledon FC,Leeds United,2-4,https://www.besoccer.com/match/wimbledon-fc/leeds-united-afc/199610540,1996,7,premier_league
Newcastle,Chelsea,2-0,https://www.besoccer.com/match/newcastle-united-fc/chelsea-fc/199610541,1996,7,premier_league
Queens Park Rangers,Tottenham Hotspur,2-3,https://www.besoccer.com/match/queens-park-rangers-fc/tottenham-hotspur-fc/199610542,1996,7,premier_league
Bolton Wanderers,Queens Park Rangers,0-1,https://www.besoccer.com/match/bolton-wanderers-fc/queens-park-rangers-fc/199610543,1996,8,premier_league
Chelsea,Arsenal,1-0,https://www.besoccer.com/match/chelsea-fc/arsenal/199610544,1996,8,premier_league
Coventry City,Aston Villa,0-3,https://www.besoccer.com/match/coventry-city/aston-villa-fc/199610545,1996,8,premier_league
Leeds United,Sheffield Wednesday,2-0,https://www.besoccer.com/match/leeds-united-afc/sheffield-wednesday-fc/199610546,1996,8,premier_league
Middlesbrough,Blackburn Rovers,2-0,https://www.besoccer.com/match/middlesbrough-fc/blackburn-rovers-fc/199610547,1996,8,premier_league
Nottingham Forest,Man. City,3-0,https://www.besoccer.com/match/nottingham-forest-fc/manchester-city-fc/199610548,1996,8,premier_league
Tottenham Hotspur,Wimbledon FC,3-1,https://www.besoccer.com/match/tottenham-hotspur-fc/wimbledon-fc/199610549,1996,8,premier_league
Everton,Newcastle,1-3,https://www.besoccer.com/match/everton-fc/newcastle-united-fc/199610550,1996,8,premier_league
Man. Utd,Liverpool,2-2,https://www.besoccer.com/match/manchester-united-fc/liverpool/199610551,1996,8,premier_league
Southampton,West Ham,0-0,https://www.besoccer.com/match/southampton-fc/west-ham-united/199610552,1996,8,premier_league
Aston Villa,Chelsea,0-1,https://www.besoccer.com/match/aston-villa-fc/chelsea-fc/199610553,1996,9,premier_league
Blackburn Rovers,Southampton,2-1,https://www.besoccer.com/match/blackburn-rovers-fc/southampton-fc/199610554,1996,9,premier_league
Bolton Wanderers,Everton,1-1,https://www.besoccer.com/match/bolton-wanderers-fc/everton-fc/199610555,1996,9,premier_league
Leeds United,Arsenal,0-3,https://www.besoccer.com/match/leeds-united-afc/arsenal/199610556,1996,9,premier_league
Liverpool,Coventry City,0-0,https://www.besoccer.com/match/liverpool/coventry-city/199610557,1996,9,premier_league
Man. Utd,Man. City,1-0,https://www.besoccer.com/match/manchester-united-fc/manchester-city-fc/199610558,1996,9,premier_league
Queens Park Rangers,Newcastle,2-3,https://www.besoccer.com/match/queens-park-rangers-fc/newcastle-united-fc/199610559,1996,9,premier_league
Tottenham Hotspur,Nottingham Forest,0-1,https://www.besoccer.com/match/tottenham-hotspur-fc/nottingham-forest-fc/199610560,1996,9,premier_league
Sheffield Wednesday,Middlesbrough,0-1,https://www.besoccer.com/match/sheffield-wednesday-fc/middlesbrough-fc/199610561,1996,9,premier_league
Wimbledon FC,West Ham,0-1,https://www.besoccer.com/match/wimbledon-fc/west-ham-united/199610562,1996,9,premier_league
Arsenal,Aston Villa,2-0,https://www.besoccer.com/match/arsenal/aston-villa-fc/199610563,1996,10,premier_league
Chelsea,Man. Utd,1-4,https://www.besoccer.com/match/chelsea-fc/manchester-united-fc/199610564,1996,10,premier_league
Coventry City,Sheffield Wednesday,0-1,https://www.besoccer.com/match/coventry-city/sheffield-wednesday-fc/199610565,1996,10,premier_league
Man. City,Leeds United,0-0,https://www.besoccer.com/match/manchester-city-fc/leeds-united-afc/199610566,1996,10,premier_league
Middlesbrough,Queens Park Rangers,1-0,https://www.besoccer.com/match/middlesbrough-fc/queens-park-rangers-fc/199610567,1996,10,premier_league
Newcastle,Wimbledon FC,6-1,https://www.besoccer.com/match/newcastle-united-fc/wimbledon-fc/199610568,1996,10,premier_league
Nottingham Forest,Bolton Wanderers,3-2,https://www.besoccer.com/match/nottingham-forest-fc/bolton-wanderers-fc/199610569,1996,10,premier_league
West Ham,Blackburn Rovers,1-1,https://www.besoccer.com/match/west-ham-united/blackburn-rovers-fc/199610570,1996,10,premier_league
Everton,Tottenham Hotspur,1-1,https://www.besoccer.com/match/everton-fc/tottenham-hotspur-fc/199610571,1996,10,premier_league
Southampton,Liverpool,1-3,https://www.besoccer.com/match/southampton-fc/liverpool/199610572,1996,10,premier_league
Aston Villa,Everton,1-0,https://www.besoccer.com/match/aston-villa-fc/everton-fc/199610573,1996,11,premier_league
Blackburn Rovers,Chelsea,3-0,https://www.besoccer.com/match/blackburn-rovers-fc/chelsea-fc/199610574,1996,11,premier_league
Leeds United,Coventry City,3-1,https://www.besoccer.com/match/leeds-united-afc/coventry-city/199610575,1996,11,premier_league
Liverpool,Man. City,6-0,https://www.besoccer.com/match/liverpool/manchester-city-fc/199610576,1996,11,premier_league
Man. Utd,Middlesbrough,2-0,https://www.besoccer.com/match/manchester-united-fc/middlesbrough-fc/199610577,1996,11,premier_league
Queens Park Rangers,Nottingham Forest,1-1,https://www.besoccer.com/match/queens-park-rangers-fc/nottingham-forest-fc/199610578,1996,11,premier_league
Sheffield Wednesday,West Ham,0-1,https://www.besoccer.com/match/sheffield-wednesday-fc/west-ham-united/199610579,1996,11,premier_league
Wimbledon FC,Southampton,1-2,https://www.besoccer.com/match/wimbledon-fc/southampton-fc/199610580,1996,11,premier_league
Tottenham Hotspur,Newcastle,1-1,https://www.besoccer.com/match/tottenham-hotspur-fc/newcastle-united-fc/199610581,1996,11,premier_league
Bolton Wanderers,Arsenal,1-0,https://www.besoccer.com/match/bolton-wanderers-fc/arsenal/199610582,1996,11,premier_league
Arsenal,Man. Utd,1-0,https://www.besoccer.com/match/arsenal/manchester-united-fc/199610583,1996,12,premier_league
Chelsea,Sheffield Wednesday,0-0,https://www.besoccer.com/match/chelsea-fc/sheffield-wednesday-fc/199610584,1996,12,premier_league
Coventry City,Tottenham Hotspur,2-3,https://www.besoccer.com/match/coventry-city/tottenham-hotspur-fc/199610585,1996,12,premier_league
Man. City,Bolton Wanderers,1-0,https://www.besoccer.com/match/manchester-city-fc/bolton-wanderers-fc/199610586,1996,12,premier_league
Middlesbrough,Leeds United,1-1,https://www.besoccer.com/match/middlesbrough-fc/leeds-united-afc/199610587,1996,12,premier_league
Newcastle,Liverpool,2-1,https://www.besoccer.com/match/newcastle-united-fc/liverpool/199610588,1996,12,premier_league
Southampton,Queens Park Rangers,2-0,https://www.besoccer.com/match/southampton-fc/queens-park-rangers-fc/199610589,1996,12,premier_league
West Ham,Aston Villa,1-4,https://www.besoccer.com/match/west-ham-united/aston-villa-fc/199610590,1996,12,premier_league
Everton,Blackburn Rovers,1-0,https://www.besoccer.com/match/everton-fc/blackburn-rovers-fc/199610591,1996,12,premier_league
Nottingham Forest,Wimbledon FC,4-1,https://www.besoccer.com/match/nottingham-forest-fc/wimbledon-fc/199610592,1996,12,premier_league
Aston Villa,Newcastle,1-1,https://www.besoccer.com/match/aston-villa-fc/newcastle-united-fc/199610593,1996,13,premier_league
Blackburn Rovers,Nottingham Forest,7-0,https://www.besoccer.com/match/blackburn-rovers-fc/nottingham-forest-fc/199610594,1996,13,premier_league
Bolton Wanderers,West Ham,0-3,https://www.besoccer.com/match/bolton-wanderers-fc/west-ham-united/199610595,1996,13,premier_league
Leeds United,Chelsea,1-0,https://www.besoccer.com/match/leeds-united-afc/chelsea-fc/199610596,1996,13,premier_league
Liverpool,Everton,1-2,https://www.besoccer.com/match/liverpool/everton-fc/199610597,1996,13,premier_league
Man. Utd,Southampton,4-1,https://www.besoccer.com/match/manchester-united-fc/southampton-fc/199610598,1996,13,premier_league
Sheffield Wednesday,Man. City,1-1,https://www.besoccer.com/match/sheffield-wednesday-fc/manchester-city-fc/199610599,1996,13,premier_league
Tottenham Hotspur,Arsenal,2-1,https://www.besoccer.com/match/tottenham-hotspur-fc/arsenal/199610600,1996,13,premier_league
Wimbledon FC,Middlesbrough,0-0,https://www.besoccer.com/match/wimbledon-fc/middlesbrough-fc/199610601,1996,13,premier_league
Queens Park Rangers,Coventry City,1-1,https://www.besoccer.com/match/queens-park-rangers-fc/coventry-city/199610602,1996,13,premier_league
Newcastle,Blackburn Rovers,1-0,https://www.besoccer.com/match/newcastle-united-fc/blackburn-rovers-fc/199610603,1996,14,premier_league
Southampton,Aston Villa,0-1,https://www.besoccer.com/match/southampton-fc/aston-villa-fc/199610604,1996,14,premier_league
Arsenal,Sheffield Wednesday,4-2,https://www.besoccer.com/match/arsenal/sheffield-wednesday-fc/199610605,1996,14,premier_league
Middlesbrough,Tottenham Hotspur,0-1,https://www.besoccer.com/match/middlesbrough-fc/tottenham-hotspur-fc/199610606,1996,14,premier_league
Chelsea,Bolton Wanderers,3-2,https://www.besoccer.com/match/chelsea-fc/bolton-wanderers-fc/199610607,1996,14,premier_league
Coventry City,Man. Utd,0-4,https://www.besoccer.com/match/coventry-city/manchester-united-fc/199610608,1996,14,premier_league
Everton,Queens Park Rangers,2-0,https://www.besoccer.com/match/everton-fc/queens-park-rangers-fc/199610609,1996,14,premier_league
Man. City,Wimbledon FC,1-0,https://www.besoccer.com/match/manchester-city-fc/wimbledon-fc/199610610,1996,14,premier_league
West Ham,Liverpool,0-0,https://www.besoccer.com/match/west-ham-united/liverpool/199610611,1996,14,premier_league
Nottingham Forest,Leeds United,2-1,https://www.besoccer.com/match/nottingham-forest-fc/leeds-united-afc/199610612,1996,14,premier_league
Chelsea,Tottenham Hotspur,0-0,https://www.besoccer.com/match/chelsea-fc/tottenham-hotspur-fc/199610613,1996,15,premier_league
Coventry City,Wimbledon FC,3-3,https://www.besoccer.com/match/coventry-city/wimbledon-fc/199610614,1996,15,premier_league
Everton,Sheffield Wednesday,2-2,https://www.besoccer.com/match/everton-fc/sheffield-wednesday-fc/199610615,1996,15,premier_league
Man. City,Aston Villa,1-0,https://www.besoccer.com/match/manchester-city-fc/aston-villa-fc/199610616,1996,15,premier_league
Middlesbrough,Liverpool,2-1,https://www.besoccer.com/match/middlesbrough-fc/liverpool/199610617,1996,15,premier_league
Newcastle,Leeds United,2-1,https://www.besoccer.com/match/newcastle-united-fc/leeds-united-afc/199610618,1996,15,premier_league
Southampton,Bolton Wanderers,1-0,https://www.besoccer.com/match/southampton-fc/bolton-wanderers-fc/199610619,1996,15,premier_league
West Ham,Queens Park Rangers,1-0,https://www.besoccer.com/match/west-ham-united/queens-park-rangers-fc/199610620,1996,15,premier_league
Arsenal,Blackburn Rovers,0-0,https://www.besoccer.com/match/arsenal/blackburn-rovers-fc/199610621,1996,15,premier_league
Nottingham Forest,Man. Utd,1-1,https://www.besoccer.com/match/nottingham-forest-fc/manchester-united-fc/199610622,1996,15,premier_league
Aston Villa,Arsenal,1-1,https://www.besoccer.com/match/aston-villa-fc/arsenal/199610623,1996,16,premier_league
Blackburn Rovers,West Ham,4-2,https://www.besoccer.com/match/blackburn-rovers-fc/west-ham-united/199610624,1996,16,premier_league
Bolton Wanderers,Nottingham Forest,1-1,https://www.besoccer.com/match/bolton-wanderers-fc/nottingham-forest-fc/199610625,1996,16,premier_league
Leeds United,Man. City,0-1,https://www.besoccer.com/match/leeds-united-afc/manchester-city-fc/199610626,1996,16,premier_league
Liverpool,Southampton,1-1,https://www.besoccer.com/match/liverpool/southampton-fc/199610627,1996,16,premier_league
Man. Utd,Chelsea,1-1,https://www.besoccer.com/match/manchester-united-fc/chelsea-fc/199610628,1996,16,premier_league
Queens Park Rangers,Middlesbrough,1-1,https://www.besoccer.com/match/queens-park-rangers-fc/middlesbrough-fc/199610629,1996,16,premier_league
Tottenham Hotspur,Everton,0-0,https://www.besoccer.com/match/tottenham-hotspur-fc/everton-fc/199610630,1996,16,premier_league
Wimbledon FC,Newcastle,3-3,https://www.besoccer.com/match/wimbledon-fc/newcastle-united-fc/199610631,1996,16,premier_league
Sheffield Wednesday,Coventry City,4-3,https://www.besoccer.com/match/sheffield-wednesday-fc/coventry-city/199610632,1996,16,premier_league
Southampton,Arsenal,0-0,https://www.besoccer.com/match/southampton-fc/arsenal/199610633,1996,17,premier_league
Coventry City,Blackburn Rovers,5-0,https://www.besoccer.com/match/coventry-city/blackburn-rovers-fc/199610634,1996,17,premier_league
Bolton Wanderers,Liverpool,0-1,https://www.besoccer.com/match/bolton-wanderers-fc/liverpool/199610635,1996,17,premier_league
Middlesbrough,Man. City,4-1,https://www.besoccer.com/match/middlesbrough-fc/manchester-city-fc/199610636,1996,17,premier_league
Chelsea,Newcastle,1-0,https://www.besoccer.com/match/chelsea-fc/newcastle-united-fc/199610637,1996,17,premier_league
Tottenham Hotspur,Queens Park Rangers,1-0,https://www.besoccer.com/match/tottenham-hotspur-fc/queens-park-rangers-fc/199610638,1996,17,premier_league
Man. Utd,Sheffield Wednesday,2-2,https://www.besoccer.com/match/manchester-united-fc/sheffield-wednesday-fc/199610639,1996,17,premier_league
Leeds United,Wimbledon FC,1-1,https://www.besoccer.com/match/leeds-united-afc/wimbledon-fc/199610640,1996,17,premier_league
Nottingham Forest,Aston Villa,1-1,https://www.besoccer.com/match/nottingham-forest-fc/aston-villa-fc/199610641,1996,17,premier_league
Everton,West Ham,3-0,https://www.besoccer.com/match/everton-fc/west-ham-united/199610642,1996,17,premier_league
Queens Park Rangers,Bolton Wanderers,2-1,https://www.besoccer.com/match/queens-park-rangers-fc/bolton-wanderers-fc/199610643,1996,18,premier_league
Arsenal,Chelsea,1-1,https://www.besoccer.com/match/arsenal/chelsea-fc/199610644,1996,18,premier_league
Aston Villa,Coventry City,4-1,https://www.besoccer.com/match/aston-villa-fc/coventry-city/199610645,1996,18,premier_league
Newcastle,Everton,1-0,https://www.besoccer.com/match/newcastle-united-fc/everton-fc/199610646,1996,18,premier_league
Sheffield Wednesday,Leeds United,6-2,https://www.besoccer.com/match/sheffield-wednesday-fc/leeds-united-afc/199610647,1996,18,premier_league
Blackburn Rovers,Middlesbrough,1-0,https://www.besoccer.com/match/blackburn-rovers-fc/middlesbrough-fc/199610648,1996,18,premier_league
West Ham,Southampton,2-1,https://www.besoccer.com/match/west-ham-united/southampton-fc/199610649,1996,18,premier_league
Wimbledon FC,Tottenham Hotspur,0-1,https://www.besoccer.com/match/wimbledon-fc/tottenham-hotspur-fc/199610650,1996,18,premier_league
Liverpool,Man. Utd,2-0,https://www.besoccer.com/match/liverpool/manchester-united-fc/199610651,1996,18,premier_league
Man. City,Nottingham Forest,1-1,https://www.besoccer.com/match/manchester-city-fc/nottingham-forest-fc/199610652,1996,18,premier_league
Coventry City,Everton,2-1,https://www.besoccer.com/match/coventry-city/everton-fc/199610653,1996,19,premier_league
Liverpool,Arsenal,3-1,https://www.besoccer.com/match/liverpool/arsenal/199610654,1996,19,premier_league
Man. City,Chelsea,0-1,https://www.besoccer.com/match/manchester-city-fc/chelsea-fc/199610655,1996,19,premier_league
Middlesbrough,West Ham,4-2,https://www.besoccer.com/match/middlesbrough-fc/west-ham-united/199610656,1996,19,premier_league
Newcastle,Nottingham Forest,3-1,https://www.besoccer.com/match/newcastle-united-fc/nottingham-forest-fc/199610657,1996,19,premier_league
Queens Park Rangers,Aston Villa,1-0,https://www.besoccer.com/match/queens-park-rangers-fc/aston-villa-fc/199610658,1996,19,premier_league
Sheffield Wednesday,Southampton,2-2,https://www.besoccer.com/match/sheffield-wednesday-fc/southampton-fc/199610659,1996,19,premier_league
Tottenham Hotspur,Bolton Wanderers,2-2,https://www.besoccer.com/match/tottenham-hotspur-fc/bolton-wanderers-fc/199610660,1996,19,premier_league
Wimbledon FC,Blackburn Rovers,1-1,https://www.besoccer.com/match/wimbledon-fc/blackburn-rovers-fc/199610661,1996,19,premier_league
Leeds United,Man. Utd,3-1,https://www.besoccer.com/match/leeds-united-afc/manchester-united-fc/199610662,1996,19,premier_league
Nottingham Forest,Sheffield Wednesday,1-0,https://www.besoccer.com/match/nottingham-forest-fc/sheffield-wednesday-fc/199610663,1996,20,premier_league
Southampton,Tottenham Hotspur,0-0,https://www.besoccer.com/match/southampton-fc/tottenham-hotspur-fc/199610664,1996,20,premier_league
Arsenal,Queens Park Rangers,3-0,https://www.besoccer.com/match/arsenal/queens-park-rangers-fc/199610665,1996,20,premier_league
Blackburn Rovers,Man. City,2-0,https://www.besoccer.com/match/blackburn-rovers-fc/manchester-city-fc/199610666,1996,20,premier_league
Chelsea,Wimbledon FC,1-2,https://www.besoccer.com/match/chelsea-fc/wimbledon-fc/199610667,1996,20,premier_league
Everton,Middlesbrough,4-0,https://www.besoccer.com/match/everton-fc/middlesbrough-fc/199610668,1996,20,premier_league
Man. Utd,Newcastle,2-0,https://www.besoccer.com/match/manchester-united-fc/newcastle-united-fc/199610669,1996,20,premier_league
Bolton Wanderers,Leeds United,0-2,https://www.besoccer.com/match/bolton-wanderers-fc/leeds-united-afc/199610670,1996,20,premier_league
Aston Villa,Liverpool,0-2,https://www.besoccer.com/match/aston-villa-fc/liverpool/199610672,1996,20,premier_league
West Ham,Coventry City,3-2,https://www.besoccer.com/match/west-ham-united/coventry-city/199610671,1996,20,premier_league
Arsenal,Wimbledon FC,1-3,https://www.besoccer.com/match/arsenal/wimbledon-fc/199610673,1996,21,premier_league
Blackburn Rovers,Tottenham Hotspur,2-1,https://www.besoccer.com/match/blackburn-rovers-fc/tottenham-hotspur-fc/199610674,1996,21,premier_league
Bolton Wanderers,Coventry City,1-2,https://www.besoccer.com/match/bolton-wanderers-fc/coventry-city/199610675,1996,21,premier_league
Chelsea,Liverpool,2-2,https://www.besoccer.com/match/chelsea-fc/liverpool/199610676,1996,21,premier_league
Everton,Leeds United,2-0,https://www.besoccer.com/match/everton-fc/leeds-united-afc/199610677,1996,21,premier_league
Man. Utd,Queens Park Rangers,2-1,https://www.besoccer.com/match/manchester-united-fc/queens-park-rangers-fc/199610678,1996,21,premier_league
Nottingham Forest,Middlesbrough,1-0,https://www.besoccer.com/match/nottingham-forest-fc/middlesbrough-fc/199610679,1996,21,premier_league
Southampton,Man. City,1-1,https://www.besoccer.com/match/southampton-fc/manchester-city-fc/199610680,1996,21,premier_league
West Ham,Newcastle,2-0,https://www.besoccer.com/match/west-ham-united/newcastle-united-fc/199610681,1996,21,premier_league
Aston Villa,Sheffield Wednesday,3-2,https://www.besoccer.com/match/aston-villa-fc/sheffield-wednesday-fc/199610682,1996,21,premier_league
Coventry City,Southampton,1-1,https://www.besoccer.com/match/coventry-city/southampton-fc/199610683,1996,22,premier_league
Leeds United,Blackburn Rovers,0-0,https://www.besoccer.com/match/leeds-united-afc/blackburn-rovers-fc/199610684,1996,22,premier_league
Liverpool,Nottingham Forest,4-2,https://www.besoccer.com/match/liverpool/nottingham-forest-fc/199610685,1996,22,premier_league
Man. City,West Ham,2-1,https://www.besoccer.com/match/manchester-city-fc/west-ham-united/199610686,1996,22,premier_league
Middlesbrough,Aston Villa,0-2,https://www.besoccer.com/match/middlesbrough-fc/aston-villa-fc/199610687,1996,22,premier_league
Sheffield Wednesday,Bolton Wanderers,4-2,https://www.besoccer.com/match/sheffield-wednesday-fc/bolton-wanderers-fc/199610688,1996,22,premier_league
Tottenham Hotspur,Man. Utd,4-1,https://www.besoccer.com/match/tottenham-hotspur-fc/manchester-united-fc/199610689,1996,22,premier_league
Wimbledon FC,Everton,2-3,https://www.besoccer.com/match/wimbledon-fc/everton-fc/199610690,1996,22,premier_league
Newcastle,Arsenal,2-0,https://www.besoccer.com/match/newcastle-united-fc/arsenal/199610691,1996,22,premier_league
Queens Park Rangers,Chelsea,1-2,https://www.besoccer.com/match/queens-park-rangers-fc/chelsea-fc/199610692,1996,22,premier_league
Middlesbrough,Arsenal,2-3,https://www.besoccer.com/match/middlesbrough-fc/arsenal/199610693,1996,23,premier_league
Man. Utd,Aston Villa,0-0,https://www.besoccer.com/match/manchester-united-fc/aston-villa-fc/199610694,1996,23,premier_league
Queens Park Rangers,Blackburn Rovers,0-1,https://www.besoccer.com/match/queens-park-rangers-fc/blackburn-rovers-fc/199610695,1996,23,premier_league
Everton,Chelsea,1-1,https://www.besoccer.com/match/everton-fc/chelsea-fc/199610696,1996,23,premier_league
Sheffield Wednesday,Liverpool,1-1,https://www.besoccer.com/match/sheffield-wednesday-fc/liverpool/199610697,1996,23,premier_league
Tottenham Hotspur,Man. City,1-0,https://www.besoccer.com/match/tottenham-hotspur-fc/manchester-city-fc/199610698,1996,23,premier_league
Nottingham Forest,Southampton,1-0,https://www.besoccer.com/match/nottingham-forest-fc/southampton-fc/199610699,1996,23,premier_league
Leeds United,West Ham,2-0,https://www.besoccer.com/match/leeds-united-afc/west-ham-united/199610700,1996,23,premier_league
Bolton Wanderers,Wimbledon FC,1-0,https://www.besoccer.com/match/bolton-wanderers-fc/wimbledon-fc/199610701,1996,23,premier_league
Coventry City,Newcastle,0-1,https://www.besoccer.com/match/coventry-city/newcastle-united-fc/199610702,1996,23,premier_league
Newcastle,Bolton Wanderers,2-1,https://www.besoccer.com/match/newcastle-united-fc/bolton-wanderers-fc/199610703,1996,24,premier_league
Liverpool,Leeds United,5-0,https://www.besoccer.com/match/liverpool/leeds-united-afc/199610704,1996,24,premier_league
Southampton,Middlesbrough,2-1,https://www.besoccer.com/match/southampton-fc/middlesbrough-fc/199610705,1996,24,premier_league
Man. City,Coventry City,1-1,https://www.besoccer.com/match/manchester-city-fc/coventry-city/199610706,1996,24,premier_league
Arsenal,Everton,1-2,https://www.besoccer.com/match/arsenal/everton-fc/199610707,1996,24,premier_league
Chelsea,Nottingham Forest,1-0,https://www.besoccer.com/match/chelsea-fc/nottingham-forest-fc/199610708,1996,24,premier_league
Wimbledon FC,Queens Park Rangers,2-1,https://www.besoccer.com/match/wimbledon-fc/queens-park-rangers-fc/199610709,1996,24,premier_league
Blackburn Rovers,Sheffield Wednesday,3-0,https://www.besoccer.com/match/blackburn-rovers-fc/sheffield-wednesday-fc/199610710,1996,24,premier_league
Aston Villa,Tottenham Hotspur,2-1,https://www.besoccer.com/match/aston-villa-fc/tottenham-hotspur-fc/199610711,1996,24,premier_league
West Ham,Man. Utd,0-1,https://www.besoccer.com/match/west-ham-united/manchester-united-fc/199610712,1996,24,premier_league
Blackburn Rovers,Bolton Wanderers,3-1,https://www.besoccer.com/match/blackburn-rovers-fc/bolton-wanderers-fc/199610713,1996,25,premier_league
Arsenal,Coventry City,1-1,https://www.besoccer.com/match/arsenal/coventry-city/199610714,1996,25,premier_league
Southampton,Everton,2-2,https://www.besoccer.com/match/southampton-fc/everton-fc/199610715,1996,25,premier_league
Aston Villa,Leeds United,3-0,https://www.besoccer.com/match/aston-villa-fc/leeds-united-afc/199610716,1996,25,premier_league
Wimbledon FC,Man. Utd,2-4,https://www.besoccer.com/match/wimbledon-fc/manchester-united-fc/199610717,1996,25,premier_league
West Ham,Nottingham Forest,1-0,https://www.besoccer.com/match/west-ham-united/nottingham-forest-fc/199610718,1996,25,premier_league
Man. City,Queens Park Rangers,2-0,https://www.besoccer.com/match/manchester-city-fc/queens-park-rangers-fc/199610719,1996,25,premier_league
Newcastle,Sheffield Wednesday,2-0,https://www.besoccer.com/match/newcastle-united-fc/sheffield-wednesday-fc/199610720,1996,25,premier_league
Liverpool,Tottenham Hotspur,0-0,https://www.besoccer.com/match/liverpool/tottenham-hotspur-fc/199610721,1996,25,premier_league
Chelsea,Middlesbrough,5-0,https://www.besoccer.com/match/chelsea-fc/middlesbrough-fc/199610722,1996,25,premier_league
Nottingham Forest,Arsenal,0-1,https://www.besoccer.com/match/nottingham-forest-fc/arsenal/199610723,1996,26,premier_league
Man. Utd,Blackburn Rovers,1-0,https://www.besoccer.com/match/manchester-united-fc/blackburn-rovers-fc/199610724,1996,26,premier_league
Sheffield Wednesday,Wimbledon FC,2-1,https://www.besoccer.com/match/sheffield-wednesday-fc/wimbledon-fc/199610725,1996,26,premier_league
Bolton Wanderers,Aston Villa,0-2,https://www.besoccer.com/match/bolton-wanderers-fc/aston-villa-fc/199610726,1996,26,premier_league
Coventry City,Chelsea,1-0,https://www.besoccer.com/match/coventry-city/chelsea-fc/199610727,1996,26,premier_league
Everton,Man. City,2-0,https://www.besoccer.com/match/everton-fc/manchester-city-fc/199610728,1996,26,premier_league
Middlesbrough,Newcastle,1-2,https://www.besoccer.com/match/middlesbrough-fc/newcastle-united-fc/199610729,1996,26,premier_league
Queens Park Rangers,Liverpool,1-2,https://www.besoccer.com/match/queens-park-rangers-fc/liverpool/199610730,1996,26,premier_league
Tottenham Hotspur,West Ham,0-1,https://www.besoccer.com/match/tottenham-hotspur-fc/west-ham-united/199610731,1996,26,premier_league
Leeds United,Southampton,1-0,https://www.besoccer.com/match/leeds-united-afc/southampton-fc/199610732,1996,26,premier_league
Middlesbrough,Bolton Wanderers,1-4,https://www.besoccer.com/match/middlesbrough-fc/bolton-wanderers-fc/199610733,1996,27,premier_league
Sheffield Wednesday,Queens Park Rangers,1-3,https://www.besoccer.com/match/sheffield-wednesday-fc/queens-park-rangers-fc/199610734,1996,27,premier_league
Chelsea,West Ham,1-2,https://www.besoccer.com/match/chelsea-fc/west-ham-united/199610735,1996,27,premier_league
Man. Utd,Everton,2-0,https://www.besoccer.com/match/manchester-united-fc/everton-fc/199610740,1996,27,premier_league
Aston Villa,Blackburn Rovers,2-0,https://www.besoccer.com/match/aston-villa-fc/blackburn-rovers-fc/199610736,1996,27,premier_league
Arsenal,Man. City,3-1,https://www.besoccer.com/match/arsenal/manchester-city-fc/199610737,1996,27,premier_league
Liverpool,Wimbledon FC,2-2,https://www.besoccer.com/match/liverpool/wimbledon-fc/199610738,1996,27,premier_league
Nottingham Forest,Coventry City,0-0,https://www.besoccer.com/match/nottingham-forest-fc/coventry-city/199610739,1996,27,premier_league
Newcastle,Southampton,1-0,https://www.besoccer.com/match/newcastle-united-fc/southampton-fc/199610741,1996,27,premier_league
Leeds United,Tottenham Hotspur,1-3,https://www.besoccer.com/match/leeds-united-afc/tottenham-hotspur-fc/199610742,1996,27,premier_league
West Ham,Arsenal,0-1,https://www.besoccer.com/match/west-ham-united/arsenal/199610743,1996,28,premier_league
Wimbledon FC,Aston Villa,3-3,https://www.besoccer.com/match/wimbledon-fc/aston-villa-fc/199610744,1996,28,premier_league
Southampton,Chelsea,2-3,https://www.besoccer.com/match/southampton-fc/chelsea-fc/199610745,1996,28,premier_league
Blackburn Rovers,Liverpool,2-3,https://www.besoccer.com/match/blackburn-rovers-fc/liverpool/199610746,1996,28,premier_league
Coventry City,Middlesbrough,0-0,https://www.besoccer.com/match/coventry-city/middlesbrough-fc/199610747,1996,28,premier_league
Man. City,Newcastle,3-3,https://www.besoccer.com/match/manchester-city-fc/newcastle-united-fc/199610748,1996,28,premier_league
Everton,Nottingham Forest,3-0,https://www.besoccer.com/match/everton-fc/nottingham-forest-fc/199610749,1996,28,premier_league
Tottenham Hotspur,Sheffield Wednesday,1-0,https://www.besoccer.com/match/tottenham-hotspur-fc/sheffield-wednesday-fc/199610750,1996,28,premier_league
Bolton Wanderers,Man. Utd,0-6,https://www.besoccer.com/match/bolton-wanderers-fc/manchester-united-fc/199610751,1996,28,premier_league
Queens Park Rangers,Leeds United,1-2,https://www.besoccer.com/match/queens-park-rangers-fc/leeds-united-afc/199610752,1996,28,premier_league
Queens Park Rangers,Arsenal,1-1,https://www.besoccer.com/match/queens-park-rangers-fc/arsenal/199610753,1996,29,premier_league
Man. City,Blackburn Rovers,1-1,https://www.besoccer.com/match/manchester-city-fc/blackburn-rovers-fc/199610754,1996,29,premier_league
Leeds United,Bolton Wanderers,0-1,https://www.besoccer.com/match/leeds-united-afc/bolton-wanderers-fc/199610755,1996,29,premier_league
Wimbledon FC,Chelsea,1-1,https://www.besoccer.com/match/wimbledon-fc/chelsea-fc/199610756,1996,29,premier_league
Middlesbrough,Everton,0-2,https://www.besoccer.com/match/middlesbrough-fc/everton-fc/199610757,1996,29,premier_league
Sheffield Wednesday,Nottingham Forest,1-3,https://www.besoccer.com/match/sheffield-wednesday-fc/nottingham-forest-fc/199610758,1996,29,premier_league
Tottenham Hotspur,Southampton,1-0,https://www.besoccer.com/match/tottenham-hotspur-fc/southampton-fc/199610759,1996,29,premier_league
Coventry City,West Ham,2-2,https://www.besoccer.com/match/coventry-city/west-ham-united/199610760,1996,29,premier_league
Liverpool,Aston Villa,3-0,https://www.besoccer.com/match/liverpool/aston-villa-fc/199610761,1996,29,premier_league
Newcastle,Man. Utd,0-1,https://www.besoccer.com/match/newcastle-united-fc/manchester-united-fc/199610762,1996,29,premier_league
Everton,Coventry City,2-2,https://www.besoccer.com/match/everton-fc/coventry-city/199610763,1996,30,premier_league
West Ham,Middlesbrough,2-0,https://www.besoccer.com/match/west-ham-united/middlesbrough-fc/199610764,1996,30,premier_league
Aston Villa,Queens Park Rangers,4-2,https://www.besoccer.com/match/aston-villa-fc/queens-park-rangers-fc/199610765,1996,30,premier_league
Chelsea,Man. City,1-1,https://www.besoccer.com/match/chelsea-fc/manchester-city-fc/199610766,1996,30,premier_league
Southampton,Sheffield Wednesday,0-1,https://www.besoccer.com/match/southampton-fc/sheffield-wednesday-fc/199610767,1996,30,premier_league
Bolton Wanderers,Tottenham Hotspur,2-3,https://www.besoccer.com/match/bolton-wanderers-fc/tottenham-hotspur-fc/199610768,1996,30,premier_league
Man. Utd,Leeds United,1-0,https://www.besoccer.com/match/manchester-united-fc/leeds-united-afc/199610769,1996,30,premier_league
Blackburn Rovers,Wimbledon FC,3-2,https://www.besoccer.com/match/blackburn-rovers-fc/wimbledon-fc/199610770,1996,30,premier_league
Arsenal,Liverpool,0-0,https://www.besoccer.com/match/arsenal/liverpool/199610771,1996,30,premier_league
Nottingham Forest,Newcastle,1-1,https://www.besoccer.com/match/nottingham-forest-fc/newcastle-united-fc/199610772,1996,30,premier_league
Wimbledon FC,Arsenal,0-3,https://www.besoccer.com/match/wimbledon-fc/arsenal/199610773,1996,31,premier_league
Sheffield Wednesday,Aston Villa,2-0,https://www.besoccer.com/match/sheffield-wednesday-fc/aston-villa-fc/199610774,1996,31,premier_league
Tottenham Hotspur,Blackburn Rovers,2-3,https://www.besoccer.com/match/tottenham-hotspur-fc/blackburn-rovers-fc/199610775,1996,31,premier_league
Coventry City,Bolton Wanderers,0-2,https://www.besoccer.com/match/coventry-city/bolton-wanderers-fc/199610776,1996,31,premier_league
Liverpool,Chelsea,2-0,https://www.besoccer.com/match/liverpool/chelsea-fc/199610777,1996,31,premier_league
Queens Park Rangers,Man. Utd,1-1,https://www.besoccer.com/match/queens-park-rangers-fc/manchester-united-fc/199610778,1996,31,premier_league
Middlesbrough,Nottingham Forest,1-1,https://www.besoccer.com/match/middlesbrough-fc/nottingham-forest-fc/199610779,1996,31,premier_league
Man. City,Southampton,2-1,https://www.besoccer.com/match/manchester-city-fc/southampton-fc/199610780,1996,31,premier_league
Leeds United,Everton,2-2,https://www.besoccer.com/match/leeds-united-afc/everton-fc/199610781,1996,31,premier_league
Newcastle,West Ham,3-0,https://www.besoccer.com/match/newcastle-united-fc/west-ham-united/199610782,1996,31,premier_league
Blackburn Rovers,Leeds United,1-0,https://www.besoccer.com/match/blackburn-rovers-fc/leeds-united-afc/199610783,1996,32,premier_league
Aston Villa,Middlesbrough,0-0,https://www.besoccer.com/match/aston-villa-fc/middlesbrough-fc/199610784,1996,32,premier_league
Nottingham Forest,Liverpool,1-0,https://www.besoccer.com/match/nottingham-forest-fc/liverpool/199610785,1996,32,premier_league
West Ham,Man. City,4-2,https://www.besoccer.com/match/west-ham-united/manchester-city-fc/199610786,1996,32,premier_league
Arsenal,Newcastle,2-0,https://www.besoccer.com/match/arsenal/newcastle-united-fc/199610787,1996,32,premier_league
Chelsea,Queens Park Rangers,1-1,https://www.besoccer.com/match/chelsea-fc/queens-park-rangers-fc/199610788,1996,32,premier_league
Bolton Wanderers,Sheffield Wednesday,2-1,https://www.besoccer.com/match/bolton-wanderers-fc/sheffield-wednesday-fc/199610789,1996,32,premier_league
Everton,Wimbledon FC,2-4,https://www.besoccer.com/match/everton-fc/wimbledon-fc/199610790,1996,32,premier_league
Southampton,Coventry City,1-0,https://www.besoccer.com/match/southampton-fc/coventry-city/199610792,1996,32,premier_league
Man. Utd,Tottenham Hotspur,1-0,https://www.besoccer.com/match/manchester-united-fc/tottenham-hotspur-fc/199610791,1996,32,premier_league
Man. Utd,Arsenal,1-0,https://www.besoccer.com/match/manchester-united-fc/arsenal/199610793,1996,33,premier_league
Wimbledon FC,Nottingham Forest,1-0,https://www.besoccer.com/match/wimbledon-fc/nottingham-forest-fc/199610794,1996,33,premier_league
Queens Park Rangers,Southampton,3-0,https://www.besoccer.com/match/queens-park-rangers-fc/southampton-fc/199610795,1996,33,premier_league
Tottenham Hotspur,Coventry City,3-1,https://www.besoccer.com/match/tottenham-hotspur-fc/coventry-city/199610796,1996,33,premier_league
Blackburn Rovers,Everton,0-3,https://www.besoccer.com/match/blackburn-rovers-fc/everton-fc/199610797,1996,33,premier_league
Bolton Wanderers,Man. City,1-1,https://www.besoccer.com/match/bolton-wanderers-fc/manchester-city-fc/199610798,1996,33,premier_league
Leeds United,Middlesbrough,0-1,https://www.besoccer.com/match/leeds-united-afc/middlesbrough-fc/199610799,1996,33,premier_league
Liverpool,Newcastle,4-3,https://www.besoccer.com/match/liverpool/newcastle-united-fc/199610800,1996,33,premier_league
Aston Villa,West Ham,1-1,https://www.besoccer.com/match/aston-villa-fc/west-ham-united/199610801,1996,33,premier_league
Sheffield Wednesday,Chelsea,0-0,https://www.besoccer.com/match/sheffield-wednesday-fc/chelsea-fc/199610802,1996,33,premier_league
Middlesbrough,Sheffield Wednesday,3-1,https://www.besoccer.com/match/middlesbrough-fc/sheffield-wednesday-fc/199610803,1996,34,premier_league
Chelsea,Aston Villa,1-2,https://www.besoccer.com/match/chelsea-fc/aston-villa-fc/199610804,1996,34,premier_league
Southampton,Blackburn Rovers,1-0,https://www.besoccer.com/match/southampton-fc/blackburn-rovers-fc/199610805,1996,34,premier_league
Everton,Bolton Wanderers,3-0,https://www.besoccer.com/match/everton-fc/bolton-wanderers-fc/199610806,1996,34,premier_league
Arsenal,Leeds United,2-1,https://www.besoccer.com/match/arsenal/leeds-united-afc/199610807,1996,34,premier_league
Coventry City,Liverpool,1-0,https://www.besoccer.com/match/coventry-city/liverpool/199610808,1996,34,premier_league
Man. City,Man. Utd,2-3,https://www.besoccer.com/match/manchester-city-fc/manchester-united-fc/199610809,1996,34,premier_league
Newcastle,Queens Park Rangers,2-1,https://www.besoccer.com/match/newcastle-united-fc/queens-park-rangers-fc/199610810,1996,34,premier_league
Nottingham Forest,Tottenham Hotspur,2-1,https://www.besoccer.com/match/nottingham-forest-fc/tottenham-hotspur-fc/199610811,1996,34,premier_league
West Ham,Wimbledon FC,1-1,https://www.besoccer.com/match/west-ham-united/wimbledon-fc/199610812,1996,34,premier_league
Blackburn Rovers,Newcastle,2-1,https://www.besoccer.com/match/blackburn-rovers-fc/newcastle-united-fc/199610813,1996,35,premier_league
Sheffield Wednesday,Arsenal,1-0,https://www.besoccer.com/match/sheffield-wednesday-fc/arsenal/199610814,1996,35,premier_league
Tottenham Hotspur,Middlesbrough,1-1,https://www.besoccer.com/match/tottenham-hotspur-fc/middlesbrough-fc/199610815,1996,35,premier_league
Bolton Wanderers,Chelsea,2-1,https://www.besoccer.com/match/bolton-wanderers-fc/chelsea-fc/199610816,1996,35,premier_league
Man. Utd,Coventry City,1-0,https://www.besoccer.com/match/manchester-united-fc/coventry-city/199610817,1996,35,premier_league
Queens Park Rangers,Everton,3-1,https://www.besoccer.com/match/queens-park-rangers-fc/everton-fc/199610818,1996,35,premier_league
Wimbledon FC,Man. City,3-0,https://www.besoccer.com/match/wimbledon-fc/manchester-city-fc/199610819,1996,35,premier_league
Leeds United,Nottingham Forest,1-3,https://www.besoccer.com/match/leeds-united-afc/nottingham-forest-fc/199610820,1996,35,premier_league
Aston Villa,Southampton,3-0,https://www.besoccer.com/match/aston-villa-fc/southampton-fc/199610821,1996,35,premier_league
Liverpool,West Ham,2-0,https://www.besoccer.com/match/liverpool/west-ham-united/199610822,1996,35,premier_league
Nottingham Forest,Blackburn Rovers,1-5,https://www.besoccer.com/match/nottingham-forest-fc/blackburn-rovers-fc/199610823,1996,36,premier_league
West Ham,Bolton Wanderers,1-0,https://www.besoccer.com/match/west-ham-united/bolton-wanderers-fc/199610824,1996,36,premier_league
Chelsea,Leeds United,4-1,https://www.besoccer.com/match/chelsea-fc/leeds-united-afc/199610825,1996,36,premier_league
Southampton,Man. Utd,3-1,https://www.besoccer.com/match/southampton-fc/manchester-united-fc/199610826,1996,36,premier_league
Coventry City,Queens Park Rangers,1-0,https://www.besoccer.com/match/coventry-city/queens-park-rangers-fc/199610827,1996,36,premier_league
Man. City,Sheffield Wednesday,1-0,https://www.besoccer.com/match/manchester-city-fc/sheffield-wednesday-fc/199610828,1996,36,premier_league
Middlesbrough,Wimbledon FC,1-2,https://www.besoccer.com/match/middlesbrough-fc/wimbledon-fc/199610829,1996,36,premier_league
Newcastle,Aston Villa,1-0,https://www.besoccer.com/match/newcastle-united-fc/aston-villa-fc/199610830,1996,36,premier_league
Arsenal,Tottenham Hotspur,0-0,https://www.besoccer.com/match/arsenal/tottenham-hotspur-fc/199610831,1996,36,premier_league
Everton,Liverpool,1-1,https://www.besoccer.com/match/everton-fc/liverpool/199610832,1996,36,premier_league
Blackburn Rovers,Arsenal,1-1,https://www.besoccer.com/match/blackburn-rovers-fc/arsenal/199610833,1996,37,premier_league
Tottenham Hotspur,Chelsea,1-1,https://www.besoccer.com/match/tottenham-hotspur-fc/chelsea-fc/199610834,1996,37,premier_league
Wimbledon FC,Coventry City,0-2,https://www.besoccer.com/match/wimbledon-fc/coventry-city/199610835,1996,37,premier_league
Sheffield Wednesday,Everton,2-5,https://www.besoccer.com/match/sheffield-wednesday-fc/everton-fc/199610836,1996,37,premier_league
Aston Villa,Man. City,0-1,https://www.besoccer.com/match/aston-villa-fc/manchester-city-fc/199610837,1996,37,premier_league
Bolton Wanderers,Southampton,0-1,https://www.besoccer.com/match/bolton-wanderers-fc/southampton-fc/199610839,1996,37,premier_league
Queens Park Rangers,West Ham,3-0,https://www.besoccer.com/match/queens-park-rangers-fc/west-ham-united/199610840,1996,37,premier_league
Liverpool,Middlesbrough,1-0,https://www.besoccer.com/match/liverpool/middlesbrough-fc/199610838,1996,37,premier_league
Man. Utd,Nottingham Forest,5-0,https://www.besoccer.com/match/manchester-united-fc/nottingham-forest-fc/199610841,1996,37,premier_league
Leeds United,Newcastle,0-1,https://www.besoccer.com/match/leeds-united-afc/newcastle-united-fc/199610842,1996,37,premier_league
Everton,Aston Villa,1-0,https://www.besoccer.com/match/everton-fc/aston-villa-fc/199610843,1996,38,premier_league
Chelsea,Blackburn Rovers,2-3,https://www.besoccer.com/match/chelsea-fc/blackburn-rovers-fc/199610844,1996,38,premier_league
Arsenal,Bolton Wanderers,2-1,https://www.besoccer.com/match/arsenal/bolton-wanderers-fc/199610845,1996,38,premier_league
Coventry City,Leeds United,0-0,https://www.besoccer.com/match/coventry-city/leeds-united-afc/199610846,1996,38,premier_league
Man. City,Liverpool,2-2,https://www.besoccer.com/match/manchester-city-fc/liverpool/199610847,1996,38,premier_league
Middlesbrough,Man. Utd,0-3,https://www.besoccer.com/match/middlesbrough-fc/manchester-united-fc/199610848,1996,38,premier_league
Nottingham Forest,Queens Park Rangers,3-0,https://www.besoccer.com/match/nottingham-forest-fc/queens-park-rangers-fc/199610849,1996,38,premier_league
West Ham,Sheffield Wednesday,1-1,https://www.besoccer.com/match/west-ham-united/sheffield-wednesday-fc/199610850,1996,38,premier_league
Newcastle,Tottenham Hotspur,1-1,https://www.besoccer.com/match/newcastle-united-fc/tottenham-hotspur-fc/199610851,1996,38,premier_league
Southampton,Wimbledon FC,0-0,https://www.besoccer.com/match/southampton-fc/wimbledon-fc/199610852,1996,38,premier_league
