Home_Team,Away_Team,Result,Link,Season,Round,League
Roda JC,Heracles,3-1,https://www.besoccer.com/match/roda-jc/heracles/20162859,2016,1,eredivisie
Feyenoord,Utrecht,3-2,https://www.besoccer.com/match/feyenoord/fc-utrecht/20162861,2016,1,eredivisie
AZ Alkmaar,Ajax,0-3,https://www.besoccer.com/match/az/ajax/20162862,2016,1,eredivisie
Willem II,Vitesse,1-1,https://www.besoccer.com/match/willem-ii/vitesse/20162865,2016,1,eredivisie
ADO Den Haag,PSV,2-2,https://www.besoccer.com/match/ado-den-haag/psv/20162860,2016,1,eredivisie
Heerenveen,De Graafschap,3-1,https://www.besoccer.com/match/heerenveen/graafschap/20162857,2016,1,eredivisie
Groningen,Twente 1965,1-1,https://www.besoccer.com/match/fc-groningen/fc-twente-1965/20162864,2016,1,eredivisie
PEC Zwolle,Cambuur,2-2,https://www.besoccer.com/match/fc-zwolle/sc-cambuur-leeuwarden/20162858,2016,1,eredivisie
NEC Nijmegen,Excelsior,1-0,https://www.besoccer.com/match/nec/excelsior/20162863,2016,1,eredivisie
Vitesse,Roda JC,3-0,https://www.besoccer.com/match/vitesse/roda-jc/20162866,2016,2,eredivisie
De Graafschap,PEC Zwolle,0-3,https://www.besoccer.com/match/graafschap/fc-zwolle/20162867,2016,2,eredivisie
Ajax,Willem II,3-0,https://www.besoccer.com/match/ajax/willem-ii/20162868,2016,2,eredivisie
Twente 1965,ADO Den Haag,1-4,https://www.besoccer.com/match/fc-twente-1965/ado-den-haag/20162869,2016,2,eredivisie
Excelsior,AZ Alkmaar,2-2,https://www.besoccer.com/match/excelsior/az/20162870,2016,2,eredivisie
PSV,Groningen,2-0,https://www.besoccer.com/match/psv/fc-groningen/20162871,2016,2,eredivisie
Cambuur,Feyenoord,0-2,https://www.besoccer.com/match/sc-cambuur-leeuwarden/feyenoord/20162872,2016,2,eredivisie
Utrecht,Heerenveen,1-1,https://www.besoccer.com/match/fc-utrecht/heerenveen/20162873,2016,2,eredivisie
Heracles,NEC Nijmegen,3-0,https://www.besoccer.com/match/heracles/nec/20162874,2016,2,eredivisie
Groningen,Excelsior,2-0,https://www.besoccer.com/match/fc-groningen/excelsior/20162875,2016,3,eredivisie
Roda JC,De Graafschap,1-0,https://www.besoccer.com/match/roda-jc/graafschap/20162876,2016,3,eredivisie
Heerenveen,PSV,1-1,https://www.besoccer.com/match/heerenveen/psv/20162877,2016,3,eredivisie
Cambuur,Heracles,1-6,https://www.besoccer.com/match/sc-cambuur-leeuwarden/heracles/20162879,2016,3,eredivisie
PEC Zwolle,Twente 1965,2-1,https://www.besoccer.com/match/fc-zwolle/fc-twente-1965/20162880,2016,3,eredivisie
NEC Nijmegen,Ajax,0-2,https://www.besoccer.com/match/nec/ajax/20162878,2016,3,eredivisie
AZ Alkmaar,Willem II,0-0,https://www.besoccer.com/match/az/willem-ii/20162881,2016,3,eredivisie
ADO Den Haag,Utrecht,1-1,https://www.besoccer.com/match/ado-den-haag/fc-utrecht/20162882,2016,3,eredivisie
Feyenoord,Vitesse,2-0,https://www.besoccer.com/match/feyenoord/vitesse/20162883,2016,3,eredivisie
Willem II,NEC Nijmegen,0-1,https://www.besoccer.com/match/willem-ii/nec/20162884,2016,4,eredivisie
Utrecht,Groningen,2-0,https://www.besoccer.com/match/fc-utrecht/fc-groningen/20162885,2016,4,eredivisie
Heerenveen,PEC Zwolle,1-1,https://www.besoccer.com/match/heerenveen/fc-zwolle/20162886,2016,4,eredivisie
Excelsior,De Graafschap,3-0,https://www.besoccer.com/match/excelsior/graafschap/20162887,2016,4,eredivisie
Heracles,Twente 1965,2-0,https://www.besoccer.com/match/heracles/fc-twente-1965/20162888,2016,4,eredivisie
Ajax,ADO Den Haag,4-0,https://www.besoccer.com/match/ajax/ado-den-haag/20162889,2016,4,eredivisie
AZ Alkmaar,Roda JC,0-1,https://www.besoccer.com/match/az/roda-jc/20162890,2016,4,eredivisie
Vitesse,Cambuur,4-1,https://www.besoccer.com/match/vitesse/sc-cambuur-leeuwarden/20162891,2016,4,eredivisie
PSV,Feyenoord,3-1,https://www.besoccer.com/match/psv/feyenoord/20162892,2016,4,eredivisie
De Graafschap,AZ Alkmaar,1-3,https://www.besoccer.com/match/graafschap/az/20162893,2016,5,eredivisie
Roda JC,NEC Nijmegen,0-0,https://www.besoccer.com/match/roda-jc/nec/20162894,2016,5,eredivisie
Twente 1965,Ajax,2-2,https://www.besoccer.com/match/fc-twente-1965/ajax/20162895,2016,5,eredivisie
Cambuur,PSV,0-6,https://www.besoccer.com/match/sc-cambuur-leeuwarden/psv/20162896,2016,5,eredivisie
PEC Zwolle,Excelsior,3-0,https://www.besoccer.com/match/fc-zwolle/excelsior/20162897,2016,5,eredivisie
Groningen,Heerenveen,3-1,https://www.besoccer.com/match/fc-groningen/heerenveen/20162898,2016,5,eredivisie
Feyenoord,Willem II,1-0,https://www.besoccer.com/match/feyenoord/willem-ii/20162899,2016,5,eredivisie
ADO Den Haag,Heracles,0-1,https://www.besoccer.com/match/ado-den-haag/heracles/20162900,2016,5,eredivisie
Utrecht,Vitesse,2-1,https://www.besoccer.com/match/fc-utrecht/vitesse/20162901,2016,5,eredivisie
NEC Nijmegen,Heerenveen,2-0,https://www.besoccer.com/match/nec/heerenveen/20162902,2016,6,eredivisie
Cambuur,Twente 1965,0-0,https://www.besoccer.com/match/sc-cambuur-leeuwarden/fc-twente-1965/20162903,2016,6,eredivisie
PEC Zwolle,ADO Den Haag,2-1,https://www.besoccer.com/match/fc-zwolle/ado-den-haag/20162904,2016,6,eredivisie
Heracles,PSV,2-1,https://www.besoccer.com/match/heracles/psv/20162905,2016,6,eredivisie
Willem II,Utrecht,3-1,https://www.besoccer.com/match/willem-ii/fc-utrecht/20162906,2016,6,eredivisie
Roda JC,Feyenoord,1-1,https://www.besoccer.com/match/roda-jc/feyenoord/20162907,2016,6,eredivisie
Excelsior,Ajax,0-2,https://www.besoccer.com/match/excelsior/ajax/20162908,2016,6,eredivisie
Vitesse,De Graafschap,3-0,https://www.besoccer.com/match/vitesse/graafschap/20162909,2016,6,eredivisie
Groningen,AZ Alkmaar,2-0,https://www.besoccer.com/match/fc-groningen/az/20162910,2016,6,eredivisie
Heerenveen,Vitesse,0-0,https://www.besoccer.com/match/heerenveen/vitesse/20162911,2016,7,eredivisie
Utrecht,Cambuur,3-3,https://www.besoccer.com/match/fc-utrecht/sc-cambuur-leeuwarden/20162912,2016,7,eredivisie
Ajax,Groningen,2-0,https://www.besoccer.com/match/ajax/fc-groningen/20162913,2016,7,eredivisie
AZ Alkmaar,Heracles,3-1,https://www.besoccer.com/match/az/heracles/20162914,2016,7,eredivisie
PSV,NEC Nijmegen,2-1,https://www.besoccer.com/match/psv/nec/20162915,2016,7,eredivisie
De Graafschap,Willem II,2-2,https://www.besoccer.com/match/graafschap/willem-ii/20162916,2016,7,eredivisie
Feyenoord,PEC Zwolle,2-0,https://www.besoccer.com/match/feyenoord/fc-zwolle/20162917,2016,7,eredivisie
ADO Den Haag,Excelsior,3-3,https://www.besoccer.com/match/ado-den-haag/excelsior/20162918,2016,7,eredivisie
Twente 1965,Roda JC,2-1,https://www.besoccer.com/match/fc-twente-1965/roda-jc/20162919,2016,7,eredivisie
Heracles,Heerenveen,2-0,https://www.besoccer.com/match/heracles/heerenveen/20162920,2016,8,eredivisie
NEC Nijmegen,ADO Den Haag,4-1,https://www.besoccer.com/match/nec/ado-den-haag/20162921,2016,8,eredivisie
Roda JC,Cambuur,1-1,https://www.besoccer.com/match/roda-jc/sc-cambuur-leeuwarden/20162922,2016,8,eredivisie
Willem II,PEC Zwolle,0-1,https://www.besoccer.com/match/willem-ii/fc-zwolle/20162923,2016,8,eredivisie
Excelsior,Utrecht,1-0,https://www.besoccer.com/match/excelsior/fc-utrecht/20162924,2016,8,eredivisie
De Graafschap,Feyenoord,1-2,https://www.besoccer.com/match/graafschap/feyenoord/20162925,2016,8,eredivisie
Ajax,PSV,1-2,https://www.besoccer.com/match/ajax/psv/20162926,2016,8,eredivisie
Vitesse,Groningen,5-0,https://www.besoccer.com/match/vitesse/fc-groningen/20162927,2016,8,eredivisie
AZ Alkmaar,Twente 1965,3-1,https://www.besoccer.com/match/az/fc-twente-1965/20162928,2016,8,eredivisie
Cambuur,AZ Alkmaar,1-1,https://www.besoccer.com/match/sc-cambuur-leeuwarden/az/20162929,2016,9,eredivisie
Groningen,Willem II,2-1,https://www.besoccer.com/match/fc-groningen/willem-ii/20162930,2016,9,eredivisie
Heracles,Ajax,0-2,https://www.besoccer.com/match/heracles/ajax/20162931,2016,9,eredivisie
Utrecht,Roda JC,1-1,https://www.besoccer.com/match/fc-utrecht/roda-jc/20162932,2016,9,eredivisie
PSV,Excelsior,1-1,https://www.besoccer.com/match/psv/excelsior/20162933,2016,9,eredivisie
Twente 1965,NEC Nijmegen,1-0,https://www.besoccer.com/match/fc-twente-1965/nec/20162934,2016,9,eredivisie
Heerenveen,Feyenoord,2-5,https://www.besoccer.com/match/heerenveen/feyenoord/20162935,2016,9,eredivisie
ADO Den Haag,De Graafschap,1-1,https://www.besoccer.com/match/ado-den-haag/graafschap/20162936,2016,9,eredivisie
PEC Zwolle,Vitesse,1-5,https://www.besoccer.com/match/fc-zwolle/vitesse/20162937,2016,9,eredivisie
PEC Zwolle,Utrecht,1-2,https://www.besoccer.com/match/fc-zwolle/fc-utrecht/20162938,2016,10,eredivisie
Willem II,Heerenveen,2-2,https://www.besoccer.com/match/willem-ii/heerenveen/20162939,2016,10,eredivisie
De Graafschap,Heracles,0-1,https://www.besoccer.com/match/graafschap/heracles/20162940,2016,10,eredivisie
Twente 1965,PSV,1-3,https://www.besoccer.com/match/fc-twente-1965/psv/20162941,2016,10,eredivisie
Roda JC,Excelsior,1-2,https://www.besoccer.com/match/roda-jc/excelsior/20162942,2016,10,eredivisie
Cambuur,ADO Den Haag,1-1,https://www.besoccer.com/match/sc-cambuur-leeuwarden/ado-den-haag/20162943,2016,10,eredivisie
Vitesse,Ajax,1-3,https://www.besoccer.com/match/vitesse/ajax/20162944,2016,10,eredivisie
NEC Nijmegen,Groningen,1-1,https://www.besoccer.com/match/nec/fc-groningen/20162945,2016,10,eredivisie
Feyenoord,AZ Alkmaar,3-1,https://www.besoccer.com/match/feyenoord/az/20162946,2016,10,eredivisie
Heracles,Willem II,2-1,https://www.besoccer.com/match/heracles/willem-ii/20162947,2016,11,eredivisie
Groningen,PEC Zwolle,2-0,https://www.besoccer.com/match/fc-groningen/fc-zwolle/20162948,2016,11,eredivisie
Ajax,Roda JC,6-0,https://www.besoccer.com/match/ajax/roda-jc/20162949,2016,11,eredivisie
Excelsior,Vitesse,0-3,https://www.besoccer.com/match/excelsior/vitesse/20162950,2016,11,eredivisie
De Graafschap,PSV,3-6,https://www.besoccer.com/match/graafschap/psv/20162951,2016,11,eredivisie
ADO Den Haag,Feyenoord,1-0,https://www.besoccer.com/match/ado-den-haag/feyenoord/20162952,2016,11,eredivisie
Heerenveen,Cambuur,2-0,https://www.besoccer.com/match/heerenveen/sc-cambuur-leeuwarden/20162953,2016,11,eredivisie
Utrecht,Twente 1965,4-2,https://www.besoccer.com/match/fc-utrecht/fc-twente-1965/20162954,2016,11,eredivisie
AZ Alkmaar,NEC Nijmegen,2-4,https://www.besoccer.com/match/az/nec/20162955,2016,11,eredivisie
Roda JC,ADO Den Haag,1-1,https://www.besoccer.com/match/roda-jc/ado-den-haag/20162956,2016,12,eredivisie
Twente 1965,Heerenveen,1-4,https://www.besoccer.com/match/fc-twente-1965/heerenveen/20162957,2016,12,eredivisie
NEC Nijmegen,De Graafschap,2-0,https://www.besoccer.com/match/nec/graafschap/20162958,2016,12,eredivisie
Willem II,Excelsior,2-3,https://www.besoccer.com/match/willem-ii/excelsior/20162959,2016,12,eredivisie
PEC Zwolle,Heracles,1-1,https://www.besoccer.com/match/fc-zwolle/heracles/20162960,2016,12,eredivisie
PSV,Utrecht,3-1,https://www.besoccer.com/match/psv/fc-utrecht/20162961,2016,12,eredivisie
Cambuur,Groningen,2-2,https://www.besoccer.com/match/sc-cambuur-leeuwarden/fc-groningen/20162962,2016,12,eredivisie
Feyenoord,Ajax,1-1,https://www.besoccer.com/match/feyenoord/ajax/20162963,2016,12,eredivisie
Vitesse,AZ Alkmaar,0-2,https://www.besoccer.com/match/vitesse/az/20162964,2016,12,eredivisie
AZ Alkmaar,Heerenveen,3-1,https://www.besoccer.com/match/az/heerenveen/20162965,2016,13,eredivisie
Roda JC,PEC Zwolle,0-5,https://www.besoccer.com/match/roda-jc/fc-zwolle/20162966,2016,13,eredivisie
Ajax,Cambuur,5-1,https://www.besoccer.com/match/ajax/sc-cambuur-leeuwarden/20162967,2016,13,eredivisie
Willem II,PSV,2-2,https://www.besoccer.com/match/willem-ii/psv/20162968,2016,13,eredivisie
De Graafschap,Groningen,1-2,https://www.besoccer.com/match/graafschap/fc-groningen/20162969,2016,13,eredivisie
Heracles,Excelsior,0-0,https://www.besoccer.com/match/heracles/excelsior/20162970,2016,13,eredivisie
Feyenoord,Twente 1965,5-0,https://www.besoccer.com/match/feyenoord/fc-twente-1965/20162971,2016,13,eredivisie
NEC Nijmegen,Utrecht,1-0,https://www.besoccer.com/match/nec/fc-utrecht/20162972,2016,13,eredivisie
ADO Den Haag,Vitesse,2-2,https://www.besoccer.com/match/ado-den-haag/vitesse/20162973,2016,13,eredivisie
Cambuur,De Graafschap,2-3,https://www.besoccer.com/match/sc-cambuur-leeuwarden/graafschap/20162974,2016,14,eredivisie
Heerenveen,Roda JC,3-0,https://www.besoccer.com/match/heerenveen/roda-jc/20162975,2016,14,eredivisie
Excelsior,Feyenoord,2-4,https://www.besoccer.com/match/excelsior/feyenoord/20162976,2016,14,eredivisie
Twente 1965,Willem II,1-3,https://www.besoccer.com/match/fc-twente-1965/willem-ii/20162977,2016,14,eredivisie
Vitesse,NEC Nijmegen,1-0,https://www.besoccer.com/match/vitesse/nec/20162978,2016,14,eredivisie
PEC Zwolle,Ajax,0-2,https://www.besoccer.com/match/fc-zwolle/ajax/20162979,2016,14,eredivisie
Groningen,ADO Den Haag,2-1,https://www.besoccer.com/match/fc-groningen/ado-den-haag/20162980,2016,14,eredivisie
Utrecht,Heracles,4-2,https://www.besoccer.com/match/fc-utrecht/heracles/20162981,2016,14,eredivisie
PSV,AZ Alkmaar,3-0,https://www.besoccer.com/match/psv/az/20162982,2016,14,eredivisie
AZ Alkmaar,ADO Den Haag,0-1,https://www.besoccer.com/match/az/ado-den-haag/20162983,2016,15,eredivisie
Excelsior,Twente 1965,1-1,https://www.besoccer.com/match/excelsior/fc-twente-1965/20162984,2016,15,eredivisie
De Graafschap,Utrecht,0-1,https://www.besoccer.com/match/graafschap/fc-utrecht/20162985,2016,15,eredivisie
Vitesse,PSV,0-1,https://www.besoccer.com/match/vitesse/psv/20162986,2016,15,eredivisie
Ajax,Heerenveen,5-2,https://www.besoccer.com/match/ajax/heerenveen/20162987,2016,15,eredivisie
Willem II,Cambuur,3-0,https://www.besoccer.com/match/willem-ii/sc-cambuur-leeuwarden/20162988,2016,15,eredivisie
Feyenoord,Heracles,3-0,https://www.besoccer.com/match/feyenoord/heracles/20162989,2016,15,eredivisie
NEC Nijmegen,PEC Zwolle,2-2,https://www.besoccer.com/match/nec/fc-zwolle/20162990,2016,15,eredivisie
Roda JC,Groningen,0-0,https://www.besoccer.com/match/roda-jc/fc-groningen/20162991,2016,15,eredivisie
Heerenveen,Excelsior,2-1,https://www.besoccer.com/match/heerenveen/excelsior/20162992,2016,16,eredivisie
ADO Den Haag,Willem II,1-1,https://www.besoccer.com/match/ado-den-haag/willem-ii/20162996,2016,16,eredivisie
Cambuur,NEC Nijmegen,3-1,https://www.besoccer.com/match/sc-cambuur-leeuwarden/nec/20162994,2016,16,eredivisie
PSV,Roda JC,1-1,https://www.besoccer.com/match/psv/roda-jc/20162995,2016,16,eredivisie
Twente 1965,De Graafschap,2-1,https://www.besoccer.com/match/fc-twente-1965/graafschap/20162993,2016,16,eredivisie
Utrecht,Ajax,1-0,https://www.besoccer.com/match/fc-utrecht/ajax/20162997,2016,16,eredivisie
PEC Zwolle,AZ Alkmaar,2-1,https://www.besoccer.com/match/fc-zwolle/az/20162998,2016,16,eredivisie
Groningen,Feyenoord,1-1,https://www.besoccer.com/match/fc-groningen/feyenoord/20162999,2016,16,eredivisie
Heracles,Vitesse,1-1,https://www.besoccer.com/match/heracles/vitesse/20163000,2016,16,eredivisie
Vitesse,Twente 1965,5-1,https://www.besoccer.com/match/vitesse/fc-twente-1965/20163001,2016,17,eredivisie
AZ Alkmaar,Utrecht,2-2,https://www.besoccer.com/match/az/fc-utrecht/20163005,2016,17,eredivisie
PSV,PEC Zwolle,3-2,https://www.besoccer.com/match/psv/fc-zwolle/20163004,2016,17,eredivisie
Heracles,Groningen,2-1,https://www.besoccer.com/match/heracles/fc-groningen/20163003,2016,17,eredivisie
Excelsior,Cambuur,1-4,https://www.besoccer.com/match/excelsior/sc-cambuur-leeuwarden/20163006,2016,17,eredivisie
Willem II,Roda JC,3-2,https://www.besoccer.com/match/willem-ii/roda-jc/20163002,2016,17,eredivisie
Heerenveen,ADO Den Haag,0-4,https://www.besoccer.com/match/heerenveen/ado-den-haag/20163007,2016,17,eredivisie
NEC Nijmegen,Feyenoord,3-1,https://www.besoccer.com/match/nec/feyenoord/20163008,2016,17,eredivisie
Ajax,De Graafschap,2-1,https://www.besoccer.com/match/ajax/graafschap/20163009,2016,17,eredivisie
Twente 1965,Heracles,4-0,https://www.besoccer.com/match/fc-twente-1965/heracles/20163010,2016,18,eredivisie
Cambuur,Vitesse,0-2,https://www.besoccer.com/match/sc-cambuur-leeuwarden/vitesse/20163011,2016,18,eredivisie
PEC Zwolle,Heerenveen,5-2,https://www.besoccer.com/match/fc-zwolle/heerenveen/20163012,2016,18,eredivisie
Roda JC,AZ Alkmaar,0-1,https://www.besoccer.com/match/roda-jc/az/20163013,2016,18,eredivisie
De Graafschap,Excelsior,2-0,https://www.besoccer.com/match/graafschap/excelsior/20163014,2016,18,eredivisie
ADO Den Haag,Ajax,0-1,https://www.besoccer.com/match/ado-den-haag/ajax/20163015,2016,18,eredivisie
Feyenoord,PSV,0-2,https://www.besoccer.com/match/feyenoord/psv/20163016,2016,18,eredivisie
Groningen,Utrecht,1-4,https://www.besoccer.com/match/fc-groningen/fc-utrecht/20163017,2016,18,eredivisie
NEC Nijmegen,Willem II,1-0,https://www.besoccer.com/match/nec/willem-ii/20163018,2016,18,eredivisie
Groningen,NEC Nijmegen,0-0,https://www.besoccer.com/match/fc-groningen/nec/20163019,2016,19,eredivisie
Heracles,De Graafschap,2-1,https://www.besoccer.com/match/heracles/graafschap/20163020,2016,19,eredivisie
Ajax,Vitesse,1-0,https://www.besoccer.com/match/ajax/vitesse/20163021,2016,19,eredivisie
Excelsior,Roda JC,0-1,https://www.besoccer.com/match/excelsior/roda-jc/20163022,2016,19,eredivisie
Heerenveen,Willem II,3-1,https://www.besoccer.com/match/heerenveen/willem-ii/20163023,2016,19,eredivisie
AZ Alkmaar,Feyenoord,4-2,https://www.besoccer.com/match/az/feyenoord/20163024,2016,19,eredivisie
Utrecht,PEC Zwolle,1-0,https://www.besoccer.com/match/fc-utrecht/fc-zwolle/20163025,2016,19,eredivisie
PSV,Twente 1965,4-2,https://www.besoccer.com/match/psv/fc-twente-1965/20163026,2016,19,eredivisie
ADO Den Haag,Cambuur,2-1,https://www.besoccer.com/match/ado-den-haag/sc-cambuur-leeuwarden/20163027,2016,19,eredivisie
Willem II,Groningen,1-1,https://www.besoccer.com/match/willem-ii/fc-groningen/20163028,2016,20,eredivisie
Ajax,Heracles,0-0,https://www.besoccer.com/match/ajax/heracles/20163029,2016,20,eredivisie
AZ Alkmaar,Cambuur,3-1,https://www.besoccer.com/match/az/sc-cambuur-leeuwarden/20163030,2016,20,eredivisie
NEC Nijmegen,Twente 1965,2-0,https://www.besoccer.com/match/nec/fc-twente-1965/20163031,2016,20,eredivisie
De Graafschap,ADO Den Haag,3-1,https://www.besoccer.com/match/graafschap/ado-den-haag/20163032,2016,20,eredivisie
Excelsior,PSV,1-3,https://www.besoccer.com/match/excelsior/psv/20163033,2016,20,eredivisie
Vitesse,PEC Zwolle,1-1,https://www.besoccer.com/match/vitesse/fc-zwolle/20163034,2016,20,eredivisie
Roda JC,Utrecht,1-0,https://www.besoccer.com/match/roda-jc/fc-utrecht/20163035,2016,20,eredivisie
Feyenoord,Heerenveen,1-2,https://www.besoccer.com/match/feyenoord/heerenveen/20163036,2016,20,eredivisie
Willem II,Heracles,0-0,https://www.besoccer.com/match/willem-ii/heracles/20163037,2016,21,eredivisie
Vitesse,Excelsior,0-0,https://www.besoccer.com/match/vitesse/excelsior/20163038,2016,21,eredivisie
PEC Zwolle,Groningen,1-3,https://www.besoccer.com/match/fc-zwolle/fc-groningen/20163039,2016,21,eredivisie
PSV,De Graafschap,4-2,https://www.besoccer.com/match/psv/graafschap/20163040,2016,21,eredivisie
NEC Nijmegen,AZ Alkmaar,0-3,https://www.besoccer.com/match/nec/az/20163041,2016,21,eredivisie
Roda JC,Ajax,2-2,https://www.besoccer.com/match/roda-jc/ajax/20163042,2016,21,eredivisie
Cambuur,Heerenveen,0-1,https://www.besoccer.com/match/sc-cambuur-leeuwarden/heerenveen/20163043,2016,21,eredivisie
Feyenoord,ADO Den Haag,0-2,https://www.besoccer.com/match/feyenoord/ado-den-haag/20163044,2016,21,eredivisie
Twente 1965,Utrecht,3-1,https://www.besoccer.com/match/fc-twente-1965/fc-utrecht/20163045,2016,21,eredivisie
Excelsior,Willem II,0-0,https://www.besoccer.com/match/excelsior/willem-ii/20163046,2016,22,eredivisie
ADO Den Haag,Roda JC,2-2,https://www.besoccer.com/match/ado-den-haag/roda-jc/20163047,2016,22,eredivisie
Heerenveen,Twente 1965,1-3,https://www.besoccer.com/match/heerenveen/fc-twente-1965/20163048,2016,22,eredivisie
AZ Alkmaar,Vitesse,1-0,https://www.besoccer.com/match/az/vitesse/20163049,2016,22,eredivisie
Heracles,PEC Zwolle,2-0,https://www.besoccer.com/match/heracles/fc-zwolle/20163050,2016,22,eredivisie
Ajax,Feyenoord,2-1,https://www.besoccer.com/match/ajax/feyenoord/20163051,2016,22,eredivisie
De Graafschap,NEC Nijmegen,1-1,https://www.besoccer.com/match/graafschap/nec/20163052,2016,22,eredivisie
Groningen,Cambuur,2-0,https://www.besoccer.com/match/fc-groningen/sc-cambuur-leeuwarden/20163053,2016,22,eredivisie
Utrecht,PSV,0-2,https://www.besoccer.com/match/fc-utrecht/psv/20163054,2016,22,eredivisie
Cambuur,Utrecht,0-2,https://www.besoccer.com/match/sc-cambuur-leeuwarden/fc-utrecht/20163055,2016,23,eredivisie
Heracles,AZ Alkmaar,3-6,https://www.besoccer.com/match/heracles/az/20163056,2016,23,eredivisie
Willem II,De Graafschap,0-0,https://www.besoccer.com/match/willem-ii/graafschap/20163057,2016,23,eredivisie
Roda JC,Twente 1965,0-1,https://www.besoccer.com/match/roda-jc/fc-twente-1965/20163058,2016,23,eredivisie
Vitesse,Heerenveen,3-0,https://www.besoccer.com/match/vitesse/heerenveen/20163059,2016,23,eredivisie
Groningen,Ajax,1-2,https://www.besoccer.com/match/fc-groningen/ajax/20163060,2016,23,eredivisie
PEC Zwolle,Feyenoord,3-1,https://www.besoccer.com/match/fc-zwolle/feyenoord/20163061,2016,23,eredivisie
Excelsior,ADO Den Haag,2-4,https://www.besoccer.com/match/excelsior/ado-den-haag/20163062,2016,23,eredivisie
NEC Nijmegen,PSV,0-3,https://www.besoccer.com/match/nec/psv/20163063,2016,23,eredivisie
ADO Den Haag,PEC Zwolle,0-2,https://www.besoccer.com/match/ado-den-haag/fc-zwolle/20163064,2016,24,eredivisie
AZ Alkmaar,Groningen,4-1,https://www.besoccer.com/match/az/fc-groningen/20163065,2016,24,eredivisie
Heerenveen,NEC Nijmegen,1-1,https://www.besoccer.com/match/heerenveen/nec/20163066,2016,24,eredivisie
PSV,Heracles,2-0,https://www.besoccer.com/match/psv/heracles/20163067,2016,24,eredivisie
Twente 1965,Cambuur,3-0,https://www.besoccer.com/match/fc-twente-1965/sc-cambuur-leeuwarden/20163068,2016,24,eredivisie
De Graafschap,Vitesse,2-2,https://www.besoccer.com/match/graafschap/vitesse/20163072,2016,24,eredivisie
Utrecht,Willem II,2-1,https://www.besoccer.com/match/fc-utrecht/willem-ii/20163070,2016,24,eredivisie
Ajax,Excelsior,3-0,https://www.besoccer.com/match/ajax/excelsior/20163071,2016,24,eredivisie
Feyenoord,Roda JC,1-1,https://www.besoccer.com/match/feyenoord/roda-jc/20163069,2016,24,eredivisie
Excelsior,NEC Nijmegen,2-0,https://www.besoccer.com/match/excelsior/nec/20163073,2016,25,eredivisie
Twente 1965,Groningen,2-0,https://www.besoccer.com/match/fc-twente-1965/fc-groningen/20163074,2016,25,eredivisie
Cambuur,PEC Zwolle,1-0,https://www.besoccer.com/match/sc-cambuur-leeuwarden/fc-zwolle/20163075,2016,25,eredivisie
PSV,ADO Den Haag,2-0,https://www.besoccer.com/match/psv/ado-den-haag/20163076,2016,25,eredivisie
Vitesse,Willem II,0-1,https://www.besoccer.com/match/vitesse/willem-ii/20163077,2016,25,eredivisie
Heracles,Roda JC,0-5,https://www.besoccer.com/match/heracles/roda-jc/20163078,2016,25,eredivisie
De Graafschap,Heerenveen,0-1,https://www.besoccer.com/match/graafschap/heerenveen/20163079,2016,25,eredivisie
Utrecht,Feyenoord,1-2,https://www.besoccer.com/match/fc-utrecht/feyenoord/20163080,2016,25,eredivisie
Ajax,AZ Alkmaar,4-1,https://www.besoccer.com/match/ajax/az/20163081,2016,25,eredivisie
ADO Den Haag,Twente 1965,2-1,https://www.besoccer.com/match/ado-den-haag/fc-twente-1965/20163082,2016,26,eredivisie
PEC Zwolle,De Graafschap,2-1,https://www.besoccer.com/match/fc-zwolle/graafschap/20163083,2016,26,eredivisie
Groningen,PSV,0-3,https://www.besoccer.com/match/fc-groningen/psv/20163085,2016,26,eredivisie
Heerenveen,Utrecht,0-4,https://www.besoccer.com/match/heerenveen/fc-utrecht/20163086,2016,26,eredivisie
NEC Nijmegen,Heracles,1-0,https://www.besoccer.com/match/nec/heracles/20163087,2016,26,eredivisie
AZ Alkmaar,Excelsior,2-0,https://www.besoccer.com/match/az/excelsior/20163084,2016,26,eredivisie
Willem II,Ajax,0-4,https://www.besoccer.com/match/willem-ii/ajax/20163088,2016,26,eredivisie
Roda JC,Vitesse,1-2,https://www.besoccer.com/match/roda-jc/vitesse/20163089,2016,26,eredivisie
Feyenoord,Cambuur,3-1,https://www.besoccer.com/match/feyenoord/sc-cambuur-leeuwarden/20163090,2016,26,eredivisie
De Graafschap,Roda JC,3-0,https://www.besoccer.com/match/graafschap/roda-jc/20163091,2016,27,eredivisie
Twente 1965,PEC Zwolle,2-1,https://www.besoccer.com/match/fc-twente-1965/fc-zwolle/20163094,2016,27,eredivisie
Willem II,AZ Alkmaar,0-2,https://www.besoccer.com/match/willem-ii/az/20163092,2016,27,eredivisie
PSV,Heerenveen,1-1,https://www.besoccer.com/match/psv/heerenveen/20163093,2016,27,eredivisie
Excelsior,Groningen,2-1,https://www.besoccer.com/match/excelsior/fc-groningen/20163095,2016,27,eredivisie
Utrecht,ADO Den Haag,2-2,https://www.besoccer.com/match/fc-utrecht/ado-den-haag/20163096,2016,27,eredivisie
Heracles,Cambuur,3-1,https://www.besoccer.com/match/heracles/sc-cambuur-leeuwarden/20163097,2016,27,eredivisie
Vitesse,Feyenoord,0-2,https://www.besoccer.com/match/vitesse/feyenoord/20163098,2016,27,eredivisie
Ajax,NEC Nijmegen,2-2,https://www.besoccer.com/match/ajax/nec/20163099,2016,27,eredivisie
Utrecht,Excelsior,2-1,https://www.besoccer.com/match/fc-utrecht/excelsior/20163100,2016,28,eredivisie
Heerenveen,Heracles,0-1,https://www.besoccer.com/match/heerenveen/heracles/20163101,2016,28,eredivisie
Feyenoord,De Graafschap,3-1,https://www.besoccer.com/match/feyenoord/graafschap/20163102,2016,28,eredivisie
PEC Zwolle,Willem II,4-1,https://www.besoccer.com/match/fc-zwolle/willem-ii/20163103,2016,28,eredivisie
Cambuur,Roda JC,0-1,https://www.besoccer.com/match/sc-cambuur-leeuwarden/roda-jc/20163104,2016,28,eredivisie
Twente 1965,AZ Alkmaar,2-2,https://www.besoccer.com/match/fc-twente-1965/az/20163105,2016,28,eredivisie
Groningen,Vitesse,0-3,https://www.besoccer.com/match/fc-groningen/vitesse/20163106,2016,28,eredivisie
ADO Den Haag,NEC Nijmegen,1-0,https://www.besoccer.com/match/ado-den-haag/nec/20163107,2016,28,eredivisie
PSV,Ajax,0-2,https://www.besoccer.com/match/psv/ajax/20163108,2016,28,eredivisie
Heracles,Utrecht,1-1,https://www.besoccer.com/match/heracles/fc-utrecht/20163109,2016,29,eredivisie
De Graafschap,Cambuur,2-2,https://www.besoccer.com/match/graafschap/sc-cambuur-leeuwarden/20163110,2016,29,eredivisie
AZ Alkmaar,PSV,2-4,https://www.besoccer.com/match/az/psv/20163111,2016,29,eredivisie
Feyenoord,Excelsior,3-0,https://www.besoccer.com/match/feyenoord/excelsior/20163112,2016,29,eredivisie
Willem II,Twente 1965,2-3,https://www.besoccer.com/match/willem-ii/fc-twente-1965/20163113,2016,29,eredivisie
NEC Nijmegen,Vitesse,2-1,https://www.besoccer.com/match/nec/vitesse/20163114,2016,29,eredivisie
Roda JC,Heerenveen,1-2,https://www.besoccer.com/match/roda-jc/heerenveen/20163115,2016,29,eredivisie
ADO Den Haag,Groningen,0-1,https://www.besoccer.com/match/ado-den-haag/fc-groningen/20163116,2016,29,eredivisie
Ajax,PEC Zwolle,3-0,https://www.besoccer.com/match/ajax/fc-zwolle/20163117,2016,29,eredivisie
PEC Zwolle,Roda JC,3-1,https://www.besoccer.com/match/fc-zwolle/roda-jc/20163118,2016,30,eredivisie
Excelsior,Heracles,1-3,https://www.besoccer.com/match/excelsior/heracles/20163119,2016,30,eredivisie
Cambuur,Ajax,0-1,https://www.besoccer.com/match/sc-cambuur-leeuwarden/ajax/20163120,2016,30,eredivisie
Vitesse,ADO Den Haag,2-2,https://www.besoccer.com/match/vitesse/ado-den-haag/20163121,2016,30,eredivisie
PSV,Willem II,2-0,https://www.besoccer.com/match/psv/willem-ii/20163122,2016,30,eredivisie
Heerenveen,AZ Alkmaar,4-2,https://www.besoccer.com/match/heerenveen/az/20163123,2016,30,eredivisie
Utrecht,NEC Nijmegen,3-1,https://www.besoccer.com/match/fc-utrecht/nec/20163124,2016,30,eredivisie
Groningen,De Graafschap,3-1,https://www.besoccer.com/match/fc-groningen/graafschap/20163125,2016,30,eredivisie
Twente 1965,Feyenoord,0-1,https://www.besoccer.com/match/fc-twente-1965/feyenoord/20163126,2016,30,eredivisie
De Graafschap,Twente 1965,1-1,https://www.besoccer.com/match/graafschap/fc-twente-1965/20163127,2016,31,eredivisie
Vitesse,Heracles,1-1,https://www.besoccer.com/match/vitesse/heracles/20163128,2016,31,eredivisie
Feyenoord,Groningen,1-1,https://www.besoccer.com/match/feyenoord/fc-groningen/20163129,2016,31,eredivisie
AZ Alkmaar,PEC Zwolle,5-1,https://www.besoccer.com/match/az/fc-zwolle/20163130,2016,31,eredivisie
Roda JC,PSV,0-3,https://www.besoccer.com/match/roda-jc/psv/20163131,2016,31,eredivisie
Ajax,Utrecht,2-2,https://www.besoccer.com/match/ajax/fc-utrecht/20163132,2016,31,eredivisie
Willem II,ADO Den Haag,0-2,https://www.besoccer.com/match/willem-ii/ado-den-haag/20163133,2016,31,eredivisie
NEC Nijmegen,Cambuur,2-1,https://www.besoccer.com/match/nec/sc-cambuur-leeuwarden/20163134,2016,31,eredivisie
Excelsior,Heerenveen,1-1,https://www.besoccer.com/match/excelsior/heerenveen/20163135,2016,31,eredivisie
Groningen,Roda JC,1-0,https://www.besoccer.com/match/fc-groningen/roda-jc/20163136,2016,32,eredivisie
PSV,Vitesse,2-0,https://www.besoccer.com/match/psv/vitesse/20163137,2016,32,eredivisie
PEC Zwolle,NEC Nijmegen,2-0,https://www.besoccer.com/match/fc-zwolle/nec/20163140,2016,32,eredivisie
Utrecht,De Graafschap,0-2,https://www.besoccer.com/match/fc-utrecht/graafschap/20163142,2016,32,eredivisie
Heracles,Feyenoord,2-2,https://www.besoccer.com/match/heracles/feyenoord/20163144,2016,32,eredivisie
Twente 1965,Excelsior,2-0,https://www.besoccer.com/match/fc-twente-1965/excelsior/20163138,2016,32,eredivisie
Heerenveen,Ajax,0-2,https://www.besoccer.com/match/heerenveen/ajax/20163141,2016,32,eredivisie
ADO Den Haag,AZ Alkmaar,1-2,https://www.besoccer.com/match/ado-den-haag/az/20163139,2016,32,eredivisie
Cambuur,Willem II,1-1,https://www.besoccer.com/match/sc-cambuur-leeuwarden/willem-ii/20163143,2016,32,eredivisie
Heerenveen,Groningen,1-2,https://www.besoccer.com/match/heerenveen/fc-groningen/20163145,2016,33,eredivisie
AZ Alkmaar,De Graafschap,4-1,https://www.besoccer.com/match/az/graafschap/20163146,2016,33,eredivisie
Willem II,Feyenoord,0-1,https://www.besoccer.com/match/willem-ii/feyenoord/20163147,2016,33,eredivisie
Ajax,Twente 1965,4-0,https://www.besoccer.com/match/ajax/fc-twente-1965/20163148,2016,33,eredivisie
PSV,Cambuur,6-2,https://www.besoccer.com/match/psv/sc-cambuur-leeuwarden/20163149,2016,33,eredivisie
Excelsior,PEC Zwolle,2-2,https://www.besoccer.com/match/excelsior/fc-zwolle/20163150,2016,33,eredivisie
Heracles,ADO Den Haag,1-1,https://www.besoccer.com/match/heracles/ado-den-haag/20163151,2016,33,eredivisie
Vitesse,Utrecht,1-3,https://www.besoccer.com/match/vitesse/fc-utrecht/20163152,2016,33,eredivisie
NEC Nijmegen,Roda JC,1-2,https://www.besoccer.com/match/nec/roda-jc/20163153,2016,33,eredivisie
Cambuur,Excelsior,0-2,https://www.besoccer.com/match/sc-cambuur-leeuwarden/excelsior/20163154,2016,34,eredivisie
Utrecht,AZ Alkmaar,1-3,https://www.besoccer.com/match/fc-utrecht/az/20163155,2016,34,eredivisie
Feyenoord,NEC Nijmegen,1-0,https://www.besoccer.com/match/feyenoord/nec/20163156,2016,34,eredivisie
PEC Zwolle,PSV,1-3,https://www.besoccer.com/match/fc-zwolle/psv/20163157,2016,34,eredivisie
De Graafschap,Ajax,1-1,https://www.besoccer.com/match/graafschap/ajax/20163158,2016,34,eredivisie
Roda JC,Willem II,2-3,https://www.besoccer.com/match/roda-jc/willem-ii/20163159,2016,34,eredivisie
Groningen,Heracles,2-1,https://www.besoccer.com/match/fc-groningen/heracles/20163160,2016,34,eredivisie
ADO Den Haag,Heerenveen,1-1,https://www.besoccer.com/match/ado-den-haag/heerenveen/20163161,2016,34,eredivisie
Twente 1965,Vitesse,2-2,https://www.besoccer.com/match/fc-twente-1965/vitesse/20163162,2016,34,eredivisie
