Home_Team,Away_Team,Result,Link,Season,Round,League
Roda JC,Twente 1965,0-0,https://www.besoccer.com/match/roda-jc/fc-twente-1965/20118378,2011,1,eredivisie
NEC Nijmegen,VVV Venlo,1-0,https://www.besoccer.com/match/nec/vvv/20118379,2011,1,eredivisie
Heracles,Willem II,3-0,https://www.besoccer.com/match/heracles/willem-ii/20118380,2011,1,eredivisie
De Graafschap,Excelsior,3-0,https://www.besoccer.com/match/graafschap/excelsior/20118381,2011,1,eredivisie
Heerenveen,PSV,1-3,https://www.besoccer.com/match/heerenveen/psv/20118382,2011,1,eredivisie
Vitesse,ADO Den Haag,3-1,https://www.besoccer.com/match/vitesse/ado-den-haag/20118383,2011,1,eredivisie
Feyenoord,Utrecht,3-1,https://www.besoccer.com/match/feyenoord/fc-utrecht/20118384,2011,1,eredivisie
Groningen,Ajax,2-2,https://www.besoccer.com/match/fc-groningen/ajax/20118385,2011,1,eredivisie
NAC Breda,AZ Alkmaar,1-1,https://www.besoccer.com/match/nac-breda/az/20118386,2011,1,eredivisie
Ajax,Vitesse,4-2,https://www.besoccer.com/match/ajax/vitesse/20118387,2011,2,eredivisie
PSV,De Graafschap,6-0,https://www.besoccer.com/match/psv/graafschap/20118388,2011,2,eredivisie
VVV Venlo,Heracles,1-0,https://www.besoccer.com/match/vvv/heracles/20118389,2011,2,eredivisie
AZ Alkmaar,Groningen,1-1,https://www.besoccer.com/match/az/fc-groningen/20118390,2011,2,eredivisie
Twente 1965,Heerenveen,0-0,https://www.besoccer.com/match/fc-twente-1965/heerenveen/20118391,2011,2,eredivisie
Excelsior,Feyenoord,3-2,https://www.besoccer.com/match/excelsior/feyenoord/20118392,2011,2,eredivisie
Utrecht,NAC Breda,3-1,https://www.besoccer.com/match/fc-utrecht/nac-breda/20118393,2011,2,eredivisie
Willem II,NEC Nijmegen,3-5,https://www.besoccer.com/match/willem-ii/nec/20118394,2011,2,eredivisie
ADO Den Haag,Roda JC,1-3,https://www.besoccer.com/match/ado-den-haag/roda-jc/20118395,2011,2,eredivisie
Excelsior,NEC Nijmegen,4-2,https://www.besoccer.com/match/excelsior/nec/20118396,2011,3,eredivisie
Vitesse,Twente 1965,0-3,https://www.besoccer.com/match/vitesse/fc-twente-1965/20118397,2011,3,eredivisie
Groningen,De Graafschap,2-1,https://www.besoccer.com/match/fc-groningen/graafschap/20118398,2011,3,eredivisie
Heerenveen,NAC Breda,3-1,https://www.besoccer.com/match/heerenveen/nac-breda/20118399,2011,3,eredivisie
Ajax,Roda JC,3-0,https://www.besoccer.com/match/ajax/roda-jc/20118400,2011,3,eredivisie
Utrecht,Willem II,3-0,https://www.besoccer.com/match/fc-utrecht/willem-ii/20118401,2011,3,eredivisie
Heracles,Feyenoord,1-1,https://www.besoccer.com/match/heracles/feyenoord/20118402,2011,3,eredivisie
VVV Venlo,ADO Den Haag,2-3,https://www.besoccer.com/match/vvv/ado-den-haag/20118403,2011,3,eredivisie
PSV,AZ Alkmaar,3-1,https://www.besoccer.com/match/psv/az/20118404,2011,3,eredivisie
Willem II,Groningen,0-3,https://www.besoccer.com/match/willem-ii/fc-groningen/20118405,2011,4,eredivisie
NAC Breda,VVV Venlo,2-0,https://www.besoccer.com/match/nac-breda/vvv/20118406,2011,4,eredivisie
Roda JC,Heracles,4-2,https://www.besoccer.com/match/roda-jc/heracles/20118407,2011,4,eredivisie
NEC Nijmegen,Heerenveen,2-2,https://www.besoccer.com/match/nec/heerenveen/20118408,2011,4,eredivisie
De Graafschap,Ajax,0-5,https://www.besoccer.com/match/graafschap/ajax/20118409,2011,4,eredivisie
Twente 1965,Utrecht,4-0,https://www.besoccer.com/match/fc-twente-1965/fc-utrecht/20118410,2011,4,eredivisie
Feyenoord,Vitesse,4-0,https://www.besoccer.com/match/feyenoord/vitesse/20118411,2011,4,eredivisie
ADO Den Haag,PSV,2-2,https://www.besoccer.com/match/ado-den-haag/psv/20118412,2011,4,eredivisie
AZ Alkmaar,Excelsior,1-1,https://www.besoccer.com/match/az/excelsior/20118413,2011,4,eredivisie
VVV Venlo,Twente 1965,1-2,https://www.besoccer.com/match/vvv/fc-twente-1965/20118414,2011,5,eredivisie
Ajax,Willem II,2-0,https://www.besoccer.com/match/ajax/willem-ii/20118419,2011,5,eredivisie
PSV,NEC Nijmegen,3-1,https://www.besoccer.com/match/psv/nec/20118415,2011,5,eredivisie
Heerenveen,Vitesse,2-1,https://www.besoccer.com/match/heerenveen/vitesse/20118416,2011,5,eredivisie
Excelsior,Heracles,2-1,https://www.besoccer.com/match/excelsior/heracles/20118417,2011,5,eredivisie
AZ Alkmaar,Roda JC,1-2,https://www.besoccer.com/match/az/roda-jc/20118421,2011,5,eredivisie
NAC Breda,Feyenoord,2-0,https://www.besoccer.com/match/nac-breda/feyenoord/20118418,2011,5,eredivisie
ADO Den Haag,De Graafschap,2-2,https://www.besoccer.com/match/ado-den-haag/graafschap/20118420,2011,5,eredivisie
Groningen,Utrecht,1-0,https://www.besoccer.com/match/fc-groningen/fc-utrecht/20118422,2011,5,eredivisie
De Graafschap,Heerenveen,3-2,https://www.besoccer.com/match/graafschap/heerenveen/20118423,2011,6,eredivisie
Groningen,Excelsior,2-0,https://www.besoccer.com/match/fc-groningen/excelsior/20118424,2011,6,eredivisie
Vitesse,NAC Breda,0-0,https://www.besoccer.com/match/vitesse/nac-breda/20118425,2011,6,eredivisie
Willem II,ADO Den Haag,2-4,https://www.besoccer.com/match/willem-ii/ado-den-haag/20118426,2011,6,eredivisie
Feyenoord,Ajax,1-2,https://www.besoccer.com/match/feyenoord/ajax/20118427,2011,6,eredivisie
NEC Nijmegen,AZ Alkmaar,0-1,https://www.besoccer.com/match/nec/az/20118428,2011,6,eredivisie
Roda JC,PSV,0-0,https://www.besoccer.com/match/roda-jc/psv/20118429,2011,6,eredivisie
Utrecht,VVV Venlo,3-2,https://www.besoccer.com/match/fc-utrecht/vvv/20118430,2011,6,eredivisie
Heracles,Twente 1965,0-0,https://www.besoccer.com/match/heracles/fc-twente-1965/20118431,2011,6,eredivisie
Heerenveen,Roda JC,2-2,https://www.besoccer.com/match/heerenveen/roda-jc/20118432,2011,7,eredivisie
PSV,Groningen,1-1,https://www.besoccer.com/match/psv/fc-groningen/20118433,2011,7,eredivisie
AZ Alkmaar,Utrecht,1-0,https://www.besoccer.com/match/az/fc-utrecht/20118434,2011,7,eredivisie
ADO Den Haag,Heracles,3-2,https://www.besoccer.com/match/ado-den-haag/heracles/20118435,2011,7,eredivisie
Twente 1965,Ajax,2-2,https://www.besoccer.com/match/fc-twente-1965/ajax/20118436,2011,7,eredivisie
Excelsior,Vitesse,0-2,https://www.besoccer.com/match/excelsior/vitesse/20118437,2011,7,eredivisie
NAC Breda,Willem II,2-1,https://www.besoccer.com/match/nac-breda/willem-ii/20118438,2011,7,eredivisie
NEC Nijmegen,Feyenoord,3-0,https://www.besoccer.com/match/nec/feyenoord/20118439,2011,7,eredivisie
VVV Venlo,De Graafschap,1-0,https://www.besoccer.com/match/vvv/graafschap/20118440,2011,7,eredivisie
Vitesse,Willem II,0-0,https://www.besoccer.com/match/vitesse/willem-ii/20118441,2011,8,eredivisie
NAC Breda,NEC Nijmegen,2-0,https://www.besoccer.com/match/nac-breda/nec/20118442,2011,8,eredivisie
Excelsior,Roda JC,1-2,https://www.besoccer.com/match/excelsior/roda-jc/20118443,2011,8,eredivisie
Ajax,Utrecht,1-2,https://www.besoccer.com/match/ajax/fc-utrecht/20118444,2011,8,eredivisie
Twente 1965,Groningen,4-2,https://www.besoccer.com/match/fc-twente-1965/fc-groningen/20118445,2011,8,eredivisie
AZ Alkmaar,Heracles,2-1,https://www.besoccer.com/match/az/heracles/20118446,2011,8,eredivisie
De Graafschap,Feyenoord,1-1,https://www.besoccer.com/match/graafschap/feyenoord/20118447,2011,8,eredivisie
Heerenveen,ADO Den Haag,0-0,https://www.besoccer.com/match/heerenveen/ado-den-haag/20118448,2011,8,eredivisie
PSV,VVV Venlo,3-0,https://www.besoccer.com/match/psv/vvv/20118449,2011,8,eredivisie
Ajax,NAC Breda,3-0,https://www.besoccer.com/match/ajax/nac-breda/20118450,2011,9,eredivisie
Utrecht,De Graafschap,2-2,https://www.besoccer.com/match/fc-utrecht/graafschap/20118451,2011,9,eredivisie
ADO Den Haag,Excelsior,2-1,https://www.besoccer.com/match/ado-den-haag/excelsior/20118452,2011,9,eredivisie
VVV Venlo,AZ Alkmaar,0-1,https://www.besoccer.com/match/vvv/az/20118453,2011,9,eredivisie
Feyenoord,Twente 1965,0-1,https://www.besoccer.com/match/feyenoord/fc-twente-1965/20118454,2011,9,eredivisie
Willem II,PSV,2-4,https://www.besoccer.com/match/willem-ii/psv/20118455,2011,9,eredivisie
Groningen,Heerenveen,1-0,https://www.besoccer.com/match/fc-groningen/heerenveen/20118456,2011,9,eredivisie
Roda JC,Vitesse,4-1,https://www.besoccer.com/match/roda-jc/vitesse/20118457,2011,9,eredivisie
Heracles,NEC Nijmegen,3-2,https://www.besoccer.com/match/heracles/nec/20118458,2011,9,eredivisie
NAC Breda,Roda JC,1-2,https://www.besoccer.com/match/nac-breda/roda-jc/20118459,2011,10,eredivisie
NEC Nijmegen,Groningen,3-2,https://www.besoccer.com/match/nec/fc-groningen/20118460,2011,10,eredivisie
De Graafschap,Heracles,1-1,https://www.besoccer.com/match/graafschap/heracles/20118461,2011,10,eredivisie
Heerenveen,VVV Venlo,2-0,https://www.besoccer.com/match/heerenveen/vvv/20118462,2011,10,eredivisie
Excelsior,Ajax,2-2,https://www.besoccer.com/match/excelsior/ajax/20118463,2011,10,eredivisie
PSV,Feyenoord,10-0,https://www.besoccer.com/match/psv/feyenoord/20118464,2011,10,eredivisie
Twente 1965,ADO Den Haag,3-2,https://www.besoccer.com/match/fc-twente-1965/ado-den-haag/20118465,2011,10,eredivisie
AZ Alkmaar,Willem II,3-0,https://www.besoccer.com/match/az/willem-ii/20118466,2011,10,eredivisie
Vitesse,Utrecht,1-4,https://www.besoccer.com/match/vitesse/fc-utrecht/20118467,2011,10,eredivisie
Roda JC,NEC Nijmegen,1-1,https://www.besoccer.com/match/roda-jc/nec/20118468,2011,11,eredivisie
Heracles,NAC Breda,4-1,https://www.besoccer.com/match/heracles/nac-breda/20118469,2011,11,eredivisie
Groningen,ADO Den Haag,3-1,https://www.besoccer.com/match/fc-groningen/ado-den-haag/20118470,2011,11,eredivisie
Ajax,Heerenveen,3-1,https://www.besoccer.com/match/ajax/heerenveen/20118471,2011,11,eredivisie
De Graafschap,AZ Alkmaar,2-1,https://www.besoccer.com/match/graafschap/az/20118472,2011,11,eredivisie
Willem II,Twente 1965,1-3,https://www.besoccer.com/match/willem-ii/fc-twente-1965/20118473,2011,11,eredivisie
Feyenoord,VVV Venlo,3-0,https://www.besoccer.com/match/feyenoord/vvv/20118474,2011,11,eredivisie
Vitesse,PSV,0-2,https://www.besoccer.com/match/vitesse/psv/20118475,2011,11,eredivisie
Utrecht,Excelsior,2-0,https://www.besoccer.com/match/fc-utrecht/excelsior/20118476,2011,11,eredivisie
VVV Venlo,Groningen,3-5,https://www.besoccer.com/match/vvv/fc-groningen/20118477,2011,12,eredivisie
NAC Breda,De Graafschap,2-0,https://www.besoccer.com/match/nac-breda/graafschap/20118478,2011,12,eredivisie
Excelsior,Heerenveen,0-2,https://www.besoccer.com/match/excelsior/heerenveen/20118479,2011,12,eredivisie
Heracles,Ajax,1-4,https://www.besoccer.com/match/heracles/ajax/20118480,2011,12,eredivisie
PSV,Twente 1965,0-1,https://www.besoccer.com/match/psv/fc-twente-1965/20118481,2011,12,eredivisie
ADO Den Haag,Utrecht,1-0,https://www.besoccer.com/match/ado-den-haag/fc-utrecht/20118482,2011,12,eredivisie
NEC Nijmegen,Vitesse,0-0,https://www.besoccer.com/match/nec/vitesse/20118483,2011,12,eredivisie
Roda JC,Willem II,2-2,https://www.besoccer.com/match/roda-jc/willem-ii/20118484,2011,12,eredivisie
AZ Alkmaar,Feyenoord,2-1,https://www.besoccer.com/match/az/feyenoord/20118485,2011,12,eredivisie
Willem II,VVV Venlo,1-4,https://www.besoccer.com/match/willem-ii/vvv/20118486,2011,13,eredivisie
Twente 1965,Excelsior,2-1,https://www.besoccer.com/match/fc-twente-1965/excelsior/20118487,2011,13,eredivisie
Groningen,NAC Breda,2-1,https://www.besoccer.com/match/fc-groningen/nac-breda/20118488,2011,13,eredivisie
Heerenveen,Heracles,3-2,https://www.besoccer.com/match/heerenveen/heracles/20118489,2011,13,eredivisie
De Graafschap,NEC Nijmegen,1-4,https://www.besoccer.com/match/graafschap/nec/20118490,2011,13,eredivisie
Ajax,ADO Den Haag,0-1,https://www.besoccer.com/match/ajax/ado-den-haag/20118491,2011,13,eredivisie
Utrecht,PSV,1-2,https://www.besoccer.com/match/fc-utrecht/psv/20118492,2011,13,eredivisie
Vitesse,AZ Alkmaar,1-1,https://www.besoccer.com/match/vitesse/az/20118493,2011,13,eredivisie
Feyenoord,Roda JC,1-1,https://www.besoccer.com/match/feyenoord/roda-jc/20118494,2011,13,eredivisie
PSV,Excelsior,4-2,https://www.besoccer.com/match/psv/excelsior/20118497,2011,14,eredivisie
NAC Breda,Twente 1965,2-1,https://www.besoccer.com/match/nac-breda/fc-twente-1965/20118499,2011,14,eredivisie
NEC Nijmegen,ADO Den Haag,1-1,https://www.besoccer.com/match/nec/ado-den-haag/20118500,2011,14,eredivisie
VVV Venlo,Vitesse,1-5,https://www.besoccer.com/match/vvv/vitesse/20118501,2011,14,eredivisie
AZ Alkmaar,Ajax,2-0,https://www.besoccer.com/match/az/ajax/20118502,2011,14,eredivisie
Heracles,Groningen,3-0,https://www.besoccer.com/match/heracles/fc-groningen/20118495,2011,14,eredivisie
Feyenoord,Heerenveen,2-2,https://www.besoccer.com/match/feyenoord/heerenveen/20118503,2011,14,eredivisie
Willem II,De Graafschap,0-1,https://www.besoccer.com/match/willem-ii/graafschap/20118496,2011,14,eredivisie
Roda JC,Utrecht,1-1,https://www.besoccer.com/match/roda-jc/fc-utrecht/20118498,2011,14,eredivisie
Excelsior,VVV Venlo,1-0,https://www.besoccer.com/match/excelsior/vvv/20118504,2011,15,eredivisie
De Graafschap,Roda JC,3-1,https://www.besoccer.com/match/graafschap/roda-jc/20118505,2011,15,eredivisie
Twente 1965,AZ Alkmaar,1-2,https://www.besoccer.com/match/fc-twente-1965/az/20118506,2011,15,eredivisie
Vitesse,Heracles,2-0,https://www.besoccer.com/match/vitesse/heracles/20118507,2011,15,eredivisie
Ajax,PSV,0-0,https://www.besoccer.com/match/ajax/psv/20118512,2011,15,eredivisie
Groningen,Feyenoord,2-0,https://www.besoccer.com/match/fc-groningen/feyenoord/20118508,2011,15,eredivisie
ADO Den Haag,NAC Breda,3-0,https://www.besoccer.com/match/ado-den-haag/nac-breda/20118509,2011,15,eredivisie
Heerenveen,Willem II,5-0,https://www.besoccer.com/match/heerenveen/willem-ii/20118510,2011,15,eredivisie
Utrecht,NEC Nijmegen,4-0,https://www.besoccer.com/match/fc-utrecht/nec/20118511,2011,15,eredivisie
NAC Breda,PSV,4-2,https://www.besoccer.com/match/nac-breda/psv/20118513,2011,16,eredivisie
AZ Alkmaar,Heerenveen,2-2,https://www.besoccer.com/match/az/heerenveen/20118514,2011,16,eredivisie
Willem II,Excelsior,1-1,https://www.besoccer.com/match/willem-ii/excelsior/20118515,2011,16,eredivisie
Roda JC,Groningen,1-0,https://www.besoccer.com/match/roda-jc/fc-groningen/20118516,2011,16,eredivisie
NEC Nijmegen,Twente 1965,2-4,https://www.besoccer.com/match/nec/fc-twente-1965/20118517,2011,16,eredivisie
Feyenoord,ADO Den Haag,2-1,https://www.besoccer.com/match/feyenoord/ado-den-haag/20118518,2011,16,eredivisie
De Graafschap,Vitesse,1-1,https://www.besoccer.com/match/graafschap/vitesse/20118521,2011,16,eredivisie
VVV Venlo,Ajax,0-2,https://www.besoccer.com/match/vvv/ajax/20118519,2011,16,eredivisie
Heracles,Utrecht,2-1,https://www.besoccer.com/match/heracles/fc-utrecht/20118520,2011,16,eredivisie
Groningen,Vitesse,4-1,https://www.besoccer.com/match/fc-groningen/vitesse/20118522,2011,17,eredivisie
Ajax,NEC Nijmegen,1-1,https://www.besoccer.com/match/ajax/nec/20118529,2011,17,eredivisie
PSV,Heracles,5-2,https://www.besoccer.com/match/psv/heracles/20118524,2011,17,eredivisie
Twente 1965,De Graafschap,2-0,https://www.besoccer.com/match/fc-twente-1965/graafschap/20118526,2011,17,eredivisie
Willem II,Feyenoord,1-1,https://www.besoccer.com/match/willem-ii/feyenoord/20118527,2011,17,eredivisie
Utrecht,Heerenveen,2-1,https://www.besoccer.com/match/fc-utrecht/heerenveen/20118525,2011,17,eredivisie
ADO Den Haag,AZ Alkmaar,0-2,https://www.besoccer.com/match/ado-den-haag/az/20118530,2011,17,eredivisie
VVV Venlo,Roda JC,0-4,https://www.besoccer.com/match/vvv/roda-jc/20118528,2011,17,eredivisie
Excelsior,NAC Breda,1-3,https://www.besoccer.com/match/excelsior/nac-breda/20118523,2011,17,eredivisie
Heracles,VVV Venlo,2-2,https://www.besoccer.com/match/heracles/vvv/20118531,2011,18,eredivisie
NAC Breda,Utrecht,3-1,https://www.besoccer.com/match/nac-breda/fc-utrecht/20118532,2011,18,eredivisie
NEC Nijmegen,Willem II,3-1,https://www.besoccer.com/match/nec/willem-ii/20118533,2011,18,eredivisie
Roda JC,ADO Den Haag,1-1,https://www.besoccer.com/match/roda-jc/ado-den-haag/20118534,2011,18,eredivisie
De Graafschap,PSV,0-0,https://www.besoccer.com/match/graafschap/psv/20118535,2011,18,eredivisie
Vitesse,Ajax,0-1,https://www.besoccer.com/match/vitesse/ajax/20118536,2011,18,eredivisie
Groningen,AZ Alkmaar,2-0,https://www.besoccer.com/match/fc-groningen/az/20118537,2011,18,eredivisie
Heerenveen,Twente 1965,6-2,https://www.besoccer.com/match/heerenveen/fc-twente-1965/20118538,2011,18,eredivisie
Feyenoord,Excelsior,1-0,https://www.besoccer.com/match/feyenoord/excelsior/20118539,2011,18,eredivisie
Heerenveen,De Graafschap,4-0,https://www.besoccer.com/match/heerenveen/graafschap/20118541,2011,19,eredivisie
Excelsior,Groningen,2-2,https://www.besoccer.com/match/excelsior/fc-groningen/20118542,2011,19,eredivisie
NAC Breda,Vitesse,1-1,https://www.besoccer.com/match/nac-breda/vitesse/20118543,2011,19,eredivisie
ADO Den Haag,Willem II,2-1,https://www.besoccer.com/match/ado-den-haag/willem-ii/20118544,2011,19,eredivisie
VVV Venlo,Utrecht,1-2,https://www.besoccer.com/match/vvv/fc-utrecht/20118546,2011,19,eredivisie
PSV,Roda JC,3-1,https://www.besoccer.com/match/psv/roda-jc/20118548,2011,19,eredivisie
Twente 1965,Heracles,5-0,https://www.besoccer.com/match/fc-twente-1965/heracles/20118540,2011,19,eredivisie
Ajax,Feyenoord,2-0,https://www.besoccer.com/match/ajax/feyenoord/20118545,2011,19,eredivisie
AZ Alkmaar,NEC Nijmegen,2-2,https://www.besoccer.com/match/az/nec/20118547,2011,19,eredivisie
ADO Den Haag,Heerenveen,3-1,https://www.besoccer.com/match/ado-den-haag/heerenveen/20118549,2011,20,eredivisie
Heracles,AZ Alkmaar,0-0,https://www.besoccer.com/match/heracles/az/20118550,2011,20,eredivisie
NEC Nijmegen,NAC Breda,2-2,https://www.besoccer.com/match/nec/nac-breda/20118551,2011,20,eredivisie
Willem II,Vitesse,1-0,https://www.besoccer.com/match/willem-ii/vitesse/20118552,2011,20,eredivisie
Feyenoord,De Graafschap,0-1,https://www.besoccer.com/match/feyenoord/graafschap/20118553,2011,20,eredivisie
Utrecht,Ajax,3-0,https://www.besoccer.com/match/fc-utrecht/ajax/20118554,2011,20,eredivisie
Roda JC,Excelsior,3-0,https://www.besoccer.com/match/roda-jc/excelsior/20118555,2011,20,eredivisie
Groningen,Twente 1965,1-2,https://www.besoccer.com/match/fc-groningen/fc-twente-1965/20118556,2011,20,eredivisie
VVV Venlo,PSV,0-3,https://www.besoccer.com/match/vvv/psv/20118557,2011,20,eredivisie
NEC Nijmegen,Heracles,1-1,https://www.besoccer.com/match/nec/heracles/20118558,2011,21,eredivisie
Vitesse,Roda JC,5-2,https://www.besoccer.com/match/vitesse/roda-jc/20118559,2011,21,eredivisie
AZ Alkmaar,VVV Venlo,6-1,https://www.besoccer.com/match/az/vvv/20118561,2011,21,eredivisie
PSV,Willem II,2-1,https://www.besoccer.com/match/psv/willem-ii/20118562,2011,21,eredivisie
Excelsior,ADO Den Haag,1-5,https://www.besoccer.com/match/excelsior/ado-den-haag/20118563,2011,21,eredivisie
NAC Breda,Ajax,0-3,https://www.besoccer.com/match/nac-breda/ajax/20118564,2011,21,eredivisie
Heerenveen,Groningen,1-4,https://www.besoccer.com/match/heerenveen/fc-groningen/20118565,2011,21,eredivisie
Twente 1965,Feyenoord,2-1,https://www.besoccer.com/match/fc-twente-1965/feyenoord/20118566,2011,21,eredivisie
De Graafschap,Utrecht,0-0,https://www.besoccer.com/match/graafschap/fc-utrecht/20118560,2011,21,eredivisie
Ajax,De Graafschap,2-0,https://www.besoccer.com/match/ajax/graafschap/20118567,2011,22,eredivisie
Heerenveen,NEC Nijmegen,0-0,https://www.besoccer.com/match/heerenveen/nec/20118568,2011,22,eredivisie
PSV,ADO Den Haag,0-1,https://www.besoccer.com/match/psv/ado-den-haag/20118569,2011,22,eredivisie
Excelsior,AZ Alkmaar,2-1,https://www.besoccer.com/match/excelsior/az/20118570,2011,22,eredivisie
VVV Venlo,NAC Breda,3-0,https://www.besoccer.com/match/vvv/nac-breda/20118571,2011,22,eredivisie
Vitesse,Feyenoord,1-1,https://www.besoccer.com/match/vitesse/feyenoord/20118572,2011,22,eredivisie
Groningen,Willem II,7-1,https://www.besoccer.com/match/fc-groningen/willem-ii/20118573,2011,22,eredivisie
Utrecht,Twente 1965,1-1,https://www.besoccer.com/match/fc-utrecht/fc-twente-1965/20118574,2011,22,eredivisie
Heracles,Roda JC,1-0,https://www.besoccer.com/match/heracles/roda-jc/20118575,2011,22,eredivisie
ADO Den Haag,VVV Venlo,3-0,https://www.besoccer.com/match/ado-den-haag/vvv/20118576,2011,23,eredivisie
Willem II,Utrecht,3-3,https://www.besoccer.com/match/willem-ii/fc-utrecht/20118577,2011,23,eredivisie
Feyenoord,Heracles,2-1,https://www.besoccer.com/match/feyenoord/heracles/20118578,2011,23,eredivisie
Twente 1965,Vitesse,1-0,https://www.besoccer.com/match/fc-twente-1965/vitesse/20118579,2011,23,eredivisie
AZ Alkmaar,PSV,0-4,https://www.besoccer.com/match/az/psv/20118580,2011,23,eredivisie
NAC Breda,Heerenveen,0-2,https://www.besoccer.com/match/nac-breda/heerenveen/20118581,2011,23,eredivisie
Roda JC,Ajax,2-2,https://www.besoccer.com/match/roda-jc/ajax/20118582,2011,23,eredivisie
NEC Nijmegen,Excelsior,2-0,https://www.besoccer.com/match/nec/excelsior/20118583,2011,23,eredivisie
De Graafschap,Groningen,1-1,https://www.besoccer.com/match/graafschap/fc-groningen/20118584,2011,23,eredivisie
Utrecht,Heracles,1-1,https://www.besoccer.com/match/fc-utrecht/heracles/20118585,2011,24,eredivisie
Excelsior,Willem II,4-0,https://www.besoccer.com/match/excelsior/willem-ii/20118586,2011,24,eredivisie
Heerenveen,AZ Alkmaar,0-2,https://www.besoccer.com/match/heerenveen/az/20118587,2011,24,eredivisie
Groningen,Roda JC,1-4,https://www.besoccer.com/match/fc-groningen/roda-jc/20118593,2011,24,eredivisie
ADO Den Haag,Feyenoord,2-2,https://www.besoccer.com/match/ado-den-haag/feyenoord/20118590,2011,24,eredivisie
Twente 1965,NEC Nijmegen,1-1,https://www.besoccer.com/match/fc-twente-1965/nec/20118588,2011,24,eredivisie
Ajax,VVV Venlo,1-0,https://www.besoccer.com/match/ajax/vvv/20118591,2011,24,eredivisie
Vitesse,De Graafschap,2-0,https://www.besoccer.com/match/vitesse/graafschap/20118592,2011,24,eredivisie
PSV,NAC Breda,4-1,https://www.besoccer.com/match/psv/nac-breda/20118589,2011,24,eredivisie
VVV Venlo,Excelsior,1-0,https://www.besoccer.com/match/vvv/excelsior/20118594,2011,25,eredivisie
Willem II,Heerenveen,4-3,https://www.besoccer.com/match/willem-ii/heerenveen/20118595,2011,25,eredivisie
Heracles,Vitesse,6-1,https://www.besoccer.com/match/heracles/vitesse/20118596,2011,25,eredivisie
Roda JC,De Graafschap,1-1,https://www.besoccer.com/match/roda-jc/graafschap/20118597,2011,25,eredivisie
NAC Breda,ADO Den Haag,3-2,https://www.besoccer.com/match/nac-breda/ado-den-haag/20118598,2011,25,eredivisie
Feyenoord,Groningen,5-1,https://www.besoccer.com/match/feyenoord/fc-groningen/20118599,2011,25,eredivisie
AZ Alkmaar,Twente 1965,2-1,https://www.besoccer.com/match/az/fc-twente-1965/20118600,2011,25,eredivisie
PSV,Ajax,0-0,https://www.besoccer.com/match/psv/ajax/20118601,2011,25,eredivisie
NEC Nijmegen,Utrecht,1-1,https://www.besoccer.com/match/nec/fc-utrecht/20118602,2011,25,eredivisie
De Graafschap,Willem II,2-1,https://www.besoccer.com/match/graafschap/willem-ii/20118603,2011,26,eredivisie
Twente 1965,NAC Breda,2-0,https://www.besoccer.com/match/fc-twente-1965/nac-breda/20118604,2011,26,eredivisie
Vitesse,VVV Venlo,2-0,https://www.besoccer.com/match/vitesse/vvv/20118605,2011,26,eredivisie
ADO Den Haag,NEC Nijmegen,5-1,https://www.besoccer.com/match/ado-den-haag/nec/20118606,2011,26,eredivisie
Excelsior,PSV,2-3,https://www.besoccer.com/match/excelsior/psv/20118607,2011,26,eredivisie
Heerenveen,Feyenoord,0-1,https://www.besoccer.com/match/heerenveen/feyenoord/20118608,2011,26,eredivisie
Utrecht,Roda JC,1-1,https://www.besoccer.com/match/fc-utrecht/roda-jc/20118609,2011,26,eredivisie
Groningen,Heracles,1-4,https://www.besoccer.com/match/fc-groningen/heracles/20118610,2011,26,eredivisie
Ajax,AZ Alkmaar,4-0,https://www.besoccer.com/match/ajax/az/20118611,2011,26,eredivisie
Utrecht,Groningen,1-0,https://www.besoccer.com/match/fc-utrecht/fc-groningen/20118618,2011,27,eredivisie
Heracles,Excelsior,4-1,https://www.besoccer.com/match/heracles/excelsior/20118613,2011,27,eredivisie
Roda JC,AZ Alkmaar,1-2,https://www.besoccer.com/match/roda-jc/az/20118614,2011,27,eredivisie
Vitesse,Heerenveen,1-1,https://www.besoccer.com/match/vitesse/heerenveen/20118616,2011,27,eredivisie
De Graafschap,ADO Den Haag,1-0,https://www.besoccer.com/match/graafschap/ado-den-haag/20118617,2011,27,eredivisie
Twente 1965,VVV Venlo,2-1,https://www.besoccer.com/match/fc-twente-1965/vvv/20118615,2011,27,eredivisie
Feyenoord,NAC Breda,2-1,https://www.besoccer.com/match/feyenoord/nac-breda/20118619,2011,27,eredivisie
Willem II,Ajax,1-3,https://www.besoccer.com/match/willem-ii/ajax/20118620,2011,27,eredivisie
NEC Nijmegen,PSV,2-2,https://www.besoccer.com/match/nec/psv/20118612,2011,27,eredivisie
AZ Alkmaar,Vitesse,3-1,https://www.besoccer.com/match/az/vitesse/20118621,2011,28,eredivisie
NAC Breda,Groningen,0-1,https://www.besoccer.com/match/nac-breda/fc-groningen/20118622,2011,28,eredivisie
VVV Venlo,Willem II,0-0,https://www.besoccer.com/match/vvv/willem-ii/20118623,2011,28,eredivisie
Heracles,Heerenveen,4-2,https://www.besoccer.com/match/heracles/heerenveen/20118627,2011,28,eredivisie
NEC Nijmegen,De Graafschap,1-0,https://www.besoccer.com/match/nec/graafschap/20118625,2011,28,eredivisie
ADO Den Haag,Ajax,3-2,https://www.besoccer.com/match/ado-den-haag/ajax/20118626,2011,28,eredivisie
PSV,Utrecht,1-0,https://www.besoccer.com/match/psv/fc-utrecht/20118624,2011,28,eredivisie
Roda JC,Feyenoord,3-0,https://www.besoccer.com/match/roda-jc/feyenoord/20118628,2011,28,eredivisie
Excelsior,Twente 1965,0-2,https://www.besoccer.com/match/excelsior/fc-twente-1965/20118629,2011,28,eredivisie
Twente 1965,PSV,2-0,https://www.besoccer.com/match/fc-twente-1965/psv/20118630,2011,29,eredivisie
De Graafschap,NAC Breda,1-3,https://www.besoccer.com/match/graafschap/nac-breda/20118631,2011,29,eredivisie
Heerenveen,Excelsior,2-3,https://www.besoccer.com/match/heerenveen/excelsior/20118632,2011,29,eredivisie
Willem II,Roda JC,4-5,https://www.besoccer.com/match/willem-ii/roda-jc/20118633,2011,29,eredivisie
Feyenoord,AZ Alkmaar,0-1,https://www.besoccer.com/match/feyenoord/az/20118634,2011,29,eredivisie
Utrecht,ADO Den Haag,2-3,https://www.besoccer.com/match/fc-utrecht/ado-den-haag/20118635,2011,29,eredivisie
Vitesse,NEC Nijmegen,2-1,https://www.besoccer.com/match/vitesse/nec/20118637,2011,29,eredivisie
Ajax,Heracles,3-0,https://www.besoccer.com/match/ajax/heracles/20118636,2011,29,eredivisie
Groningen,VVV Venlo,3-2,https://www.besoccer.com/match/fc-groningen/vvv/20118638,2011,29,eredivisie
VVV Venlo,NEC Nijmegen,1-4,https://www.besoccer.com/match/vvv/nec/20118640,2011,30,eredivisie
ADO Den Haag,Vitesse,1-0,https://www.besoccer.com/match/ado-den-haag/vitesse/20118641,2011,30,eredivisie
Excelsior,De Graafschap,0-0,https://www.besoccer.com/match/excelsior/graafschap/20118642,2011,30,eredivisie
Willem II,Heracles,2-6,https://www.besoccer.com/match/willem-ii/heracles/20118643,2011,30,eredivisie
AZ Alkmaar,NAC Breda,1-1,https://www.besoccer.com/match/az/nac-breda/20118647,2011,30,eredivisie
Twente 1965,Roda JC,1-1,https://www.besoccer.com/match/fc-twente-1965/roda-jc/20118644,2011,30,eredivisie
Ajax,Groningen,2-0,https://www.besoccer.com/match/ajax/fc-groningen/20118645,2011,30,eredivisie
Utrecht,Feyenoord,0-4,https://www.besoccer.com/match/fc-utrecht/feyenoord/20118646,2011,30,eredivisie
PSV,Heerenveen,2-2,https://www.besoccer.com/match/psv/heerenveen/20118639,2011,30,eredivisie
Heerenveen,Utrecht,3-0,https://www.besoccer.com/match/heerenveen/fc-utrecht/20118648,2011,31,eredivisie
Vitesse,Groningen,2-1,https://www.besoccer.com/match/vitesse/fc-groningen/20118649,2011,31,eredivisie
Roda JC,VVV Venlo,5-2,https://www.besoccer.com/match/roda-jc/vvv/20118650,2011,31,eredivisie
NAC Breda,Excelsior,1-2,https://www.besoccer.com/match/nac-breda/excelsior/20118651,2011,31,eredivisie
AZ Alkmaar,ADO Den Haag,3-1,https://www.besoccer.com/match/az/ado-den-haag/20118654,2011,31,eredivisie
Heracles,PSV,0-2,https://www.besoccer.com/match/heracles/psv/20118652,2011,31,eredivisie
De Graafschap,Twente 1965,1-1,https://www.besoccer.com/match/graafschap/fc-twente-1965/20118653,2011,31,eredivisie
NEC Nijmegen,Ajax,1-2,https://www.besoccer.com/match/nec/ajax/20118655,2011,31,eredivisie
Feyenoord,Willem II,6-1,https://www.besoccer.com/match/feyenoord/willem-ii/20118656,2011,31,eredivisie
ADO Den Haag,Twente 1965,1-2,https://www.besoccer.com/match/ado-den-haag/fc-twente-1965/20118657,2011,32,eredivisie
Willem II,AZ Alkmaar,2-1,https://www.besoccer.com/match/willem-ii/az/20118658,2011,32,eredivisie
Heracles,De Graafschap,2-0,https://www.besoccer.com/match/heracles/graafschap/20118659,2011,32,eredivisie
Roda JC,NAC Breda,5-1,https://www.besoccer.com/match/roda-jc/nac-breda/20118660,2011,32,eredivisie
VVV Venlo,Heerenveen,2-2,https://www.besoccer.com/match/vvv/heerenveen/20118661,2011,32,eredivisie
Ajax,Excelsior,4-1,https://www.besoccer.com/match/ajax/excelsior/20118662,2011,32,eredivisie
Utrecht,Vitesse,4-2,https://www.besoccer.com/match/fc-utrecht/vitesse/20118663,2011,32,eredivisie
Feyenoord,PSV,3-1,https://www.besoccer.com/match/feyenoord/psv/20118664,2011,32,eredivisie
Groningen,NEC Nijmegen,3-1,https://www.besoccer.com/match/fc-groningen/nec/20118665,2011,32,eredivisie
Excelsior,Utrecht,3-1,https://www.besoccer.com/match/excelsior/fc-utrecht/20118666,2011,33,eredivisie
Twente 1965,Willem II,4-0,https://www.besoccer.com/match/fc-twente-1965/willem-ii/20118667,2011,33,eredivisie
Heerenveen,Ajax,1-2,https://www.besoccer.com/match/heerenveen/ajax/20118668,2011,33,eredivisie
VVV Venlo,Feyenoord,3-2,https://www.besoccer.com/match/vvv/feyenoord/20118669,2011,33,eredivisie
NAC Breda,Heracles,1-2,https://www.besoccer.com/match/nac-breda/heracles/20118670,2011,33,eredivisie
PSV,Vitesse,2-1,https://www.besoccer.com/match/psv/vitesse/20118671,2011,33,eredivisie
AZ Alkmaar,De Graafschap,5-1,https://www.besoccer.com/match/az/graafschap/20118672,2011,33,eredivisie
ADO Den Haag,Groningen,2-4,https://www.besoccer.com/match/ado-den-haag/fc-groningen/20118673,2011,33,eredivisie
NEC Nijmegen,Roda JC,5-0,https://www.besoccer.com/match/nec/roda-jc/20118674,2011,33,eredivisie
Willem II,NAC Breda,0-1,https://www.besoccer.com/match/willem-ii/nac-breda/20118675,2011,34,eredivisie
Roda JC,Heerenveen,0-0,https://www.besoccer.com/match/roda-jc/heerenveen/20118676,2011,34,eredivisie
Heracles,ADO Den Haag,3-0,https://www.besoccer.com/match/heracles/ado-den-haag/20118677,2011,34,eredivisie
Feyenoord,NEC Nijmegen,1-1,https://www.besoccer.com/match/feyenoord/nec/20118678,2011,34,eredivisie
De Graafschap,VVV Venlo,1-0,https://www.besoccer.com/match/graafschap/vvv/20118679,2011,34,eredivisie
Utrecht,AZ Alkmaar,5-1,https://www.besoccer.com/match/fc-utrecht/az/20118680,2011,34,eredivisie
Vitesse,Excelsior,1-4,https://www.besoccer.com/match/vitesse/excelsior/20118681,2011,34,eredivisie
Groningen,PSV,0-0,https://www.besoccer.com/match/fc-groningen/psv/20118682,2011,34,eredivisie
Ajax,Twente 1965,3-1,https://www.besoccer.com/match/ajax/fc-twente-1965/20118683,2011,34,eredivisie
