Home_Team,Away_Team,Result,Link,Season,Round,League
Roda JC,Feyenoord,1-1,https://www.besoccer.com/match/roda-jc/feyenoord/199713998,1997,1,eredivisie
Sparta Rotterdam,Fortuna Sittard,0-0,https://www.besoccer.com/match/sparta-rotterdam/fortuna-sittard/199713999,1997,1,eredivisie
Ajax,NAC Breda,1-0,https://www.besoccer.com/match/ajax/nac-breda/199714000,1997,1,eredivisie
Utrecht,RKC Waalwijk,2-2,https://www.besoccer.com/match/fc-utrecht/rkc-waalwijk/199714001,1997,1,eredivisie
Heerenveen,Twente 1965,1-3,https://www.besoccer.com/match/heerenveen/fc-twente-1965/199714002,1997,1,eredivisie
Groningen,Willem II,0-0,https://www.besoccer.com/match/fc-groningen/willem-ii/199714003,1997,1,eredivisie
FC Volendam,De Graafschap,1-1,https://www.besoccer.com/match/fc-volendam/graafschap/199714004,1997,1,eredivisie
AZ Alkmaar,Vitesse,0-2,https://www.besoccer.com/match/az/vitesse/199714005,1997,1,eredivisie
NEC Nijmegen,PSV,1-4,https://www.besoccer.com/match/nec/psv/199714006,1997,1,eredivisie
NAC Breda,Sparta Rotterdam,1-0,https://www.besoccer.com/match/nac-breda/sparta-rotterdam/199714007,1997,2,eredivisie
Heerenveen,Ajax,2-0,https://www.besoccer.com/match/heerenveen/ajax/199714008,1997,2,eredivisie
Willem II,Fortuna Sittard,0-1,https://www.besoccer.com/match/willem-ii/fortuna-sittard/199714009,1997,2,eredivisie
De Graafschap,RKC Waalwijk,3-2,https://www.besoccer.com/match/graafschap/rkc-waalwijk/199714010,1997,2,eredivisie
PSV,Groningen,4-1,https://www.besoccer.com/match/psv/fc-groningen/199714011,1997,2,eredivisie
Twente 1965,Roda JC,1-1,https://www.besoccer.com/match/fc-twente-1965/roda-jc/199714012,1997,2,eredivisie
Vitesse,Utrecht,1-0,https://www.besoccer.com/match/vitesse/fc-utrecht/199714013,1997,2,eredivisie
Feyenoord,FC Volendam,3-0,https://www.besoccer.com/match/feyenoord/fc-volendam/199714014,1997,2,eredivisie
NEC Nijmegen,AZ Alkmaar,0-0,https://www.besoccer.com/match/nec/az/199714015,1997,2,eredivisie
Fortuna Sittard,Heerenveen,2-4,https://www.besoccer.com/match/fortuna-sittard/heerenveen/199714016,1997,3,eredivisie
FC Volendam,PSV,1-3,https://www.besoccer.com/match/fc-volendam/psv/199714017,1997,3,eredivisie
Utrecht,Twente 1965,0-0,https://www.besoccer.com/match/fc-utrecht/fc-twente-1965/199714018,1997,3,eredivisie
Ajax,AZ Alkmaar,1-0,https://www.besoccer.com/match/ajax/az/199714019,1997,3,eredivisie
Willem II,RKC Waalwijk,1-3,https://www.besoccer.com/match/willem-ii/rkc-waalwijk/199714020,1997,3,eredivisie
Vitesse,Sparta Rotterdam,1-1,https://www.besoccer.com/match/vitesse/sparta-rotterdam/199714021,1997,3,eredivisie
Feyenoord,De Graafschap,2-1,https://www.besoccer.com/match/feyenoord/graafschap/199714022,1997,3,eredivisie
Groningen,Roda JC,1-1,https://www.besoccer.com/match/fc-groningen/roda-jc/199714023,1997,3,eredivisie
NAC Breda,NEC Nijmegen,1-1,https://www.besoccer.com/match/nac-breda/nec/199714024,1997,3,eredivisie
Utrecht,Groningen,0-0,https://www.besoccer.com/match/fc-utrecht/fc-groningen/199714025,1997,4,eredivisie
Heerenveen,NAC Breda,0-1,https://www.besoccer.com/match/heerenveen/nac-breda/199714026,1997,4,eredivisie
Fortuna Sittard,Feyenoord,0-2,https://www.besoccer.com/match/fortuna-sittard/feyenoord/199714027,1997,4,eredivisie
Willem II,Vitesse,2-1,https://www.besoccer.com/match/willem-ii/vitesse/199714028,1997,4,eredivisie
Sparta Rotterdam,Twente 1965,1-2,https://www.besoccer.com/match/sparta-rotterdam/fc-twente-1965/199714029,1997,4,eredivisie
De Graafschap,NEC Nijmegen,4-0,https://www.besoccer.com/match/graafschap/nec/199714030,1997,4,eredivisie
Roda JC,Ajax,0-0,https://www.besoccer.com/match/roda-jc/ajax/199714031,1997,4,eredivisie
AZ Alkmaar,FC Volendam,2-1,https://www.besoccer.com/match/az/fc-volendam/199714032,1997,4,eredivisie
PSV,RKC Waalwijk,4-0,https://www.besoccer.com/match/psv/rkc-waalwijk/199714033,1997,4,eredivisie
Groningen,Heerenveen,1-5,https://www.besoccer.com/match/fc-groningen/heerenveen/199714034,1997,5,eredivisie
Feyenoord,Willem II,4-1,https://www.besoccer.com/match/feyenoord/willem-ii/199714035,1997,5,eredivisie
Roda JC,FC Volendam,3-0,https://www.besoccer.com/match/roda-jc/fc-volendam/199714036,1997,5,eredivisie
AZ Alkmaar,Fortuna Sittard,0-1,https://www.besoccer.com/match/az/fortuna-sittard/199714037,1997,5,eredivisie
Twente 1965,De Graafschap,1-0,https://www.besoccer.com/match/fc-twente-1965/graafschap/199714038,1997,5,eredivisie
Sparta Rotterdam,Utrecht,3-2,https://www.besoccer.com/match/sparta-rotterdam/fc-utrecht/199714039,1997,5,eredivisie
PSV,NAC Breda,5-0,https://www.besoccer.com/match/psv/nac-breda/199714040,1997,5,eredivisie
NEC Nijmegen,Ajax,2-0,https://www.besoccer.com/match/nec/ajax/199714041,1997,5,eredivisie
Vitesse,Heerenveen,1-1,https://www.besoccer.com/match/vitesse/heerenveen/199714042,1997,5,eredivisie
NAC Breda,AZ Alkmaar,1-0,https://www.besoccer.com/match/nac-breda/az/199714043,1997,6,eredivisie
Fortuna Sittard,Utrecht,1-3,https://www.besoccer.com/match/fortuna-sittard/fc-utrecht/199714044,1997,6,eredivisie
FC Volendam,Willem II,2-1,https://www.besoccer.com/match/fc-volendam/willem-ii/199714045,1997,6,eredivisie
De Graafschap,PSV,2-1,https://www.besoccer.com/match/graafschap/psv/199714046,1997,6,eredivisie
Twente 1965,Feyenoord,0-1,https://www.besoccer.com/match/fc-twente-1965/feyenoord/199714047,1997,6,eredivisie
RKC Waalwijk,Roda JC,0-2,https://www.besoccer.com/match/rkc-waalwijk/roda-jc/199714048,1997,6,eredivisie
Groningen,NEC Nijmegen,2-4,https://www.besoccer.com/match/fc-groningen/nec/199714049,1997,6,eredivisie
Ajax,Sparta Rotterdam,2-0,https://www.besoccer.com/match/ajax/sparta-rotterdam/199714050,1997,6,eredivisie
Heerenveen,NEC Nijmegen,1-1,https://www.besoccer.com/match/heerenveen/nec/199714051,1997,6,eredivisie
Willem II,Twente 1965,1-2,https://www.besoccer.com/match/willem-ii/fc-twente-1965/199714052,1997,7,eredivisie
Sparta Rotterdam,Feyenoord,0-1,https://www.besoccer.com/match/sparta-rotterdam/feyenoord/199714053,1997,7,eredivisie
NAC Breda,Roda JC,0-1,https://www.besoccer.com/match/nac-breda/roda-jc/199714054,1997,7,eredivisie
Fortuna Sittard,FC Volendam,1-1,https://www.besoccer.com/match/fortuna-sittard/fc-volendam/199714055,1997,7,eredivisie
Groningen,RKC Waalwijk,1-2,https://www.besoccer.com/match/fc-groningen/rkc-waalwijk/199714056,1997,7,eredivisie
Ajax,De Graafschap,1-1,https://www.besoccer.com/match/ajax/graafschap/199714057,1997,7,eredivisie
AZ Alkmaar,Utrecht,3-1,https://www.besoccer.com/match/az/fc-utrecht/199714058,1997,7,eredivisie
PSV,Vitesse,0-0,https://www.besoccer.com/match/psv/vitesse/199714059,1997,7,eredivisie
RKC Waalwijk,Vitesse,0-1,https://www.besoccer.com/match/rkc-waalwijk/vitesse/199714060,1997,7,eredivisie
Roda JC,Fortuna Sittard,0-1,https://www.besoccer.com/match/roda-jc/fortuna-sittard/199714061,1997,8,eredivisie
De Graafschap,Willem II,2-2,https://www.besoccer.com/match/graafschap/willem-ii/199714062,1997,8,eredivisie
Utrecht,PSV,2-2,https://www.besoccer.com/match/fc-utrecht/psv/199714063,1997,8,eredivisie
Twente 1965,Ajax,1-1,https://www.besoccer.com/match/fc-twente-1965/ajax/199714064,1997,8,eredivisie
RKC Waalwijk,NAC Breda,1-2,https://www.besoccer.com/match/rkc-waalwijk/nac-breda/199714065,1997,8,eredivisie
FC Volendam,Heerenveen,2-2,https://www.besoccer.com/match/fc-volendam/heerenveen/199714066,1997,8,eredivisie
Sparta Rotterdam,NEC Nijmegen,1-0,https://www.besoccer.com/match/sparta-rotterdam/nec/199714067,1997,8,eredivisie
Groningen,AZ Alkmaar,1-0,https://www.besoccer.com/match/fc-groningen/az/199714068,1997,8,eredivisie
Vitesse,Feyenoord,4-2,https://www.besoccer.com/match/vitesse/feyenoord/199714069,1997,8,eredivisie
Fortuna Sittard,De Graafschap,0-3,https://www.besoccer.com/match/fortuna-sittard/graafschap/199714070,1997,9,eredivisie
PSV,Twente 1965,2-0,https://www.besoccer.com/match/psv/fc-twente-1965/199714071,1997,9,eredivisie
NAC Breda,Utrecht,3-3,https://www.besoccer.com/match/nac-breda/fc-utrecht/199714072,1997,9,eredivisie
NEC Nijmegen,Heerenveen,1-1,https://www.besoccer.com/match/nec/heerenveen/199714073,1997,9,eredivisie
RKC Waalwijk,FC Volendam,0-0,https://www.besoccer.com/match/rkc-waalwijk/fc-volendam/199714074,1997,9,eredivisie
Feyenoord,Groningen,3-1,https://www.besoccer.com/match/feyenoord/fc-groningen/199714075,1997,9,eredivisie
Ajax,Willem II,3-0,https://www.besoccer.com/match/ajax/willem-ii/199714076,1997,9,eredivisie
AZ Alkmaar,Sparta Rotterdam,1-2,https://www.besoccer.com/match/az/sparta-rotterdam/199714077,1997,9,eredivisie
Vitesse,Roda JC,1-2,https://www.besoccer.com/match/vitesse/roda-jc/199714078,1997,9,eredivisie
Fortuna Sittard,PSV,1-1,https://www.besoccer.com/match/fortuna-sittard/psv/199714079,1997,10,eredivisie
Heerenveen,Sparta Rotterdam,0-0,https://www.besoccer.com/match/heerenveen/sparta-rotterdam/199714080,1997,10,eredivisie
NAC Breda,Twente 1965,1-2,https://www.besoccer.com/match/nac-breda/fc-twente-1965/199714081,1997,10,eredivisie
Roda JC,AZ Alkmaar,0-2,https://www.besoccer.com/match/roda-jc/az/199714082,1997,10,eredivisie
RKC Waalwijk,Feyenoord,1-1,https://www.besoccer.com/match/rkc-waalwijk/feyenoord/199714083,1997,10,eredivisie
Willem II,Groningen,3-1,https://www.besoccer.com/match/willem-ii/fc-groningen/199714084,1997,10,eredivisie
Utrecht,Ajax,1-1,https://www.besoccer.com/match/fc-utrecht/ajax/199714085,1997,10,eredivisie
FC Volendam,NEC Nijmegen,1-0,https://www.besoccer.com/match/fc-volendam/nec/199714086,1997,10,eredivisie
De Graafschap,Vitesse,2-1,https://www.besoccer.com/match/graafschap/vitesse/199714087,1997,10,eredivisie
NEC Nijmegen,Utrecht,2-2,https://www.besoccer.com/match/nec/fc-utrecht/199714088,1997,11,eredivisie
AZ Alkmaar,De Graafschap,2-3,https://www.besoccer.com/match/az/graafschap/199714089,1997,11,eredivisie
Willem II,Heerenveen,2-2,https://www.besoccer.com/match/willem-ii/heerenveen/199714090,1997,11,eredivisie
Twente 1965,RKC Waalwijk,3-0,https://www.besoccer.com/match/fc-twente-1965/rkc-waalwijk/199714091,1997,11,eredivisie
Sparta Rotterdam,Roda JC,4-0,https://www.besoccer.com/match/sparta-rotterdam/roda-jc/199714092,1997,11,eredivisie
Vitesse,NAC Breda,3-0,https://www.besoccer.com/match/vitesse/nac-breda/199714093,1997,11,eredivisie
Ajax,FC Volendam,1-1,https://www.besoccer.com/match/ajax/fc-volendam/199714094,1997,11,eredivisie
Groningen,Fortuna Sittard,2-0,https://www.besoccer.com/match/fc-groningen/fortuna-sittard/199714095,1997,11,eredivisie
PSV,Feyenoord,7-2,https://www.besoccer.com/match/psv/feyenoord/199714096,1997,11,eredivisie
Utrecht,Willem II,0-0,https://www.besoccer.com/match/fc-utrecht/willem-ii/199714097,1997,12,eredivisie
Roda JC,Vitesse,1-1,https://www.besoccer.com/match/roda-jc/vitesse/199714098,1997,12,eredivisie
NEC Nijmegen,Fortuna Sittard,1-1,https://www.besoccer.com/match/nec/fortuna-sittard/199714099,1997,12,eredivisie
Feyenoord,AZ Alkmaar,1-0,https://www.besoccer.com/match/feyenoord/az/199714100,1997,12,eredivisie
NAC Breda,Groningen,1-1,https://www.besoccer.com/match/nac-breda/fc-groningen/199714101,1997,12,eredivisie
Sparta Rotterdam,FC Volendam,0-3,https://www.besoccer.com/match/sparta-rotterdam/fc-volendam/199714102,1997,12,eredivisie
Heerenveen,PSV,0-1,https://www.besoccer.com/match/heerenveen/psv/199714103,1997,12,eredivisie
Ajax,RKC Waalwijk,2-0,https://www.besoccer.com/match/ajax/rkc-waalwijk/199714104,1997,12,eredivisie
PSV,Roda JC,8-0,https://www.besoccer.com/match/psv/roda-jc/199714105,1997,12,eredivisie
De Graafschap,Fortuna Sittard,2-0,https://www.besoccer.com/match/graafschap/fortuna-sittard/199714106,1997,13,eredivisie
Feyenoord,Utrecht,2-1,https://www.besoccer.com/match/feyenoord/fc-utrecht/199714107,1997,13,eredivisie
RKC Waalwijk,Heerenveen,0-3,https://www.besoccer.com/match/rkc-waalwijk/heerenveen/199714108,1997,13,eredivisie
AZ Alkmaar,NEC Nijmegen,2-2,https://www.besoccer.com/match/az/nec/199714109,1997,13,eredivisie
FC Volendam,Groningen,2-2,https://www.besoccer.com/match/fc-volendam/fc-groningen/199714110,1997,13,eredivisie
Willem II,NAC Breda,2-0,https://www.besoccer.com/match/willem-ii/nac-breda/199714111,1997,13,eredivisie
Vitesse,Ajax,1-4,https://www.besoccer.com/match/vitesse/ajax/199714112,1997,13,eredivisie
Twente 1965,Sparta Rotterdam,0-2,https://www.besoccer.com/match/fc-twente-1965/sparta-rotterdam/199714113,1997,13,eredivisie
Fortuna Sittard,Vitesse,1-5,https://www.besoccer.com/match/fortuna-sittard/vitesse/199714114,1997,13,eredivisie
Roda JC,De Graafschap,3-0,https://www.besoccer.com/match/roda-jc/graafschap/199714115,1997,14,eredivisie
AZ Alkmaar,Heerenveen,0-2,https://www.besoccer.com/match/az/heerenveen/199714116,1997,14,eredivisie
NEC Nijmegen,Sparta Rotterdam,3-2,https://www.besoccer.com/match/nec/sparta-rotterdam/199714117,1997,14,eredivisie
Utrecht,NAC Breda,3-1,https://www.besoccer.com/match/fc-utrecht/nac-breda/199714118,1997,14,eredivisie
Groningen,Feyenoord,0-1,https://www.besoccer.com/match/fc-groningen/feyenoord/199714119,1997,14,eredivisie
Twente 1965,PSV,1-2,https://www.besoccer.com/match/fc-twente-1965/psv/199714120,1997,14,eredivisie
Willem II,Ajax,0-1,https://www.besoccer.com/match/willem-ii/ajax/199714121,1997,14,eredivisie
FC Volendam,RKC Waalwijk,1-0,https://www.besoccer.com/match/fc-volendam/rkc-waalwijk/199714122,1997,14,eredivisie
Sparta Rotterdam,AZ Alkmaar,1-2,https://www.besoccer.com/match/sparta-rotterdam/az/199714123,1997,14,eredivisie
Utrecht,FC Volendam,1-0,https://www.besoccer.com/match/fc-utrecht/fc-volendam/199714124,1997,15,eredivisie
Feyenoord,NAC Breda,1-0,https://www.besoccer.com/match/feyenoord/nac-breda/199714125,1997,15,eredivisie
Heerenveen,De Graafschap,2-1,https://www.besoccer.com/match/heerenveen/graafschap/199714126,1997,15,eredivisie
Ajax,Fortuna Sittard,2-2,https://www.besoccer.com/match/ajax/fortuna-sittard/199714127,1997,15,eredivisie
Twente 1965,Willem II,5-0,https://www.besoccer.com/match/fc-twente-1965/willem-ii/199714128,1997,15,eredivisie
Vitesse,RKC Waalwijk,2-2,https://www.besoccer.com/match/vitesse/rkc-waalwijk/199714129,1997,15,eredivisie
Roda JC,NEC Nijmegen,2-0,https://www.besoccer.com/match/roda-jc/nec/199714130,1997,15,eredivisie
PSV,Sparta Rotterdam,2-1,https://www.besoccer.com/match/psv/sparta-rotterdam/199714131,1997,15,eredivisie
Heerenveen,Feyenoord,1-0,https://www.besoccer.com/match/heerenveen/feyenoord/199714132,1997,15,eredivisie
AZ Alkmaar,RKC Waalwijk,2-1,https://www.besoccer.com/match/az/rkc-waalwijk/199714133,1997,16,eredivisie
De Graafschap,FC Volendam,1-0,https://www.besoccer.com/match/graafschap/fc-volendam/199714134,1997,16,eredivisie
Utrecht,Roda JC,1-1,https://www.besoccer.com/match/fc-utrecht/roda-jc/199714135,1997,16,eredivisie
Fortuna Sittard,Twente 1965,1-1,https://www.besoccer.com/match/fortuna-sittard/fc-twente-1965/199714136,1997,16,eredivisie
NEC Nijmegen,Vitesse,0-1,https://www.besoccer.com/match/nec/vitesse/199714137,1997,16,eredivisie
Sparta Rotterdam,Groningen,0-2,https://www.besoccer.com/match/sparta-rotterdam/fc-groningen/199714138,1997,16,eredivisie
Willem II,PSV,1-0,https://www.besoccer.com/match/willem-ii/psv/199714139,1997,16,eredivisie
NAC Breda,Ajax,2-0,https://www.besoccer.com/match/nac-breda/ajax/199714140,1997,16,eredivisie
Twente 1965,Heerenveen,2-1,https://www.besoccer.com/match/fc-twente-1965/heerenveen/199714141,1997,16,eredivisie
De Graafschap,Groningen,2-0,https://www.besoccer.com/match/graafschap/fc-groningen/199714142,1997,17,eredivisie
Sparta Rotterdam,Willem II,3-1,https://www.besoccer.com/match/sparta-rotterdam/willem-ii/199714143,1997,17,eredivisie
NEC Nijmegen,Twente 1965,0-3,https://www.besoccer.com/match/nec/fc-twente-1965/199714144,1997,17,eredivisie
Feyenoord,Ajax,2-2,https://www.besoccer.com/match/feyenoord/ajax/199714145,1997,17,eredivisie
AZ Alkmaar,PSV,0-2,https://www.besoccer.com/match/az/psv/199714146,1997,17,eredivisie
Groningen,Vitesse,3-2,https://www.besoccer.com/match/fc-groningen/vitesse/199714147,1997,17,eredivisie
RKC Waalwijk,Fortuna Sittard,1-1,https://www.besoccer.com/match/rkc-waalwijk/fortuna-sittard/199714148,1997,17,eredivisie
Utrecht,De Graafschap,2-0,https://www.besoccer.com/match/fc-utrecht/graafschap/199714149,1997,17,eredivisie
FC Volendam,NAC Breda,4-1,https://www.besoccer.com/match/fc-volendam/nac-breda/199714150,1997,17,eredivisie
Willem II,Roda JC,0-1,https://www.besoccer.com/match/willem-ii/roda-jc/199714151,1997,18,eredivisie
NAC Breda,De Graafschap,2-1,https://www.besoccer.com/match/nac-breda/graafschap/199714152,1997,18,eredivisie
Heerenveen,Utrecht,2-2,https://www.besoccer.com/match/heerenveen/fc-utrecht/199714153,1997,18,eredivisie
PSV,NEC Nijmegen,4-1,https://www.besoccer.com/match/psv/nec/199714154,1997,18,eredivisie
Vitesse,AZ Alkmaar,1-0,https://www.besoccer.com/match/vitesse/az/199714155,1997,18,eredivisie
RKC Waalwijk,Sparta Rotterdam,2-0,https://www.besoccer.com/match/rkc-waalwijk/sparta-rotterdam/199714156,1997,18,eredivisie
Ajax,Groningen,1-1,https://www.besoccer.com/match/ajax/fc-groningen/199714157,1997,18,eredivisie
FC Volendam,Twente 1965,0-1,https://www.besoccer.com/match/fc-volendam/fc-twente-1965/199714158,1997,18,eredivisie
RKC Waalwijk,Willem II,1-2,https://www.besoccer.com/match/rkc-waalwijk/willem-ii/199714159,1997,18,eredivisie
Roda JC,Groningen,2-0,https://www.besoccer.com/match/roda-jc/fc-groningen/199714160,1997,19,eredivisie
PSV,FC Volendam,6-0,https://www.besoccer.com/match/psv/fc-volendam/199714161,1997,19,eredivisie
Heerenveen,Fortuna Sittard,2-2,https://www.besoccer.com/match/heerenveen/fortuna-sittard/199714162,1997,19,eredivisie
NEC Nijmegen,NAC Breda,0-3,https://www.besoccer.com/match/nec/nac-breda/199714163,1997,19,eredivisie
De Graafschap,Feyenoord,0-4,https://www.besoccer.com/match/graafschap/feyenoord/199714164,1997,19,eredivisie
Twente 1965,Utrecht,2-0,https://www.besoccer.com/match/fc-twente-1965/fc-utrecht/199714165,1997,19,eredivisie
AZ Alkmaar,Ajax,1-1,https://www.besoccer.com/match/az/ajax/199714166,1997,19,eredivisie
Sparta Rotterdam,Vitesse,1-2,https://www.besoccer.com/match/sparta-rotterdam/vitesse/199714167,1997,19,eredivisie
Fortuna Sittard,NAC Breda,2-2,https://www.besoccer.com/match/fortuna-sittard/nac-breda/199714168,1997,19,eredivisie
Feyenoord,Roda JC,1-0,https://www.besoccer.com/match/feyenoord/roda-jc/199714169,1997,20,eredivisie
Willem II,Utrecht,3-0,https://www.besoccer.com/match/willem-ii/fc-utrecht/199714170,1997,20,eredivisie
Roda JC,Heerenveen,6-1,https://www.besoccer.com/match/roda-jc/heerenveen/199714171,1997,20,eredivisie
Fortuna Sittard,RKC Waalwijk,0-0,https://www.besoccer.com/match/fortuna-sittard/rkc-waalwijk/199714172,1997,20,eredivisie
NEC Nijmegen,Feyenoord,1-2,https://www.besoccer.com/match/nec/feyenoord/199714173,1997,20,eredivisie
Ajax,PSV,0-2,https://www.besoccer.com/match/ajax/psv/199714174,1997,20,eredivisie
Twente 1965,AZ Alkmaar,1-0,https://www.besoccer.com/match/fc-twente-1965/az/199714175,1997,20,eredivisie
FC Volendam,Vitesse,1-1,https://www.besoccer.com/match/fc-volendam/vitesse/199714176,1997,20,eredivisie
Groningen,De Graafschap,2-4,https://www.besoccer.com/match/fc-groningen/graafschap/199714177,1997,20,eredivisie
Willem II,NEC Nijmegen,3-1,https://www.besoccer.com/match/willem-ii/nec/199714178,1997,21,eredivisie
Heerenveen,AZ Alkmaar,0-0,https://www.besoccer.com/match/heerenveen/az/199714179,1997,21,eredivisie
Roda JC,Twente 1965,1-3,https://www.besoccer.com/match/roda-jc/fc-twente-1965/199714180,1997,21,eredivisie
Utrecht,Fortuna Sittard,0-1,https://www.besoccer.com/match/fc-utrecht/fortuna-sittard/199714181,1997,21,eredivisie
Sparta Rotterdam,NAC Breda,2-4,https://www.besoccer.com/match/sparta-rotterdam/nac-breda/199714182,1997,21,eredivisie
FC Volendam,Feyenoord,0-2,https://www.besoccer.com/match/fc-volendam/feyenoord/199714183,1997,21,eredivisie
Vitesse,PSV,1-0,https://www.besoccer.com/match/vitesse/psv/199714184,1997,21,eredivisie
De Graafschap,Ajax,0-2,https://www.besoccer.com/match/graafschap/ajax/199714185,1997,21,eredivisie
RKC Waalwijk,Groningen,1-1,https://www.besoccer.com/match/rkc-waalwijk/fc-groningen/199714186,1997,21,eredivisie
PSV,AZ Alkmaar,2-1,https://www.besoccer.com/match/psv/az/199714187,1997,22,eredivisie
De Graafschap,Twente 1965,1-2,https://www.besoccer.com/match/graafschap/fc-twente-1965/199714188,1997,22,eredivisie
Roda JC,Willem II,2-1,https://www.besoccer.com/match/roda-jc/willem-ii/199714189,1997,22,eredivisie
NAC Breda,Heerenveen,2-2,https://www.besoccer.com/match/nac-breda/heerenveen/199714190,1997,22,eredivisie
FC Volendam,Fortuna Sittard,2-0,https://www.besoccer.com/match/fc-volendam/fortuna-sittard/199714191,1997,22,eredivisie
Ajax,Feyenoord,3-0,https://www.besoccer.com/match/ajax/feyenoord/199714192,1997,22,eredivisie
Vitesse,Groningen,6-1,https://www.besoccer.com/match/vitesse/fc-groningen/199714193,1997,22,eredivisie
Utrecht,Sparta Rotterdam,0-1,https://www.besoccer.com/match/fc-utrecht/sparta-rotterdam/199714194,1997,22,eredivisie
RKC Waalwijk,NEC Nijmegen,3-1,https://www.besoccer.com/match/rkc-waalwijk/nec/199714195,1997,22,eredivisie
Feyenoord,NEC Nijmegen,2-0,https://www.besoccer.com/match/feyenoord/nec/199714196,1997,23,eredivisie
Fortuna Sittard,Willem II,2-0,https://www.besoccer.com/match/fortuna-sittard/willem-ii/199714197,1997,23,eredivisie
Twente 1965,Vitesse,1-0,https://www.besoccer.com/match/fc-twente-1965/vitesse/199714198,1997,23,eredivisie
RKC Waalwijk,PSV,1-4,https://www.besoccer.com/match/rkc-waalwijk/psv/199714199,1997,23,eredivisie
De Graafschap,Utrecht,1-2,https://www.besoccer.com/match/graafschap/fc-utrecht/199714200,1997,23,eredivisie
Groningen,FC Volendam,1-1,https://www.besoccer.com/match/fc-groningen/fc-volendam/199714201,1997,23,eredivisie
Heerenveen,Roda JC,3-1,https://www.besoccer.com/match/heerenveen/roda-jc/199714202,1997,23,eredivisie
AZ Alkmaar,NAC Breda,0-1,https://www.besoccer.com/match/az/nac-breda/199714203,1997,23,eredivisie
Heerenveen,Vitesse,3-0,https://www.besoccer.com/match/heerenveen/vitesse/199714204,1997,23,eredivisie
Willem II,AZ Alkmaar,2-2,https://www.besoccer.com/match/willem-ii/az/199714205,1997,24,eredivisie
Sparta Rotterdam,De Graafschap,1-1,https://www.besoccer.com/match/sparta-rotterdam/graafschap/199714206,1997,24,eredivisie
NAC Breda,FC Volendam,3-0,https://www.besoccer.com/match/nac-breda/fc-volendam/199714207,1997,24,eredivisie
NEC Nijmegen,RKC Waalwijk,3-1,https://www.besoccer.com/match/nec/rkc-waalwijk/199714208,1997,24,eredivisie
Fortuna Sittard,Roda JC,0-3,https://www.besoccer.com/match/fortuna-sittard/roda-jc/199714209,1997,24,eredivisie
Feyenoord,PSV,0-0,https://www.besoccer.com/match/feyenoord/psv/199714210,1997,24,eredivisie
Ajax,Utrecht,1-0,https://www.besoccer.com/match/ajax/fc-utrecht/199714211,1997,24,eredivisie
Groningen,Twente 1965,2-1,https://www.besoccer.com/match/fc-groningen/fc-twente-1965/199714212,1997,24,eredivisie
Ajax,Roda JC,3-1,https://www.besoccer.com/match/ajax/roda-jc/199714213,1997,24,eredivisie
NEC Nijmegen,Groningen,0-0,https://www.besoccer.com/match/nec/fc-groningen/199714214,1997,25,eredivisie
PSV,Fortuna Sittard,1-0,https://www.besoccer.com/match/psv/fortuna-sittard/199714215,1997,25,eredivisie
Feyenoord,RKC Waalwijk,5-0,https://www.besoccer.com/match/feyenoord/rkc-waalwijk/199714216,1997,25,eredivisie
NAC Breda,Willem II,0-1,https://www.besoccer.com/match/nac-breda/willem-ii/199714217,1997,25,eredivisie
Vitesse,De Graafschap,3-2,https://www.besoccer.com/match/vitesse/graafschap/199714218,1997,25,eredivisie
Twente 1965,FC Volendam,4-0,https://www.besoccer.com/match/fc-twente-1965/fc-volendam/199714219,1997,25,eredivisie
Utrecht,AZ Alkmaar,2-0,https://www.besoccer.com/match/fc-utrecht/az/199714220,1997,25,eredivisie
Groningen,NAC Breda,2-2,https://www.besoccer.com/match/fc-groningen/nac-breda/199714221,1997,25,eredivisie
PSV,Heerenveen,0-1,https://www.besoccer.com/match/psv/heerenveen/199714222,1997,25,eredivisie
Fortuna Sittard,Sparta Rotterdam,2-1,https://www.besoccer.com/match/fortuna-sittard/sparta-rotterdam/199714223,1997,26,eredivisie
RKC Waalwijk,Ajax,1-2,https://www.besoccer.com/match/rkc-waalwijk/ajax/199714224,1997,26,eredivisie
AZ Alkmaar,Feyenoord,0-2,https://www.besoccer.com/match/az/feyenoord/199714225,1997,26,eredivisie
FC Volendam,Roda JC,2-1,https://www.besoccer.com/match/fc-volendam/roda-jc/199714226,1997,26,eredivisie
Twente 1965,NEC Nijmegen,3-0,https://www.besoccer.com/match/fc-twente-1965/nec/199714227,1997,26,eredivisie
De Graafschap,AZ Alkmaar,1-1,https://www.besoccer.com/match/graafschap/az/199714228,1997,26,eredivisie
NEC Nijmegen,FC Volendam,3-0,https://www.besoccer.com/match/nec/fc-volendam/199714229,1997,26,eredivisie
Roda JC,Utrecht,1-1,https://www.besoccer.com/match/roda-jc/fc-utrecht/199714230,1997,26,eredivisie
Sparta Rotterdam,Heerenveen,0-3,https://www.besoccer.com/match/sparta-rotterdam/heerenveen/199714231,1997,26,eredivisie
Fortuna Sittard,Groningen,0-2,https://www.besoccer.com/match/fortuna-sittard/fc-groningen/199714232,1997,27,eredivisie
De Graafschap,Sparta Rotterdam,0-2,https://www.besoccer.com/match/graafschap/sparta-rotterdam/199714233,1997,27,eredivisie
Heerenveen,Willem II,3-1,https://www.besoccer.com/match/heerenveen/willem-ii/199714234,1997,27,eredivisie
FC Volendam,Ajax,0-3,https://www.besoccer.com/match/fc-volendam/ajax/199714235,1997,27,eredivisie
NAC Breda,PSV,2-2,https://www.besoccer.com/match/nac-breda/psv/199714236,1997,27,eredivisie
Utrecht,NEC Nijmegen,1-1,https://www.besoccer.com/match/fc-utrecht/nec/199714237,1997,27,eredivisie
Feyenoord,Vitesse,0-0,https://www.besoccer.com/match/feyenoord/vitesse/199714238,1997,27,eredivisie
RKC Waalwijk,Twente 1965,3-2,https://www.besoccer.com/match/rkc-waalwijk/fc-twente-1965/199714239,1997,27,eredivisie
Fortuna Sittard,AZ Alkmaar,1-0,https://www.besoccer.com/match/fortuna-sittard/az/199714240,1997,27,eredivisie
Roda JC,Sparta Rotterdam,4-1,https://www.besoccer.com/match/roda-jc/sparta-rotterdam/199714241,1997,28,eredivisie
PSV,Ajax,2-0,https://www.besoccer.com/match/psv/ajax/199714242,1997,28,eredivisie
De Graafschap,NAC Breda,2-2,https://www.besoccer.com/match/graafschap/nac-breda/199714243,1997,28,eredivisie
Vitesse,FC Volendam,1-1,https://www.besoccer.com/match/vitesse/fc-volendam/199714244,1997,28,eredivisie
Utrecht,Heerenveen,2-2,https://www.besoccer.com/match/fc-utrecht/heerenveen/199714245,1997,28,eredivisie
Willem II,Feyenoord,0-2,https://www.besoccer.com/match/willem-ii/feyenoord/199714246,1997,28,eredivisie
Twente 1965,Groningen,0-1,https://www.besoccer.com/match/fc-twente-1965/fc-groningen/199714247,1997,28,eredivisie
Ajax,NEC Nijmegen,5-0,https://www.besoccer.com/match/ajax/nec/199714248,1997,28,eredivisie
NAC Breda,Vitesse,1-1,https://www.besoccer.com/match/nac-breda/vitesse/199714249,1997,28,eredivisie
Willem II,Sparta Rotterdam,1-1,https://www.besoccer.com/match/willem-ii/sparta-rotterdam/199714250,1997,29,eredivisie
Feyenoord,Fortuna Sittard,4-4,https://www.besoccer.com/match/feyenoord/fortuna-sittard/199714251,1997,29,eredivisie
PSV,De Graafschap,5-0,https://www.besoccer.com/match/psv/graafschap/199714252,1997,29,eredivisie
AZ Alkmaar,Roda JC,1-3,https://www.besoccer.com/match/az/roda-jc/199714253,1997,29,eredivisie
Groningen,Utrecht,2-2,https://www.besoccer.com/match/fc-groningen/fc-utrecht/199714254,1997,29,eredivisie
Heerenveen,RKC Waalwijk,2-0,https://www.besoccer.com/match/heerenveen/rkc-waalwijk/199714255,1997,29,eredivisie
Vitesse,Twente 1965,4-2,https://www.besoccer.com/match/vitesse/fc-twente-1965/199714256,1997,29,eredivisie
NEC Nijmegen,Willem II,0-0,https://www.besoccer.com/match/nec/willem-ii/199714257,1997,29,eredivisie
Roda JC,RKC Waalwijk,4-0,https://www.besoccer.com/match/roda-jc/rkc-waalwijk/199714258,1997,29,eredivisie
RKC Waalwijk,Utrecht,1-0,https://www.besoccer.com/match/rkc-waalwijk/fc-utrecht/199714259,1997,30,eredivisie
Twente 1965,Fortuna Sittard,2-1,https://www.besoccer.com/match/fc-twente-1965/fortuna-sittard/199714260,1997,30,eredivisie
De Graafschap,Heerenveen,2-1,https://www.besoccer.com/match/graafschap/heerenveen/199714261,1997,30,eredivisie
Sparta Rotterdam,Ajax,2-1,https://www.besoccer.com/match/sparta-rotterdam/ajax/199714262,1997,30,eredivisie
Vitesse,Willem II,2-0,https://www.besoccer.com/match/vitesse/willem-ii/199714263,1997,30,eredivisie
NAC Breda,Feyenoord,0-2,https://www.besoccer.com/match/nac-breda/feyenoord/199714264,1997,30,eredivisie
FC Volendam,AZ Alkmaar,2-2,https://www.besoccer.com/match/fc-volendam/az/199714265,1997,30,eredivisie
Sparta Rotterdam,PSV,1-3,https://www.besoccer.com/match/sparta-rotterdam/psv/199714266,1997,30,eredivisie
Groningen,Ajax,1-1,https://www.besoccer.com/match/fc-groningen/ajax/199714267,1997,30,eredivisie
AZ Alkmaar,Willem II,1-0,https://www.besoccer.com/match/az/willem-ii/199714268,1997,31,eredivisie
Fortuna Sittard,NEC Nijmegen,3-1,https://www.besoccer.com/match/fortuna-sittard/nec/199714269,1997,31,eredivisie
RKC Waalwijk,De Graafschap,0-3,https://www.besoccer.com/match/rkc-waalwijk/graafschap/199714270,1997,31,eredivisie
FC Volendam,Sparta Rotterdam,0-2,https://www.besoccer.com/match/fc-volendam/sparta-rotterdam/199714271,1997,31,eredivisie
Utrecht,Vitesse,1-0,https://www.besoccer.com/match/fc-utrecht/vitesse/199714272,1997,31,eredivisie
Groningen,PSV,0-1,https://www.besoccer.com/match/fc-groningen/psv/199714273,1997,31,eredivisie
Ajax,Heerenveen,2-1,https://www.besoccer.com/match/ajax/heerenveen/199714274,1997,31,eredivisie
Feyenoord,Twente 1965,1-1,https://www.besoccer.com/match/feyenoord/fc-twente-1965/199714275,1997,31,eredivisie
Roda JC,NAC Breda,2-1,https://www.besoccer.com/match/roda-jc/nac-breda/199714276,1997,31,eredivisie
NEC Nijmegen,Roda JC,2-1,https://www.besoccer.com/match/nec/roda-jc/199714277,1997,32,eredivisie
NAC Breda,RKC Waalwijk,0-2,https://www.besoccer.com/match/nac-breda/rkc-waalwijk/199714278,1997,32,eredivisie
Heerenveen,FC Volendam,1-2,https://www.besoccer.com/match/heerenveen/fc-volendam/199714279,1997,32,eredivisie
AZ Alkmaar,Groningen,1-4,https://www.besoccer.com/match/az/fc-groningen/199714280,1997,32,eredivisie
PSV,Utrecht,6-1,https://www.besoccer.com/match/psv/fc-utrecht/199714281,1997,32,eredivisie
Vitesse,Fortuna Sittard,2-1,https://www.besoccer.com/match/vitesse/fortuna-sittard/199714282,1997,32,eredivisie
Ajax,Twente 1965,3-2,https://www.besoccer.com/match/ajax/fc-twente-1965/199714283,1997,32,eredivisie
Willem II,De Graafschap,2-0,https://www.besoccer.com/match/willem-ii/graafschap/199714284,1997,32,eredivisie
Feyenoord,Sparta Rotterdam,6-1,https://www.besoccer.com/match/feyenoord/sparta-rotterdam/199714285,1997,32,eredivisie
Groningen,Sparta Rotterdam,1-2,https://www.besoccer.com/match/fc-groningen/sparta-rotterdam/199714286,1997,33,eredivisie
PSV,Willem II,3-1,https://www.besoccer.com/match/psv/willem-ii/199714287,1997,33,eredivisie
FC Volendam,Utrecht,5-2,https://www.besoccer.com/match/fc-volendam/fc-utrecht/199714288,1997,33,eredivisie
RKC Waalwijk,AZ Alkmaar,5-0,https://www.besoccer.com/match/rkc-waalwijk/az/199714289,1997,33,eredivisie
Vitesse,NEC Nijmegen,1-1,https://www.besoccer.com/match/vitesse/nec/199714290,1997,33,eredivisie
De Graafschap,Roda JC,5-2,https://www.besoccer.com/match/graafschap/roda-jc/199714291,1997,33,eredivisie
Twente 1965,NAC Breda,4-0,https://www.besoccer.com/match/fc-twente-1965/nac-breda/199714292,1997,33,eredivisie
Fortuna Sittard,Ajax,2-1,https://www.besoccer.com/match/fortuna-sittard/ajax/199714293,1997,33,eredivisie
Feyenoord,Heerenveen,4-2,https://www.besoccer.com/match/feyenoord/heerenveen/199714294,1997,33,eredivisie
NEC Nijmegen,De Graafschap,2-1,https://www.besoccer.com/match/nec/graafschap/199714295,1997,34,eredivisie
Sparta Rotterdam,RKC Waalwijk,1-3,https://www.besoccer.com/match/sparta-rotterdam/rkc-waalwijk/199714296,1997,34,eredivisie
Roda JC,PSV,3-1,https://www.besoccer.com/match/roda-jc/psv/199714297,1997,34,eredivisie
Willem II,FC Volendam,0-0,https://www.besoccer.com/match/willem-ii/fc-volendam/199714298,1997,34,eredivisie
Heerenveen,Groningen,1-3,https://www.besoccer.com/match/heerenveen/fc-groningen/199714299,1997,34,eredivisie
AZ Alkmaar,Twente 1965,1-2,https://www.besoccer.com/match/az/fc-twente-1965/199714300,1997,34,eredivisie
NAC Breda,Fortuna Sittard,1-1,https://www.besoccer.com/match/nac-breda/fortuna-sittard/199714301,1997,34,eredivisie
Ajax,Vitesse,4-0,https://www.besoccer.com/match/ajax/vitesse/199714302,1997,34,eredivisie
Utrecht,Feyenoord,2-1,https://www.besoccer.com/match/fc-utrecht/feyenoord/199714303,1997,34,eredivisie
