Home_Team,Away_Team,Result,Link,Season,Round,League
Heerenveen,Roda JC,0-0,https://www.besoccer.com/match/heerenveen/roda-jc/20103049,2010,1,eredivisie
Willem II,Vitesse,3-1,https://www.besoccer.com/match/willem-ii/vitesse/20103050,2010,1,eredivisie
Heracles,AZ Alkmaar,3-2,https://www.besoccer.com/match/heracles/az/20103051,2010,1,eredivisie
Sparta Rotterdam,Twente 1965,0-2,https://www.besoccer.com/match/sparta-rotterdam/fc-twente-1965/20103052,2010,1,eredivisie
RKC Waalwijk,Utrecht,0-1,https://www.besoccer.com/match/rkc-waalwijk/fc-utrecht/20103053,2010,1,eredivisie
ADO Den Haag,NAC Breda,1-2,https://www.besoccer.com/match/ado-den-haag/nac-breda/20103054,2010,1,eredivisie
Feyenoord,NEC Nijmegen,2-0,https://www.besoccer.com/match/feyenoord/nec/20103055,2010,1,eredivisie
Groningen,Ajax,0-2,https://www.besoccer.com/match/fc-groningen/ajax/20103056,2010,1,eredivisie
PSV,VVV Venlo,3-3,https://www.besoccer.com/match/psv/vvv/20103057,2010,1,eredivisie
NEC Nijmegen,Heerenveen,4-1,https://www.besoccer.com/match/nec/heerenveen/20103058,2010,2,eredivisie
AZ Alkmaar,Sparta Rotterdam,2-0,https://www.besoccer.com/match/az/sparta-rotterdam/20103061,2010,2,eredivisie
Ajax,RKC Waalwijk,4-1,https://www.besoccer.com/match/ajax/rkc-waalwijk/20103059,2010,2,eredivisie
Roda JC,Groningen,1-1,https://www.besoccer.com/match/roda-jc/fc-groningen/20103060,2010,2,eredivisie
NAC Breda,Heracles,0-0,https://www.besoccer.com/match/nac-breda/heracles/20103062,2010,2,eredivisie
Vitesse,Feyenoord,0-0,https://www.besoccer.com/match/vitesse/feyenoord/20103063,2010,2,eredivisie
Twente 1965,PSV,1-1,https://www.besoccer.com/match/fc-twente-1965/psv/20103064,2010,2,eredivisie
Utrecht,Willem II,1-0,https://www.besoccer.com/match/fc-utrecht/willem-ii/20103065,2010,2,eredivisie
VVV Venlo,ADO Den Haag,2-2,https://www.besoccer.com/match/vvv/ado-den-haag/20103066,2010,2,eredivisie
Sparta Rotterdam,Willem II,2-1,https://www.besoccer.com/match/sparta-rotterdam/willem-ii/20103067,2010,3,eredivisie
ADO Den Haag,Twente 1965,0-1,https://www.besoccer.com/match/ado-den-haag/fc-twente-1965/20103068,2010,3,eredivisie
RKC Waalwijk,AZ Alkmaar,0-6,https://www.besoccer.com/match/rkc-waalwijk/az/20103069,2010,3,eredivisie
Heerenveen,Vitesse,1-0,https://www.besoccer.com/match/heerenveen/vitesse/20103070,2010,3,eredivisie
PSV,Ajax,4-3,https://www.besoccer.com/match/psv/ajax/20103071,2010,3,eredivisie
Roda JC,NEC Nijmegen,1-0,https://www.besoccer.com/match/roda-jc/nec/20103072,2010,3,eredivisie
Heracles,Feyenoord,0-1,https://www.besoccer.com/match/heracles/feyenoord/20103073,2010,3,eredivisie
Utrecht,VVV Venlo,2-2,https://www.besoccer.com/match/fc-utrecht/vvv/20103074,2010,3,eredivisie
Groningen,NAC Breda,1-2,https://www.besoccer.com/match/fc-groningen/nac-breda/20103075,2010,3,eredivisie
Vitesse,ADO Den Haag,1-3,https://www.besoccer.com/match/vitesse/ado-den-haag/20103077,2010,4,eredivisie
Willem II,Heracles,0-1,https://www.besoccer.com/match/willem-ii/heracles/20103079,2010,4,eredivisie
VVV Venlo,Groningen,2-2,https://www.besoccer.com/match/vvv/fc-groningen/20103080,2010,4,eredivisie
Twente 1965,RKC Waalwijk,2-1,https://www.besoccer.com/match/fc-twente-1965/rkc-waalwijk/20103078,2010,4,eredivisie
Ajax,Sparta Rotterdam,0-0,https://www.besoccer.com/match/ajax/sparta-rotterdam/20103081,2010,4,eredivisie
Heerenveen,AZ Alkmaar,0-2,https://www.besoccer.com/match/heerenveen/az/20103082,2010,4,eredivisie
PSV,NAC Breda,3-1,https://www.besoccer.com/match/psv/nac-breda/20103083,2010,4,eredivisie
Feyenoord,Roda JC,4-0,https://www.besoccer.com/match/feyenoord/roda-jc/20103084,2010,4,eredivisie
NEC Nijmegen,Utrecht,1-1,https://www.besoccer.com/match/nec/fc-utrecht/20103076,2010,4,eredivisie
RKC Waalwijk,ADO Den Haag,0-2,https://www.besoccer.com/match/rkc-waalwijk/ado-den-haag/20103085,2010,5,eredivisie
Roda JC,Vitesse,3-4,https://www.besoccer.com/match/roda-jc/vitesse/20103086,2010,5,eredivisie
NEC Nijmegen,VVV Venlo,1-1,https://www.besoccer.com/match/nec/vvv/20103087,2010,5,eredivisie
AZ Alkmaar,Willem II,2-1,https://www.besoccer.com/match/az/willem-ii/20103088,2010,5,eredivisie
Utrecht,Sparta Rotterdam,2-0,https://www.besoccer.com/match/fc-utrecht/sparta-rotterdam/20103089,2010,5,eredivisie
Feyenoord,Twente 1965,1-1,https://www.besoccer.com/match/feyenoord/fc-twente-1965/20103090,2010,5,eredivisie
Groningen,PSV,0-2,https://www.besoccer.com/match/fc-groningen/psv/20103091,2010,5,eredivisie
NAC Breda,Heerenveen,2-0,https://www.besoccer.com/match/nac-breda/heerenveen/20103092,2010,5,eredivisie
Heracles,Ajax,0-3,https://www.besoccer.com/match/heracles/ajax/20103093,2010,5,eredivisie
PSV,Roda JC,3-0,https://www.besoccer.com/match/psv/roda-jc/20103094,2010,6,eredivisie
Twente 1965,Utrecht,3-2,https://www.besoccer.com/match/fc-twente-1965/fc-utrecht/20103095,2010,6,eredivisie
Heerenveen,Groningen,0-1,https://www.besoccer.com/match/heerenveen/fc-groningen/20103096,2010,6,eredivisie
ADO Den Haag,AZ Alkmaar,2-1,https://www.besoccer.com/match/ado-den-haag/az/20103097,2010,6,eredivisie
Willem II,Feyenoord,2-3,https://www.besoccer.com/match/willem-ii/feyenoord/20103098,2010,6,eredivisie
Sparta Rotterdam,RKC Waalwijk,1-0,https://www.besoccer.com/match/sparta-rotterdam/rkc-waalwijk/20103099,2010,6,eredivisie
Ajax,NAC Breda,6-0,https://www.besoccer.com/match/ajax/nac-breda/20103100,2010,6,eredivisie
VVV Venlo,Heracles,1-0,https://www.besoccer.com/match/vvv/heracles/20103101,2010,6,eredivisie
Vitesse,NEC Nijmegen,2-2,https://www.besoccer.com/match/vitesse/nec/20103102,2010,6,eredivisie
Willem II,Groningen,2-1,https://www.besoccer.com/match/willem-ii/fc-groningen/20103103,2010,7,eredivisie
Heracles,Sparta Rotterdam,1-1,https://www.besoccer.com/match/heracles/sparta-rotterdam/20103105,2010,7,eredivisie
Vitesse,RKC Waalwijk,3-1,https://www.besoccer.com/match/vitesse/rkc-waalwijk/20103104,2010,7,eredivisie
Roda JC,NAC Breda,2-0,https://www.besoccer.com/match/roda-jc/nac-breda/20103107,2010,7,eredivisie
AZ Alkmaar,NEC Nijmegen,0-1,https://www.besoccer.com/match/az/nec/20103106,2010,7,eredivisie
ADO Den Haag,Utrecht,0-1,https://www.besoccer.com/match/ado-den-haag/fc-utrecht/20103110,2010,7,eredivisie
Heerenveen,Twente 1965,0-2,https://www.besoccer.com/match/heerenveen/fc-twente-1965/20103108,2010,7,eredivisie
Feyenoord,PSV,1-3,https://www.besoccer.com/match/feyenoord/psv/20103109,2010,7,eredivisie
VVV Venlo,Ajax,0-4,https://www.besoccer.com/match/vvv/ajax/20103111,2010,7,eredivisie
Utrecht,AZ Alkmaar,1-0,https://www.besoccer.com/match/fc-utrecht/az/20103115,2010,8,eredivisie
PSV,Willem II,3-1,https://www.besoccer.com/match/psv/willem-ii/20103113,2010,8,eredivisie
RKC Waalwijk,Roda JC,4-1,https://www.besoccer.com/match/rkc-waalwijk/roda-jc/20103114,2010,8,eredivisie
Twente 1965,VVV Venlo,2-1,https://www.besoccer.com/match/fc-twente-1965/vvv/20103112,2010,8,eredivisie
Ajax,ADO Den Haag,3-0,https://www.besoccer.com/match/ajax/ado-den-haag/20103119,2010,8,eredivisie
Groningen,Vitesse,1-0,https://www.besoccer.com/match/fc-groningen/vitesse/20103116,2010,8,eredivisie
Sparta Rotterdam,Heerenveen,0-2,https://www.besoccer.com/match/sparta-rotterdam/heerenveen/20103118,2010,8,eredivisie
NAC Breda,Feyenoord,0-2,https://www.besoccer.com/match/nac-breda/feyenoord/20103120,2010,8,eredivisie
NEC Nijmegen,Heracles,0-2,https://www.besoccer.com/match/nec/heracles/20103117,2010,8,eredivisie
Vitesse,Sparta Rotterdam,2-0,https://www.besoccer.com/match/vitesse/sparta-rotterdam/20103121,2010,9,eredivisie
ADO Den Haag,Groningen,1-1,https://www.besoccer.com/match/ado-den-haag/fc-groningen/20103124,2010,9,eredivisie
AZ Alkmaar,NAC Breda,1-0,https://www.besoccer.com/match/az/nac-breda/20103123,2010,9,eredivisie
Willem II,NEC Nijmegen,1-1,https://www.besoccer.com/match/willem-ii/nec/20103125,2010,9,eredivisie
Feyenoord,RKC Waalwijk,3-0,https://www.besoccer.com/match/feyenoord/rkc-waalwijk/20103122,2010,9,eredivisie
Roda JC,Ajax,2-2,https://www.besoccer.com/match/roda-jc/ajax/20103128,2010,9,eredivisie
Heracles,Twente 1965,1-3,https://www.besoccer.com/match/heracles/fc-twente-1965/20103126,2010,9,eredivisie
Heerenveen,VVV Venlo,1-1,https://www.besoccer.com/match/heerenveen/vvv/20103127,2010,9,eredivisie
Utrecht,PSV,0-0,https://www.besoccer.com/match/fc-utrecht/psv/20103129,2010,9,eredivisie
Ajax,Willem II,4-0,https://www.besoccer.com/match/ajax/willem-ii/20103132,2010,10,eredivisie
Twente 1965,AZ Alkmaar,3-2,https://www.besoccer.com/match/fc-twente-1965/az/20103131,2010,10,eredivisie
NAC Breda,Vitesse,4-0,https://www.besoccer.com/match/nac-breda/vitesse/20103133,2010,10,eredivisie
PSV,Heerenveen,1-0,https://www.besoccer.com/match/psv/heerenveen/20103130,2010,10,eredivisie
VVV Venlo,Roda JC,1-1,https://www.besoccer.com/match/vvv/roda-jc/20103136,2010,10,eredivisie
RKC Waalwijk,Heracles,0-1,https://www.besoccer.com/match/rkc-waalwijk/heracles/20103134,2010,10,eredivisie
NEC Nijmegen,ADO Den Haag,1-1,https://www.besoccer.com/match/nec/ado-den-haag/20103137,2010,10,eredivisie
Groningen,Utrecht,0-0,https://www.besoccer.com/match/fc-groningen/fc-utrecht/20103138,2010,10,eredivisie
Sparta Rotterdam,Feyenoord,2-1,https://www.besoccer.com/match/sparta-rotterdam/feyenoord/20103135,2010,10,eredivisie
Utrecht,Roda JC,2-1,https://www.besoccer.com/match/fc-utrecht/roda-jc/20103139,2010,11,eredivisie
ADO Den Haag,Sparta Rotterdam,2-3,https://www.besoccer.com/match/ado-den-haag/sparta-rotterdam/20103142,2010,11,eredivisie
Feyenoord,VVV Venlo,1-0,https://www.besoccer.com/match/feyenoord/vvv/20103143,2010,11,eredivisie
Vitesse,Heracles,0-2,https://www.besoccer.com/match/vitesse/heracles/20103145,2010,11,eredivisie
NAC Breda,RKC Waalwijk,1-0,https://www.besoccer.com/match/nac-breda/rkc-waalwijk/20103140,2010,11,eredivisie
Twente 1965,Groningen,4-0,https://www.besoccer.com/match/fc-twente-1965/fc-groningen/20103141,2010,11,eredivisie
AZ Alkmaar,Ajax,2-4,https://www.besoccer.com/match/az/ajax/20103144,2010,11,eredivisie
Willem II,Heerenveen,4-1,https://www.besoccer.com/match/willem-ii/heerenveen/20103146,2010,11,eredivisie
NEC Nijmegen,PSV,0-4,https://www.besoccer.com/match/nec/psv/20103147,2010,11,eredivisie
VVV Venlo,NAC Breda,1-1,https://www.besoccer.com/match/vvv/nac-breda/20103148,2010,12,eredivisie
Heerenveen,ADO Den Haag,3-0,https://www.besoccer.com/match/heerenveen/ado-den-haag/20103150,2010,12,eredivisie
Roda JC,Twente 1965,1-2,https://www.besoccer.com/match/roda-jc/fc-twente-1965/20103149,2010,12,eredivisie
PSV,Vitesse,1-0,https://www.besoccer.com/match/psv/vitesse/20103152,2010,12,eredivisie
Groningen,AZ Alkmaar,0-1,https://www.besoccer.com/match/fc-groningen/az/20103151,2010,12,eredivisie
Ajax,Feyenoord,5-1,https://www.besoccer.com/match/ajax/feyenoord/20103154,2010,12,eredivisie
RKC Waalwijk,Willem II,0-1,https://www.besoccer.com/match/rkc-waalwijk/willem-ii/20103153,2010,12,eredivisie
Sparta Rotterdam,NEC Nijmegen,2-0,https://www.besoccer.com/match/sparta-rotterdam/nec/20103155,2010,12,eredivisie
Heracles,Utrecht,3-1,https://www.besoccer.com/match/heracles/fc-utrecht/20103156,2010,12,eredivisie
Groningen,Heracles,4-1,https://www.besoccer.com/match/fc-groningen/heracles/20103157,2010,13,eredivisie
Vitesse,VVV Venlo,2-0,https://www.besoccer.com/match/vitesse/vvv/20103159,2010,13,eredivisie
Sparta Rotterdam,Roda JC,1-2,https://www.besoccer.com/match/sparta-rotterdam/roda-jc/20103160,2010,13,eredivisie
NEC Nijmegen,RKC Waalwijk,0-1,https://www.besoccer.com/match/nec/rkc-waalwijk/20103158,2010,13,eredivisie
NAC Breda,Willem II,4-0,https://www.besoccer.com/match/nac-breda/willem-ii/20103165,2010,13,eredivisie
ADO Den Haag,PSV,1-5,https://www.besoccer.com/match/ado-den-haag/psv/20103161,2010,13,eredivisie
AZ Alkmaar,Feyenoord,1-1,https://www.besoccer.com/match/az/feyenoord/20103162,2010,13,eredivisie
Utrecht,Heerenveen,2-3,https://www.besoccer.com/match/fc-utrecht/heerenveen/20103164,2010,13,eredivisie
Twente 1965,Ajax,1-0,https://www.besoccer.com/match/fc-twente-1965/ajax/20103163,2010,13,eredivisie
Roda JC,AZ Alkmaar,2-4,https://www.besoccer.com/match/roda-jc/az/20103169,2010,14,eredivisie
NAC Breda,NEC Nijmegen,3-3,https://www.besoccer.com/match/nac-breda/nec/20103166,2010,14,eredivisie
RKC Waalwijk,Groningen,3-1,https://www.besoccer.com/match/rkc-waalwijk/fc-groningen/20103167,2010,14,eredivisie
Twente 1965,Vitesse,1-0,https://www.besoccer.com/match/fc-twente-1965/vitesse/20103168,2010,14,eredivisie
Feyenoord,Utrecht,0-0,https://www.besoccer.com/match/feyenoord/fc-utrecht/20103172,2010,14,eredivisie
Ajax,Heerenveen,5-1,https://www.besoccer.com/match/ajax/heerenveen/20103171,2010,14,eredivisie
Willem II,ADO Den Haag,1-1,https://www.besoccer.com/match/willem-ii/ado-den-haag/20103173,2010,14,eredivisie
VVV Venlo,Sparta Rotterdam,5-0,https://www.besoccer.com/match/vvv/sparta-rotterdam/20103174,2010,14,eredivisie
PSV,Heracles,4-0,https://www.besoccer.com/match/psv/heracles/20103170,2010,14,eredivisie
Sparta Rotterdam,PSV,2-3,https://www.besoccer.com/match/sparta-rotterdam/psv/20103175,2010,15,eredivisie
AZ Alkmaar,VVV Venlo,2-0,https://www.besoccer.com/match/az/vvv/20103177,2010,15,eredivisie
Heracles,Roda JC,3-2,https://www.besoccer.com/match/heracles/roda-jc/20103178,2010,15,eredivisie
Heerenveen,RKC Waalwijk,3-1,https://www.besoccer.com/match/heerenveen/rkc-waalwijk/20103179,2010,15,eredivisie
Willem II,Twente 1965,1-3,https://www.besoccer.com/match/willem-ii/fc-twente-1965/20103176,2010,15,eredivisie
Vitesse,Ajax,1-5,https://www.besoccer.com/match/vitesse/ajax/20103182,2010,15,eredivisie
ADO Den Haag,Feyenoord,0-2,https://www.besoccer.com/match/ado-den-haag/feyenoord/20103183,2010,15,eredivisie
Utrecht,NAC Breda,3-1,https://www.besoccer.com/match/fc-utrecht/nac-breda/20103180,2010,15,eredivisie
Groningen,NEC Nijmegen,2-2,https://www.besoccer.com/match/fc-groningen/nec/20103181,2010,15,eredivisie
VVV Venlo,Willem II,2-1,https://www.besoccer.com/match/vvv/willem-ii/20103184,2010,16,eredivisie
AZ Alkmaar,Vitesse,1-2,https://www.besoccer.com/match/az/vitesse/20103185,2010,16,eredivisie
Roda JC,ADO Den Haag,1-1,https://www.besoccer.com/match/roda-jc/ado-den-haag/20103186,2010,16,eredivisie
NAC Breda,Sparta Rotterdam,2-2,https://www.besoccer.com/match/nac-breda/sparta-rotterdam/20103192,2010,16,eredivisie
Utrecht,Ajax,2-0,https://www.besoccer.com/match/fc-utrecht/ajax/20103188,2010,16,eredivisie
RKC Waalwijk,PSV,0-2,https://www.besoccer.com/match/rkc-waalwijk/psv/20103189,2010,16,eredivisie
Feyenoord,Groningen,3-1,https://www.besoccer.com/match/feyenoord/fc-groningen/20103191,2010,16,eredivisie
NEC Nijmegen,Twente 1965,3-4,https://www.besoccer.com/match/nec/fc-twente-1965/20103187,2010,16,eredivisie
Heracles,Heerenveen,3-1,https://www.besoccer.com/match/heracles/heerenveen/20103190,2010,16,eredivisie
Ajax,NEC Nijmegen,3-0,https://www.besoccer.com/match/ajax/nec/20103193,2010,17,eredivisie
VVV Venlo,RKC Waalwijk,3-0,https://www.besoccer.com/match/vvv/rkc-waalwijk/20103197,2010,17,eredivisie
Twente 1965,NAC Breda,3-1,https://www.besoccer.com/match/fc-twente-1965/nac-breda/20103195,2010,17,eredivisie
Heerenveen,Feyenoord,0-2,https://www.besoccer.com/match/heerenveen/feyenoord/20103196,2010,17,eredivisie
PSV,AZ Alkmaar,1-0,https://www.besoccer.com/match/psv/az/20103194,2010,17,eredivisie
Vitesse,Utrecht,2-2,https://www.besoccer.com/match/vitesse/fc-utrecht/20103199,2010,17,eredivisie
Willem II,Roda JC,1-3,https://www.besoccer.com/match/willem-ii/roda-jc/20103200,2010,17,eredivisie
ADO Den Haag,Heracles,1-4,https://www.besoccer.com/match/ado-den-haag/heracles/20103201,2010,17,eredivisie
Sparta Rotterdam,Groningen,2-4,https://www.besoccer.com/match/sparta-rotterdam/fc-groningen/20103198,2010,17,eredivisie
Heracles,VVV Venlo,1-0,https://www.besoccer.com/match/heracles/vvv/20103202,2010,18,eredivisie
AZ Alkmaar,ADO Den Haag,3-0,https://www.besoccer.com/match/az/ado-den-haag/20103203,2010,18,eredivisie
Feyenoord,Willem II,1-0,https://www.besoccer.com/match/feyenoord/willem-ii/20103204,2010,18,eredivisie
RKC Waalwijk,Sparta Rotterdam,4-1,https://www.besoccer.com/match/rkc-waalwijk/sparta-rotterdam/20103205,2010,18,eredivisie
NEC Nijmegen,Vitesse,2-1,https://www.besoccer.com/match/nec/vitesse/20103209,2010,18,eredivisie
Utrecht,Twente 1965,0-0,https://www.besoccer.com/match/fc-utrecht/fc-twente-1965/20103206,2010,18,eredivisie
NAC Breda,Ajax,1-1,https://www.besoccer.com/match/nac-breda/ajax/20103210,2010,18,eredivisie
Roda JC,PSV,0-1,https://www.besoccer.com/match/roda-jc/psv/20103208,2010,18,eredivisie
Groningen,Heerenveen,2-0,https://www.besoccer.com/match/fc-groningen/heerenveen/20103207,2010,18,eredivisie
PSV,NEC Nijmegen,3-0,https://www.besoccer.com/match/psv/nec/20103211,2010,19,eredivisie
Heracles,Vitesse,1-2,https://www.besoccer.com/match/heracles/vitesse/20103213,2010,19,eredivisie
Roda JC,Utrecht,2-0,https://www.besoccer.com/match/roda-jc/fc-utrecht/20103214,2010,19,eredivisie
Heerenveen,Willem II,4-2,https://www.besoccer.com/match/heerenveen/willem-ii/20103215,2010,19,eredivisie
RKC Waalwijk,NAC Breda,0-1,https://www.besoccer.com/match/rkc-waalwijk/nac-breda/20103212,2010,19,eredivisie
Ajax,AZ Alkmaar,1-0,https://www.besoccer.com/match/ajax/az/20103216,2010,19,eredivisie
Groningen,Twente 1965,0-0,https://www.besoccer.com/match/fc-groningen/fc-twente-1965/20103217,2010,19,eredivisie
VVV Venlo,Feyenoord,1-1,https://www.besoccer.com/match/vvv/feyenoord/20103218,2010,19,eredivisie
Sparta Rotterdam,ADO Den Haag,0-0,https://www.besoccer.com/match/sparta-rotterdam/ado-den-haag/20103219,2010,19,eredivisie
Willem II,RKC Waalwijk,2-1,https://www.besoccer.com/match/willem-ii/rkc-waalwijk/20103221,2010,20,eredivisie
NEC Nijmegen,Sparta Rotterdam,1-0,https://www.besoccer.com/match/nec/sparta-rotterdam/20103224,2010,20,eredivisie
NAC Breda,VVV Venlo,2-0,https://www.besoccer.com/match/nac-breda/vvv/20103220,2010,20,eredivisie
AZ Alkmaar,Groningen,0-1,https://www.besoccer.com/match/az/fc-groningen/20103223,2010,20,eredivisie
ADO Den Haag,Heerenveen,2-1,https://www.besoccer.com/match/ado-den-haag/heerenveen/20103222,2010,20,eredivisie
Feyenoord,Ajax,1-1,https://www.besoccer.com/match/feyenoord/ajax/20103227,2010,20,eredivisie
Twente 1965,Roda JC,2-0,https://www.besoccer.com/match/fc-twente-1965/roda-jc/20103225,2010,20,eredivisie
Utrecht,Heracles,0-0,https://www.besoccer.com/match/fc-utrecht/heracles/20103226,2010,20,eredivisie
Vitesse,PSV,0-0,https://www.besoccer.com/match/vitesse/psv/20103228,2010,20,eredivisie
VVV Venlo,Heerenveen,3-1,https://www.besoccer.com/match/vvv/heerenveen/20103229,2010,21,eredivisie
NAC Breda,AZ Alkmaar,1-1,https://www.besoccer.com/match/nac-breda/az/20103232,2010,21,eredivisie
Groningen,ADO Den Haag,2-0,https://www.besoccer.com/match/fc-groningen/ado-den-haag/20103230,2010,21,eredivisie
Twente 1965,Heracles,2-0,https://www.besoccer.com/match/fc-twente-1965/heracles/20103233,2010,21,eredivisie
PSV,Utrecht,2-1,https://www.besoccer.com/match/psv/fc-utrecht/20103234,2010,21,eredivisie
Ajax,Roda JC,4-0,https://www.besoccer.com/match/ajax/roda-jc/20103236,2010,21,eredivisie
Sparta Rotterdam,Vitesse,1-1,https://www.besoccer.com/match/sparta-rotterdam/vitesse/20103235,2010,21,eredivisie
RKC Waalwijk,Feyenoord,0-1,https://www.besoccer.com/match/rkc-waalwijk/feyenoord/20103237,2010,21,eredivisie
NEC Nijmegen,Willem II,2-1,https://www.besoccer.com/match/nec/willem-ii/20103231,2010,21,eredivisie
Willem II,NAC Breda,1-2,https://www.besoccer.com/match/willem-ii/nac-breda/20103238,2010,22,eredivisie
PSV,ADO Den Haag,2-0,https://www.besoccer.com/match/psv/ado-den-haag/20103240,2010,22,eredivisie
Roda JC,Sparta Rotterdam,2-1,https://www.besoccer.com/match/roda-jc/sparta-rotterdam/20103241,2010,22,eredivisie
Heerenveen,Utrecht,2-0,https://www.besoccer.com/match/heerenveen/fc-utrecht/20103242,2010,22,eredivisie
Heracles,Groningen,4-3,https://www.besoccer.com/match/heracles/fc-groningen/20103239,2010,22,eredivisie
RKC Waalwijk,NEC Nijmegen,0-1,https://www.besoccer.com/match/rkc-waalwijk/nec/20103243,2010,22,eredivisie
Feyenoord,AZ Alkmaar,1-2,https://www.besoccer.com/match/feyenoord/az/20103245,2010,22,eredivisie
VVV Venlo,Vitesse,2-0,https://www.besoccer.com/match/vvv/vitesse/20103246,2010,22,eredivisie
Ajax,Twente 1965,3-0,https://www.besoccer.com/match/ajax/fc-twente-1965/20103244,2010,22,eredivisie
NEC Nijmegen,NAC Breda,4-2,https://www.besoccer.com/match/nec/nac-breda/20103247,2010,23,eredivisie
Vitesse,Twente 1965,1-2,https://www.besoccer.com/match/vitesse/fc-twente-1965/20103249,2010,23,eredivisie
Heerenveen,Ajax,0-2,https://www.besoccer.com/match/heerenveen/ajax/20103248,2010,23,eredivisie
ADO Den Haag,Willem II,3-0,https://www.besoccer.com/match/ado-den-haag/willem-ii/20103250,2010,23,eredivisie
AZ Alkmaar,Roda JC,2-0,https://www.besoccer.com/match/az/roda-jc/20103251,2010,23,eredivisie
Utrecht,Feyenoord,0-0,https://www.besoccer.com/match/fc-utrecht/feyenoord/20103255,2010,23,eredivisie
Heracles,PSV,0-1,https://www.besoccer.com/match/heracles/psv/20103252,2010,23,eredivisie
Sparta Rotterdam,VVV Venlo,2-0,https://www.besoccer.com/match/sparta-rotterdam/vvv/20103253,2010,23,eredivisie
Groningen,RKC Waalwijk,2-1,https://www.besoccer.com/match/fc-groningen/rkc-waalwijk/20103254,2010,23,eredivisie
Roda JC,Heracles,2-1,https://www.besoccer.com/match/roda-jc/heracles/20103257,2010,24,eredivisie
NAC Breda,Utrecht,0-2,https://www.besoccer.com/match/nac-breda/fc-utrecht/20103260,2010,24,eredivisie
VVV Venlo,AZ Alkmaar,3-3,https://www.besoccer.com/match/vvv/az/20103259,2010,24,eredivisie
RKC Waalwijk,Heerenveen,1-2,https://www.besoccer.com/match/rkc-waalwijk/heerenveen/20103263,2010,24,eredivisie
NEC Nijmegen,Groningen,0-2,https://www.besoccer.com/match/nec/fc-groningen/20103264,2010,24,eredivisie
Feyenoord,ADO Den Haag,2-2,https://www.besoccer.com/match/feyenoord/ado-den-haag/20103262,2010,24,eredivisie
Twente 1965,Willem II,1-0,https://www.besoccer.com/match/fc-twente-1965/willem-ii/20103256,2010,24,eredivisie
PSV,Sparta Rotterdam,1-1,https://www.besoccer.com/match/psv/sparta-rotterdam/20103258,2010,24,eredivisie
Ajax,Vitesse,4-0,https://www.besoccer.com/match/ajax/vitesse/20103261,2010,24,eredivisie
ADO Den Haag,Roda JC,1-2,https://www.besoccer.com/match/ado-den-haag/roda-jc/20103265,2010,25,eredivisie
Heerenveen,Heracles,1-2,https://www.besoccer.com/match/heerenveen/heracles/20103269,2010,25,eredivisie
Vitesse,AZ Alkmaar,0-3,https://www.besoccer.com/match/vitesse/az/20103267,2010,25,eredivisie
Willem II,VVV Venlo,2-1,https://www.besoccer.com/match/willem-ii/vvv/20103266,2010,25,eredivisie
Ajax,Utrecht,4-0,https://www.besoccer.com/match/ajax/fc-utrecht/20103272,2010,25,eredivisie
PSV,RKC Waalwijk,5-1,https://www.besoccer.com/match/psv/rkc-waalwijk/20103268,2010,25,eredivisie
Groningen,Feyenoord,2-3,https://www.besoccer.com/match/fc-groningen/feyenoord/20103270,2010,25,eredivisie
Twente 1965,NEC Nijmegen,2-1,https://www.besoccer.com/match/fc-twente-1965/nec/20103271,2010,25,eredivisie
Sparta Rotterdam,NAC Breda,2-2,https://www.besoccer.com/match/sparta-rotterdam/nac-breda/20103273,2010,25,eredivisie
AZ Alkmaar,Heerenveen,4-1,https://www.besoccer.com/match/az/heerenveen/20103276,2010,26,eredivisie
ADO Den Haag,Vitesse,1-1,https://www.besoccer.com/match/ado-den-haag/vitesse/20103274,2010,26,eredivisie
Heracles,Willem II,3-2,https://www.besoccer.com/match/heracles/willem-ii/20103275,2010,26,eredivisie
NAC Breda,PSV,2-1,https://www.besoccer.com/match/nac-breda/psv/20103277,2010,26,eredivisie
Roda JC,Feyenoord,2-4,https://www.besoccer.com/match/roda-jc/feyenoord/20103278,2010,26,eredivisie
Sparta Rotterdam,Ajax,0-3,https://www.besoccer.com/match/sparta-rotterdam/ajax/20103282,2010,26,eredivisie
Groningen,VVV Venlo,1-0,https://www.besoccer.com/match/fc-groningen/vvv/20103279,2010,26,eredivisie
Utrecht,NEC Nijmegen,1-0,https://www.besoccer.com/match/fc-utrecht/nec/20103280,2010,26,eredivisie
RKC Waalwijk,Twente 1965,0-1,https://www.besoccer.com/match/rkc-waalwijk/fc-twente-1965/20103281,2010,26,eredivisie
Twente 1965,ADO Den Haag,3-1,https://www.besoccer.com/match/fc-twente-1965/ado-den-haag/20103283,2010,27,eredivisie
NAC Breda,Groningen,0-3,https://www.besoccer.com/match/nac-breda/fc-groningen/20103287,2010,27,eredivisie
VVV Venlo,Utrecht,0-1,https://www.besoccer.com/match/vvv/fc-utrecht/20103285,2010,27,eredivisie
AZ Alkmaar,RKC Waalwijk,6-2,https://www.besoccer.com/match/az/rkc-waalwijk/20103286,2010,27,eredivisie
NEC Nijmegen,Roda JC,0-2,https://www.besoccer.com/match/nec/roda-jc/20103284,2010,27,eredivisie
Feyenoord,Heracles,1-1,https://www.besoccer.com/match/feyenoord/heracles/20103288,2010,27,eredivisie
Vitesse,Heerenveen,0-1,https://www.besoccer.com/match/vitesse/heerenveen/20103290,2010,27,eredivisie
Willem II,Sparta Rotterdam,3-1,https://www.besoccer.com/match/willem-ii/sparta-rotterdam/20103291,2010,27,eredivisie
Ajax,PSV,4-1,https://www.besoccer.com/match/ajax/psv/20103289,2010,27,eredivisie
Heerenveen,NEC Nijmegen,4-1,https://www.besoccer.com/match/heerenveen/nec/20103292,2010,28,eredivisie
Willem II,Utrecht,0-3,https://www.besoccer.com/match/willem-ii/fc-utrecht/20103294,2010,28,eredivisie
PSV,Twente 1965,1-1,https://www.besoccer.com/match/psv/fc-twente-1965/20103293,2010,28,eredivisie
Heracles,NAC Breda,3-0,https://www.besoccer.com/match/heracles/nac-breda/20103297,2010,28,eredivisie
RKC Waalwijk,Ajax,1-5,https://www.besoccer.com/match/rkc-waalwijk/ajax/20103299,2010,28,eredivisie
ADO Den Haag,VVV Venlo,0-0,https://www.besoccer.com/match/ado-den-haag/vvv/20103295,2010,28,eredivisie
Sparta Rotterdam,AZ Alkmaar,0-1,https://www.besoccer.com/match/sparta-rotterdam/az/20103298,2010,28,eredivisie
Groningen,Roda JC,1-0,https://www.besoccer.com/match/fc-groningen/roda-jc/20103300,2010,28,eredivisie
Feyenoord,Vitesse,2-1,https://www.besoccer.com/match/feyenoord/vitesse/20103296,2010,28,eredivisie
NAC Breda,ADO Den Haag,3-0,https://www.besoccer.com/match/nac-breda/ado-den-haag/20103301,2010,29,eredivisie
Vitesse,Willem II,2-1,https://www.besoccer.com/match/vitesse/willem-ii/20103305,2010,29,eredivisie
Roda JC,Heerenveen,4-2,https://www.besoccer.com/match/roda-jc/heerenveen/20103302,2010,29,eredivisie
AZ Alkmaar,Heracles,3-2,https://www.besoccer.com/match/az/heracles/20103304,2010,29,eredivisie
Twente 1965,Sparta Rotterdam,3-0,https://www.besoccer.com/match/fc-twente-1965/sparta-rotterdam/20103303,2010,29,eredivisie
NEC Nijmegen,Feyenoord,0-0,https://www.besoccer.com/match/nec/feyenoord/20103307,2010,29,eredivisie
Ajax,Groningen,3-0,https://www.besoccer.com/match/ajax/fc-groningen/20103306,2010,29,eredivisie
Utrecht,RKC Waalwijk,2-0,https://www.besoccer.com/match/fc-utrecht/rkc-waalwijk/20103308,2010,29,eredivisie
VVV Venlo,PSV,2-4,https://www.besoccer.com/match/vvv/psv/20103309,2010,29,eredivisie
VVV Venlo,Twente 1965,0-2,https://www.besoccer.com/match/vvv/fc-twente-1965/20103311,2010,30,eredivisie
Vitesse,Groningen,3-0,https://www.besoccer.com/match/vitesse/fc-groningen/20103310,2010,30,eredivisie
AZ Alkmaar,Utrecht,2-0,https://www.besoccer.com/match/az/fc-utrecht/20103312,2010,30,eredivisie
Roda JC,RKC Waalwijk,5-1,https://www.besoccer.com/match/roda-jc/rkc-waalwijk/20103313,2010,30,eredivisie
Heerenveen,Sparta Rotterdam,4-1,https://www.besoccer.com/match/heerenveen/sparta-rotterdam/20103314,2010,30,eredivisie
Feyenoord,NAC Breda,0-0,https://www.besoccer.com/match/feyenoord/nac-breda/20103315,2010,30,eredivisie
ADO Den Haag,Ajax,0-1,https://www.besoccer.com/match/ado-den-haag/ajax/20103318,2010,30,eredivisie
Heracles,NEC Nijmegen,2-0,https://www.besoccer.com/match/heracles/nec/20103316,2010,30,eredivisie
Willem II,PSV,0-1,https://www.besoccer.com/match/willem-ii/psv/20103317,2010,30,eredivisie
RKC Waalwijk,Vitesse,4-1,https://www.besoccer.com/match/rkc-waalwijk/vitesse/20103319,2010,31,eredivisie
Twente 1965,Heerenveen,2-0,https://www.besoccer.com/match/fc-twente-1965/heerenveen/20103321,2010,31,eredivisie
NEC Nijmegen,AZ Alkmaar,0-0,https://www.besoccer.com/match/nec/az/20103320,2010,31,eredivisie
NAC Breda,Roda JC,1-0,https://www.besoccer.com/match/nac-breda/roda-jc/20103323,2010,31,eredivisie
Sparta Rotterdam,Heracles,1-1,https://www.besoccer.com/match/sparta-rotterdam/heracles/20103322,2010,31,eredivisie
PSV,Feyenoord,0-0,https://www.besoccer.com/match/psv/feyenoord/20103325,2010,31,eredivisie
Utrecht,ADO Den Haag,0-2,https://www.besoccer.com/match/fc-utrecht/ado-den-haag/20103326,2010,31,eredivisie
Ajax,VVV Venlo,7-0,https://www.besoccer.com/match/ajax/vvv/20103324,2010,31,eredivisie
Groningen,Willem II,4-0,https://www.besoccer.com/match/fc-groningen/willem-ii/20103327,2010,31,eredivisie
Heracles,RKC Waalwijk,4-1,https://www.besoccer.com/match/heracles/rkc-waalwijk/20103328,2010,32,eredivisie
Vitesse,NAC Breda,1-1,https://www.besoccer.com/match/vitesse/nac-breda/20103329,2010,32,eredivisie
AZ Alkmaar,Twente 1965,1-0,https://www.besoccer.com/match/az/fc-twente-1965/20103330,2010,32,eredivisie
Willem II,Ajax,0-2,https://www.besoccer.com/match/willem-ii/ajax/20103333,2010,32,eredivisie
Roda JC,VVV Venlo,4-2,https://www.besoccer.com/match/roda-jc/vvv/20103336,2010,32,eredivisie
Feyenoord,Sparta Rotterdam,3-0,https://www.besoccer.com/match/feyenoord/sparta-rotterdam/20103331,2010,32,eredivisie
Heerenveen,PSV,2-2,https://www.besoccer.com/match/heerenveen/psv/20103335,2010,32,eredivisie
ADO Den Haag,NEC Nijmegen,2-3,https://www.besoccer.com/match/ado-den-haag/nec/20103332,2010,32,eredivisie
Utrecht,Groningen,1-1,https://www.besoccer.com/match/fc-utrecht/fc-groningen/20103334,2010,32,eredivisie
Heerenveen,NAC Breda,0-0,https://www.besoccer.com/match/heerenveen/nac-breda/20103337,2010,33,eredivisie
Twente 1965,Feyenoord,2-0,https://www.besoccer.com/match/fc-twente-1965/feyenoord/20103338,2010,33,eredivisie
PSV,Groningen,3-1,https://www.besoccer.com/match/psv/fc-groningen/20103339,2010,33,eredivisie
Willem II,AZ Alkmaar,0-3,https://www.besoccer.com/match/willem-ii/az/20103340,2010,33,eredivisie
ADO Den Haag,RKC Waalwijk,4-0,https://www.besoccer.com/match/ado-den-haag/rkc-waalwijk/20103341,2010,33,eredivisie
Vitesse,Roda JC,2-5,https://www.besoccer.com/match/vitesse/roda-jc/20103342,2010,33,eredivisie
VVV Venlo,NEC Nijmegen,2-0,https://www.besoccer.com/match/vvv/nec/20103343,2010,33,eredivisie
Sparta Rotterdam,Utrecht,0-3,https://www.besoccer.com/match/sparta-rotterdam/fc-utrecht/20103344,2010,33,eredivisie
Ajax,Heracles,4-0,https://www.besoccer.com/match/ajax/heracles/20103345,2010,33,eredivisie
AZ Alkmaar,PSV,1-1,https://www.besoccer.com/match/az/psv/20103346,2010,34,eredivisie
Feyenoord,Heerenveen,6-2,https://www.besoccer.com/match/feyenoord/heerenveen/20103347,2010,34,eredivisie
RKC Waalwijk,VVV Venlo,1-2,https://www.besoccer.com/match/rkc-waalwijk/vvv/20103348,2010,34,eredivisie
Heracles,ADO Den Haag,4-2,https://www.besoccer.com/match/heracles/ado-den-haag/20103349,2010,34,eredivisie
Utrecht,Vitesse,2-2,https://www.besoccer.com/match/fc-utrecht/vitesse/20103350,2010,34,eredivisie
Groningen,Sparta Rotterdam,3-1,https://www.besoccer.com/match/fc-groningen/sparta-rotterdam/20103351,2010,34,eredivisie
NEC Nijmegen,Ajax,1-4,https://www.besoccer.com/match/nec/ajax/20103352,2010,34,eredivisie
Roda JC,Willem II,3-2,https://www.besoccer.com/match/roda-jc/willem-ii/20103353,2010,34,eredivisie
NAC Breda,Twente 1965,0-2,https://www.besoccer.com/match/nac-breda/fc-twente-1965/20103354,2010,34,eredivisie
