,Home_Team,Away_Team,Link,Season,Round,League
0,Porto II,Porto II,https://www.besoccer.com/match/porto-ii/sporting-covilha/202235542,2022,22,segunda_liga
1,Penafiel,Penafiel,https://www.besoccer.com/match/penafiel/trofense/202235543,2022,22,segunda_liga
2,Varzim,Varzim,https://www.besoccer.com/match/varzim/nacional/202235537,2022,22,segunda_liga
3,Feirense,Feirense,https://www.besoccer.com/match/feirense/farense/202235536,2022,22,segunda_liga
4,CF Estrela,CF Estrela,https://www.besoccer.com/match/cf-estrela-de-amadora/academica/202235538,2022,22,segunda_liga
