Home_Team,Away_Team,Result,Link,Season,Round,League
Ajaccio,Dijon FCO,0-0,https://www.besoccer.com/match/ajaccio/dijon-fco/20168183,2016,1,ligue_2
Auxerre,Stade Brestois,0-0,https://www.besoccer.com/match/auxerre/stade-brestois-29/20168184,2016,1,ligue_2
Bourg-Péronnas,Le Havre,1-3,https://www.besoccer.com/match/bourg-peronnas/havre-ac/20168185,2016,1,ligue_2
Clermont,Sochaux,0-0,https://www.besoccer.com/match/clermont-foot/sochaux/20168186,2016,1,ligue_2
Nîmes,Evian Thonon Gaillard,0-0,https://www.besoccer.com/match/nimes-olympique/evian-thonon-gaillard/20168189,2016,1,ligue_2
Niort,Valenciennes,0-1,https://www.besoccer.com/match/chamois-niortais/valenciennes-afc/20168190,2016,1,ligue_2
Paris FC,Stade Lavallois,1-1,https://www.besoccer.com/match/paris-sg/stade-lavallois/20168191,2016,1,ligue_2
Red Star,Creteil,0-1,https://www.besoccer.com/match/red-star/creteil-lusitanos/20168192,2016,1,ligue_2
Metz,Lens,0-0,https://www.besoccer.com/match/metz/lens/20168187,2016,1,ligue_2
Nancy,Tours,0-0,https://www.besoccer.com/match/nancy/tours-fc/20168188,2016,1,ligue_2
Stade Brestois,Nîmes,2-0,https://www.besoccer.com/match/stade-brestois-29/nimes-olympique/20168193,2016,2,ligue_2
Creteil,Bourg-Péronnas,2-1,https://www.besoccer.com/match/creteil-lusitanos/bourg-peronnas/20168194,2016,2,ligue_2
Dijon FCO,Niort,3-0,https://www.besoccer.com/match/dijon-fco/chamois-niortais/20168195,2016,2,ligue_2
Evian Thonon Gaillard,Clermont,2-2,https://www.besoccer.com/match/evian-thonon-gaillard/clermont-foot/20168196,2016,2,ligue_2
Stade Lavallois,Nancy,0-1,https://www.besoccer.com/match/stade-lavallois/nancy/20168197,2016,2,ligue_2
Le Havre,Ajaccio,1-0,https://www.besoccer.com/match/havre-ac/ajaccio/20168198,2016,2,ligue_2
Sochaux,Metz,0-1,https://www.besoccer.com/match/sochaux/metz/20168200,2016,2,ligue_2
Tours,Paris FC,0-0,https://www.besoccer.com/match/tours-fc/paris-sg/20168201,2016,2,ligue_2
Valenciennes,Auxerre,0-0,https://www.besoccer.com/match/valenciennes-afc/auxerre/20168202,2016,2,ligue_2
Lens,Red Star,1-1,https://www.besoccer.com/match/lens/red-star/20168199,2016,2,ligue_2
Ajaccio,Evian Thonon Gaillard,1-1,https://www.besoccer.com/match/ajaccio/evian-thonon-gaillard/20168203,2016,3,ligue_2
Auxerre,Stade Lavallois,2-3,https://www.besoccer.com/match/auxerre/stade-lavallois/20168204,2016,3,ligue_2
Bourg-Péronnas,Dijon FCO,2-1,https://www.besoccer.com/match/bourg-peronnas/dijon-fco/20168205,2016,3,ligue_2
Clermont,Nîmes,1-0,https://www.besoccer.com/match/clermont-foot/nimes-olympique/20168206,2016,3,ligue_2
Lens,Creteil,1-1,https://www.besoccer.com/match/lens/creteil-lusitanos/20168207,2016,3,ligue_2
Niort,Sochaux,1-1,https://www.besoccer.com/match/chamois-niortais/sochaux/20168210,2016,3,ligue_2
Paris FC,Le Havre,3-0,https://www.besoccer.com/match/paris-sg/havre-ac/20168211,2016,3,ligue_2
Red Star,Tours,1-1,https://www.besoccer.com/match/red-star/tours-fc/20168212,2016,3,ligue_2
Nancy,Stade Brestois,3-0,https://www.besoccer.com/match/nancy/stade-brestois-29/20168209,2016,3,ligue_2
Metz,Valenciennes,2-0,https://www.besoccer.com/match/metz/valenciennes-afc/20168208,2016,3,ligue_2
Stade Brestois,Ajaccio,1-0,https://www.besoccer.com/match/stade-brestois-29/ajaccio/20168213,2016,4,ligue_2
Creteil,Metz,1-2,https://www.besoccer.com/match/creteil-lusitanos/metz/20168214,2016,4,ligue_2
Dijon FCO,Lens,2-0,https://www.besoccer.com/match/dijon-fco/lens/20168215,2016,4,ligue_2
Evian Thonon Gaillard,Niort,0-0,https://www.besoccer.com/match/evian-thonon-gaillard/chamois-niortais/20168216,2016,4,ligue_2
Stade Lavallois,Red Star,2-1,https://www.besoccer.com/match/stade-lavallois/red-star/20168217,2016,4,ligue_2
Le Havre,Clermont,0-1,https://www.besoccer.com/match/havre-ac/clermont-foot/20168218,2016,4,ligue_2
Sochaux,Paris FC,1-1,https://www.besoccer.com/match/sochaux/paris-sg/20168220,2016,4,ligue_2
Tours,Auxerre,3-1,https://www.besoccer.com/match/tours-fc/auxerre/20168221,2016,4,ligue_2
Valenciennes,Bourg-Péronnas,1-1,https://www.besoccer.com/match/valenciennes-afc/bourg-peronnas/20168222,2016,4,ligue_2
Nîmes,Nancy,2-2,https://www.besoccer.com/match/nimes-olympique/nancy/20168219,2016,4,ligue_2
Ajaccio,Tours,1-2,https://www.besoccer.com/match/ajaccio/tours-fc/20168223,2016,5,ligue_2
Auxerre,Nîmes,1-0,https://www.besoccer.com/match/auxerre/nimes-olympique/20168224,2016,5,ligue_2
Bourg-Péronnas,Sochaux,2-1,https://www.besoccer.com/match/bourg-peronnas/sochaux/20168225,2016,5,ligue_2
Clermont,Nancy,1-2,https://www.besoccer.com/match/clermont-foot/nancy/20168226,2016,5,ligue_2
Dijon FCO,Creteil,4-1,https://www.besoccer.com/match/dijon-fco/creteil-lusitanos/20168227,2016,5,ligue_2
Niort,Stade Lavallois,0-1,https://www.besoccer.com/match/chamois-niortais/stade-lavallois/20168230,2016,5,ligue_2
Paris FC,Stade Brestois,1-1,https://www.besoccer.com/match/paris-sg/stade-brestois-29/20168231,2016,5,ligue_2
Red Star,Valenciennes,1-5,https://www.besoccer.com/match/red-star/valenciennes-afc/20168232,2016,5,ligue_2
Metz,Evian Thonon Gaillard,2-1,https://www.besoccer.com/match/metz/evian-thonon-gaillard/20168229,2016,5,ligue_2
Lens,Le Havre,0-4,https://www.besoccer.com/match/lens/havre-ac/20168228,2016,5,ligue_2
Clermont,Paris FC,1-1,https://www.besoccer.com/match/clermont-foot/paris-sg/20168234,2016,6,ligue_2
Evian Thonon Gaillard,Auxerre,4-0,https://www.besoccer.com/match/evian-thonon-gaillard/auxerre/20168235,2016,6,ligue_2
Stade Lavallois,Metz,0-1,https://www.besoccer.com/match/stade-lavallois/metz/20168236,2016,6,ligue_2
Le Havre,Red Star,0-2,https://www.besoccer.com/match/havre-ac/red-star/20168237,2016,6,ligue_2
Nancy,Niort,1-1,https://www.besoccer.com/match/nancy/chamois-niortais/20168238,2016,6,ligue_2
Nîmes,Ajaccio,0-0,https://www.besoccer.com/match/nimes-olympique/ajaccio/20168239,2016,6,ligue_2
Sochaux,Creteil,0-3,https://www.besoccer.com/match/sochaux/creteil-lusitanos/20168240,2016,6,ligue_2
Tours,Bourg-Péronnas,0-1,https://www.besoccer.com/match/tours-fc/bourg-peronnas/20168241,2016,6,ligue_2
Valenciennes,Dijon FCO,1-3,https://www.besoccer.com/match/valenciennes-afc/dijon-fco/20168242,2016,6,ligue_2
Stade Brestois,Lens,2-1,https://www.besoccer.com/match/stade-brestois-29/lens/20168233,2016,6,ligue_2
Ajaccio,Stade Lavallois,0-0,https://www.besoccer.com/match/ajaccio/stade-lavallois/20168243,2016,7,ligue_2
Auxerre,Clermont,1-0,https://www.besoccer.com/match/auxerre/clermont-foot/20168244,2016,7,ligue_2
Bourg-Péronnas,Stade Brestois,3-1,https://www.besoccer.com/match/bourg-peronnas/stade-brestois-29/20168245,2016,7,ligue_2
Creteil,Valenciennes,0-1,https://www.besoccer.com/match/creteil-lusitanos/valenciennes-afc/20168246,2016,7,ligue_2
Dijon FCO,Le Havre,2-1,https://www.besoccer.com/match/dijon-fco/havre-ac/20168247,2016,7,ligue_2
Lens,Tours,1-1,https://www.besoccer.com/match/lens/tours-fc/20168248,2016,7,ligue_2
Metz,Nancy,0-0,https://www.besoccer.com/match/metz/nancy/20168249,2016,7,ligue_2
Niort,Nîmes,1-0,https://www.besoccer.com/match/chamois-niortais/nimes-olympique/20168250,2016,7,ligue_2
Red Star,Sochaux,0-0,https://www.besoccer.com/match/red-star/sochaux/20168252,2016,7,ligue_2
Paris FC,Evian Thonon Gaillard,0-0,https://www.besoccer.com/match/paris-sg/evian-thonon-gaillard/20168251,2016,7,ligue_2
Valenciennes,Lens,0-1,https://www.besoccer.com/match/valenciennes-afc/lens/20168262,2016,8,ligue_2
Stade Brestois,Niort,1-1,https://www.besoccer.com/match/stade-brestois-29/chamois-niortais/20168253,2016,8,ligue_2
Clermont,Ajaccio,2-1,https://www.besoccer.com/match/clermont-foot/ajaccio/20168254,2016,8,ligue_2
Evian Thonon Gaillard,Red Star,0-1,https://www.besoccer.com/match/evian-thonon-gaillard/red-star/20168255,2016,8,ligue_2
Stade Lavallois,Bourg-Péronnas,1-3,https://www.besoccer.com/match/stade-lavallois/bourg-peronnas/20168256,2016,8,ligue_2
Le Havre,Metz,1-1,https://www.besoccer.com/match/havre-ac/metz/20168257,2016,8,ligue_2
Nancy,Auxerre,0-1,https://www.besoccer.com/match/nancy/auxerre/20168258,2016,8,ligue_2
Nîmes,Paris FC,1-1,https://www.besoccer.com/match/nimes-olympique/paris-sg/20168259,2016,8,ligue_2
Sochaux,Dijon FCO,0-1,https://www.besoccer.com/match/sochaux/dijon-fco/20168260,2016,8,ligue_2
Tours,Creteil,1-2,https://www.besoccer.com/match/tours-fc/creteil-lusitanos/20168261,2016,8,ligue_2
Ajaccio,Auxerre,1-0,https://www.besoccer.com/match/ajaccio/auxerre/20168263,2016,9,ligue_2
Bourg-Péronnas,Evian Thonon Gaillard,0-2,https://www.besoccer.com/match/bourg-peronnas/evian-thonon-gaillard/20168264,2016,9,ligue_2
Creteil,Le Havre,2-1,https://www.besoccer.com/match/creteil-lusitanos/havre-ac/20168265,2016,9,ligue_2
Lens,Sochaux,1-0,https://www.besoccer.com/match/lens/sochaux/20168267,2016,9,ligue_2
Metz,Nîmes,1-2,https://www.besoccer.com/match/metz/nimes-olympique/20168268,2016,9,ligue_2
Niort,Clermont,1-1,https://www.besoccer.com/match/chamois-niortais/clermont-foot/20168269,2016,9,ligue_2
Red Star,Stade Brestois,1-0,https://www.besoccer.com/match/red-star/stade-brestois-29/20168271,2016,9,ligue_2
Valenciennes,Tours,0-0,https://www.besoccer.com/match/valenciennes-afc/tours-fc/20168272,2016,9,ligue_2
Dijon FCO,Stade Lavallois,2-0,https://www.besoccer.com/match/dijon-fco/stade-lavallois/20168266,2016,9,ligue_2
Paris FC,Nancy,1-1,https://www.besoccer.com/match/paris-sg/nancy/20168270,2016,9,ligue_2
Auxerre,Paris FC,2-0,https://www.besoccer.com/match/auxerre/paris-sg/20168273,2016,10,ligue_2
Clermont,Bourg-Péronnas,3-2,https://www.besoccer.com/match/clermont-foot/bourg-peronnas/20168275,2016,10,ligue_2
Evian Thonon Gaillard,Lens,2-1,https://www.besoccer.com/match/evian-thonon-gaillard/lens/20168276,2016,10,ligue_2
Stade Lavallois,Creteil,3-2,https://www.besoccer.com/match/stade-lavallois/creteil-lusitanos/20168277,2016,10,ligue_2
Le Havre,Niort,0-0,https://www.besoccer.com/match/havre-ac/chamois-niortais/20168278,2016,10,ligue_2
Nancy,Ajaccio,3-0,https://www.besoccer.com/match/nancy/ajaccio/20168279,2016,10,ligue_2
Nîmes,Red Star,1-1,https://www.besoccer.com/match/nimes-olympique/red-star/20168280,2016,10,ligue_2
Sochaux,Valenciennes,1-0,https://www.besoccer.com/match/sochaux/valenciennes-afc/20168281,2016,10,ligue_2
Stade Brestois,Metz,1-1,https://www.besoccer.com/match/stade-brestois-29/metz/20168274,2016,10,ligue_2
Tours,Dijon FCO,1-0,https://www.besoccer.com/match/tours-fc/dijon-fco/20168282,2016,10,ligue_2
Bourg-Péronnas,Nîmes,4-2,https://www.besoccer.com/match/bourg-peronnas/nimes-olympique/20168283,2016,11,ligue_2
Creteil,Stade Brestois,0-2,https://www.besoccer.com/match/creteil-lusitanos/stade-brestois-29/20168284,2016,11,ligue_2
Metz,Clermont,2-2,https://www.besoccer.com/match/metz/clermont-foot/20168287,2016,11,ligue_2
Niort,Auxerre,2-3,https://www.besoccer.com/match/chamois-niortais/auxerre/20168288,2016,11,ligue_2
Paris FC,Ajaccio,0-0,https://www.besoccer.com/match/paris-sg/ajaccio/20168289,2016,11,ligue_2
Red Star,Nancy,0-1,https://www.besoccer.com/match/red-star/nancy/20168290,2016,11,ligue_2
Sochaux,Tours,0-0,https://www.besoccer.com/match/sochaux/tours-fc/20168291,2016,11,ligue_2
Valenciennes,Le Havre,0-1,https://www.besoccer.com/match/valenciennes-afc/havre-ac/20168292,2016,11,ligue_2
Dijon FCO,Evian Thonon Gaillard,1-3,https://www.besoccer.com/match/dijon-fco/evian-thonon-gaillard/20168285,2016,11,ligue_2
Lens,Stade Lavallois,1-1,https://www.besoccer.com/match/lens/stade-lavallois/20168286,2016,11,ligue_2
Ajaccio,Metz,0-1,https://www.besoccer.com/match/ajaccio/metz/20168293,2016,12,ligue_2
Auxerre,Red Star,0-1,https://www.besoccer.com/match/auxerre/red-star/20168294,2016,12,ligue_2
Stade Brestois,Valenciennes,1-2,https://www.besoccer.com/match/stade-brestois-29/valenciennes-afc/20168295,2016,12,ligue_2
Evian Thonon Gaillard,Creteil,1-2,https://www.besoccer.com/match/evian-thonon-gaillard/creteil-lusitanos/20168297,2016,12,ligue_2
Stade Lavallois,Tours,1-1,https://www.besoccer.com/match/stade-lavallois/tours-fc/20168298,2016,12,ligue_2
Le Havre,Sochaux,2-1,https://www.besoccer.com/match/havre-ac/sochaux/20168299,2016,12,ligue_2
Nancy,Bourg-Péronnas,3-1,https://www.besoccer.com/match/nancy/bourg-peronnas/20168300,2016,12,ligue_2
Paris FC,Niort,1-1,https://www.besoccer.com/match/paris-sg/chamois-niortais/20168302,2016,12,ligue_2
Nîmes,Dijon FCO,1-1,https://www.besoccer.com/match/nimes-olympique/dijon-fco/20168301,2016,12,ligue_2
Clermont,Lens,2-2,https://www.besoccer.com/match/clermont-foot/lens/20168296,2016,12,ligue_2
Creteil,Nîmes,1-2,https://www.besoccer.com/match/creteil-lusitanos/nimes-olympique/20168304,2016,13,ligue_2
Metz,Paris FC,2-1,https://www.besoccer.com/match/metz/paris-sg/20168307,2016,13,ligue_2
Niort,Ajaccio,3-1,https://www.besoccer.com/match/chamois-niortais/ajaccio/20168308,2016,13,ligue_2
Red Star,Clermont,2-1,https://www.besoccer.com/match/red-star/clermont-foot/20168309,2016,13,ligue_2
Sochaux,Evian Thonon Gaillard,1-0,https://www.besoccer.com/match/sochaux/evian-thonon-gaillard/20168310,2016,13,ligue_2
Tours,Le Havre,0-1,https://www.besoccer.com/match/tours-fc/havre-ac/20168311,2016,13,ligue_2
Valenciennes,Stade Lavallois,0-0,https://www.besoccer.com/match/valenciennes-afc/stade-lavallois/20168312,2016,13,ligue_2
Bourg-Péronnas,Auxerre,1-1,https://www.besoccer.com/match/bourg-peronnas/auxerre/20168303,2016,13,ligue_2
Dijon FCO,Stade Brestois,3-1,https://www.besoccer.com/match/dijon-fco/stade-brestois-29/20168305,2016,13,ligue_2
Lens,Nancy,1-0,https://www.besoccer.com/match/lens/nancy/20168306,2016,13,ligue_2
Ajaccio,Bourg-Péronnas,2-0,https://www.besoccer.com/match/ajaccio/bourg-peronnas/20168313,2016,14,ligue_2
Auxerre,Lens,1-2,https://www.besoccer.com/match/auxerre/lens/20168314,2016,14,ligue_2
Stade Brestois,Tours,3-0,https://www.besoccer.com/match/stade-brestois-29/tours-fc/20168315,2016,14,ligue_2
Clermont,Creteil,1-0,https://www.besoccer.com/match/clermont-foot/creteil-lusitanos/20168316,2016,14,ligue_2
Evian Thonon Gaillard,Valenciennes,4-0,https://www.besoccer.com/match/evian-thonon-gaillard/valenciennes-afc/20168317,2016,14,ligue_2
Stade Lavallois,Le Havre,0-1,https://www.besoccer.com/match/stade-lavallois/havre-ac/20168318,2016,14,ligue_2
Nîmes,Sochaux,0-2,https://www.besoccer.com/match/nimes-olympique/sochaux/20168320,2016,14,ligue_2
Niort,Metz,1-1,https://www.besoccer.com/match/chamois-niortais/metz/20168321,2016,14,ligue_2
Paris FC,Red Star,0-1,https://www.besoccer.com/match/paris-sg/red-star/20168322,2016,14,ligue_2
Nancy,Dijon FCO,3-1,https://www.besoccer.com/match/nancy/dijon-fco/20168319,2016,14,ligue_2
Creteil,Nancy,0-3,https://www.besoccer.com/match/creteil-lusitanos/nancy/20168324,2016,15,ligue_2
Dijon FCO,Clermont,4-1,https://www.besoccer.com/match/dijon-fco/clermont-foot/20168325,2016,15,ligue_2
Tours,Evian Thonon Gaillard,2-1,https://www.besoccer.com/match/tours-fc/evian-thonon-gaillard/20168331,2016,15,ligue_2
Metz,Auxerre,0-1,https://www.besoccer.com/match/metz/auxerre/20168328,2016,15,ligue_2
Le Havre,Stade Brestois,0-0,https://www.besoccer.com/match/havre-ac/stade-brestois-29/20168326,2016,15,ligue_2
Bourg-Péronnas,Paris FC,4-1,https://www.besoccer.com/match/bourg-peronnas/paris-sg/20168323,2016,15,ligue_2
Lens,Niort,1-1,https://www.besoccer.com/match/lens/chamois-niortais/20168327,2016,15,ligue_2
Red Star,Ajaccio,1-1,https://www.besoccer.com/match/red-star/ajaccio/20168329,2016,15,ligue_2
Sochaux,Stade Lavallois,0-0,https://www.besoccer.com/match/sochaux/stade-lavallois/20168330,2016,15,ligue_2
Valenciennes,Nîmes,2-2,https://www.besoccer.com/match/valenciennes-afc/nimes-olympique/20168332,2016,15,ligue_2
Ajaccio,Lens,1-1,https://www.besoccer.com/match/ajaccio/lens/20168333,2016,16,ligue_2
Auxerre,Creteil,3-1,https://www.besoccer.com/match/auxerre/creteil-lusitanos/20168334,2016,16,ligue_2
Stade Brestois,Sochaux,1-0,https://www.besoccer.com/match/stade-brestois-29/sochaux/20168335,2016,16,ligue_2
Clermont,Valenciennes,2-0,https://www.besoccer.com/match/clermont-foot/valenciennes-afc/20168336,2016,16,ligue_2
Evian Thonon Gaillard,Stade Lavallois,0-0,https://www.besoccer.com/match/evian-thonon-gaillard/stade-lavallois/20168337,2016,16,ligue_2
Metz,Bourg-Péronnas,5-0,https://www.besoccer.com/match/metz/bourg-peronnas/20168338,2016,16,ligue_2
Nîmes,Tours,2-1,https://www.besoccer.com/match/nimes-olympique/tours-fc/20168340,2016,16,ligue_2
Niort,Red Star,0-0,https://www.besoccer.com/match/chamois-niortais/red-star/20168341,2016,16,ligue_2
Paris FC,Dijon FCO,0-3,https://www.besoccer.com/match/paris-sg/dijon-fco/20168342,2016,16,ligue_2
Nancy,Le Havre,3-1,https://www.besoccer.com/match/nancy/havre-ac/20168339,2016,16,ligue_2
Lens,Nîmes,1-0,https://www.besoccer.com/match/lens/nimes-olympique/20168348,2016,17,ligue_2
Bourg-Péronnas,Niort,2-1,https://www.besoccer.com/match/bourg-peronnas/chamois-niortais/20168343,2016,17,ligue_2
Creteil,Paris FC,0-0,https://www.besoccer.com/match/creteil-lusitanos/paris-sg/20168344,2016,17,ligue_2
Dijon FCO,Auxerre,0-0,https://www.besoccer.com/match/dijon-fco/auxerre/20168345,2016,17,ligue_2
Stade Lavallois,Stade Brestois,2-0,https://www.besoccer.com/match/stade-lavallois/stade-brestois-29/20168346,2016,17,ligue_2
Le Havre,Evian Thonon Gaillard,3-2,https://www.besoccer.com/match/havre-ac/evian-thonon-gaillard/20168347,2016,17,ligue_2
Red Star,Metz,3-1,https://www.besoccer.com/match/red-star/metz/20168349,2016,17,ligue_2
Sochaux,Nancy,2-2,https://www.besoccer.com/match/sochaux/nancy/20168350,2016,17,ligue_2
Tours,Clermont,1-1,https://www.besoccer.com/match/tours-fc/clermont-foot/20168351,2016,17,ligue_2
Valenciennes,Ajaccio,1-1,https://www.besoccer.com/match/valenciennes-afc/ajaccio/20168352,2016,17,ligue_2
Ajaccio,Creteil,3-0,https://www.besoccer.com/match/ajaccio/creteil-lusitanos/20168353,2016,18,ligue_2
Auxerre,Sochaux,2-1,https://www.besoccer.com/match/auxerre/sochaux/20168354,2016,18,ligue_2
Bourg-Péronnas,Red Star,0-1,https://www.besoccer.com/match/bourg-peronnas/red-star/20168355,2016,18,ligue_2
Clermont,Stade Lavallois,4-1,https://www.besoccer.com/match/clermont-foot/stade-lavallois/20168356,2016,18,ligue_2
Evian Thonon Gaillard,Stade Brestois,0-2,https://www.besoccer.com/match/evian-thonon-gaillard/stade-brestois-29/20168357,2016,18,ligue_2
Nîmes,Le Havre,2-2,https://www.besoccer.com/match/nimes-olympique/havre-ac/20168360,2016,18,ligue_2
Niort,Tours,0-0,https://www.besoccer.com/match/chamois-niortais/tours-fc/20168361,2016,18,ligue_2
Paris FC,Lens,0-1,https://www.besoccer.com/match/paris-sg/lens/20168362,2016,18,ligue_2
Metz,Dijon FCO,1-2,https://www.besoccer.com/match/metz/dijon-fco/20168358,2016,18,ligue_2
Nancy,Valenciennes,1-0,https://www.besoccer.com/match/nancy/valenciennes-afc/20168359,2016,18,ligue_2
Evian Thonon Gaillard,Nancy,0-1,https://www.besoccer.com/match/evian-thonon-gaillard/nancy/20168366,2016,19,ligue_2
Stade Brestois,Clermont,1-2,https://www.besoccer.com/match/stade-brestois-29/clermont-foot/20168363,2016,19,ligue_2
Creteil,Niort,2-3,https://www.besoccer.com/match/creteil-lusitanos/chamois-niortais/20168364,2016,19,ligue_2
Dijon FCO,Red Star,0-0,https://www.besoccer.com/match/dijon-fco/red-star/20168365,2016,19,ligue_2
Stade Lavallois,Nîmes,3-2,https://www.besoccer.com/match/stade-lavallois/nimes-olympique/20168367,2016,19,ligue_2
Le Havre,Auxerre,1-0,https://www.besoccer.com/match/havre-ac/auxerre/20168368,2016,19,ligue_2
Sochaux,Ajaccio,3-0,https://www.besoccer.com/match/sochaux/ajaccio/20168370,2016,19,ligue_2
Valenciennes,Paris FC,1-1,https://www.besoccer.com/match/valenciennes-afc/paris-sg/20168372,2016,19,ligue_2
Lens,Bourg-Péronnas,2-0,https://www.besoccer.com/match/lens/bourg-peronnas/20168369,2016,19,ligue_2
Tours,Metz,2-0,https://www.besoccer.com/match/tours-fc/metz/20168371,2016,19,ligue_2
Ajaccio,Le Havre,1-1,https://www.besoccer.com/match/ajaccio/havre-ac/20168373,2016,20,ligue_2
Auxerre,Valenciennes,1-1,https://www.besoccer.com/match/auxerre/valenciennes-afc/20168374,2016,20,ligue_2
Bourg-Péronnas,Creteil,5-1,https://www.besoccer.com/match/bourg-peronnas/creteil-lusitanos/20168375,2016,20,ligue_2
Clermont,Evian Thonon Gaillard,4-1,https://www.besoccer.com/match/clermont-foot/evian-thonon-gaillard/20168376,2016,20,ligue_2
Nancy,Stade Lavallois,1-0,https://www.besoccer.com/match/nancy/stade-lavallois/20168378,2016,20,ligue_2
Nîmes,Stade Brestois,2-0,https://www.besoccer.com/match/nimes-olympique/stade-brestois-29/20168379,2016,20,ligue_2
Niort,Dijon FCO,2-2,https://www.besoccer.com/match/chamois-niortais/dijon-fco/20168380,2016,20,ligue_2
Paris FC,Tours,1-3,https://www.besoccer.com/match/paris-sg/tours-fc/20168381,2016,20,ligue_2
Red Star,Lens,1-2,https://www.besoccer.com/match/red-star/lens/20168382,2016,20,ligue_2
Metz,Sochaux,1-0,https://www.besoccer.com/match/metz/sochaux/20168377,2016,20,ligue_2
Creteil,Lens,1-1,https://www.besoccer.com/match/creteil-lusitanos/lens/20168384,2016,21,ligue_2
Dijon FCO,Bourg-Péronnas,3-0,https://www.besoccer.com/match/dijon-fco/bourg-peronnas/20168385,2016,21,ligue_2
Evian Thonon Gaillard,Ajaccio,0-2,https://www.besoccer.com/match/evian-thonon-gaillard/ajaccio/20168386,2016,21,ligue_2
Stade Lavallois,Auxerre,4-1,https://www.besoccer.com/match/stade-lavallois/auxerre/20168387,2016,21,ligue_2
Le Havre,Paris FC,2-1,https://www.besoccer.com/match/havre-ac/paris-sg/20168388,2016,21,ligue_2
Nîmes,Clermont,6-2,https://www.besoccer.com/match/nimes-olympique/clermont-foot/20168389,2016,21,ligue_2
Sochaux,Niort,2-3,https://www.besoccer.com/match/sochaux/chamois-niortais/20168390,2016,21,ligue_2
Tours,Red Star,0-0,https://www.besoccer.com/match/tours-fc/red-star/20168391,2016,21,ligue_2
Stade Brestois,Nancy,1-1,https://www.besoccer.com/match/stade-brestois-29/nancy/20168383,2016,21,ligue_2
Valenciennes,Metz,2-1,https://www.besoccer.com/match/valenciennes-afc/metz/20168392,2016,21,ligue_2
Auxerre,Tours,2-1,https://www.besoccer.com/match/auxerre/tours-fc/20168394,2016,22,ligue_2
Bourg-Péronnas,Valenciennes,0-0,https://www.besoccer.com/match/bourg-peronnas/valenciennes-afc/20168395,2016,22,ligue_2
Metz,Creteil,2-1,https://www.besoccer.com/match/metz/creteil-lusitanos/20168398,2016,22,ligue_2
Nancy,Nîmes,3-4,https://www.besoccer.com/match/nancy/nimes-olympique/20168399,2016,22,ligue_2
Paris FC,Sochaux,0-0,https://www.besoccer.com/match/paris-sg/sochaux/20168401,2016,22,ligue_2
Lens,Dijon FCO,1-1,https://www.besoccer.com/match/lens/dijon-fco/20168397,2016,22,ligue_2
Niort,Evian Thonon Gaillard,0-3,https://www.besoccer.com/match/chamois-niortais/evian-thonon-gaillard/20168400,2016,22,ligue_2
Red Star,Stade Lavallois,2-0,https://www.besoccer.com/match/red-star/stade-lavallois/20168402,2016,22,ligue_2
Ajaccio,Stade Brestois,2-1,https://www.besoccer.com/match/ajaccio/stade-brestois-29/20168393,2016,22,ligue_2
Clermont,Le Havre,2-1,https://www.besoccer.com/match/clermont-foot/havre-ac/20168396,2016,22,ligue_2
Stade Brestois,Paris FC,1-0,https://www.besoccer.com/match/stade-brestois-29/paris-sg/20168403,2016,23,ligue_2
Creteil,Dijon FCO,0-1,https://www.besoccer.com/match/creteil-lusitanos/dijon-fco/20168404,2016,23,ligue_2
Evian Thonon Gaillard,Metz,0-1,https://www.besoccer.com/match/evian-thonon-gaillard/metz/20168405,2016,23,ligue_2
Stade Lavallois,Niort,0-0,https://www.besoccer.com/match/stade-lavallois/chamois-niortais/20168406,2016,23,ligue_2
Nancy,Clermont,3-1,https://www.besoccer.com/match/nancy/clermont-foot/20168408,2016,23,ligue_2
Nîmes,Auxerre,2-1,https://www.besoccer.com/match/nimes-olympique/auxerre/20168409,2016,23,ligue_2
Sochaux,Bourg-Péronnas,1-1,https://www.besoccer.com/match/sochaux/bourg-peronnas/20168410,2016,23,ligue_2
Tours,Ajaccio,1-1,https://www.besoccer.com/match/tours-fc/ajaccio/20168411,2016,23,ligue_2
Valenciennes,Red Star,0-0,https://www.besoccer.com/match/valenciennes-afc/red-star/20168412,2016,23,ligue_2
Le Havre,Lens,2-0,https://www.besoccer.com/match/havre-ac/lens/20168407,2016,23,ligue_2
Paris FC,Clermont,0-0,https://www.besoccer.com/match/paris-sg/clermont-foot/20168421,2016,24,ligue_2
Ajaccio,Nîmes,2-0,https://www.besoccer.com/match/ajaccio/nimes-olympique/20168413,2016,24,ligue_2
Auxerre,Evian Thonon Gaillard,3-1,https://www.besoccer.com/match/auxerre/evian-thonon-gaillard/20168414,2016,24,ligue_2
Bourg-Péronnas,Tours,0-2,https://www.besoccer.com/match/bourg-peronnas/tours-fc/20168415,2016,24,ligue_2
Creteil,Sochaux,1-1,https://www.besoccer.com/match/creteil-lusitanos/sochaux/20168416,2016,24,ligue_2
Dijon FCO,Valenciennes,1-0,https://www.besoccer.com/match/dijon-fco/valenciennes-afc/20168417,2016,24,ligue_2
Lens,Stade Brestois,2-0,https://www.besoccer.com/match/lens/stade-brestois-29/20168418,2016,24,ligue_2
Metz,Stade Lavallois,1-0,https://www.besoccer.com/match/metz/stade-lavallois/20168419,2016,24,ligue_2
Niort,Nancy,0-0,https://www.besoccer.com/match/chamois-niortais/nancy/20168420,2016,24,ligue_2
Red Star,Le Havre,2-1,https://www.besoccer.com/match/red-star/havre-ac/20168422,2016,24,ligue_2
Stade Brestois,Bourg-Péronnas,2-1,https://www.besoccer.com/match/stade-brestois-29/bourg-peronnas/20168423,2016,25,ligue_2
Clermont,Auxerre,1-2,https://www.besoccer.com/match/clermont-foot/auxerre/20168424,2016,25,ligue_2
Evian Thonon Gaillard,Paris FC,1-0,https://www.besoccer.com/match/evian-thonon-gaillard/paris-sg/20168425,2016,25,ligue_2
Stade Lavallois,Ajaccio,0-0,https://www.besoccer.com/match/stade-lavallois/ajaccio/20168426,2016,25,ligue_2
Nancy,Metz,2-2,https://www.besoccer.com/match/nancy/metz/20168428,2016,25,ligue_2
Nîmes,Niort,1-0,https://www.besoccer.com/match/nimes-olympique/chamois-niortais/20168429,2016,25,ligue_2
Sochaux,Red Star,1-2,https://www.besoccer.com/match/sochaux/red-star/20168430,2016,25,ligue_2
Tours,Lens,0-1,https://www.besoccer.com/match/tours-fc/lens/20168431,2016,25,ligue_2
Valenciennes,Creteil,2-2,https://www.besoccer.com/match/valenciennes-afc/creteil-lusitanos/20168432,2016,25,ligue_2
Le Havre,Dijon FCO,0-2,https://www.besoccer.com/match/havre-ac/dijon-fco/20168427,2016,25,ligue_2
Ajaccio,Clermont,3-1,https://www.besoccer.com/match/ajaccio/clermont-foot/20168433,2016,26,ligue_2
Auxerre,Nancy,2-2,https://www.besoccer.com/match/auxerre/nancy/20168434,2016,26,ligue_2
Bourg-Péronnas,Stade Lavallois,0-0,https://www.besoccer.com/match/bourg-peronnas/stade-lavallois/20168435,2016,26,ligue_2
Creteil,Tours,2-2,https://www.besoccer.com/match/creteil-lusitanos/tours-fc/20168436,2016,26,ligue_2
Dijon FCO,Sochaux,2-2,https://www.besoccer.com/match/dijon-fco/sochaux/20168437,2016,26,ligue_2
Niort,Stade Brestois,1-2,https://www.besoccer.com/match/chamois-niortais/stade-brestois-29/20168440,2016,26,ligue_2
Paris FC,Nîmes,0-0,https://www.besoccer.com/match/paris-sg/nimes-olympique/20168441,2016,26,ligue_2
Red Star,Evian Thonon Gaillard,2-2,https://www.besoccer.com/match/red-star/evian-thonon-gaillard/20168442,2016,26,ligue_2
Metz,Le Havre,0-1,https://www.besoccer.com/match/metz/havre-ac/20168439,2016,26,ligue_2
Lens,Valenciennes,0-1,https://www.besoccer.com/match/lens/valenciennes-afc/20168438,2016,26,ligue_2
Auxerre,Ajaccio,0-0,https://www.besoccer.com/match/auxerre/ajaccio/20168443,2016,27,ligue_2
Stade Brestois,Red Star,0-1,https://www.besoccer.com/match/stade-brestois-29/red-star/20168444,2016,27,ligue_2
Clermont,Niort,2-1,https://www.besoccer.com/match/clermont-foot/chamois-niortais/20168445,2016,27,ligue_2
Evian Thonon Gaillard,Bourg-Péronnas,1-1,https://www.besoccer.com/match/evian-thonon-gaillard/bourg-peronnas/20168446,2016,27,ligue_2
Stade Lavallois,Dijon FCO,2-2,https://www.besoccer.com/match/stade-lavallois/dijon-fco/20168447,2016,27,ligue_2
Nancy,Paris FC,3-2,https://www.besoccer.com/match/nancy/paris-sg/20168449,2016,27,ligue_2
Sochaux,Lens,0-0,https://www.besoccer.com/match/sochaux/lens/20168451,2016,27,ligue_2
Tours,Valenciennes,1-0,https://www.besoccer.com/match/tours-fc/valenciennes-afc/20168452,2016,27,ligue_2
Le Havre,Creteil,1-0,https://www.besoccer.com/match/havre-ac/creteil-lusitanos/20168448,2016,27,ligue_2
Nîmes,Metz,2-1,https://www.besoccer.com/match/nimes-olympique/metz/20168450,2016,27,ligue_2
Ajaccio,Nancy,2-1,https://www.besoccer.com/match/ajaccio/nancy/20168453,2016,28,ligue_2
Bourg-Péronnas,Clermont,1-2,https://www.besoccer.com/match/bourg-peronnas/clermont-foot/20168454,2016,28,ligue_2
Creteil,Stade Lavallois,0-0,https://www.besoccer.com/match/creteil-lusitanos/stade-lavallois/20168455,2016,28,ligue_2
Dijon FCO,Tours,3-0,https://www.besoccer.com/match/dijon-fco/tours-fc/20168456,2016,28,ligue_2
Metz,Stade Brestois,2-2,https://www.besoccer.com/match/metz/stade-brestois-29/20168458,2016,28,ligue_2
Niort,Le Havre,0-0,https://www.besoccer.com/match/chamois-niortais/havre-ac/20168459,2016,28,ligue_2
Paris FC,Auxerre,2-2,https://www.besoccer.com/match/paris-sg/auxerre/20168460,2016,28,ligue_2
Valenciennes,Sochaux,2-2,https://www.besoccer.com/match/valenciennes-afc/sochaux/20168462,2016,28,ligue_2
Red Star,Nîmes,1-0,https://www.besoccer.com/match/red-star/nimes-olympique/20168461,2016,28,ligue_2
Lens,Evian Thonon Gaillard,1-0,https://www.besoccer.com/match/lens/evian-thonon-gaillard/20168457,2016,28,ligue_2
Ajaccio,Paris FC,0-0,https://www.besoccer.com/match/ajaccio/paris-sg/20168463,2016,29,ligue_2
Auxerre,Niort,1-1,https://www.besoccer.com/match/auxerre/chamois-niortais/20168464,2016,29,ligue_2
Stade Brestois,Creteil,2-1,https://www.besoccer.com/match/stade-brestois-29/creteil-lusitanos/20168465,2016,29,ligue_2
Evian Thonon Gaillard,Dijon FCO,1-2,https://www.besoccer.com/match/evian-thonon-gaillard/dijon-fco/20168467,2016,29,ligue_2
Stade Lavallois,Lens,1-1,https://www.besoccer.com/match/stade-lavallois/lens/20168468,2016,29,ligue_2
Le Havre,Valenciennes,3-2,https://www.besoccer.com/match/havre-ac/valenciennes-afc/20168469,2016,29,ligue_2
Nîmes,Bourg-Péronnas,1-1,https://www.besoccer.com/match/nimes-olympique/bourg-peronnas/20168471,2016,29,ligue_2
Nancy,Red Star,2-0,https://www.besoccer.com/match/nancy/red-star/20168470,2016,29,ligue_2
Tours,Sochaux,1-0,https://www.besoccer.com/match/tours-fc/sochaux/20168472,2016,29,ligue_2
Clermont,Metz,2-1,https://www.besoccer.com/match/clermont-foot/metz/20168466,2016,29,ligue_2
Bourg-Péronnas,Nancy,2-0,https://www.besoccer.com/match/bourg-peronnas/nancy/20168473,2016,30,ligue_2
Creteil,Evian Thonon Gaillard,0-0,https://www.besoccer.com/match/creteil-lusitanos/evian-thonon-gaillard/20168474,2016,30,ligue_2
Lens,Clermont,1-1,https://www.besoccer.com/match/lens/clermont-foot/20168476,2016,30,ligue_2
Metz,Ajaccio,3-2,https://www.besoccer.com/match/metz/ajaccio/20168477,2016,30,ligue_2
Niort,Paris FC,2-1,https://www.besoccer.com/match/chamois-niortais/paris-sg/20168478,2016,30,ligue_2
Sochaux,Le Havre,1-0,https://www.besoccer.com/match/sochaux/havre-ac/20168480,2016,30,ligue_2
Tours,Stade Lavallois,1-1,https://www.besoccer.com/match/tours-fc/stade-lavallois/20168481,2016,30,ligue_2
Valenciennes,Stade Brestois,0-1,https://www.besoccer.com/match/valenciennes-afc/stade-brestois-29/20168482,2016,30,ligue_2
Dijon FCO,Nîmes,0-1,https://www.besoccer.com/match/dijon-fco/nimes-olympique/20168475,2016,30,ligue_2
Red Star,Auxerre,0-2,https://www.besoccer.com/match/red-star/auxerre/20168479,2016,30,ligue_2
Ajaccio,Niort,2-0,https://www.besoccer.com/match/ajaccio/chamois-niortais/20168483,2016,31,ligue_2
Auxerre,Bourg-Péronnas,1-2,https://www.besoccer.com/match/auxerre/bourg-peronnas/20168484,2016,31,ligue_2
Stade Brestois,Dijon FCO,0-0,https://www.besoccer.com/match/stade-brestois-29/dijon-fco/20168485,2016,31,ligue_2
Evian Thonon Gaillard,Sochaux,0-0,https://www.besoccer.com/match/evian-thonon-gaillard/sochaux/20168487,2016,31,ligue_2
Stade Lavallois,Valenciennes,0-3,https://www.besoccer.com/match/stade-lavallois/valenciennes-afc/20168488,2016,31,ligue_2
Le Havre,Tours,2-0,https://www.besoccer.com/match/havre-ac/tours-fc/20168489,2016,31,ligue_2
Nîmes,Creteil,1-3,https://www.besoccer.com/match/nimes-olympique/creteil-lusitanos/20168491,2016,31,ligue_2
Paris FC,Metz,1-2,https://www.besoccer.com/match/paris-sg/metz/20168492,2016,31,ligue_2
Nancy,Lens,1-0,https://www.besoccer.com/match/nancy/lens/20168490,2016,31,ligue_2
Clermont,Red Star,0-2,https://www.besoccer.com/match/clermont-foot/red-star/20168486,2016,31,ligue_2
Bourg-Péronnas,Ajaccio,3-0,https://www.besoccer.com/match/bourg-peronnas/ajaccio/20168493,2016,32,ligue_2
Creteil,Clermont,0-3,https://www.besoccer.com/match/creteil-lusitanos/clermont-foot/20168494,2016,32,ligue_2
Le Havre,Stade Lavallois,2-0,https://www.besoccer.com/match/havre-ac/stade-lavallois/20168496,2016,32,ligue_2
Lens,Auxerre,3-0,https://www.besoccer.com/match/lens/auxerre/20168497,2016,32,ligue_2
Metz,Niort,2-0,https://www.besoccer.com/match/metz/chamois-niortais/20168498,2016,32,ligue_2
Sochaux,Nîmes,0-0,https://www.besoccer.com/match/sochaux/nimes-olympique/20168500,2016,32,ligue_2
Tours,Stade Brestois,2-1,https://www.besoccer.com/match/tours-fc/stade-brestois-29/20168501,2016,32,ligue_2
Valenciennes,Evian Thonon Gaillard,1-0,https://www.besoccer.com/match/valenciennes-afc/evian-thonon-gaillard/20168502,2016,32,ligue_2
Dijon FCO,Nancy,0-0,https://www.besoccer.com/match/dijon-fco/nancy/20168495,2016,32,ligue_2
Red Star,Paris FC,2-4,https://www.besoccer.com/match/red-star/paris-sg/20168499,2016,32,ligue_2
Ajaccio,Red Star,1-2,https://www.besoccer.com/match/ajaccio/red-star/20168503,2016,33,ligue_2
Auxerre,Metz,4-0,https://www.besoccer.com/match/auxerre/metz/20168504,2016,33,ligue_2
Stade Brestois,Le Havre,0-0,https://www.besoccer.com/match/stade-brestois-29/havre-ac/20168505,2016,33,ligue_2
Evian Thonon Gaillard,Tours,0-0,https://www.besoccer.com/match/evian-thonon-gaillard/tours-fc/20168507,2016,33,ligue_2
Stade Lavallois,Sochaux,1-2,https://www.besoccer.com/match/stade-lavallois/sochaux/20168508,2016,33,ligue_2
Nîmes,Valenciennes,2-0,https://www.besoccer.com/match/nimes-olympique/valenciennes-afc/20168510,2016,33,ligue_2
Niort,Lens,0-1,https://www.besoccer.com/match/chamois-niortais/lens/20168511,2016,33,ligue_2
Paris FC,Bourg-Péronnas,2-0,https://www.besoccer.com/match/paris-sg/bourg-peronnas/20168512,2016,33,ligue_2
Clermont,Dijon FCO,2-3,https://www.besoccer.com/match/clermont-foot/dijon-fco/20168506,2016,33,ligue_2
Nancy,Creteil,1-0,https://www.besoccer.com/match/nancy/creteil-lusitanos/20168509,2016,33,ligue_2
Bourg-Péronnas,Metz,0-3,https://www.besoccer.com/match/bourg-peronnas/metz/20168513,2016,34,ligue_2
Creteil,Auxerre,1-0,https://www.besoccer.com/match/creteil-lusitanos/auxerre/20168514,2016,34,ligue_2
Stade Lavallois,Evian Thonon Gaillard,2-1,https://www.besoccer.com/match/stade-lavallois/evian-thonon-gaillard/20168516,2016,34,ligue_2
Lens,Ajaccio,2-0,https://www.besoccer.com/match/lens/ajaccio/20168518,2016,34,ligue_2
Red Star,Niort,0-2,https://www.besoccer.com/match/red-star/chamois-niortais/20168519,2016,34,ligue_2
Sochaux,Stade Brestois,2-1,https://www.besoccer.com/match/sochaux/stade-brestois-29/20168520,2016,34,ligue_2
Tours,Nîmes,1-2,https://www.besoccer.com/match/tours-fc/nimes-olympique/20168521,2016,34,ligue_2
Valenciennes,Clermont,1-2,https://www.besoccer.com/match/valenciennes-afc/clermont-foot/20168522,2016,34,ligue_2
Le Havre,Nancy,1-3,https://www.besoccer.com/match/havre-ac/nancy/20168517,2016,34,ligue_2
Dijon FCO,Paris FC,3-0,https://www.besoccer.com/match/dijon-fco/paris-sg/20168515,2016,34,ligue_2
Ajaccio,Valenciennes,1-1,https://www.besoccer.com/match/ajaccio/valenciennes-afc/20168523,2016,35,ligue_2
Stade Brestois,Stade Lavallois,0-0,https://www.besoccer.com/match/stade-brestois-29/stade-lavallois/20168525,2016,35,ligue_2
Clermont,Tours,0-1,https://www.besoccer.com/match/clermont-foot/tours-fc/20168526,2016,35,ligue_2
Evian Thonon Gaillard,Le Havre,1-1,https://www.besoccer.com/match/evian-thonon-gaillard/havre-ac/20168527,2016,35,ligue_2
Metz,Red Star,2-0,https://www.besoccer.com/match/metz/red-star/20168528,2016,35,ligue_2
Nîmes,Lens,4-2,https://www.besoccer.com/match/nimes-olympique/lens/20168530,2016,35,ligue_2
Niort,Bourg-Péronnas,0-0,https://www.besoccer.com/match/chamois-niortais/bourg-peronnas/20168531,2016,35,ligue_2
Paris FC,Creteil,2-2,https://www.besoccer.com/match/paris-sg/creteil-lusitanos/20168532,2016,35,ligue_2
Auxerre,Dijon FCO,2-0,https://www.besoccer.com/match/auxerre/dijon-fco/20168524,2016,35,ligue_2
Nancy,Sochaux,1-0,https://www.besoccer.com/match/nancy/sochaux/20168529,2016,35,ligue_2
Stade Brestois,Evian Thonon Gaillard,0-2,https://www.besoccer.com/match/stade-brestois-29/evian-thonon-gaillard/20168533,2016,36,ligue_2
Creteil,Ajaccio,2-2,https://www.besoccer.com/match/creteil-lusitanos/ajaccio/20168534,2016,36,ligue_2
Stade Lavallois,Clermont,1-1,https://www.besoccer.com/match/stade-lavallois/clermont-foot/20168536,2016,36,ligue_2
Le Havre,Nîmes,3-1,https://www.besoccer.com/match/havre-ac/nimes-olympique/20168537,2016,36,ligue_2
Lens,Paris FC,0-1,https://www.besoccer.com/match/lens/paris-sg/20168538,2016,36,ligue_2
Red Star,Bourg-Péronnas,1-0,https://www.besoccer.com/match/red-star/bourg-peronnas/20168539,2016,36,ligue_2
Sochaux,Auxerre,2-3,https://www.besoccer.com/match/sochaux/auxerre/20168540,2016,36,ligue_2
Tours,Niort,1-2,https://www.besoccer.com/match/tours-fc/chamois-niortais/20168541,2016,36,ligue_2
Dijon FCO,Metz,0-4,https://www.besoccer.com/match/dijon-fco/metz/20168535,2016,36,ligue_2
Valenciennes,Nancy,1-0,https://www.besoccer.com/match/valenciennes-afc/nancy/20168542,2016,36,ligue_2
Ajaccio,Sochaux,0-2,https://www.besoccer.com/match/ajaccio/sochaux/20168543,2016,37,ligue_2
Auxerre,Le Havre,1-3,https://www.besoccer.com/match/auxerre/havre-ac/20168544,2016,37,ligue_2
Bourg-Péronnas,Lens,2-1,https://www.besoccer.com/match/bourg-peronnas/lens/20168545,2016,37,ligue_2
Clermont,Stade Brestois,2-0,https://www.besoccer.com/match/clermont-foot/stade-brestois-29/20168546,2016,37,ligue_2
Metz,Tours,2-1,https://www.besoccer.com/match/metz/tours-fc/20168547,2016,37,ligue_2
Nancy,Evian Thonon Gaillard,1-0,https://www.besoccer.com/match/nancy/evian-thonon-gaillard/20168548,2016,37,ligue_2
Nîmes,Stade Lavallois,1-1,https://www.besoccer.com/match/nimes-olympique/stade-lavallois/20168549,2016,37,ligue_2
Niort,Creteil,4-2,https://www.besoccer.com/match/chamois-niortais/creteil-lusitanos/20168550,2016,37,ligue_2
Paris FC,Valenciennes,1-4,https://www.besoccer.com/match/paris-sg/valenciennes-afc/20168551,2016,37,ligue_2
Red Star,Dijon FCO,3-2,https://www.besoccer.com/match/red-star/dijon-fco/20168552,2016,37,ligue_2
Stade Brestois,Auxerre,0-0,https://www.besoccer.com/match/stade-brestois-29/auxerre/20168553,2016,38,ligue_2
Creteil,Red Star,2-4,https://www.besoccer.com/match/creteil-lusitanos/red-star/20168554,2016,38,ligue_2
Dijon FCO,Ajaccio,2-0,https://www.besoccer.com/match/dijon-fco/ajaccio/20168555,2016,38,ligue_2
Evian Thonon Gaillard,Nîmes,4-1,https://www.besoccer.com/match/evian-thonon-gaillard/nimes-olympique/20168556,2016,38,ligue_2
Stade Lavallois,Paris FC,3-1,https://www.besoccer.com/match/stade-lavallois/paris-sg/20168557,2016,38,ligue_2
Le Havre,Bourg-Péronnas,5-0,https://www.besoccer.com/match/havre-ac/bourg-peronnas/20168558,2016,38,ligue_2
Lens,Metz,1-0,https://www.besoccer.com/match/lens/metz/20168559,2016,38,ligue_2
Sochaux,Clermont,2-0,https://www.besoccer.com/match/sochaux/clermont-foot/20168560,2016,38,ligue_2
Tours,Nancy,2-5,https://www.besoccer.com/match/tours-fc/nancy/20168561,2016,38,ligue_2
Valenciennes,Niort,3-3,https://www.besoccer.com/match/valenciennes-afc/chamois-niortais/20168562,2016,38,ligue_2
