Home_Team,Away_Team,Result,Link,Season,Round,League
Creteil,Lorient,2-1,https://www.besoccer.com/match/creteil-lusitanos/lorient/20018519,2001,1,ligue_2
Chateauroux,FC Martigues,1-1,https://www.besoccer.com/match/berrichonne-chateauroux/fc-martigues/20018520,2001,1,ligue_2
Caen,Cannes,2-2,https://www.besoccer.com/match/caen/as-cannes/20018521,2001,1,ligue_2
Beauvais Oise,Montpellier,1-3,https://www.besoccer.com/match/as-beauvais/montpellier-hsc/20018522,2001,1,ligue_2
Ajaccio,Le Mans,1-0,https://www.besoccer.com/match/ajaccio/mans-uc-72/20018523,2001,1,ligue_2
ES Wasquehal,Nancy,0-1,https://www.besoccer.com/match/waquehal/nancy/20018524,2001,1,ligue_2
Niort,Angers SCO,3-2,https://www.besoccer.com/match/chamois-niortais/angers-sco/20018525,2001,1,ligue_2
Nîmes,Sochaux,3-3,https://www.besoccer.com/match/nimes-olympique/sochaux/20018526,2001,1,ligue_2
Nice,Le Havre,0-0,https://www.besoccer.com/match/nice/havre-ac/20018527,2001,1,ligue_2
Stade Lavallois,FC Gueugnon,2-1,https://www.besoccer.com/match/stade-lavallois/fc-gueugnon/20018528,2001,1,ligue_2
Lorient,Nîmes,1-1,https://www.besoccer.com/match/lorient/nimes-olympique/20018518,2001,2,ligue_2
Le Mans,FC Martigues,2-2,https://www.besoccer.com/match/mans-uc-72/fc-martigues/20018510,2001,2,ligue_2
Le Havre,Beauvais Oise,1-0,https://www.besoccer.com/match/havre-ac/as-beauvais/20018511,2001,2,ligue_2
FC Gueugnon,Nice,1-2,https://www.besoccer.com/match/fc-gueugnon/nice/20018512,2001,2,ligue_2
Cannes,Niort,6-4,https://www.besoccer.com/match/as-cannes/chamois-niortais/20018513,2001,2,ligue_2
Angers SCO,Ajaccio,1-1,https://www.besoccer.com/match/angers-sco/ajaccio/20018514,2001,2,ligue_2
ES Wasquehal,Creteil,1-1,https://www.besoccer.com/match/waquehal/creteil-lusitanos/20018515,2001,2,ligue_2
Sochaux,Chateauroux,5-0,https://www.besoccer.com/match/sochaux/berrichonne-chateauroux/20018516,2001,2,ligue_2
Montpellier,Caen,2-0,https://www.besoccer.com/match/montpellier-hsc/caen/20018517,2001,2,ligue_2
Nancy,Stade Lavallois,1-0,https://www.besoccer.com/match/nancy/stade-lavallois/20018509,2001,2,ligue_2
Nice,Lorient,1-1,https://www.besoccer.com/match/nice/lorient/20018500,2001,3,ligue_2
Stade Lavallois,ES Wasquehal,1-0,https://www.besoccer.com/match/stade-lavallois/waquehal/20018501,2001,3,ligue_2
Creteil,Nancy,1-0,https://www.besoccer.com/match/creteil-lusitanos/nancy/20018502,2001,3,ligue_2
Chateauroux,Le Mans,0-0,https://www.besoccer.com/match/berrichonne-chateauroux/mans-uc-72/20018503,2001,3,ligue_2
Caen,Sochaux,1-3,https://www.besoccer.com/match/caen/sochaux/20018504,2001,3,ligue_2
Beauvais Oise,FC Gueugnon,0-0,https://www.besoccer.com/match/as-beauvais/fc-gueugnon/20018505,2001,3,ligue_2
Ajaccio,Cannes,3-3,https://www.besoccer.com/match/ajaccio/as-cannes/20018506,2001,3,ligue_2
Niort,Le Havre,1-1,https://www.besoccer.com/match/chamois-niortais/havre-ac/20018507,2001,3,ligue_2
Nîmes,Montpellier,0-2,https://www.besoccer.com/match/nimes-olympique/montpellier-hsc/20018508,2001,3,ligue_2
FC Martigues,Angers SCO,1-1,https://www.besoccer.com/match/fc-martigues/angers-sco/20018499,2001,3,ligue_2
Nancy,Beauvais Oise,3-1,https://www.besoccer.com/match/nancy/as-beauvais/20018498,2001,4,ligue_2
Lorient,Chateauroux,2-1,https://www.besoccer.com/match/lorient/berrichonne-chateauroux/20018489,2001,4,ligue_2
Le Havre,Nîmes,2-0,https://www.besoccer.com/match/havre-ac/nimes-olympique/20018490,2001,4,ligue_2
Stade Lavallois,Caen,2-1,https://www.besoccer.com/match/stade-lavallois/caen/20018491,2001,4,ligue_2
FC Gueugnon,Creteil,2-0,https://www.besoccer.com/match/fc-gueugnon/creteil-lusitanos/20018492,2001,4,ligue_2
Cannes,FC Martigues,0-0,https://www.besoccer.com/match/as-cannes/fc-martigues/20018493,2001,4,ligue_2
Angers SCO,Le Mans,1-3,https://www.besoccer.com/match/angers-sco/mans-uc-72/20018494,2001,4,ligue_2
ES Wasquehal,Nice,2-1,https://www.besoccer.com/match/waquehal/nice/20018495,2001,4,ligue_2
Sochaux,Ajaccio,2-0,https://www.besoccer.com/match/sochaux/ajaccio/20018496,2001,4,ligue_2
Montpellier,Niort,1-0,https://www.besoccer.com/match/montpellier-hsc/chamois-niortais/20018497,2001,4,ligue_2
Nice,Nancy,2-1,https://www.besoccer.com/match/nice/nancy/20018479,2001,5,ligue_2
FC Martigues,Le Havre,2-3,https://www.besoccer.com/match/fc-martigues/havre-ac/20018480,2001,5,ligue_2
Le Mans,Cannes,2-0,https://www.besoccer.com/match/mans-uc-72/as-cannes/20018481,2001,5,ligue_2
Creteil,Stade Lavallois,4-0,https://www.besoccer.com/match/creteil-lusitanos/stade-lavallois/20018482,2001,5,ligue_2
Chateauroux,Angers SCO,3-2,https://www.besoccer.com/match/berrichonne-chateauroux/angers-sco/20018483,2001,5,ligue_2
Caen,Lorient,1-2,https://www.besoccer.com/match/caen/lorient/20018484,2001,5,ligue_2
Beauvais Oise,ES Wasquehal,0-0,https://www.besoccer.com/match/as-beauvais/waquehal/20018485,2001,5,ligue_2
Ajaccio,Montpellier,0-2,https://www.besoccer.com/match/ajaccio/montpellier-hsc/20018486,2001,5,ligue_2
Niort,Sochaux,1-0,https://www.besoccer.com/match/chamois-niortais/sochaux/20018487,2001,5,ligue_2
Nîmes,FC Gueugnon,1-1,https://www.besoccer.com/match/nimes-olympique/fc-gueugnon/20018488,2001,5,ligue_2
Sochaux,Le Mans,2-0,https://www.besoccer.com/match/sochaux/mans-uc-72/20018469,2001,6,ligue_2
Nancy,Nîmes,3-1,https://www.besoccer.com/match/nancy/nimes-olympique/20018470,2001,6,ligue_2
Montpellier,FC Martigues,2-0,https://www.besoccer.com/match/montpellier-hsc/fc-martigues/20018471,2001,6,ligue_2
Lorient,Beauvais Oise,2-1,https://www.besoccer.com/match/lorient/as-beauvais/20018472,2001,6,ligue_2
Le Havre,Ajaccio,4-0,https://www.besoccer.com/match/havre-ac/ajaccio/20018473,2001,6,ligue_2
Stade Lavallois,Nice,2-0,https://www.besoccer.com/match/stade-lavallois/nice/20018474,2001,6,ligue_2
FC Gueugnon,Caen,1-1,https://www.besoccer.com/match/fc-gueugnon/caen/20018475,2001,6,ligue_2
Creteil,Chateauroux,1-2,https://www.besoccer.com/match/creteil-lusitanos/berrichonne-chateauroux/20018476,2001,6,ligue_2
Cannes,Angers SCO,3-0,https://www.besoccer.com/match/as-cannes/angers-sco/20018477,2001,6,ligue_2
ES Wasquehal,Niort,0-0,https://www.besoccer.com/match/waquehal/chamois-niortais/20018478,2001,6,ligue_2
Nîmes,ES Wasquehal,1-0,https://www.besoccer.com/match/nimes-olympique/waquehal/20018459,2001,7,ligue_2
Nice,Creteil,2-0,https://www.besoccer.com/match/nice/creteil-lusitanos/20018460,2001,7,ligue_2
FC Martigues,Sochaux,2-0,https://www.besoccer.com/match/fc-martigues/sochaux/20018461,2001,7,ligue_2
Le Mans,Montpellier,1-1,https://www.besoccer.com/match/mans-uc-72/montpellier-hsc/20018462,2001,7,ligue_2
Chateauroux,Cannes,2-0,https://www.besoccer.com/match/berrichonne-chateauroux/as-cannes/20018463,2001,7,ligue_2
Caen,Nancy,0-3,https://www.besoccer.com/match/caen/nancy/20018464,2001,7,ligue_2
Beauvais Oise,Stade Lavallois,0-0,https://www.besoccer.com/match/as-beauvais/stade-lavallois/20018465,2001,7,ligue_2
Angers SCO,Le Havre,0-0,https://www.besoccer.com/match/angers-sco/havre-ac/20018466,2001,7,ligue_2
Ajaccio,Lorient,0-0,https://www.besoccer.com/match/ajaccio/lorient/20018467,2001,7,ligue_2
Niort,FC Gueugnon,2-0,https://www.besoccer.com/match/chamois-niortais/fc-gueugnon/20018468,2001,7,ligue_2
Nancy,Niort,0-0,https://www.besoccer.com/match/nancy/chamois-niortais/20018458,2001,8,ligue_2
ES Wasquehal,Caen,3-3,https://www.besoccer.com/match/waquehal/caen/20018449,2001,8,ligue_2
Sochaux,Cannes,1-0,https://www.besoccer.com/match/sochaux/as-cannes/20018450,2001,8,ligue_2
Nice,Ajaccio,1-0,https://www.besoccer.com/match/nice/ajaccio/20018451,2001,8,ligue_2
Montpellier,Angers SCO,1-1,https://www.besoccer.com/match/montpellier-hsc/angers-sco/20018452,2001,8,ligue_2
Lorient,FC Martigues,0-1,https://www.besoccer.com/match/lorient/fc-martigues/20018453,2001,8,ligue_2
Le Havre,Chateauroux,0-0,https://www.besoccer.com/match/havre-ac/berrichonne-chateauroux/20018454,2001,8,ligue_2
Stade Lavallois,Nîmes,3-1,https://www.besoccer.com/match/stade-lavallois/nimes-olympique/20018455,2001,8,ligue_2
FC Gueugnon,Le Mans,0-0,https://www.besoccer.com/match/fc-gueugnon/mans-uc-72/20018456,2001,8,ligue_2
Creteil,Beauvais Oise,1-1,https://www.besoccer.com/match/creteil-lusitanos/as-beauvais/20018457,2001,8,ligue_2
Niort,Lorient,1-2,https://www.besoccer.com/match/chamois-niortais/lorient/20018439,2001,9,ligue_2
Nîmes,Creteil,2-1,https://www.besoccer.com/match/nimes-olympique/creteil-lusitanos/20018440,2001,9,ligue_2
FC Martigues,ES Wasquehal,1-0,https://www.besoccer.com/match/fc-martigues/waquehal/20018441,2001,9,ligue_2
Le Mans,Stade Lavallois,2-2,https://www.besoccer.com/match/mans-uc-72/stade-lavallois/20018442,2001,9,ligue_2
Chateauroux,Montpellier,0-0,https://www.besoccer.com/match/berrichonne-chateauroux/montpellier-hsc/20018443,2001,9,ligue_2
Cannes,Nancy,0-2,https://www.besoccer.com/match/as-cannes/nancy/20018444,2001,9,ligue_2
Caen,Le Havre,1-0,https://www.besoccer.com/match/caen/havre-ac/20018445,2001,9,ligue_2
Beauvais Oise,Nice,2-0,https://www.besoccer.com/match/as-beauvais/nice/20018446,2001,9,ligue_2
Angers SCO,Sochaux,2-0,https://www.besoccer.com/match/angers-sco/sochaux/20018447,2001,9,ligue_2
Ajaccio,FC Gueugnon,2-0,https://www.besoccer.com/match/ajaccio/fc-gueugnon/20018448,2001,9,ligue_2
Nancy,FC Martigues,0-0,https://www.besoccer.com/match/nancy/fc-martigues/20018438,2001,10,ligue_2
ES Wasquehal,Ajaccio,2-0,https://www.besoccer.com/match/waquehal/ajaccio/20018430,2001,10,ligue_2
Nice,Nîmes,1-2,https://www.besoccer.com/match/nice/nimes-olympique/20018431,2001,10,ligue_2
Montpellier,Sochaux,0-2,https://www.besoccer.com/match/montpellier-hsc/sochaux/20018432,2001,10,ligue_2
Lorient,Angers SCO,3-0,https://www.besoccer.com/match/lorient/angers-sco/20018433,2001,10,ligue_2
Le Havre,Cannes,2-2,https://www.besoccer.com/match/havre-ac/as-cannes/20018434,2001,10,ligue_2
Stade Lavallois,Niort,0-1,https://www.besoccer.com/match/stade-lavallois/chamois-niortais/20018435,2001,10,ligue_2
Creteil,Caen,0-1,https://www.besoccer.com/match/creteil-lusitanos/caen/20018436,2001,10,ligue_2
Beauvais Oise,Le Mans,1-1,https://www.besoccer.com/match/as-beauvais/mans-uc-72/20018437,2001,10,ligue_2
FC Gueugnon,Chateauroux,0-1,https://www.besoccer.com/match/fc-gueugnon/berrichonne-chateauroux/20018429,2001,10,ligue_2
Ajaccio,Stade Lavallois,1-2,https://www.besoccer.com/match/ajaccio/stade-lavallois/20018419,2001,11,ligue_2
Sochaux,Le Havre,3-0,https://www.besoccer.com/match/sochaux/havre-ac/20018420,2001,11,ligue_2
Niort,Creteil,0-0,https://www.besoccer.com/match/chamois-niortais/creteil-lusitanos/20018421,2001,11,ligue_2
Nîmes,Beauvais Oise,2-1,https://www.besoccer.com/match/nimes-olympique/as-beauvais/20018422,2001,11,ligue_2
FC Martigues,FC Gueugnon,0-0,https://www.besoccer.com/match/fc-martigues/fc-gueugnon/20018423,2001,11,ligue_2
Le Mans,Lorient,1-1,https://www.besoccer.com/match/mans-uc-72/lorient/20018424,2001,11,ligue_2
Chateauroux,Nancy,0-0,https://www.besoccer.com/match/berrichonne-chateauroux/nancy/20018425,2001,11,ligue_2
Cannes,Montpellier,1-2,https://www.besoccer.com/match/as-cannes/montpellier-hsc/20018426,2001,11,ligue_2
Caen,Nice,1-0,https://www.besoccer.com/match/caen/nice/20018427,2001,11,ligue_2
Angers SCO,ES Wasquehal,2-0,https://www.besoccer.com/match/angers-sco/waquehal/20018428,2001,11,ligue_2
Creteil,Ajaccio,1-0,https://www.besoccer.com/match/creteil-lusitanos/ajaccio/20018410,2001,12,ligue_2
Beauvais Oise,Chateauroux,2-1,https://www.besoccer.com/match/as-beauvais/berrichonne-chateauroux/20018411,2001,12,ligue_2
ES Wasquehal,Le Mans,2-1,https://www.besoccer.com/match/waquehal/mans-uc-72/20018412,2001,12,ligue_2
Nîmes,Caen,1-2,https://www.besoccer.com/match/nimes-olympique/caen/20018413,2001,12,ligue_2
Nice,Niort,0-1,https://www.besoccer.com/match/nice/chamois-niortais/20018414,2001,12,ligue_2
Nancy,Angers SCO,0-0,https://www.besoccer.com/match/nancy/angers-sco/20018415,2001,12,ligue_2
Lorient,Sochaux,1-1,https://www.besoccer.com/match/lorient/sochaux/20018416,2001,12,ligue_2
Le Havre,Montpellier,3-0,https://www.besoccer.com/match/havre-ac/montpellier-hsc/20018417,2001,12,ligue_2
Stade Lavallois,FC Martigues,2-0,https://www.besoccer.com/match/stade-lavallois/fc-martigues/20018418,2001,12,ligue_2
FC Gueugnon,Cannes,2-1,https://www.besoccer.com/match/fc-gueugnon/as-cannes/20018409,2001,12,ligue_2
Sochaux,ES Wasquehal,1-1,https://www.besoccer.com/match/sochaux/waquehal/20018407,2001,13,ligue_2
Ajaccio,Nancy,1-0,https://www.besoccer.com/match/ajaccio/nancy/20018408,2001,13,ligue_2
Angers SCO,FC Gueugnon,1-2,https://www.besoccer.com/match/angers-sco/fc-gueugnon/20018400,2001,13,ligue_2
Niort,Nîmes,1-1,https://www.besoccer.com/match/chamois-niortais/nimes-olympique/20018401,2001,13,ligue_2
FC Martigues,Creteil,0-0,https://www.besoccer.com/match/fc-martigues/creteil-lusitanos/20018402,2001,13,ligue_2
Le Mans,Le Havre,1-1,https://www.besoccer.com/match/mans-uc-72/havre-ac/20018403,2001,13,ligue_2
Chateauroux,Nice,7-2,https://www.besoccer.com/match/berrichonne-chateauroux/nice/20018404,2001,13,ligue_2
Cannes,Stade Lavallois,0-1,https://www.besoccer.com/match/as-cannes/stade-lavallois/20018405,2001,13,ligue_2
Caen,Beauvais Oise,1-1,https://www.besoccer.com/match/caen/as-beauvais/20018406,2001,13,ligue_2
Montpellier,Lorient,2-2,https://www.besoccer.com/match/montpellier-hsc/lorient/20018399,2001,13,ligue_2
Nancy,Sochaux,1-2,https://www.besoccer.com/match/nancy/sochaux/20018398,2001,14,ligue_2
Creteil,Le Mans,1-0,https://www.besoccer.com/match/creteil-lusitanos/mans-uc-72/20018389,2001,14,ligue_2
Caen,Ajaccio,2-0,https://www.besoccer.com/match/caen/ajaccio/20018390,2001,14,ligue_2
Beauvais Oise,Niort,1-4,https://www.besoccer.com/match/as-beauvais/chamois-niortais/20018391,2001,14,ligue_2
ES Wasquehal,Cannes,3-0,https://www.besoccer.com/match/waquehal/as-cannes/20018392,2001,14,ligue_2
Nîmes,Chateauroux,2-1,https://www.besoccer.com/match/nimes-olympique/berrichonne-chateauroux/20018393,2001,14,ligue_2
Nice,FC Martigues,2-1,https://www.besoccer.com/match/nice/fc-martigues/20018394,2001,14,ligue_2
Lorient,Le Havre,1-0,https://www.besoccer.com/match/lorient/havre-ac/20018395,2001,14,ligue_2
Stade Lavallois,Angers SCO,4-1,https://www.besoccer.com/match/stade-lavallois/angers-sco/20018396,2001,14,ligue_2
FC Gueugnon,Montpellier,2-4,https://www.besoccer.com/match/fc-gueugnon/montpellier-hsc/20018397,2001,14,ligue_2
Le Mans,Nice,1-0,https://www.besoccer.com/match/mans-uc-72/nice/20018381,2001,15,ligue_2
Le Havre,ES Wasquehal,1-1,https://www.besoccer.com/match/havre-ac/waquehal/20018382,2001,15,ligue_2
Chateauroux,Stade Lavallois,0-0,https://www.besoccer.com/match/berrichonne-chateauroux/stade-lavallois/20018383,2001,15,ligue_2
Cannes,Lorient,1-2,https://www.besoccer.com/match/as-cannes/lorient/20018384,2001,15,ligue_2
Angers SCO,Creteil,1-1,https://www.besoccer.com/match/angers-sco/creteil-lusitanos/20018385,2001,15,ligue_2
Sochaux,FC Gueugnon,3-0,https://www.besoccer.com/match/sochaux/fc-gueugnon/20018386,2001,15,ligue_2
Niort,Caen,2-0,https://www.besoccer.com/match/chamois-niortais/caen/20018387,2001,15,ligue_2
FC Martigues,Beauvais Oise,0-0,https://www.besoccer.com/match/fc-martigues/as-beauvais/20018388,2001,15,ligue_2
Montpellier,Nancy,1-1,https://www.besoccer.com/match/montpellier-hsc/nancy/20018380,2001,15,ligue_2
Ajaccio,Nîmes,1-0,https://www.besoccer.com/match/ajaccio/nimes-olympique/20018379,2001,15,ligue_2
Stade Lavallois,Sochaux,0-0,https://www.besoccer.com/match/stade-lavallois/sochaux/20018378,2001,16,ligue_2
Nice,Angers SCO,2-0,https://www.besoccer.com/match/nice/angers-sco/20018369,2001,16,ligue_2
Nancy,Le Havre,2-3,https://www.besoccer.com/match/nancy/havre-ac/20018370,2001,16,ligue_2
FC Gueugnon,Lorient,1-1,https://www.besoccer.com/match/fc-gueugnon/lorient/20018371,2001,16,ligue_2
Creteil,Cannes,3-1,https://www.besoccer.com/match/creteil-lusitanos/as-cannes/20018372,2001,16,ligue_2
Caen,Chateauroux,1-1,https://www.besoccer.com/match/caen/berrichonne-chateauroux/20018373,2001,16,ligue_2
Beauvais Oise,Ajaccio,0-0,https://www.besoccer.com/match/as-beauvais/ajaccio/20018374,2001,16,ligue_2
ES Wasquehal,Montpellier,1-1,https://www.besoccer.com/match/waquehal/montpellier-hsc/20018375,2001,16,ligue_2
Niort,Le Mans,2-0,https://www.besoccer.com/match/chamois-niortais/mans-uc-72/20018376,2001,16,ligue_2
Nîmes,FC Martigues,2-0,https://www.besoccer.com/match/nimes-olympique/fc-martigues/20018377,2001,16,ligue_2
Le Havre,FC Gueugnon,1-3,https://www.besoccer.com/match/havre-ac/fc-gueugnon/20018368,2001,17,ligue_2
Le Mans,Nîmes,1-1,https://www.besoccer.com/match/mans-uc-72/nimes-olympique/20018360,2001,17,ligue_2
Chateauroux,ES Wasquehal,2-0,https://www.besoccer.com/match/berrichonne-chateauroux/waquehal/20018361,2001,17,ligue_2
Cannes,Nice,2-1,https://www.besoccer.com/match/as-cannes/nice/20018362,2001,17,ligue_2
Angers SCO,Beauvais Oise,1-1,https://www.besoccer.com/match/angers-sco/as-beauvais/20018363,2001,17,ligue_2
Ajaccio,Niort,0-1,https://www.besoccer.com/match/ajaccio/chamois-niortais/20018364,2001,17,ligue_2
Sochaux,Creteil,3-0,https://www.besoccer.com/match/sochaux/creteil-lusitanos/20018365,2001,17,ligue_2
FC Martigues,Caen,2-2,https://www.besoccer.com/match/fc-martigues/caen/20018366,2001,17,ligue_2
Lorient,Nancy,2-0,https://www.besoccer.com/match/lorient/nancy/20018367,2001,17,ligue_2
Montpellier,Stade Lavallois,1-0,https://www.besoccer.com/match/montpellier-hsc/stade-lavallois/20018359,2001,17,ligue_2
Nîmes,Angers SCO,3-0,https://www.besoccer.com/match/nimes-olympique/angers-sco/20018350,2001,18,ligue_2
Nice,Sochaux,2-2,https://www.besoccer.com/match/nice/sochaux/20018351,2001,18,ligue_2
Nancy,FC Gueugnon,4-0,https://www.besoccer.com/match/nancy/fc-gueugnon/20018352,2001,18,ligue_2
Creteil,Montpellier,1-1,https://www.besoccer.com/match/creteil-lusitanos/montpellier-hsc/20018353,2001,18,ligue_2
Caen,Le Mans,0-2,https://www.besoccer.com/match/caen/mans-uc-72/20018354,2001,18,ligue_2
Beauvais Oise,Cannes,3-1,https://www.besoccer.com/match/as-beauvais/as-cannes/20018355,2001,18,ligue_2
Ajaccio,Chateauroux,0-2,https://www.besoccer.com/match/ajaccio/berrichonne-chateauroux/20018356,2001,18,ligue_2
ES Wasquehal,Lorient,0-1,https://www.besoccer.com/match/waquehal/lorient/20018357,2001,18,ligue_2
Niort,FC Martigues,6-1,https://www.besoccer.com/match/chamois-niortais/fc-martigues/20018358,2001,18,ligue_2
Stade Lavallois,Le Havre,1-0,https://www.besoccer.com/match/stade-lavallois/havre-ac/20018349,2001,18,ligue_2
Le Havre,Creteil,1-1,https://www.besoccer.com/match/havre-ac/creteil-lusitanos/20018348,2001,19,ligue_2
Montpellier,Nice,3-0,https://www.besoccer.com/match/montpellier-hsc/nice/20018340,2001,19,ligue_2
FC Martigues,Ajaccio,2-1,https://www.besoccer.com/match/fc-martigues/ajaccio/20018341,2001,19,ligue_2
Le Mans,Nancy,0-1,https://www.besoccer.com/match/mans-uc-72/nancy/20018342,2001,19,ligue_2
FC Gueugnon,ES Wasquehal,2-1,https://www.besoccer.com/match/fc-gueugnon/waquehal/20018343,2001,19,ligue_2
Chateauroux,Niort,1-0,https://www.besoccer.com/match/berrichonne-chateauroux/chamois-niortais/20018344,2001,19,ligue_2
Cannes,Nîmes,1-1,https://www.besoccer.com/match/as-cannes/nimes-olympique/20018345,2001,19,ligue_2
Angers SCO,Caen,0-1,https://www.besoccer.com/match/angers-sco/caen/20018346,2001,19,ligue_2
Sochaux,Beauvais Oise,2-0,https://www.besoccer.com/match/sochaux/as-beauvais/20018347,2001,19,ligue_2
Lorient,Stade Lavallois,2-1,https://www.besoccer.com/match/lorient/stade-lavallois/20018339,2001,19,ligue_2
Chateauroux,Sochaux,1-1,https://www.besoccer.com/match/berrichonne-chateauroux/sochaux/20018338,2001,20,ligue_2
FC Martigues,Le Mans,3-3,https://www.besoccer.com/match/fc-martigues/mans-uc-72/20018329,2001,20,ligue_2
Stade Lavallois,Nancy,0-0,https://www.besoccer.com/match/stade-lavallois/nancy/20018330,2001,20,ligue_2
Creteil,ES Wasquehal,2-0,https://www.besoccer.com/match/creteil-lusitanos/waquehal/20018331,2001,20,ligue_2
Caen,Montpellier,0-0,https://www.besoccer.com/match/caen/montpellier-hsc/20018332,2001,20,ligue_2
Beauvais Oise,Le Havre,1-1,https://www.besoccer.com/match/as-beauvais/havre-ac/20018333,2001,20,ligue_2
Ajaccio,Angers SCO,3-1,https://www.besoccer.com/match/ajaccio/angers-sco/20018334,2001,20,ligue_2
Niort,Cannes,4-1,https://www.besoccer.com/match/chamois-niortais/as-cannes/20018335,2001,20,ligue_2
Nîmes,Lorient,1-2,https://www.besoccer.com/match/nimes-olympique/lorient/20018336,2001,20,ligue_2
Nice,FC Gueugnon,1-2,https://www.besoccer.com/match/nice/fc-gueugnon/20018337,2001,20,ligue_2
Sochaux,Caen,3-0,https://www.besoccer.com/match/sochaux/caen/20018320,2001,21,ligue_2
Nancy,Creteil,2-0,https://www.besoccer.com/match/nancy/creteil-lusitanos/20018321,2001,21,ligue_2
Lorient,Nice,3-0,https://www.besoccer.com/match/lorient/nice/20018322,2001,21,ligue_2
Le Mans,Chateauroux,2-1,https://www.besoccer.com/match/mans-uc-72/berrichonne-chateauroux/20018323,2001,21,ligue_2
Le Havre,Niort,2-2,https://www.besoccer.com/match/havre-ac/chamois-niortais/20018324,2001,21,ligue_2
FC Gueugnon,Beauvais Oise,2-0,https://www.besoccer.com/match/fc-gueugnon/as-beauvais/20018325,2001,21,ligue_2
Cannes,Ajaccio,1-0,https://www.besoccer.com/match/as-cannes/ajaccio/20018326,2001,21,ligue_2
Angers SCO,FC Martigues,1-1,https://www.besoccer.com/match/angers-sco/fc-martigues/20018327,2001,21,ligue_2
ES Wasquehal,Stade Lavallois,2-1,https://www.besoccer.com/match/waquehal/stade-lavallois/20018328,2001,21,ligue_2
Montpellier,Nîmes,3-1,https://www.besoccer.com/match/montpellier-hsc/nimes-olympique/20018319,2001,21,ligue_2
Nice,ES Wasquehal,1-0,https://www.besoccer.com/match/nice/waquehal/20018313,2001,22,ligue_2
FC Martigues,Cannes,0-1,https://www.besoccer.com/match/fc-martigues/as-cannes/20018314,2001,22,ligue_2
Le Mans,Angers SCO,2-1,https://www.besoccer.com/match/mans-uc-72/angers-sco/20018315,2001,22,ligue_2
Creteil,FC Gueugnon,1-2,https://www.besoccer.com/match/creteil-lusitanos/fc-gueugnon/20018316,2001,22,ligue_2
Caen,Stade Lavallois,0-1,https://www.besoccer.com/match/caen/stade-lavallois/20018317,2001,22,ligue_2
Ajaccio,Sochaux,0-0,https://www.besoccer.com/match/ajaccio/sochaux/20018318,2001,22,ligue_2
Nîmes,Le Havre,2-2,https://www.besoccer.com/match/nimes-olympique/havre-ac/20018312,2001,22,ligue_2
Niort,Montpellier,1-1,https://www.besoccer.com/match/chamois-niortais/montpellier-hsc/20018311,2001,22,ligue_2
Chateauroux,Lorient,2-0,https://www.besoccer.com/match/berrichonne-chateauroux/lorient/20018310,2001,22,ligue_2
Beauvais Oise,Nancy,1-1,https://www.besoccer.com/match/as-beauvais/nancy/20018309,2001,22,ligue_2
Sochaux,Niort,3-0,https://www.besoccer.com/match/sochaux/chamois-niortais/20018308,2001,23,ligue_2
ES Wasquehal,Beauvais Oise,0-2,https://www.besoccer.com/match/waquehal/as-beauvais/20018299,2001,23,ligue_2
Nancy,Nice,3-1,https://www.besoccer.com/match/nancy/nice/20018300,2001,23,ligue_2
Montpellier,Ajaccio,2-0,https://www.besoccer.com/match/montpellier-hsc/ajaccio/20018301,2001,23,ligue_2
Lorient,Caen,1-1,https://www.besoccer.com/match/lorient/caen/20018302,2001,23,ligue_2
Le Havre,FC Martigues,0-0,https://www.besoccer.com/match/havre-ac/fc-martigues/20018303,2001,23,ligue_2
Stade Lavallois,Creteil,3-2,https://www.besoccer.com/match/stade-lavallois/creteil-lusitanos/20018304,2001,23,ligue_2
FC Gueugnon,Nîmes,3-3,https://www.besoccer.com/match/fc-gueugnon/nimes-olympique/20018305,2001,23,ligue_2
Cannes,Le Mans,0-0,https://www.besoccer.com/match/as-cannes/mans-uc-72/20018306,2001,23,ligue_2
Angers SCO,Chateauroux,2-1,https://www.besoccer.com/match/angers-sco/berrichonne-chateauroux/20018307,2001,23,ligue_2
Le Mans,Sochaux,0-0,https://www.besoccer.com/match/mans-uc-72/sochaux/20018298,2001,24,ligue_2
Niort,ES Wasquehal,1-1,https://www.besoccer.com/match/chamois-niortais/waquehal/20018289,2001,24,ligue_2
Nîmes,Nancy,1-2,https://www.besoccer.com/match/nimes-olympique/nancy/20018290,2001,24,ligue_2
Nice,Stade Lavallois,3-0,https://www.besoccer.com/match/nice/stade-lavallois/20018291,2001,24,ligue_2
FC Martigues,Montpellier,0-1,https://www.besoccer.com/match/fc-martigues/montpellier-hsc/20018292,2001,24,ligue_2
Chateauroux,Creteil,0-1,https://www.besoccer.com/match/berrichonne-chateauroux/creteil-lusitanos/20018293,2001,24,ligue_2
Caen,FC Gueugnon,2-1,https://www.besoccer.com/match/caen/fc-gueugnon/20018294,2001,24,ligue_2
Beauvais Oise,Lorient,1-3,https://www.besoccer.com/match/as-beauvais/lorient/20018295,2001,24,ligue_2
Angers SCO,Cannes,1-3,https://www.besoccer.com/match/angers-sco/as-cannes/20018296,2001,24,ligue_2
Ajaccio,Le Havre,3-0,https://www.besoccer.com/match/ajaccio/havre-ac/20018297,2001,24,ligue_2
Cannes,Chateauroux,2-2,https://www.besoccer.com/match/as-cannes/berrichonne-chateauroux/20018280,2001,25,ligue_2
ES Wasquehal,Nîmes,1-1,https://www.besoccer.com/match/waquehal/nimes-olympique/20018281,2001,25,ligue_2
Sochaux,FC Martigues,1-0,https://www.besoccer.com/match/sochaux/fc-martigues/20018282,2001,25,ligue_2
Montpellier,Le Mans,0-0,https://www.besoccer.com/match/montpellier-hsc/mans-uc-72/20018283,2001,25,ligue_2
Lorient,Ajaccio,0-1,https://www.besoccer.com/match/lorient/ajaccio/20018284,2001,25,ligue_2
Le Havre,Angers SCO,2-1,https://www.besoccer.com/match/havre-ac/angers-sco/20018285,2001,25,ligue_2
Stade Lavallois,Beauvais Oise,0-2,https://www.besoccer.com/match/stade-lavallois/as-beauvais/20018286,2001,25,ligue_2
FC Gueugnon,Niort,1-0,https://www.besoccer.com/match/fc-gueugnon/chamois-niortais/20018287,2001,25,ligue_2
Creteil,Nice,0-1,https://www.besoccer.com/match/creteil-lusitanos/nice/20018288,2001,25,ligue_2
Nancy,Caen,4-0,https://www.besoccer.com/match/nancy/caen/20018279,2001,25,ligue_2
Beauvais Oise,Creteil,1-1,https://www.besoccer.com/match/as-beauvais/creteil-lusitanos/20018271,2001,26,ligue_2
Ajaccio,Nice,2-1,https://www.besoccer.com/match/ajaccio/nice/20018272,2001,26,ligue_2
Niort,Nancy,3-2,https://www.besoccer.com/match/chamois-niortais/nancy/20018273,2001,26,ligue_2
Nîmes,Stade Lavallois,1-0,https://www.besoccer.com/match/nimes-olympique/stade-lavallois/20018274,2001,26,ligue_2
FC Martigues,Lorient,1-1,https://www.besoccer.com/match/fc-martigues/lorient/20018275,2001,26,ligue_2
Le Mans,FC Gueugnon,2-1,https://www.besoccer.com/match/mans-uc-72/fc-gueugnon/20018276,2001,26,ligue_2
Cannes,Sochaux,2-2,https://www.besoccer.com/match/as-cannes/sochaux/20018277,2001,26,ligue_2
Caen,ES Wasquehal,1-2,https://www.besoccer.com/match/caen/waquehal/20018278,2001,26,ligue_2
Angers SCO,Montpellier,0-0,https://www.besoccer.com/match/angers-sco/montpellier-hsc/20018270,2001,26,ligue_2
Chateauroux,Le Havre,3-1,https://www.besoccer.com/match/berrichonne-chateauroux/havre-ac/20018269,2001,26,ligue_2
Stade Lavallois,Le Mans,2-1,https://www.besoccer.com/match/stade-lavallois/mans-uc-72/20018260,2001,27,ligue_2
FC Gueugnon,Ajaccio,0-0,https://www.besoccer.com/match/fc-gueugnon/ajaccio/20018261,2001,27,ligue_2
Creteil,Nîmes,1-2,https://www.besoccer.com/match/creteil-lusitanos/nimes-olympique/20018262,2001,27,ligue_2
ES Wasquehal,FC Martigues,2-0,https://www.besoccer.com/match/waquehal/fc-martigues/20018263,2001,27,ligue_2
Sochaux,Angers SCO,2-0,https://www.besoccer.com/match/sochaux/angers-sco/20018264,2001,27,ligue_2
Nice,Beauvais Oise,0-1,https://www.besoccer.com/match/nice/as-beauvais/20018265,2001,27,ligue_2
Nancy,Cannes,2-0,https://www.besoccer.com/match/nancy/as-cannes/20018266,2001,27,ligue_2
Montpellier,Chateauroux,0-0,https://www.besoccer.com/match/montpellier-hsc/berrichonne-chateauroux/20018267,2001,27,ligue_2
Le Havre,Caen,2-1,https://www.besoccer.com/match/havre-ac/caen/20018268,2001,27,ligue_2
Lorient,Niort,0-0,https://www.besoccer.com/match/lorient/chamois-niortais/20018259,2001,27,ligue_2
Cannes,Le Havre,1-1,https://www.besoccer.com/match/as-cannes/havre-ac/20018251,2001,28,ligue_2
Caen,Creteil,1-0,https://www.besoccer.com/match/caen/creteil-lusitanos/20018252,2001,28,ligue_2
Angers SCO,Lorient,2-1,https://www.besoccer.com/match/angers-sco/lorient/20018253,2001,28,ligue_2
Ajaccio,ES Wasquehal,2-0,https://www.besoccer.com/match/ajaccio/waquehal/20018254,2001,28,ligue_2
Niort,Stade Lavallois,2-2,https://www.besoccer.com/match/chamois-niortais/stade-lavallois/20018255,2001,28,ligue_2
Nîmes,Nice,2-0,https://www.besoccer.com/match/nimes-olympique/nice/20018256,2001,28,ligue_2
FC Martigues,Nancy,2-1,https://www.besoccer.com/match/fc-martigues/nancy/20018257,2001,28,ligue_2
Le Mans,Beauvais Oise,0-4,https://www.besoccer.com/match/mans-uc-72/as-beauvais/20018258,2001,28,ligue_2
Sochaux,Montpellier,1-0,https://www.besoccer.com/match/sochaux/montpellier-hsc/20018250,2001,28,ligue_2
Chateauroux,FC Gueugnon,1-1,https://www.besoccer.com/match/berrichonne-chateauroux/fc-gueugnon/20018249,2001,28,ligue_2
Nice,Caen,2-0,https://www.besoccer.com/match/nice/caen/20018247,2001,29,ligue_2
Le Havre,Sochaux,2-3,https://www.besoccer.com/match/havre-ac/sochaux/20018248,2001,29,ligue_2
Stade Lavallois,Ajaccio,0-0,https://www.besoccer.com/match/stade-lavallois/ajaccio/20018239,2001,29,ligue_2
FC Gueugnon,FC Martigues,0-1,https://www.besoccer.com/match/fc-gueugnon/fc-martigues/20018240,2001,29,ligue_2
Creteil,Niort,1-1,https://www.besoccer.com/match/creteil-lusitanos/chamois-niortais/20018241,2001,29,ligue_2
Beauvais Oise,Nîmes,1-0,https://www.besoccer.com/match/as-beauvais/nimes-olympique/20018242,2001,29,ligue_2
ES Wasquehal,Angers SCO,3-1,https://www.besoccer.com/match/waquehal/angers-sco/20018243,2001,29,ligue_2
Nancy,Chateauroux,0-0,https://www.besoccer.com/match/nancy/berrichonne-chateauroux/20018244,2001,29,ligue_2
Montpellier,Cannes,2-0,https://www.besoccer.com/match/montpellier-hsc/as-cannes/20018245,2001,29,ligue_2
Lorient,Le Mans,3-1,https://www.besoccer.com/match/lorient/mans-uc-72/20018246,2001,29,ligue_2
Sochaux,Lorient,0-1,https://www.besoccer.com/match/sochaux/lorient/20018238,2001,30,ligue_2
Chateauroux,Beauvais Oise,3-0,https://www.besoccer.com/match/berrichonne-chateauroux/as-beauvais/20018229,2001,30,ligue_2
Cannes,FC Gueugnon,0-1,https://www.besoccer.com/match/as-cannes/fc-gueugnon/20018230,2001,30,ligue_2
Caen,Nîmes,2-2,https://www.besoccer.com/match/caen/nimes-olympique/20018231,2001,30,ligue_2
Angers SCO,Nancy,1-2,https://www.besoccer.com/match/angers-sco/nancy/20018232,2001,30,ligue_2
Ajaccio,Creteil,0-0,https://www.besoccer.com/match/ajaccio/creteil-lusitanos/20018233,2001,30,ligue_2
Niort,Nice,2-2,https://www.besoccer.com/match/chamois-niortais/nice/20018234,2001,30,ligue_2
Montpellier,Le Havre,1-0,https://www.besoccer.com/match/montpellier-hsc/havre-ac/20018235,2001,30,ligue_2
FC Martigues,Stade Lavallois,1-3,https://www.besoccer.com/match/fc-martigues/stade-lavallois/20018236,2001,30,ligue_2
Le Mans,ES Wasquehal,0-0,https://www.besoccer.com/match/mans-uc-72/waquehal/20018237,2001,30,ligue_2
Nancy,Ajaccio,2-0,https://www.besoccer.com/match/nancy/ajaccio/20018227,2001,31,ligue_2
ES Wasquehal,Sochaux,1-1,https://www.besoccer.com/match/waquehal/sochaux/20018226,2001,31,ligue_2
Lorient,Montpellier,2-1,https://www.besoccer.com/match/lorient/montpellier-hsc/20018228,2001,31,ligue_2
FC Gueugnon,Angers SCO,2-0,https://www.besoccer.com/match/fc-gueugnon/angers-sco/20018219,2001,31,ligue_2
Creteil,FC Martigues,0-0,https://www.besoccer.com/match/creteil-lusitanos/fc-martigues/20018220,2001,31,ligue_2
Beauvais Oise,Caen,0-1,https://www.besoccer.com/match/as-beauvais/caen/20018221,2001,31,ligue_2
Nîmes,Niort,2-1,https://www.besoccer.com/match/nimes-olympique/chamois-niortais/20018222,2001,31,ligue_2
Nice,Chateauroux,1-4,https://www.besoccer.com/match/nice/berrichonne-chateauroux/20018223,2001,31,ligue_2
Le Havre,Le Mans,3-0,https://www.besoccer.com/match/havre-ac/mans-uc-72/20018224,2001,31,ligue_2
Stade Lavallois,Cannes,2-1,https://www.besoccer.com/match/stade-lavallois/as-cannes/20018225,2001,31,ligue_2
Sochaux,Nancy,1-1,https://www.besoccer.com/match/sochaux/nancy/20018218,2001,32,ligue_2
FC Martigues,Nice,0-1,https://www.besoccer.com/match/fc-martigues/nice/20018210,2001,32,ligue_2
Le Mans,Creteil,2-1,https://www.besoccer.com/match/mans-uc-72/creteil-lusitanos/20018211,2001,32,ligue_2
Chateauroux,Nîmes,1-1,https://www.besoccer.com/match/berrichonne-chateauroux/nimes-olympique/20018212,2001,32,ligue_2
Cannes,ES Wasquehal,0-0,https://www.besoccer.com/match/as-cannes/waquehal/20018213,2001,32,ligue_2
Angers SCO,Stade Lavallois,1-0,https://www.besoccer.com/match/angers-sco/stade-lavallois/20018214,2001,32,ligue_2
Ajaccio,Caen,1-0,https://www.besoccer.com/match/ajaccio/caen/20018215,2001,32,ligue_2
Niort,Beauvais Oise,1-1,https://www.besoccer.com/match/chamois-niortais/as-beauvais/20018216,2001,32,ligue_2
Montpellier,FC Gueugnon,5-0,https://www.besoccer.com/match/montpellier-hsc/fc-gueugnon/20018217,2001,32,ligue_2
Le Havre,Lorient,1-1,https://www.besoccer.com/match/havre-ac/lorient/20018209,2001,32,ligue_2
ES Wasquehal,Le Havre,0-1,https://www.besoccer.com/match/waquehal/havre-ac/20018201,2001,33,ligue_2
Nîmes,Ajaccio,1-0,https://www.besoccer.com/match/nimes-olympique/ajaccio/20018202,2001,33,ligue_2
Nice,Le Mans,1-1,https://www.besoccer.com/match/nice/mans-uc-72/20018203,2001,33,ligue_2
Nancy,Montpellier,0-3,https://www.besoccer.com/match/nancy/montpellier-hsc/20018204,2001,33,ligue_2
Lorient,Cannes,4-0,https://www.besoccer.com/match/lorient/as-cannes/20018205,2001,33,ligue_2
Stade Lavallois,Chateauroux,0-2,https://www.besoccer.com/match/stade-lavallois/berrichonne-chateauroux/20018206,2001,33,ligue_2
FC Gueugnon,Sochaux,1-1,https://www.besoccer.com/match/fc-gueugnon/sochaux/20018207,2001,33,ligue_2
Creteil,Angers SCO,1-1,https://www.besoccer.com/match/creteil-lusitanos/angers-sco/20018208,2001,33,ligue_2
Caen,Niort,1-2,https://www.besoccer.com/match/caen/chamois-niortais/20018200,2001,33,ligue_2
Beauvais Oise,FC Martigues,3-1,https://www.besoccer.com/match/as-beauvais/fc-martigues/20018199,2001,33,ligue_2
Montpellier,ES Wasquehal,2-1,https://www.besoccer.com/match/montpellier-hsc/waquehal/20018190,2001,34,ligue_2
FC Martigues,Nîmes,1-0,https://www.besoccer.com/match/fc-martigues/nimes-olympique/20018191,2001,34,ligue_2
Lorient,FC Gueugnon,1-4,https://www.besoccer.com/match/lorient/fc-gueugnon/20018192,2001,34,ligue_2
Le Mans,Niort,2-1,https://www.besoccer.com/match/mans-uc-72/chamois-niortais/20018193,2001,34,ligue_2
Le Havre,Nancy,1-0,https://www.besoccer.com/match/havre-ac/nancy/20018194,2001,34,ligue_2
Chateauroux,Caen,0-1,https://www.besoccer.com/match/berrichonne-chateauroux/caen/20018195,2001,34,ligue_2
Cannes,Creteil,4-2,https://www.besoccer.com/match/as-cannes/creteil-lusitanos/20018196,2001,34,ligue_2
Angers SCO,Nice,0-0,https://www.besoccer.com/match/angers-sco/nice/20018197,2001,34,ligue_2
Ajaccio,Beauvais Oise,2-0,https://www.besoccer.com/match/ajaccio/as-beauvais/20018198,2001,34,ligue_2
Sochaux,Stade Lavallois,2-0,https://www.besoccer.com/match/sochaux/stade-lavallois/20018189,2001,34,ligue_2
Nancy,Lorient,0-1,https://www.besoccer.com/match/nancy/lorient/20018188,2001,35,ligue_2
ES Wasquehal,Chateauroux,3-1,https://www.besoccer.com/match/waquehal/berrichonne-chateauroux/20018181,2001,35,ligue_2
Niort,Ajaccio,4-3,https://www.besoccer.com/match/chamois-niortais/ajaccio/20018182,2001,35,ligue_2
Nîmes,Le Mans,3-1,https://www.besoccer.com/match/nimes-olympique/mans-uc-72/20018183,2001,35,ligue_2
Nice,Cannes,2-0,https://www.besoccer.com/match/nice/as-cannes/20018184,2001,35,ligue_2
Stade Lavallois,Montpellier,0-0,https://www.besoccer.com/match/stade-lavallois/montpellier-hsc/20018185,2001,35,ligue_2
FC Gueugnon,Le Havre,1-2,https://www.besoccer.com/match/fc-gueugnon/havre-ac/20018186,2001,35,ligue_2
Creteil,Sochaux,1-0,https://www.besoccer.com/match/creteil-lusitanos/sochaux/20018187,2001,35,ligue_2
Caen,FC Martigues,1-2,https://www.besoccer.com/match/caen/fc-martigues/20018179,2001,35,ligue_2
Beauvais Oise,Angers SCO,1-1,https://www.besoccer.com/match/as-beauvais/angers-sco/20018180,2001,35,ligue_2
Montpellier,Creteil,1-1,https://www.besoccer.com/match/montpellier-hsc/creteil-lusitanos/20018178,2001,36,ligue_2
Le Mans,Caen,1-1,https://www.besoccer.com/match/mans-uc-72/caen/20018169,2001,36,ligue_2
Le Havre,Stade Lavallois,3-1,https://www.besoccer.com/match/havre-ac/stade-lavallois/20018170,2001,36,ligue_2
FC Gueugnon,Nancy,1-1,https://www.besoccer.com/match/fc-gueugnon/nancy/20018171,2001,36,ligue_2
Chateauroux,Ajaccio,2-2,https://www.besoccer.com/match/berrichonne-chateauroux/ajaccio/20018172,2001,36,ligue_2
Cannes,Beauvais Oise,0-1,https://www.besoccer.com/match/as-cannes/as-beauvais/20018173,2001,36,ligue_2
Angers SCO,Nîmes,3-0,https://www.besoccer.com/match/angers-sco/nimes-olympique/20018174,2001,36,ligue_2
Sochaux,Nice,5-1,https://www.besoccer.com/match/sochaux/nice/20018175,2001,36,ligue_2
FC Martigues,Niort,1-1,https://www.besoccer.com/match/fc-martigues/chamois-niortais/20018176,2001,36,ligue_2
Lorient,ES Wasquehal,2-0,https://www.besoccer.com/match/lorient/waquehal/20018177,2001,36,ligue_2
Nîmes,Cannes,4-3,https://www.besoccer.com/match/nimes-olympique/as-cannes/20018159,2001,37,ligue_2
Nice,Montpellier,2-1,https://www.besoccer.com/match/nice/montpellier-hsc/20018160,2001,37,ligue_2
Nancy,Le Mans,0-0,https://www.besoccer.com/match/nancy/mans-uc-72/20018161,2001,37,ligue_2
Stade Lavallois,Lorient,1-2,https://www.besoccer.com/match/stade-lavallois/lorient/20018162,2001,37,ligue_2
Creteil,Le Havre,2-0,https://www.besoccer.com/match/creteil-lusitanos/havre-ac/20018163,2001,37,ligue_2
Caen,Angers SCO,4-0,https://www.besoccer.com/match/caen/angers-sco/20018164,2001,37,ligue_2
Beauvais Oise,Sochaux,1-2,https://www.besoccer.com/match/as-beauvais/sochaux/20018165,2001,37,ligue_2
Ajaccio,FC Martigues,1-0,https://www.besoccer.com/match/ajaccio/fc-martigues/20018166,2001,37,ligue_2
ES Wasquehal,FC Gueugnon,2-1,https://www.besoccer.com/match/waquehal/fc-gueugnon/20018167,2001,37,ligue_2
Niort,Chateauroux,2-0,https://www.besoccer.com/match/chamois-niortais/berrichonne-chateauroux/20018168,2001,37,ligue_2
Nancy,ES Wasquehal,0-2,https://www.besoccer.com/match/nancy/waquehal/20018149,2001,38,ligue_2
Montpellier,Beauvais Oise,0-1,https://www.besoccer.com/match/montpellier-hsc/as-beauvais/20018150,2001,38,ligue_2
FC Martigues,Chateauroux,0-1,https://www.besoccer.com/match/fc-martigues/berrichonne-chateauroux/20018151,2001,38,ligue_2
Lorient,Creteil,3-1,https://www.besoccer.com/match/lorient/creteil-lusitanos/20018152,2001,38,ligue_2
Le Mans,Ajaccio,1-1,https://www.besoccer.com/match/mans-uc-72/ajaccio/20018153,2001,38,ligue_2
Le Havre,Nice,1-0,https://www.besoccer.com/match/havre-ac/nice/20018154,2001,38,ligue_2
FC Gueugnon,Stade Lavallois,2-0,https://www.besoccer.com/match/fc-gueugnon/stade-lavallois/20018155,2001,38,ligue_2
Cannes,Caen,2-0,https://www.besoccer.com/match/as-cannes/caen/20018156,2001,38,ligue_2
Angers SCO,Niort,2-0,https://www.besoccer.com/match/angers-sco/chamois-niortais/20018157,2001,38,ligue_2
Sochaux,Nîmes,4-1,https://www.besoccer.com/match/sochaux/nimes-olympique/20018158,2001,38,ligue_2
