Home_Team,Away_Team,Result,Link,Season,Round,League
Perpignan,Chateauroux,0-0,https://www.besoccer.com/match/perpignan/berrichonne-chateauroux/199540488,1995,1,ligue_2
Amiens SC,FC Mulhouse,0-0,https://www.besoccer.com/match/amiens-sc/mulhouse/199540489,1995,1,ligue_2
Stade Lavallois,Valence,0-0,https://www.besoccer.com/match/stade-lavallois/valence/199540490,1995,1,ligue_2
Niort,Angers SCO,0-1,https://www.besoccer.com/match/chamois-niortais/angers-sco/199540491,1995,1,ligue_2
Red Star,FC Gueugnon,0-3,https://www.besoccer.com/match/red-star/fc-gueugnon/199540492,1995,1,ligue_2
Nancy,Sedan,1-1,https://www.besoccer.com/match/nancy/sedan/199540493,1995,1,ligue_2
Dunkerque,Beauvais Oise,1-1,https://www.besoccer.com/match/dunkerque/as-beauvais/199540494,1995,1,ligue_2
Olympique Alès,Stade Briochin,2-0,https://www.besoccer.com/match/olympique-ales/stade-briochin/199540495,1995,1,ligue_2
Guingamp,Nîmes,2-2,https://www.besoccer.com/match/guingamp/nimes-olympique/199540496,1995,1,ligue_2
Charleville,Toulouse,2-1,https://www.besoccer.com/match/charleville/toulouse-fc/199540497,1995,1,ligue_2
Olympique Marseille,Le Mans,2-3,https://www.besoccer.com/match/olympique-marsella/mans-uc-72/199540498,1995,1,ligue_2
Chateauroux,Stade Lavallois,0-0,https://www.besoccer.com/match/berrichonne-chateauroux/stade-lavallois/199540499,1995,2,ligue_2
Nîmes,Toulouse,0-1,https://www.besoccer.com/match/nimes-olympique/toulouse-fc/199540500,1995,2,ligue_2
Le Mans,Niort,0-0,https://www.besoccer.com/match/mans-uc-72/chamois-niortais/199540501,1995,2,ligue_2
Valence,Guingamp,0-0,https://www.besoccer.com/match/valence/guingamp/199540502,1995,2,ligue_2
FC Mulhouse,Charleville,1-0,https://www.besoccer.com/match/mulhouse/charleville/199540503,1995,2,ligue_2
Nancy,Red Star,1-1,https://www.besoccer.com/match/nancy/red-star/199540504,1995,2,ligue_2
FC Gueugnon,Dunkerque,1-0,https://www.besoccer.com/match/fc-gueugnon/dunkerque/199540505,1995,2,ligue_2
Stade Briochin,Olympique Marseille,1-2,https://www.besoccer.com/match/stade-briochin/olympique-marsella/199540506,1995,2,ligue_2
Angers SCO,Amiens SC,1-1,https://www.besoccer.com/match/angers-sco/amiens-sc/199540507,1995,2,ligue_2
Beauvais Oise,Perpignan,2-1,https://www.besoccer.com/match/as-beauvais/perpignan/199540508,1995,2,ligue_2
Sedan,Olympique Alès,2-2,https://www.besoccer.com/match/sedan/olympique-ales/199540509,1995,2,ligue_2
Olympique Alès,Nancy,0-0,https://www.besoccer.com/match/olympique-ales/nancy/199540510,1995,3,ligue_2
Dunkerque,FC Mulhouse,1-0,https://www.besoccer.com/match/dunkerque/mulhouse/199540511,1995,3,ligue_2
Amiens SC,Le Mans,2-0,https://www.besoccer.com/match/amiens-sc/mans-uc-72/199540512,1995,3,ligue_2
Red Star,Angers SCO,2-1,https://www.besoccer.com/match/red-star/angers-sco/199540513,1995,3,ligue_2
Olympique Marseille,Sedan,2-0,https://www.besoccer.com/match/olympique-marsella/sedan/199540514,1995,3,ligue_2
Niort,Stade Briochin,2-1,https://www.besoccer.com/match/chamois-niortais/stade-briochin/199540515,1995,3,ligue_2
Stade Lavallois,Beauvais Oise,2-2,https://www.besoccer.com/match/stade-lavallois/as-beauvais/199540516,1995,3,ligue_2
Perpignan,FC Gueugnon,2-2,https://www.besoccer.com/match/perpignan/fc-gueugnon/199540517,1995,3,ligue_2
Charleville,Nîmes,3-1,https://www.besoccer.com/match/charleville/nimes-olympique/199540518,1995,3,ligue_2
Guingamp,Chateauroux,3-0,https://www.besoccer.com/match/guingamp/berrichonne-chateauroux/199540519,1995,3,ligue_2
Toulouse,Valence,3-1,https://www.besoccer.com/match/toulouse-fc/valence/199540520,1995,3,ligue_2
Beauvais Oise,Guingamp,0-1,https://www.besoccer.com/match/as-beauvais/guingamp/199540521,1995,4,ligue_2
Sedan,Niort,0-0,https://www.besoccer.com/match/sedan/chamois-niortais/199540522,1995,4,ligue_2
Angers SCO,Dunkerque,1-1,https://www.besoccer.com/match/angers-sco/dunkerque/199540523,1995,4,ligue_2
Olympique Alès,Stade Lavallois,1-1,https://www.besoccer.com/match/olympique-ales/stade-lavallois/199540524,1995,4,ligue_2
Nancy,Olympique Marseille,1-1,https://www.besoccer.com/match/nancy/olympique-marsella/199540525,1995,4,ligue_2
FC Gueugnon,Charleville,1-1,https://www.besoccer.com/match/fc-gueugnon/charleville/199540526,1995,4,ligue_2
Valence,Nîmes,2-1,https://www.besoccer.com/match/valence/nimes-olympique/199540527,1995,4,ligue_2
FC Mulhouse,Red Star,2-0,https://www.besoccer.com/match/mulhouse/red-star/199540528,1995,4,ligue_2
Stade Briochin,Amiens SC,2-3,https://www.besoccer.com/match/stade-briochin/amiens-sc/199540529,1995,4,ligue_2
Chateauroux,Toulouse,2-2,https://www.besoccer.com/match/berrichonne-chateauroux/toulouse-fc/199540530,1995,4,ligue_2
Le Mans,Perpignan,4-0,https://www.besoccer.com/match/mans-uc-72/perpignan/199540531,1995,4,ligue_2
Perpignan,Angers SCO,0-0,https://www.besoccer.com/match/perpignan/angers-sco/199540532,1995,5,ligue_2
Niort,Nancy,0-0,https://www.besoccer.com/match/chamois-niortais/nancy/199540533,1995,5,ligue_2
Red Star,Stade Briochin,1-1,https://www.besoccer.com/match/red-star/stade-briochin/199540534,1995,5,ligue_2
Nîmes,Chateauroux,1-2,https://www.besoccer.com/match/nimes-olympique/berrichonne-chateauroux/199540535,1995,5,ligue_2
Olympique Marseille,Olympique Alès,1-0,https://www.besoccer.com/match/olympique-marsella/olympique-ales/199540536,1995,5,ligue_2
Charleville,Valence,1-1,https://www.besoccer.com/match/charleville/valence/199540537,1995,5,ligue_2
Toulouse,Beauvais Oise,1-1,https://www.besoccer.com/match/toulouse-fc/as-beauvais/199540538,1995,5,ligue_2
Stade Lavallois,FC Gueugnon,2-1,https://www.besoccer.com/match/stade-lavallois/fc-gueugnon/199540539,1995,5,ligue_2
Guingamp,FC Mulhouse,2-1,https://www.besoccer.com/match/guingamp/mulhouse/199540540,1995,5,ligue_2
Dunkerque,Le Mans,2-0,https://www.besoccer.com/match/dunkerque/mans-uc-72/199540541,1995,5,ligue_2
Amiens SC,Sedan,3-1,https://www.besoccer.com/match/amiens-sc/sedan/199540542,1995,5,ligue_2
Chateauroux,Valence,0-0,https://www.besoccer.com/match/berrichonne-chateauroux/valence/199540543,1995,6,ligue_2
Angers SCO,Stade Lavallois,0-1,https://www.besoccer.com/match/angers-sco/stade-lavallois/199540544,1995,6,ligue_2
Stade Briochin,Dunkerque,0-2,https://www.besoccer.com/match/stade-briochin/dunkerque/199540545,1995,6,ligue_2
Sedan,Red Star,0-1,https://www.besoccer.com/match/sedan/red-star/199540546,1995,6,ligue_2
Beauvais Oise,Nîmes,1-1,https://www.besoccer.com/match/as-beauvais/nimes-olympique/199540547,1995,6,ligue_2
Le Mans,Guingamp,2-3,https://www.besoccer.com/match/mans-uc-72/guingamp/199540548,1995,6,ligue_2
Nancy,Amiens SC,2-1,https://www.besoccer.com/match/nancy/amiens-sc/199540549,1995,6,ligue_2
Olympique Alès,Niort,3-0,https://www.besoccer.com/match/olympique-ales/chamois-niortais/199540550,1995,6,ligue_2
FC Gueugnon,Toulouse,3-1,https://www.besoccer.com/match/fc-gueugnon/toulouse-fc/199540551,1995,6,ligue_2
Olympique Marseille,Charleville,3-1,https://www.besoccer.com/match/olympique-marsella/charleville/199540552,1995,6,ligue_2
FC Mulhouse,Perpignan,4-1,https://www.besoccer.com/match/mulhouse/perpignan/199540553,1995,6,ligue_2
Charleville,Chateauroux,0-2,https://www.besoccer.com/match/charleville/berrichonne-chateauroux/199540554,1995,7,ligue_2
Niort,Olympique Marseille,0-3,https://www.besoccer.com/match/chamois-niortais/olympique-marsella/199540555,1995,7,ligue_2
Dunkerque,Sedan,0-0,https://www.besoccer.com/match/dunkerque/sedan/199540556,1995,7,ligue_2
Nîmes,FC Gueugnon,0-2,https://www.besoccer.com/match/nimes-olympique/fc-gueugnon/199540557,1995,7,ligue_2
Toulouse,Angers SCO,1-0,https://www.besoccer.com/match/toulouse-fc/angers-sco/199540558,1995,7,ligue_2
Amiens SC,Olympique Alès,1-0,https://www.besoccer.com/match/amiens-sc/olympique-ales/199540559,1995,7,ligue_2
Guingamp,Nancy,1-0,https://www.besoccer.com/match/guingamp/nancy/199540560,1995,7,ligue_2
Perpignan,Stade Briochin,1-0,https://www.besoccer.com/match/perpignan/stade-briochin/199540561,1995,7,ligue_2
Stade Lavallois,FC Mulhouse,1-2,https://www.besoccer.com/match/stade-lavallois/mulhouse/199540562,1995,7,ligue_2
Red Star,Le Mans,2-0,https://www.besoccer.com/match/red-star/mans-uc-72/199540563,1995,7,ligue_2
Valence,Beauvais Oise,2-2,https://www.besoccer.com/match/valence/as-beauvais/199540564,1995,7,ligue_2
Olympique Marseille,Amiens SC,5-0,https://www.besoccer.com/match/olympique-marsella/amiens-sc/199540565,1995,8,ligue_2
Sedan,Perpignan,0-0,https://www.besoccer.com/match/sedan/perpignan/199540566,1995,8,ligue_2
Niort,Charleville,0-0,https://www.besoccer.com/match/chamois-niortais/charleville/199540567,1995,8,ligue_2
FC Gueugnon,Valence,0-0,https://www.besoccer.com/match/fc-gueugnon/valence/199540568,1995,8,ligue_2
Angers SCO,Guingamp,0-0,https://www.besoccer.com/match/angers-sco/guingamp/199540569,1995,8,ligue_2
Le Mans,Nîmes,1-1,https://www.besoccer.com/match/mans-uc-72/nimes-olympique/199540570,1995,8,ligue_2
Beauvais Oise,Chateauroux,1-3,https://www.besoccer.com/match/as-beauvais/berrichonne-chateauroux/199540571,1995,8,ligue_2
Nancy,Dunkerque,1-1,https://www.besoccer.com/match/nancy/dunkerque/199540572,1995,8,ligue_2
Olympique Alès,Red Star,1-1,https://www.besoccer.com/match/olympique-ales/red-star/199540573,1995,8,ligue_2
FC Mulhouse,Toulouse,1-1,https://www.besoccer.com/match/mulhouse/toulouse-fc/199540574,1995,8,ligue_2
Stade Briochin,Stade Lavallois,2-0,https://www.besoccer.com/match/stade-briochin/stade-lavallois/199540575,1995,8,ligue_2
Red Star,Olympique Marseille,2-1,https://www.besoccer.com/match/red-star/olympique-marsella/199540576,1995,9,ligue_2
Chateauroux,FC Gueugnon,0-1,https://www.besoccer.com/match/berrichonne-chateauroux/fc-gueugnon/199540577,1995,9,ligue_2
Amiens SC,Niort,0-0,https://www.besoccer.com/match/amiens-sc/chamois-niortais/199540578,1995,9,ligue_2
Guingamp,Stade Briochin,1-0,https://www.besoccer.com/match/guingamp/stade-briochin/199540579,1995,9,ligue_2
Toulouse,Le Mans,1-0,https://www.besoccer.com/match/toulouse-fc/mans-uc-72/199540580,1995,9,ligue_2
Dunkerque,Olympique Alès,1-1,https://www.besoccer.com/match/dunkerque/olympique-ales/199540581,1995,9,ligue_2
Stade Lavallois,Sedan,1-1,https://www.besoccer.com/match/stade-lavallois/sedan/199540582,1995,9,ligue_2
Charleville,Beauvais Oise,2-2,https://www.besoccer.com/match/charleville/as-beauvais/199540583,1995,9,ligue_2
Perpignan,Nancy,2-2,https://www.besoccer.com/match/perpignan/nancy/199540584,1995,9,ligue_2
Valence,FC Mulhouse,3-1,https://www.besoccer.com/match/valence/mulhouse/199540585,1995,9,ligue_2
Nîmes,Angers SCO,4-1,https://www.besoccer.com/match/nimes-olympique/angers-sco/199540586,1995,9,ligue_2
Nancy,Stade Lavallois,2-2,https://www.besoccer.com/match/nancy/stade-lavallois/199540587,1995,10,ligue_2
Stade Briochin,Toulouse,2-2,https://www.besoccer.com/match/stade-briochin/toulouse-fc/199540588,1995,10,ligue_2
Amiens SC,Charleville,1-1,https://www.besoccer.com/match/amiens-sc/charleville/199540589,1995,10,ligue_2
FC Mulhouse,Beauvais Oise,1-1,https://www.besoccer.com/match/mulhouse/as-beauvais/199540590,1995,10,ligue_2
Le Mans,Valence,1-1,https://www.besoccer.com/match/mans-uc-72/valence/199540591,1995,10,ligue_2
Sedan,Nîmes,2-2,https://www.besoccer.com/match/sedan/nimes-olympique/199540592,1995,10,ligue_2
Olympique Alès,Perpignan,2-0,https://www.besoccer.com/match/olympique-ales/perpignan/199540593,1995,10,ligue_2
Niort,Red Star,2-2,https://www.besoccer.com/match/chamois-niortais/red-star/199540594,1995,10,ligue_2
FC Gueugnon,Guingamp,2-0,https://www.besoccer.com/match/fc-gueugnon/guingamp/199540595,1995,10,ligue_2
Angers SCO,Chateauroux,2-2,https://www.besoccer.com/match/angers-sco/berrichonne-chateauroux/199540596,1995,10,ligue_2
Olympique Marseille,Dunkerque,5-1,https://www.besoccer.com/match/olympique-marsella/dunkerque/199540597,1995,10,ligue_2
Chateauroux,FC Mulhouse,2-0,https://www.besoccer.com/match/berrichonne-chateauroux/mulhouse/199540598,1995,11,ligue_2
Perpignan,Olympique Marseille,0-0,https://www.besoccer.com/match/perpignan/olympique-marsella/199540599,1995,11,ligue_2
Charleville,Olympique Alès,0-0,https://www.besoccer.com/match/charleville/olympique-ales/199540600,1995,11,ligue_2
Stade Lavallois,Le Mans,0-0,https://www.besoccer.com/match/stade-lavallois/mans-uc-72/199540601,1995,11,ligue_2
Dunkerque,Niort,0-0,https://www.besoccer.com/match/dunkerque/chamois-niortais/199540602,1995,11,ligue_2
Nîmes,Stade Briochin,0-0,https://www.besoccer.com/match/nimes-olympique/stade-briochin/199540603,1995,11,ligue_2
Toulouse,Nancy,1-0,https://www.besoccer.com/match/toulouse-fc/nancy/199540604,1995,11,ligue_2
Valence,Angers SCO,0-0,https://www.besoccer.com/match/valence/angers-sco/199540605,1995,11,ligue_2
Beauvais Oise,FC Gueugnon,1-2,https://www.besoccer.com/match/as-beauvais/fc-gueugnon/199540606,1995,11,ligue_2
Guingamp,Sedan,2-0,https://www.besoccer.com/match/guingamp/sedan/199540607,1995,11,ligue_2
Red Star,Amiens SC,3-1,https://www.besoccer.com/match/red-star/amiens-sc/199540608,1995,11,ligue_2
Red Star,Charleville,0-0,https://www.besoccer.com/match/red-star/charleville/199540609,1995,12,ligue_2
Amiens SC,Dunkerque,1-1,https://www.besoccer.com/match/amiens-sc/dunkerque/199540610,1995,12,ligue_2
Sedan,Toulouse,1-4,https://www.besoccer.com/match/sedan/toulouse-fc/199540611,1995,12,ligue_2
Olympique Alès,Guingamp,1-1,https://www.besoccer.com/match/olympique-ales/guingamp/199540612,1995,12,ligue_2
Nancy,Nîmes,1-0,https://www.besoccer.com/match/nancy/nimes-olympique/199540613,1995,12,ligue_2
Niort,Perpignan,1-0,https://www.besoccer.com/match/chamois-niortais/perpignan/199540614,1995,12,ligue_2
Stade Briochin,Valence,1-0,https://www.besoccer.com/match/stade-briochin/valence/199540615,1995,12,ligue_2
FC Mulhouse,FC Gueugnon,2-1,https://www.besoccer.com/match/mulhouse/fc-gueugnon/199540616,1995,12,ligue_2
Angers SCO,Beauvais Oise,2-0,https://www.besoccer.com/match/angers-sco/as-beauvais/199540617,1995,12,ligue_2
Le Mans,Chateauroux,3-0,https://www.besoccer.com/match/mans-uc-72/berrichonne-chateauroux/199540618,1995,12,ligue_2
Olympique Marseille,Stade Lavallois,5-0,https://www.besoccer.com/match/olympique-marsella/stade-lavallois/199540619,1995,12,ligue_2
Guingamp,Olympique Marseille,1-1,https://www.besoccer.com/match/guingamp/olympique-marsella/199540620,1995,13,ligue_2
Dunkerque,Red Star,0-1,https://www.besoccer.com/match/dunkerque/red-star/199540621,1995,13,ligue_2
Charleville,Nancy,1-1,https://www.besoccer.com/match/charleville/nancy/199540622,1995,13,ligue_2
Stade Lavallois,Niort,1-0,https://www.besoccer.com/match/stade-lavallois/chamois-niortais/199540623,1995,13,ligue_2
Nîmes,FC Mulhouse,1-2,https://www.besoccer.com/match/nimes-olympique/mulhouse/199540624,1995,13,ligue_2
Perpignan,Amiens SC,2-1,https://www.besoccer.com/match/perpignan/amiens-sc/199540625,1995,13,ligue_2
Valence,Sedan,2-1,https://www.besoccer.com/match/valence/sedan/199540626,1995,13,ligue_2
Chateauroux,Stade Briochin,2-0,https://www.besoccer.com/match/berrichonne-chateauroux/stade-briochin/199540627,1995,13,ligue_2
FC Gueugnon,Angers SCO,2-1,https://www.besoccer.com/match/fc-gueugnon/angers-sco/199540628,1995,13,ligue_2
Beauvais Oise,Le Mans,2-2,https://www.besoccer.com/match/as-beauvais/mans-uc-72/199540629,1995,13,ligue_2
Toulouse,Olympique Alès,3-1,https://www.besoccer.com/match/toulouse-fc/olympique-ales/199540630,1995,13,ligue_2
Olympique Marseille,Toulouse,1-0,https://www.besoccer.com/match/olympique-marsella/toulouse-fc/199540631,1995,14,ligue_2
Le Mans,FC Gueugnon,0-0,https://www.besoccer.com/match/mans-uc-72/fc-gueugnon/199540632,1995,14,ligue_2
Red Star,Perpignan,1-0,https://www.besoccer.com/match/red-star/perpignan/199540633,1995,14,ligue_2
Sedan,Charleville,1-0,https://www.besoccer.com/match/sedan/charleville/199540634,1995,14,ligue_2
Niort,Guingamp,1-2,https://www.besoccer.com/match/chamois-niortais/guingamp/199540635,1995,14,ligue_2
Olympique Alès,Nîmes,2-0,https://www.besoccer.com/match/olympique-ales/nimes-olympique/199540636,1995,14,ligue_2
Nancy,Chateauroux,2-1,https://www.besoccer.com/match/nancy/berrichonne-chateauroux/199540637,1995,14,ligue_2
Dunkerque,Valence,2-1,https://www.besoccer.com/match/dunkerque/valence/199540638,1995,14,ligue_2
Stade Briochin,Beauvais Oise,3-0,https://www.besoccer.com/match/stade-briochin/as-beauvais/199540639,1995,14,ligue_2
Angers SCO,FC Mulhouse,3-0,https://www.besoccer.com/match/angers-sco/mulhouse/199540640,1995,14,ligue_2
Amiens SC,Stade Lavallois,3-1,https://www.besoccer.com/match/amiens-sc/stade-lavallois/199540641,1995,14,ligue_2
Nîmes,Olympique Marseille,0-1,https://www.besoccer.com/match/nimes-olympique/olympique-marsella/199540642,1995,15,ligue_2
Perpignan,Dunkerque,0-1,https://www.besoccer.com/match/perpignan/dunkerque/199540643,1995,15,ligue_2
Stade Lavallois,Red Star,0-1,https://www.besoccer.com/match/stade-lavallois/red-star/199540644,1995,15,ligue_2
Chateauroux,Olympique Alès,1-0,https://www.besoccer.com/match/berrichonne-chateauroux/olympique-ales/199540645,1995,15,ligue_2
Valence,Nancy,1-2,https://www.besoccer.com/match/valence/nancy/199540646,1995,15,ligue_2
FC Gueugnon,Stade Briochin,2-3,https://www.besoccer.com/match/fc-gueugnon/stade-briochin/199540647,1995,15,ligue_2
Charleville,Angers SCO,2-0,https://www.besoccer.com/match/charleville/angers-sco/199540648,1995,15,ligue_2
Guingamp,Amiens SC,2-0,https://www.besoccer.com/match/guingamp/amiens-sc/199540649,1995,15,ligue_2
Beauvais Oise,Sedan,2-1,https://www.besoccer.com/match/as-beauvais/sedan/199540650,1995,15,ligue_2
FC Mulhouse,Le Mans,3-3,https://www.besoccer.com/match/mulhouse/mans-uc-72/199540651,1995,15,ligue_2
Toulouse,Niort,3-2,https://www.besoccer.com/match/toulouse-fc/chamois-niortais/199540652,1995,15,ligue_2
Le Mans,Angers SCO,2-0,https://www.besoccer.com/match/mans-uc-72/angers-sco/199540653,1995,16,ligue_2
Olympique Marseille,Chateauroux,0-4,https://www.besoccer.com/match/olympique-marsella/berrichonne-chateauroux/199540654,1995,16,ligue_2
Amiens SC,Toulouse,0-0,https://www.besoccer.com/match/amiens-sc/toulouse-fc/199540655,1995,16,ligue_2
Sedan,FC Gueugnon,0-1,https://www.besoccer.com/match/sedan/fc-gueugnon/199540656,1995,16,ligue_2
Perpignan,Charleville,0-0,https://www.besoccer.com/match/perpignan/charleville/199540657,1995,16,ligue_2
Dunkerque,Stade Lavallois,0-0,https://www.besoccer.com/match/dunkerque/stade-lavallois/199540658,1995,16,ligue_2
Niort,Nîmes,1-0,https://www.besoccer.com/match/chamois-niortais/nimes-olympique/199540659,1995,16,ligue_2
Olympique Alès,Valence,1-0,https://www.besoccer.com/match/olympique-ales/valence/199540660,1995,16,ligue_2
Red Star,Guingamp,1-1,https://www.besoccer.com/match/red-star/guingamp/199540661,1995,16,ligue_2
Stade Briochin,FC Mulhouse,1-0,https://www.besoccer.com/match/stade-briochin/mulhouse/199540662,1995,16,ligue_2
Nancy,Beauvais Oise,1-0,https://www.besoccer.com/match/nancy/as-beauvais/199540663,1995,16,ligue_2
Valence,Olympique Marseille,3-1,https://www.besoccer.com/match/valence/olympique-marsella/199540664,1995,17,ligue_2
Beauvais Oise,Olympique Alès,0-2,https://www.besoccer.com/match/as-beauvais/olympique-ales/199540665,1995,17,ligue_2
FC Gueugnon,Nancy,1-1,https://www.besoccer.com/match/fc-gueugnon/nancy/199540666,1995,17,ligue_2
Guingamp,Dunkerque,1-0,https://www.besoccer.com/match/guingamp/dunkerque/199540667,1995,17,ligue_2
Nîmes,Amiens SC,1-2,https://www.besoccer.com/match/nimes-olympique/amiens-sc/199540668,1995,17,ligue_2
Angers SCO,Stade Briochin,2-1,https://www.besoccer.com/match/angers-sco/stade-briochin/199540669,1995,17,ligue_2
Charleville,Le Mans,2-2,https://www.besoccer.com/match/charleville/mans-uc-72/199540670,1995,17,ligue_2
Chateauroux,Niort,2-0,https://www.besoccer.com/match/berrichonne-chateauroux/chamois-niortais/199540671,1995,17,ligue_2
Stade Lavallois,Perpignan,3-2,https://www.besoccer.com/match/stade-lavallois/perpignan/199540672,1995,17,ligue_2
FC Mulhouse,Sedan,4-1,https://www.besoccer.com/match/mulhouse/sedan/199540673,1995,17,ligue_2
Toulouse,Red Star,2-3,https://www.besoccer.com/match/toulouse-fc/red-star/199540674,1995,17,ligue_2
Niort,Valence,1-1,https://www.besoccer.com/match/chamois-niortais/valence/199540675,1995,18,ligue_2
Amiens SC,Chateauroux,2-1,https://www.besoccer.com/match/amiens-sc/berrichonne-chateauroux/199540676,1995,18,ligue_2
Nancy,FC Mulhouse,2-0,https://www.besoccer.com/match/nancy/mulhouse/199540677,1995,18,ligue_2
Dunkerque,Toulouse,0-0,https://www.besoccer.com/match/dunkerque/toulouse-fc/199540678,1995,18,ligue_2
Olympique Alès,FC Gueugnon,0-1,https://www.besoccer.com/match/olympique-ales/fc-gueugnon/199540679,1995,18,ligue_2
Perpignan,Guingamp,1-1,https://www.besoccer.com/match/perpignan/guingamp/199540680,1995,18,ligue_2
Stade Briochin,Le Mans,1-1,https://www.besoccer.com/match/stade-briochin/mans-uc-72/199540681,1995,18,ligue_2
Sedan,Angers SCO,1-2,https://www.besoccer.com/match/sedan/angers-sco/199540682,1995,18,ligue_2
Red Star,Nîmes,2-0,https://www.besoccer.com/match/red-star/nimes-olympique/199540683,1995,18,ligue_2
Stade Lavallois,Charleville,3-0,https://www.besoccer.com/match/stade-lavallois/charleville/199540684,1995,18,ligue_2
Olympique Marseille,Beauvais Oise,3-1,https://www.besoccer.com/match/olympique-marsella/as-beauvais/199540685,1995,18,ligue_2
FC Gueugnon,Olympique Marseille,0-0,https://www.besoccer.com/match/fc-gueugnon/olympique-marsella/199540686,1995,19,ligue_2
Nîmes,Dunkerque,0-0,https://www.besoccer.com/match/nimes-olympique/dunkerque/199540687,1995,19,ligue_2
Le Mans,Sedan,0-1,https://www.besoccer.com/match/mans-uc-72/sedan/199540688,1995,19,ligue_2
Guingamp,Stade Lavallois,1-0,https://www.besoccer.com/match/guingamp/stade-lavallois/199540689,1995,19,ligue_2
FC Mulhouse,Olympique Alès,1-1,https://www.besoccer.com/match/mulhouse/olympique-ales/199540690,1995,19,ligue_2
Angers SCO,Nancy,1-2,https://www.besoccer.com/match/angers-sco/nancy/199540691,1995,19,ligue_2
Charleville,Stade Briochin,1-0,https://www.besoccer.com/match/charleville/stade-briochin/199540692,1995,19,ligue_2
Beauvais Oise,Niort,1-2,https://www.besoccer.com/match/as-beauvais/chamois-niortais/199540693,1995,19,ligue_2
Toulouse,Perpignan,1-2,https://www.besoccer.com/match/toulouse-fc/perpignan/199540694,1995,19,ligue_2
Valence,Amiens SC,2-4,https://www.besoccer.com/match/valence/amiens-sc/199540695,1995,19,ligue_2
Chateauroux,Red Star,2-1,https://www.besoccer.com/match/berrichonne-chateauroux/red-star/199540696,1995,19,ligue_2
Stade Lavallois,Toulouse,0-1,https://www.besoccer.com/match/stade-lavallois/toulouse-fc/199540697,1995,20,ligue_2
Olympique Alès,Angers SCO,1-0,https://www.besoccer.com/match/olympique-ales/angers-sco/199540698,1995,20,ligue_2
Niort,FC Gueugnon,1-1,https://www.besoccer.com/match/chamois-niortais/fc-gueugnon/199540699,1995,20,ligue_2
Dunkerque,Chateauroux,1-0,https://www.besoccer.com/match/dunkerque/berrichonne-chateauroux/199540700,1995,20,ligue_2
Guingamp,Charleville,1-0,https://www.besoccer.com/match/guingamp/charleville/199540701,1995,20,ligue_2
Sedan,Stade Briochin,1-0,https://www.besoccer.com/match/sedan/stade-briochin/199540702,1995,20,ligue_2
Perpignan,Nîmes,2-0,https://www.besoccer.com/match/perpignan/nimes-olympique/199540703,1995,20,ligue_2
Red Star,Valence,3-1,https://www.besoccer.com/match/red-star/valence/199540704,1995,20,ligue_2
Nancy,Le Mans,3-1,https://www.besoccer.com/match/nancy/mans-uc-72/199540705,1995,20,ligue_2
Olympique Marseille,FC Mulhouse,3-0,https://www.besoccer.com/match/olympique-marsella/mulhouse/199540706,1995,20,ligue_2
Amiens SC,Beauvais Oise,4-2,https://www.besoccer.com/match/amiens-sc/as-beauvais/199540707,1995,20,ligue_2
Toulouse,Guingamp,1-1,https://www.besoccer.com/match/toulouse-fc/guingamp/199540708,1995,21,ligue_2
Chateauroux,Sedan,0-1,https://www.besoccer.com/match/berrichonne-chateauroux/sedan/199540709,1995,21,ligue_2
Nîmes,Stade Lavallois,0-0,https://www.besoccer.com/match/nimes-olympique/stade-lavallois/199540710,1995,21,ligue_2
Beauvais Oise,Red Star,0-0,https://www.besoccer.com/match/as-beauvais/red-star/199540711,1995,21,ligue_2
Charleville,Dunkerque,0-0,https://www.besoccer.com/match/charleville/dunkerque/199540712,1995,21,ligue_2
Valence,Perpignan,0-0,https://www.besoccer.com/match/valence/perpignan/199540713,1995,21,ligue_2
FC Mulhouse,Niort,1-0,https://www.besoccer.com/match/mulhouse/chamois-niortais/199540714,1995,21,ligue_2
FC Gueugnon,Amiens SC,1-2,https://www.besoccer.com/match/fc-gueugnon/amiens-sc/199540715,1995,21,ligue_2
Le Mans,Olympique Alès,1-0,https://www.besoccer.com/match/mans-uc-72/olympique-ales/199540716,1995,21,ligue_2
Stade Briochin,Nancy,1-1,https://www.besoccer.com/match/stade-briochin/nancy/199540717,1995,21,ligue_2
Angers SCO,Olympique Marseille,1-1,https://www.besoccer.com/match/angers-sco/olympique-marsella/199540718,1995,21,ligue_2
Charleville,FC Mulhouse,0-1,https://www.besoccer.com/match/charleville/mulhouse/199540719,1995,22,ligue_2
Olympique Alès,Sedan,0-0,https://www.besoccer.com/match/olympique-ales/sedan/199540720,1995,22,ligue_2
Amiens SC,Angers SCO,1-1,https://www.besoccer.com/match/amiens-sc/angers-sco/199540721,1995,22,ligue_2
Stade Lavallois,Chateauroux,1-3,https://www.besoccer.com/match/stade-lavallois/berrichonne-chateauroux/199540722,1995,22,ligue_2
Guingamp,Valence,1-2,https://www.besoccer.com/match/guingamp/valence/199540723,1995,22,ligue_2
Red Star,Nancy,1-1,https://www.besoccer.com/match/red-star/nancy/199540724,1995,22,ligue_2
Olympique Marseille,Stade Briochin,2-0,https://www.besoccer.com/match/olympique-marsella/stade-briochin/199540725,1995,22,ligue_2
Dunkerque,FC Gueugnon,2-0,https://www.besoccer.com/match/dunkerque/fc-gueugnon/199540726,1995,22,ligue_2
Niort,Le Mans,2-2,https://www.besoccer.com/match/chamois-niortais/mans-uc-72/199540727,1995,22,ligue_2
Toulouse,Nîmes,3-2,https://www.besoccer.com/match/toulouse-fc/nimes-olympique/199540728,1995,22,ligue_2
Perpignan,Beauvais Oise,3-3,https://www.besoccer.com/match/perpignan/as-beauvais/199540729,1995,22,ligue_2
Sedan,Olympique Marseille,1-1,https://www.besoccer.com/match/sedan/olympique-marsella/199540730,1995,23,ligue_2
Nancy,Olympique Alès,0-0,https://www.besoccer.com/match/nancy/olympique-ales/199540731,1995,23,ligue_2
Nîmes,Charleville,1-1,https://www.besoccer.com/match/nimes-olympique/charleville/199540732,1995,23,ligue_2
FC Mulhouse,Dunkerque,1-1,https://www.besoccer.com/match/mulhouse/dunkerque/199540733,1995,23,ligue_2
Angers SCO,Red Star,1-1,https://www.besoccer.com/match/angers-sco/red-star/199540734,1995,23,ligue_2
Stade Briochin,Niort,1-1,https://www.besoccer.com/match/stade-briochin/chamois-niortais/199540735,1995,23,ligue_2
Beauvais Oise,Stade Lavallois,1-0,https://www.besoccer.com/match/as-beauvais/stade-lavallois/199540736,1995,23,ligue_2
Chateauroux,Guingamp,1-0,https://www.besoccer.com/match/berrichonne-chateauroux/guingamp/199540737,1995,23,ligue_2
Le Mans,Amiens SC,2-1,https://www.besoccer.com/match/mans-uc-72/amiens-sc/199540738,1995,23,ligue_2
FC Gueugnon,Perpignan,4-1,https://www.besoccer.com/match/fc-gueugnon/perpignan/199540739,1995,23,ligue_2
Valence,Toulouse,4-1,https://www.besoccer.com/match/valence/toulouse-fc/199540740,1995,23,ligue_2
Olympique Marseille,Nancy,0-2,https://www.besoccer.com/match/olympique-marsella/nancy/199540741,1995,24,ligue_2
Perpignan,Le Mans,0-0,https://www.besoccer.com/match/perpignan/mans-uc-72/199540742,1995,24,ligue_2
Toulouse,Chateauroux,0-1,https://www.besoccer.com/match/toulouse-fc/berrichonne-chateauroux/199540743,1995,24,ligue_2
Stade Lavallois,Olympique Alès,1-1,https://www.besoccer.com/match/stade-lavallois/olympique-ales/199540744,1995,24,ligue_2
Niort,Sedan,1-2,https://www.besoccer.com/match/chamois-niortais/sedan/199540745,1995,24,ligue_2
Dunkerque,Angers SCO,1-0,https://www.besoccer.com/match/dunkerque/angers-sco/199540746,1995,24,ligue_2
Charleville,FC Gueugnon,2-0,https://www.besoccer.com/match/charleville/fc-gueugnon/199540747,1995,24,ligue_2
Guingamp,Beauvais Oise,3-2,https://www.besoccer.com/match/guingamp/as-beauvais/199540748,1995,24,ligue_2
Amiens SC,Stade Briochin,3-2,https://www.besoccer.com/match/amiens-sc/stade-briochin/199540749,1995,24,ligue_2
Nîmes,Valence,4-0,https://www.besoccer.com/match/nimes-olympique/valence/199540750,1995,24,ligue_2
Red Star,FC Mulhouse,5-3,https://www.besoccer.com/match/red-star/mulhouse/199540751,1995,24,ligue_2
Le Mans,Dunkerque,0-2,https://www.besoccer.com/match/mans-uc-72/dunkerque/199540752,1995,25,ligue_2
Stade Briochin,Red Star,0-0,https://www.besoccer.com/match/stade-briochin/red-star/199540753,1995,25,ligue_2
Valence,Charleville,0-0,https://www.besoccer.com/match/valence/charleville/199540754,1995,25,ligue_2
Sedan,Amiens SC,1-0,https://www.besoccer.com/match/sedan/amiens-sc/199540755,1995,25,ligue_2
Olympique Alès,Olympique Marseille,1-1,https://www.besoccer.com/match/olympique-ales/olympique-marsella/199540756,1995,25,ligue_2
Nancy,Niort,1-0,https://www.besoccer.com/match/nancy/chamois-niortais/199540757,1995,25,ligue_2
FC Gueugnon,Stade Lavallois,1-0,https://www.besoccer.com/match/fc-gueugnon/stade-lavallois/199540758,1995,25,ligue_2
Beauvais Oise,Toulouse,1-4,https://www.besoccer.com/match/as-beauvais/toulouse-fc/199540759,1995,25,ligue_2
Chateauroux,Nîmes,1-1,https://www.besoccer.com/match/berrichonne-chateauroux/nimes-olympique/199540760,1995,25,ligue_2
FC Mulhouse,Guingamp,2-0,https://www.besoccer.com/match/mulhouse/guingamp/199540761,1995,25,ligue_2
Angers SCO,Perpignan,0-1,https://www.besoccer.com/match/angers-sco/perpignan/199540762,1995,25,ligue_2
Valence,Chateauroux,0-2,https://www.besoccer.com/match/valence/berrichonne-chateauroux/199540763,1995,26,ligue_2
Amiens SC,Nancy,0-1,https://www.besoccer.com/match/amiens-sc/nancy/199540764,1995,26,ligue_2
Red Star,Sedan,1-0,https://www.besoccer.com/match/red-star/sedan/199540765,1995,26,ligue_2
Nîmes,Beauvais Oise,1-1,https://www.besoccer.com/match/nimes-olympique/as-beauvais/199540766,1995,26,ligue_2
Toulouse,FC Gueugnon,2-0,https://www.besoccer.com/match/toulouse-fc/fc-gueugnon/199540767,1995,26,ligue_2
Perpignan,FC Mulhouse,4-0,https://www.besoccer.com/match/perpignan/mulhouse/199540768,1995,26,ligue_2
Niort,Olympique Alès,2-1,https://www.besoccer.com/match/chamois-niortais/olympique-ales/199540769,1995,26,ligue_2
Guingamp,Le Mans,2-0,https://www.besoccer.com/match/guingamp/mans-uc-72/199540770,1995,26,ligue_2
Charleville,Olympique Marseille,1-0,https://www.besoccer.com/match/charleville/olympique-marsella/199540771,1995,26,ligue_2
Dunkerque,Stade Briochin,1-0,https://www.besoccer.com/match/dunkerque/stade-briochin/199540772,1995,26,ligue_2
Stade Lavallois,Angers SCO,2-0,https://www.besoccer.com/match/stade-lavallois/angers-sco/199540773,1995,26,ligue_2
Angers SCO,Toulouse,0-2,https://www.besoccer.com/match/angers-sco/toulouse-fc/199540774,1995,27,ligue_2
Stade Briochin,Perpignan,0-1,https://www.besoccer.com/match/stade-briochin/perpignan/199540775,1995,27,ligue_2
Nancy,Guingamp,0-0,https://www.besoccer.com/match/nancy/guingamp/199540776,1995,27,ligue_2
Olympique Marseille,Niort,1-0,https://www.besoccer.com/match/olympique-marsella/chamois-niortais/199540777,1995,27,ligue_2
Beauvais Oise,Valence,1-0,https://www.besoccer.com/match/as-beauvais/valence/199540778,1995,27,ligue_2
Olympique Alès,Amiens SC,1-1,https://www.besoccer.com/match/olympique-ales/amiens-sc/199540779,1995,27,ligue_2
FC Mulhouse,Stade Lavallois,1-1,https://www.besoccer.com/match/mulhouse/stade-lavallois/199540780,1995,27,ligue_2
FC Gueugnon,Nîmes,2-1,https://www.besoccer.com/match/fc-gueugnon/nimes-olympique/199540781,1995,27,ligue_2
Chateauroux,Charleville,4-0,https://www.besoccer.com/match/berrichonne-chateauroux/charleville/199540782,1995,27,ligue_2
Le Mans,Red Star,1-1,https://www.besoccer.com/match/mans-uc-72/red-star/199540783,1995,27,ligue_2
Sedan,Dunkerque,1-4,https://www.besoccer.com/match/sedan/dunkerque/199540784,1995,27,ligue_2
Nîmes,Le Mans,1-1,https://www.besoccer.com/match/nimes-olympique/mans-uc-72/199540785,1995,28,ligue_2
Perpignan,Sedan,1-0,https://www.besoccer.com/match/perpignan/sedan/199540786,1995,28,ligue_2
Amiens SC,Olympique Marseille,1-2,https://www.besoccer.com/match/amiens-sc/olympique-marsella/199540787,1995,28,ligue_2
Guingamp,Angers SCO,1-0,https://www.besoccer.com/match/guingamp/angers-sco/199540788,1995,28,ligue_2
Toulouse,FC Mulhouse,2-1,https://www.besoccer.com/match/toulouse-fc/mulhouse/199540789,1995,28,ligue_2
Valence,FC Gueugnon,2-3,https://www.besoccer.com/match/valence/fc-gueugnon/199540790,1995,28,ligue_2
Dunkerque,Nancy,2-0,https://www.besoccer.com/match/dunkerque/nancy/199540791,1995,28,ligue_2
Chateauroux,Beauvais Oise,2-1,https://www.besoccer.com/match/berrichonne-chateauroux/as-beauvais/199540792,1995,28,ligue_2
Charleville,Niort,4-1,https://www.besoccer.com/match/charleville/chamois-niortais/199540793,1995,28,ligue_2
Red Star,Olympique Alès,4-0,https://www.besoccer.com/match/red-star/olympique-ales/199540794,1995,28,ligue_2
Stade Lavallois,Stade Briochin,0-0,https://www.besoccer.com/match/stade-lavallois/stade-briochin/199540795,1995,28,ligue_2
Niort,Amiens SC,0-0,https://www.besoccer.com/match/chamois-niortais/amiens-sc/199540796,1995,29,ligue_2
Beauvais Oise,Charleville,1-1,https://www.besoccer.com/match/as-beauvais/charleville/199540797,1995,29,ligue_2
Stade Briochin,Guingamp,1-1,https://www.besoccer.com/match/stade-briochin/guingamp/199540798,1995,29,ligue_2
Le Mans,Toulouse,1-1,https://www.besoccer.com/match/mans-uc-72/toulouse-fc/199540799,1995,29,ligue_2
FC Mulhouse,Valence,1-2,https://www.besoccer.com/match/mulhouse/valence/199540800,1995,29,ligue_2
FC Gueugnon,Chateauroux,2-2,https://www.besoccer.com/match/fc-gueugnon/berrichonne-chateauroux/199540801,1995,29,ligue_2
Angers SCO,Nîmes,2-0,https://www.besoccer.com/match/angers-sco/nimes-olympique/199540802,1995,29,ligue_2
Nancy,Perpignan,2-0,https://www.besoccer.com/match/nancy/perpignan/199540803,1995,29,ligue_2
Olympique Alès,Dunkerque,3-1,https://www.besoccer.com/match/olympique-ales/dunkerque/199540804,1995,29,ligue_2
Sedan,Stade Lavallois,3-1,https://www.besoccer.com/match/sedan/stade-lavallois/199540805,1995,29,ligue_2
Olympique Marseille,Red Star,3-0,https://www.besoccer.com/match/olympique-marsella/red-star/199540806,1995,29,ligue_2
Chateauroux,Angers SCO,0-0,https://www.besoccer.com/match/berrichonne-chateauroux/angers-sco/199540807,1995,30,ligue_2
Perpignan,Olympique Alès,1-0,https://www.besoccer.com/match/perpignan/olympique-ales/199540808,1995,30,ligue_2
Red Star,Niort,1-2,https://www.besoccer.com/match/red-star/chamois-niortais/199540809,1995,30,ligue_2
Valence,Le Mans,1-0,https://www.besoccer.com/match/valence/mans-uc-72/199540810,1995,30,ligue_2
Charleville,Amiens SC,1-1,https://www.besoccer.com/match/charleville/amiens-sc/199540811,1995,30,ligue_2
Beauvais Oise,FC Mulhouse,1-0,https://www.besoccer.com/match/as-beauvais/mulhouse/199540812,1995,30,ligue_2
Dunkerque,Olympique Marseille,2-2,https://www.besoccer.com/match/dunkerque/olympique-marsella/199540813,1995,30,ligue_2
Stade Lavallois,Nancy,2-1,https://www.besoccer.com/match/stade-lavallois/nancy/199540814,1995,30,ligue_2
Guingamp,FC Gueugnon,2-1,https://www.besoccer.com/match/guingamp/fc-gueugnon/199540815,1995,30,ligue_2
Nîmes,Sedan,3-1,https://www.besoccer.com/match/nimes-olympique/sedan/199540816,1995,30,ligue_2
Toulouse,Stade Briochin,4-1,https://www.besoccer.com/match/toulouse-fc/stade-briochin/199540817,1995,30,ligue_2
Le Mans,Stade Lavallois,2-1,https://www.besoccer.com/match/mans-uc-72/stade-lavallois/199540818,1995,31,ligue_2
Stade Briochin,Nîmes,2-1,https://www.besoccer.com/match/stade-briochin/nimes-olympique/199540819,1995,31,ligue_2
FC Mulhouse,Chateauroux,0-0,https://www.besoccer.com/match/mulhouse/berrichonne-chateauroux/199540820,1995,31,ligue_2
Olympique Alès,Charleville,0-2,https://www.besoccer.com/match/olympique-ales/charleville/199540821,1995,31,ligue_2
Niort,Dunkerque,1-0,https://www.besoccer.com/match/chamois-niortais/dunkerque/199540822,1995,31,ligue_2
Angers SCO,Valence,1-0,https://www.besoccer.com/match/angers-sco/valence/199540823,1995,31,ligue_2
Sedan,Guingamp,1-3,https://www.besoccer.com/match/sedan/guingamp/199540824,1995,31,ligue_2
FC Gueugnon,Beauvais Oise,1-0,https://www.besoccer.com/match/fc-gueugnon/as-beauvais/199540825,1995,31,ligue_2
Olympique Marseille,Perpignan,2-1,https://www.besoccer.com/match/olympique-marsella/perpignan/199540826,1995,31,ligue_2
Amiens SC,Red Star,3-4,https://www.besoccer.com/match/amiens-sc/red-star/199540827,1995,31,ligue_2
Nancy,Toulouse,1-3,https://www.besoccer.com/match/nancy/toulouse-fc/199540828,1995,31,ligue_2
Perpignan,Niort,0-0,https://www.besoccer.com/match/perpignan/chamois-niortais/199540829,1995,32,ligue_2
Nîmes,Nancy,0-1,https://www.besoccer.com/match/nimes-olympique/nancy/199540830,1995,32,ligue_2
Dunkerque,Amiens SC,1-1,https://www.besoccer.com/match/dunkerque/amiens-sc/199540831,1995,32,ligue_2
Charleville,Red Star,1-0,https://www.besoccer.com/match/charleville/red-star/199540832,1995,32,ligue_2
Stade Lavallois,Olympique Marseille,1-3,https://www.besoccer.com/match/stade-lavallois/olympique-marsella/199540833,1995,32,ligue_2
FC Gueugnon,FC Mulhouse,1-1,https://www.besoccer.com/match/fc-gueugnon/mulhouse/199540834,1995,32,ligue_2
Guingamp,Olympique Alès,1-2,https://www.besoccer.com/match/guingamp/olympique-ales/199540835,1995,32,ligue_2
Toulouse,Sedan,2-0,https://www.besoccer.com/match/toulouse-fc/sedan/199540836,1995,32,ligue_2
Beauvais Oise,Angers SCO,2-2,https://www.besoccer.com/match/as-beauvais/angers-sco/199540837,1995,32,ligue_2
Valence,Stade Briochin,3-1,https://www.besoccer.com/match/valence/stade-briochin/199540838,1995,32,ligue_2
Chateauroux,Le Mans,3-0,https://www.besoccer.com/match/berrichonne-chateauroux/mans-uc-72/199540839,1995,32,ligue_2
Olympique Marseille,Guingamp,0-1,https://www.besoccer.com/match/olympique-marsella/guingamp/199540840,1995,33,ligue_2
Angers SCO,FC Gueugnon,0-3,https://www.besoccer.com/match/angers-sco/fc-gueugnon/199540841,1995,33,ligue_2
Stade Briochin,Chateauroux,0-2,https://www.besoccer.com/match/stade-briochin/berrichonne-chateauroux/199540842,1995,33,ligue_2
FC Mulhouse,Nîmes,0-1,https://www.besoccer.com/match/mulhouse/nimes-olympique/199540843,1995,33,ligue_2
Olympique Alès,Toulouse,0-0,https://www.besoccer.com/match/olympique-ales/toulouse-fc/199540844,1995,33,ligue_2
Sedan,Valence,1-1,https://www.besoccer.com/match/sedan/valence/199540845,1995,33,ligue_2
Red Star,Dunkerque,2-0,https://www.besoccer.com/match/red-star/dunkerque/199540846,1995,33,ligue_2
Nancy,Charleville,2-3,https://www.besoccer.com/match/nancy/charleville/199540847,1995,33,ligue_2
Niort,Stade Lavallois,2-2,https://www.besoccer.com/match/chamois-niortais/stade-lavallois/199540848,1995,33,ligue_2
Amiens SC,Perpignan,2-0,https://www.besoccer.com/match/amiens-sc/perpignan/199540849,1995,33,ligue_2
Le Mans,Beauvais Oise,4-0,https://www.besoccer.com/match/mans-uc-72/as-beauvais/199540850,1995,33,ligue_2
Nîmes,Olympique Alès,2-4,https://www.besoccer.com/match/nimes-olympique/olympique-ales/199540851,1995,34,ligue_2
Toulouse,Olympique Marseille,0-2,https://www.besoccer.com/match/toulouse-fc/olympique-marsella/199540852,1995,34,ligue_2
Guingamp,Niort,0-0,https://www.besoccer.com/match/guingamp/chamois-niortais/199540853,1995,34,ligue_2
Valence,Dunkerque,0-0,https://www.besoccer.com/match/valence/dunkerque/199540854,1995,34,ligue_2
Beauvais Oise,Stade Briochin,0-1,https://www.besoccer.com/match/as-beauvais/stade-briochin/199540855,1995,34,ligue_2
FC Gueugnon,Le Mans,1-0,https://www.besoccer.com/match/fc-gueugnon/mans-uc-72/199540856,1995,34,ligue_2
Charleville,Sedan,1-1,https://www.besoccer.com/match/charleville/sedan/199540857,1995,34,ligue_2
FC Mulhouse,Angers SCO,1-1,https://www.besoccer.com/match/mulhouse/angers-sco/199540858,1995,34,ligue_2
Perpignan,Red Star,1-2,https://www.besoccer.com/match/perpignan/red-star/199540859,1995,34,ligue_2
Chateauroux,Nancy,1-1,https://www.besoccer.com/match/berrichonne-chateauroux/nancy/199540860,1995,34,ligue_2
Stade Lavallois,Amiens SC,2-2,https://www.besoccer.com/match/stade-lavallois/amiens-sc/199540861,1995,34,ligue_2
Amiens SC,Guingamp,0-0,https://www.besoccer.com/match/amiens-sc/guingamp/199540862,1995,35,ligue_2
Red Star,Stade Lavallois,0-1,https://www.besoccer.com/match/red-star/stade-lavallois/199540863,1995,35,ligue_2
Stade Briochin,FC Gueugnon,0-2,https://www.besoccer.com/match/stade-briochin/fc-gueugnon/199540864,1995,35,ligue_2
Le Mans,FC Mulhouse,0-0,https://www.besoccer.com/match/mans-uc-72/mulhouse/199540865,1995,35,ligue_2
Nancy,Valence,0-0,https://www.besoccer.com/match/nancy/valence/199540866,1995,35,ligue_2
Sedan,Beauvais Oise,1-0,https://www.besoccer.com/match/sedan/as-beauvais/199540867,1995,35,ligue_2
Olympique Alès,Chateauroux,1-1,https://www.besoccer.com/match/olympique-ales/berrichonne-chateauroux/199540868,1995,35,ligue_2
Dunkerque,Perpignan,1-1,https://www.besoccer.com/match/dunkerque/perpignan/199540869,1995,35,ligue_2
Niort,Toulouse,1-1,https://www.besoccer.com/match/chamois-niortais/toulouse-fc/199540870,1995,35,ligue_2
Angers SCO,Charleville,1-2,https://www.besoccer.com/match/angers-sco/charleville/199540871,1995,35,ligue_2
Olympique Marseille,Nîmes,2-1,https://www.besoccer.com/match/olympique-marsella/nimes-olympique/199540872,1995,35,ligue_2
Chateauroux,Olympique Marseille,0-0,https://www.besoccer.com/match/berrichonne-chateauroux/olympique-marsella/199540873,1995,36,ligue_2
Guingamp,Red Star,1-0,https://www.besoccer.com/match/guingamp/red-star/199540874,1995,36,ligue_2
FC Mulhouse,Stade Briochin,1-0,https://www.besoccer.com/match/mulhouse/stade-briochin/199540875,1995,36,ligue_2
Angers SCO,Le Mans,1-1,https://www.besoccer.com/match/angers-sco/mans-uc-72/199540876,1995,36,ligue_2
Charleville,Perpignan,1-1,https://www.besoccer.com/match/charleville/perpignan/199540877,1995,36,ligue_2
Valence,Olympique Alès,2-3,https://www.besoccer.com/match/valence/olympique-ales/199540878,1995,36,ligue_2
Beauvais Oise,Nancy,2-0,https://www.besoccer.com/match/as-beauvais/nancy/199540879,1995,36,ligue_2
Toulouse,Amiens SC,2-1,https://www.besoccer.com/match/toulouse-fc/amiens-sc/199540880,1995,36,ligue_2
Stade Lavallois,Dunkerque,3-3,https://www.besoccer.com/match/stade-lavallois/dunkerque/199540881,1995,36,ligue_2
Nîmes,Niort,3-2,https://www.besoccer.com/match/nimes-olympique/chamois-niortais/199540882,1995,36,ligue_2
FC Gueugnon,Sedan,3-1,https://www.besoccer.com/match/fc-gueugnon/sedan/199540883,1995,36,ligue_2
Red Star,Toulouse,0-0,https://www.besoccer.com/match/red-star/toulouse-fc/199540884,1995,37,ligue_2
Olympique Marseille,Valence,1-0,https://www.besoccer.com/match/olympique-marsella/valence/199540885,1995,37,ligue_2
Perpignan,Stade Lavallois,0-0,https://www.besoccer.com/match/perpignan/stade-lavallois/199540886,1995,37,ligue_2
Sedan,FC Mulhouse,0-2,https://www.besoccer.com/match/sedan/mulhouse/199540887,1995,37,ligue_2
Nancy,FC Gueugnon,0-2,https://www.besoccer.com/match/nancy/fc-gueugnon/199540888,1995,37,ligue_2
Niort,Chateauroux,0-0,https://www.besoccer.com/match/chamois-niortais/berrichonne-chateauroux/199540889,1995,37,ligue_2
Dunkerque,Guingamp,1-0,https://www.besoccer.com/match/dunkerque/guingamp/199540890,1995,37,ligue_2
Le Mans,Charleville,2-1,https://www.besoccer.com/match/mans-uc-72/charleville/199540891,1995,37,ligue_2
Amiens SC,Nîmes,2-3,https://www.besoccer.com/match/amiens-sc/nimes-olympique/199540892,1995,37,ligue_2
Olympique Alès,Beauvais Oise,3-2,https://www.besoccer.com/match/olympique-ales/as-beauvais/199540893,1995,37,ligue_2
Stade Briochin,Angers SCO,3-1,https://www.besoccer.com/match/stade-briochin/angers-sco/199540894,1995,37,ligue_2
Nîmes,Red Star,0-1,https://www.besoccer.com/match/nimes-olympique/red-star/199540895,1995,38,ligue_2
Le Mans,Stade Briochin,1-0,https://www.besoccer.com/match/mans-uc-72/stade-briochin/199540896,1995,38,ligue_2
Chateauroux,Amiens SC,2-1,https://www.besoccer.com/match/berrichonne-chateauroux/amiens-sc/199540897,1995,38,ligue_2
Guingamp,Perpignan,2-0,https://www.besoccer.com/match/guingamp/perpignan/199540898,1995,38,ligue_2
Valence,Niort,2-2,https://www.besoccer.com/match/valence/chamois-niortais/199540899,1995,38,ligue_2
FC Gueugnon,Olympique Alès,2-1,https://www.besoccer.com/match/fc-gueugnon/olympique-ales/199540900,1995,38,ligue_2
Charleville,Stade Lavallois,2-2,https://www.besoccer.com/match/charleville/stade-lavallois/199540901,1995,38,ligue_2
Beauvais Oise,Olympique Marseille,2-1,https://www.besoccer.com/match/as-beauvais/olympique-marsella/199540902,1995,38,ligue_2
Toulouse,Dunkerque,2-0,https://www.besoccer.com/match/toulouse-fc/dunkerque/199540903,1995,38,ligue_2
FC Mulhouse,Nancy,3-3,https://www.besoccer.com/match/mulhouse/nancy/199540904,1995,38,ligue_2
Angers SCO,Sedan,3-1,https://www.besoccer.com/match/angers-sco/sedan/199540905,1995,38,ligue_2
Stade Lavallois,Guingamp,0-1,https://www.besoccer.com/match/stade-lavallois/guingamp/199540906,1995,39,ligue_2
Perpignan,Toulouse,1-3,https://www.besoccer.com/match/perpignan/toulouse-fc/199540907,1995,39,ligue_2
Amiens SC,Valence,1-0,https://www.besoccer.com/match/amiens-sc/valence/199540908,1995,39,ligue_2
Niort,Beauvais Oise,1-1,https://www.besoccer.com/match/chamois-niortais/as-beauvais/199540909,1995,39,ligue_2
Dunkerque,Nîmes,1-3,https://www.besoccer.com/match/dunkerque/nimes-olympique/199540910,1995,39,ligue_2
Olympique Alès,FC Mulhouse,1-1,https://www.besoccer.com/match/olympique-ales/mulhouse/199540911,1995,39,ligue_2
Sedan,Le Mans,1-3,https://www.besoccer.com/match/sedan/mans-uc-72/199540912,1995,39,ligue_2
Red Star,Chateauroux,2-1,https://www.besoccer.com/match/red-star/berrichonne-chateauroux/199540913,1995,39,ligue_2
Nancy,Angers SCO,2-0,https://www.besoccer.com/match/nancy/angers-sco/199540914,1995,39,ligue_2
Stade Briochin,Charleville,2-0,https://www.besoccer.com/match/stade-briochin/charleville/199540915,1995,39,ligue_2
Olympique Marseille,FC Gueugnon,3-0,https://www.besoccer.com/match/olympique-marsella/fc-gueugnon/199540916,1995,39,ligue_2
Le Mans,Nancy,0-1,https://www.besoccer.com/match/mans-uc-72/nancy/199540917,1995,40,ligue_2
FC Mulhouse,Olympique Marseille,0-1,https://www.besoccer.com/match/mulhouse/olympique-marsella/199540918,1995,40,ligue_2
Stade Briochin,Sedan,1-0,https://www.besoccer.com/match/stade-briochin/sedan/199540919,1995,40,ligue_2
Nîmes,Perpignan,2-0,https://www.besoccer.com/match/nimes-olympique/perpignan/199540920,1995,40,ligue_2
Valence,Red Star,2-2,https://www.besoccer.com/match/valence/red-star/199540921,1995,40,ligue_2
FC Gueugnon,Niort,3-1,https://www.besoccer.com/match/fc-gueugnon/chamois-niortais/199540922,1995,40,ligue_2
Angers SCO,Olympique Alès,3-0,https://www.besoccer.com/match/angers-sco/olympique-ales/199540923,1995,40,ligue_2
Charleville,Guingamp,3-3,https://www.besoccer.com/match/charleville/guingamp/199540924,1995,40,ligue_2
Toulouse,Stade Lavallois,3-0,https://www.besoccer.com/match/toulouse-fc/stade-lavallois/199540925,1995,40,ligue_2
Chateauroux,Dunkerque,3-2,https://www.besoccer.com/match/berrichonne-chateauroux/dunkerque/199540926,1995,40,ligue_2
Beauvais Oise,Amiens SC,4-0,https://www.besoccer.com/match/as-beauvais/amiens-sc/199540927,1995,40,ligue_2
Olympique Alès,Le Mans,0-0,https://www.besoccer.com/match/olympique-ales/mans-uc-72/199540928,1995,41,ligue_2
Red Star,Beauvais Oise,0-2,https://www.besoccer.com/match/red-star/as-beauvais/199540929,1995,41,ligue_2
Guingamp,Toulouse,1-0,https://www.besoccer.com/match/guingamp/toulouse-fc/199540930,1995,41,ligue_2
Sedan,Chateauroux,1-0,https://www.besoccer.com/match/sedan/berrichonne-chateauroux/199540931,1995,41,ligue_2
Perpignan,Valence,1-1,https://www.besoccer.com/match/perpignan/valence/199540932,1995,41,ligue_2
Nancy,Stade Briochin,1-1,https://www.besoccer.com/match/nancy/stade-briochin/199540933,1995,41,ligue_2
Dunkerque,Charleville,1-0,https://www.besoccer.com/match/dunkerque/charleville/199540934,1995,41,ligue_2
Niort,FC Mulhouse,2-1,https://www.besoccer.com/match/chamois-niortais/mulhouse/199540935,1995,41,ligue_2
Amiens SC,FC Gueugnon,2-1,https://www.besoccer.com/match/amiens-sc/fc-gueugnon/199540936,1995,41,ligue_2
Olympique Marseille,Angers SCO,2-1,https://www.besoccer.com/match/olympique-marsella/angers-sco/199540937,1995,41,ligue_2
Stade Lavallois,Nîmes,3-0,https://www.besoccer.com/match/stade-lavallois/nimes-olympique/199540938,1995,41,ligue_2
Le Mans,Olympique Marseille,0-2,https://www.besoccer.com/match/mans-uc-72/olympique-marsella/199540939,1995,42,ligue_2
Angers SCO,Niort,1-0,https://www.besoccer.com/match/angers-sco/chamois-niortais/199540940,1995,42,ligue_2
Sedan,Nancy,1-0,https://www.besoccer.com/match/sedan/nancy/199540941,1995,42,ligue_2
Chateauroux,Perpignan,1-1,https://www.besoccer.com/match/berrichonne-chateauroux/perpignan/199540942,1995,42,ligue_2
Beauvais Oise,Dunkerque,1-1,https://www.besoccer.com/match/as-beauvais/dunkerque/199540943,1995,42,ligue_2
Stade Briochin,Olympique Alès,2-1,https://www.besoccer.com/match/stade-briochin/olympique-ales/199540944,1995,42,ligue_2
FC Gueugnon,Red Star,2-0,https://www.besoccer.com/match/fc-gueugnon/red-star/199540945,1995,42,ligue_2
Valence,Stade Lavallois,3-1,https://www.besoccer.com/match/valence/stade-lavallois/199540946,1995,42,ligue_2
FC Mulhouse,Amiens SC,3-4,https://www.besoccer.com/match/mulhouse/amiens-sc/199540947,1995,42,ligue_2
Nîmes,Guingamp,3-0,https://www.besoccer.com/match/nimes-olympique/guingamp/199540948,1995,42,ligue_2
Toulouse,Charleville,4-2,https://www.besoccer.com/match/toulouse-fc/charleville/199540949,1995,42,ligue_2
