,Home_Team,Away_Team,Link,Season,Round,League
0,Huddersfield Town,Huddersfield Town,https://www.besoccer.com/match/huddersfield-town-fc/sheffield-united/202213236,2022,32,championship
1,Barnsley,Barnsley,https://www.besoccer.com/match/barnsley-fc/queens-park-rangers-fc/202213233,2022,32,championship
2,Birmingham City,Birmingham City,https://www.besoccer.com/match/birmingham-city-fc/luton-town-fc/202213234,2022,32,championship
3,Blackpool,Blackpool,https://www.besoccer.com/match/blackpool-fc/afc-bournemouth/202213235,2022,32,championship
4,Hull City,Hull City,https://www.besoccer.com/match/hull-city/fulham/202213237,2022,32,championship
5,Middlesbrough,Middlesbrough,https://www.besoccer.com/match/middlesbrough-fc/derby-county-fc/202213238,2022,32,championship
6,Millwall,Millwall,https://www.besoccer.com/match/millwall-fc/cardiff-city-fc/202213239,2022,32,championship
7,Nottingham Forest,Nottingham Forest,https://www.besoccer.com/match/nottingham-forest-fc/stoke-city/202213240,2022,32,championship
8,Peterborough United,Peterborough United,https://www.besoccer.com/match/peterborough-u/preston-north-end/202213241,2022,32,championship
9,Reading,Reading,https://www.besoccer.com/match/reading-fc/coventry-city/202213242,2022,32,championship
10,Swansea City,Swansea City,https://www.besoccer.com/match/swansea-city-afc/bristol-city-fc/202213243,2022,32,championship
11,West Bromwich Albion,West Bromwich Albion,https://www.besoccer.com/match/west-bromwich/blackburn-rovers-fc/202213244,2022,32,championship
