Home_Team,Away_Team,Result,Link,Season,Round,League,Number_Teams,Total_Rounds,Label,Goals_For_Home,Goals_For_Away,Position_Home,Points_Home,Total_Wins_Home,Total_Draw_Home,Total_Lose_Home,Total_Goals_For_Home_Team,Total_Goals_Against_Home_Team,Total_Streak_Home,Wins_When_Home,Draw_When_Home,Lose_When_Home,Goals_For_When_Home,Goals_Against_When_Home,Position_Away,Points_Away,Total_Wins_Away,Total_Draw_Away,Total_Lose_Away,Total_Goals_For_Away_Team,Total_Goals_Against_Away_Team,Total_Streak_Away,Wins_When_Away,Draw_When_Away,Lose_When_Away,Goals_For_When_Away,Goals_Against_When_Away,Streak_When_Home,Streak_When_Away,Elo_Home,Elo_Away
Chemnitzer,B. Mönchengladbach,2-0,https://www.besoccer.com/match/chemnitzer/borussia-monchengla/20007493,2000,1,2_liga,18,34,0,2,0,0,0,0,0,0,0,0,0.0,0,0,0,0,0,0,0,0,0,0,0,0,0.0,0,0,0,0,0,0.0,0.0,42.0,67.0
Mainz 05,Kickers Offenbach FC,1-1,https://www.besoccer.com/match/mainz-amat/kickers-offenbach/20007492,2000,1,2_liga,18,34,1,1,1,0,0,0,0,0,0,0,0.0,0,0,0,0,0,0,0,0,0,0,0,0,0.0,0,0,0,0,0,0.0,0.0,61.0,40.0
Energie Cottbus,Fortuna Köln,2-0,https://www.besoccer.com/match/energie-cottbus/fortuna-koln/20007494,2000,1,2_liga,18,34,0,2,0,0,0,0,0,0,0,0,0.0,0,0,0,0,0,0,0,0,0,0,0,0,0.0,0,0,0,0,0,0.0,0.0,50.0,60.0
FC St. Pauli,Greuther Fürth,0-0,https://www.besoccer.com/match/st-pauli/greuther-furth/20007495,2000,1,2_liga,18,34,1,0,0,0,0,0,0,0,0,0,0.0,0,0,0,0,0,0,0,0,0,0,0,0,0.0,0,0,0,0,0,0.0,0.0,66.0,50.0
Köln,Rot-Weiß Oberhausen,1-0,https://www.besoccer.com/match/1-fc-koln/rot-weib-oberhausen/20007491,2000,1,2_liga,18,34,0,1,0,0,0,0,0,0,0,0,0.0,0,0,0,0,0,0,0,0,0,0,0,0,0.0,0,0,0,0,0,0.0,0.0,67.0,46.0
Hannover 96,Tennis Borussia,2-3,https://www.besoccer.com/match/hannover-96/tennis-borussia/20007488,2000,1,2_liga,18,34,2,2,3,0,0,0,0,0,0,0,0.0,0,0,0,0,0,0,0,0,0,0,0,0,0.0,0,0,0,0,0,0.0,0.0,49.0,49.0
Alemannia Aachen,Stuttgarter Kickers,4-1,https://www.besoccer.com/match/alemannia-aachen/stuttgarter-kickers/20007489,2000,1,2_liga,18,34,0,4,1,0,0,0,0,0,0,0,0.0,0,0,0,0,0,0,0,0,0,0,0,0,0.0,0,0,0,0,0,0.0,0.0,40.0,52.0
Nürnberg,Waldhof Mannheim,3-0,https://www.besoccer.com/match/fc-nurnberg/waldhof-mannheim/20007490,2000,1,2_liga,18,34,0,3,0,0,0,0,0,0,0,0,0.0,0,0,0,0,0,0,0,0,0,0,0,0,0.0,0,0,0,0,0,0.0,0.0,57.0,41.0
Karlsruher SC,VfL Bochum,1-3,https://www.besoccer.com/match/karlsruher-sc/bochum/20007487,2000,1,2_liga,18,34,2,1,3,0,0,0,0,0,0,0,0.0,0,0,0,0,0,0,0,0,0,0,0,0,0.0,0,0,0,0,0,0.0,0.0,67.0,67.0
VfL Bochum,Alemannia Aachen,5-0,https://www.besoccer.com/match/bochum/alemannia-aachen/20007484,2000,2,2_liga,18,34,0,5,0,3,3,1,0,0,3,1,3.0,0,0,0,0,0,7,3,1,0,0,4,1,3.0,0,0,0,0,0,0.0,0.0,67.0,40.0
Waldhof Mannheim,Chemnitzer,4-0,https://www.besoccer.com/match/waldhof-mannheim/chemnitzer/20007485,2000,2,2_liga,18,34,0,4,0,16,0,0,0,1,0,3,0.0,0,0,0,0,0,1,3,1,0,0,2,0,3.0,0,0,0,0,0,0.0,0.0,41.0,42.0
Greuther Fürth,Köln,0-0,https://www.besoccer.com/match/greuther-furth/1-fc-koln/20007486,2000,2,2_liga,18,34,1,0,0,9,1,0,1,0,0,0,1.0,0,0,0,0,0,5,3,1,0,0,1,0,3.0,0,0,0,0,0,0.0,0.0,50.0,67.0
Tennis Borussia,Karlsruher SC,2-2,https://www.besoccer.com/match/tennis-borussia/karlsruher-sc/20007483,2000,2,2_liga,18,34,1,2,2,6,3,1,0,0,3,2,3.0,0,0,0,0,0,15,0,0,0,1,1,3,0.0,0,0,0,0,0,0.0,0.0,49.0,67.0
Rot-Weiß Oberhausen,Energie Cottbus,0-4,https://www.besoccer.com/match/rot-weib-oberhausen/energie-cottbus/20007479,2000,2,2_liga,18,34,2,0,4,13,0,0,0,1,0,1,0.0,0,0,0,0,0,4,3,1,0,0,2,0,3.0,0,0,0,0,0,0.0,0.0,46.0,50.0
Fortuna Köln,Mainz 05,2-1,https://www.besoccer.com/match/fortuna-koln/mainz-amat/20007480,2000,2,2_liga,18,34,0,2,1,14,0,0,0,1,0,2,0.0,0,0,0,0,0,8,1,0,1,0,1,1,1.0,0,0,0,0,0,0.0,0.0,60.0,61.0
Stuttgarter Kickers,FC St. Pauli,2-1,https://www.besoccer.com/match/stuttgarter-kickers/st-pauli/20007481,2000,2,2_liga,18,34,0,2,1,17,0,0,0,1,1,4,0.0,0,0,0,0,0,11,1,0,1,0,0,0,1.0,0,0,0,0,0,0.0,0.0,51.0,66.0
B. Mönchengladbach,Hannover 96,2-3,https://www.besoccer.com/match/borussia-monchengla/hannover-96/20007482,2000,2,2_liga,18,34,2,2,3,18,0,0,0,1,0,2,0.0,0,0,0,0,0,12,0,0,0,1,2,3,0.0,0,0,0,0,0,0.0,0.0,67.0,49.0
Kickers Offenbach FC,Nürnberg,1-3,https://www.besoccer.com/match/kickers-offenbach/fc-nurnberg/20007478,2000,2,2_liga,18,34,2,1,3,10,1,0,1,0,1,1,1.0,0,0,0,0,0,2,3,1,0,0,3,0,3.0,0,0,0,0,0,0.0,0.0,40.0,57.0
Chemnitzer,Kickers Offenbach FC,3-0,https://www.besoccer.com/match/chemnitzer/kickers-offenbach/20007475,2000,3,2_liga,18,34,0,3,0,6,3,1,0,1,2,4,2.4000000000000004,1,0,0,2,0,14,1,0,1,1,2,4,0.8,0,1,0,1,1,3.0,1.0,42.0,40.0
Hannover 96,Waldhof Mannheim,2-2,https://www.besoccer.com/match/hannover-96/waldhof-mannheim/20007476,2000,3,2_liga,18,34,1,2,2,11,3,1,0,1,5,5,3.0,0,0,1,2,3,10,3,1,0,1,4,3,3.0,0,0,1,0,3,0.0,0.0,49.0,41.0
Köln,Stuttgarter Kickers,4-1,https://www.besoccer.com/match/1-fc-koln/stuttgarter-kickers/20007477,2000,3,2_liga,18,34,0,4,1,4,4,1,1,0,1,0,3.4000000000000004,1,0,0,1,0,9,3,1,0,1,3,5,3.0,0,0,1,1,4,3.0,0.0,67.0,52.0
Alemannia Aachen,Tennis Borussia,2-2,https://www.besoccer.com/match/alemannia-aachen/tennis-borussia/20007474,2000,3,2_liga,18,34,1,2,2,8,3,1,0,1,4,6,2.4000000000000004,1,0,0,4,1,5,4,1,1,0,5,4,3.4000000000000004,1,0,0,3,2,3.0,3.0,40.0,49.0
Nürnberg,Fortuna Köln,2-1,https://www.besoccer.com/match/fc-nurnberg/fortuna-koln/20007470,2000,3,2_liga,18,34,0,2,1,3,6,2,0,0,6,1,5.4,1,0,0,3,0,7,3,1,0,1,2,3,3.0,0,0,1,0,2,3.0,0.0,57.0,60.0
Energie Cottbus,Mainz 05,3-0,https://www.besoccer.com/match/energie-cottbus/mainz-amat/20007471,2000,3,2_liga,18,34,0,3,0,2,6,2,0,0,6,0,5.4,1,0,0,2,0,16,1,0,1,1,2,3,0.8,0,0,1,1,2,3.0,0.0,50.0,61.0
Rot-Weiß Oberhausen,Greuther Fürth,3-4,https://www.besoccer.com/match/rot-weib-oberhausen/greuther-furth/20007472,2000,3,2_liga,18,34,2,3,4,17,0,0,0,2,0,5,0.0,0,0,1,0,4,12,2,0,2,0,0,0,1.8,0,1,0,0,0,0.0,1.0,45.0,50.0
FC St. Pauli,VfL Bochum,0-0,https://www.besoccer.com/match/st-pauli/bochum/20007473,2000,3,2_liga,18,34,1,0,0,15,1,0,1,1,1,2,0.8,0,1,0,0,0,1,6,2,0,0,8,1,5.4,1,0,0,3,1,1.0,3.0,66.0,67.0
Karlsruher SC,B. Mönchengladbach,3-0,https://www.besoccer.com/match/karlsruher-sc/borussia-monchengla/20007469,2000,3,2_liga,18,34,0,3,0,13,1,0,1,1,3,5,1.0,0,0,1,1,3,18,0,0,0,2,2,5,0.0,0,0,1,0,2,0.0,0.0,67.0,67.0
Waldhof Mannheim,Karlsruher SC,1-1,https://www.besoccer.com/match/waldhof-mannheim/karlsruher-sc/20007466,2000,4,2_liga,18,34,1,1,1,10,4,1,1,1,6,5,3.4000000000000004,1,0,0,4,0,8,4,1,1,1,6,5,3.8,0,1,0,2,2,3.0,1.0,41.0,67.0
Kickers Offenbach FC,Hannover 96,0-2,https://www.besoccer.com/match/kickers-offenbach/hannover-96/20007467,2000,4,2_liga,18,34,2,0,2,15,1,0,1,2,2,7,0.6,0,0,1,1,3,9,4,1,1,1,7,7,3.4000000000000004,1,0,0,3,2,0.0,3.0,39.0,49.0
Tennis Borussia,FC St. Pauli,2-0,https://www.besoccer.com/match/tennis-borussia/st-pauli/20007468,2000,4,2_liga,18,34,0,2,0,6,5,1,2,0,7,6,3.5999999999999996,0,1,0,2,2,14,2,0,2,1,1,2,1.6,0,0,1,1,2,1.0,0.0,49.0,66.0
B. Mönchengladbach,Alemannia Aachen,1-2,https://www.besoccer.com/match/borussia-monchengla/alemannia-aachen/20007465,2000,4,2_liga,18,34,2,1,2,18,0,0,0,3,2,8,0.0,0,0,1,2,3,11,4,1,1,1,6,8,2.8,0,0,1,0,5,0.0,0.0,67.0,40.0
Mainz 05,Nürnberg,1-1,https://www.besoccer.com/match/mainz-amat/fc-nurnberg/20007461,2000,4,2_liga,18,34,1,1,1,16,1,0,1,2,2,6,0.6,0,1,0,1,1,2,9,3,0,0,8,2,7.2,1,0,0,3,1,1.0,3.0,60.0,57.0
Stuttgarter Kickers,Rot-Weiß Oberhausen,2-2,https://www.besoccer.com/match/stuttgarter-kickers/rot-weib-oberhausen/20007462,2000,4,2_liga,18,34,1,2,2,12,3,1,0,2,4,9,2.4000000000000004,1,0,0,2,1,17,0,0,0,3,3,9,0.0,0,0,1,0,1,3.0,0.0,51.0,45.0
Greuther Fürth,Energie Cottbus,1-0,https://www.besoccer.com/match/greuther-furth/energie-cottbus/20007463,2000,4,2_liga,18,34,0,1,0,7,5,1,2,0,4,3,4.4,0,1,0,0,0,1,9,3,0,0,9,0,7.2,1,0,0,4,0,1.0,3.0,51.0,51.0
Fortuna Köln,Chemnitzer,1-0,https://www.besoccer.com/match/fortuna-koln/chemnitzer/20007464,2000,4,2_liga,18,34,0,1,0,13,3,1,0,2,3,5,2.4000000000000004,1,0,0,2,1,5,6,2,0,1,5,4,4.8,0,0,1,0,4,3.0,0.0,60.0,42.0
VfL Bochum,Köln,2-3,https://www.besoccer.com/match/bochum/1-fc-koln/20007460,2000,4,2_liga,18,34,2,2,3,3,7,2,1,0,8,1,5.2,1,0,0,5,0,4,7,2,1,0,5,1,5.6,0,1,0,0,0,3.0,1.0,68.0,67.0
FC St. Pauli,B. Mönchengladbach,0-2,https://www.besoccer.com/match/st-pauli/borussia-monchengla/20007457,2000,5,2_liga,18,34,2,0,2,14,2,0,2,2,1,4,1.2000000000000002,0,2,0,0,0,18,0,0,0,4,3,10,0.0,0,0,2,0,5,1.8,0.0,66.0,66.0
Rot-Weiß Oberhausen,VfL Bochum,3-0,https://www.besoccer.com/match/rot-weib-oberhausen/bochum/20007458,2000,5,2_liga,18,34,0,3,0,17,1,0,1,3,5,11,1.0,0,0,2,3,8,7,7,2,1,1,10,4,3.8,1,1,0,3,1,0.0,3.4000000000000004,45.0,67.0
Karlsruher SC,Kickers Offenbach FC,1-1,https://www.besoccer.com/match/karlsruher-sc/kickers-offenbach/20007459,2000,5,2_liga,18,34,1,1,1,12,5,1,2,1,7,6,4.0,1,0,1,4,3,16,1,0,1,3,2,9,0.4,0,1,1,1,4,3.0,0.8,67.0,39.0
Chemnitzer,Mainz 05,1-1,https://www.besoccer.com/match/chemnitzer/mainz-amat/20007456,2000,5,2_liga,18,34,1,1,1,9,6,2,0,2,5,5,3.6000000000000005,2,0,0,5,0,15,2,0,2,2,3,7,1.4,0,0,2,1,5,5.4,0.0,42.0,60.0
Alemannia Aachen,Waldhof Mannheim,2-1,https://www.besoccer.com/match/alemannia-aachen/waldhof-mannheim/20007452,2000,5,2_liga,18,34,0,2,1,6,7,2,1,1,8,9,5.0,1,1,0,6,3,11,5,1,2,1,7,6,3.5999999999999996,0,1,1,2,5,3.4000000000000004,1.0,40.0,41.0
Energie Cottbus,Nürnberg,2-0,https://www.besoccer.com/match/energie-cottbus/fc-nurnberg/20007453,2000,5,2_liga,18,34,0,2,0,3,9,3,0,1,9,1,5.4,2,0,0,5,0,2,10,3,1,0,9,3,6.4,1,1,0,4,2,5.4,3.4000000000000004,51.0,57.0
Hannover 96,Fortuna Köln,3-1,https://www.besoccer.com/match/hannover-96/fortuna-koln/20007454,2000,5,2_liga,18,34,0,3,1,8,7,2,1,1,9,7,5.6,0,1,1,4,5,10,6,2,0,2,4,5,4.8,0,0,2,1,4,1.0,0.0,49.0,60.0
Greuther Fürth,Stuttgarter Kickers,0-0,https://www.besoccer.com/match/greuther-furth/stuttgarter-kickers/20007455,2000,5,2_liga,18,34,1,0,0,5,8,2,2,0,5,3,6.4,1,1,0,1,0,13,4,1,1,2,6,11,2.8,0,0,2,2,8,3.8,0.0,51.0,51.0
Köln,Tennis Borussia,1-1,https://www.besoccer.com/match/1-fc-koln/tennis-borussia/20007451,2000,5,2_liga,18,34,1,1,1,1,10,3,1,0,8,3,7.200000000000001,2,0,0,5,1,4,8,2,2,0,9,6,5.6000000000000005,1,1,0,5,4,5.4,3.4000000000000004,67.0,49.0
Nürnberg,Chemnitzer,1-0,https://www.besoccer.com/match/fc-nurnberg/chemnitzer/20007448,2000,6,2_liga,18,34,0,1,0,5,10,3,1,1,9,5,4.4,2,0,0,5,1,9,7,2,1,2,6,6,3.4,0,0,2,0,5,5.4,0.0,57.0,42.0
VfL Bochum,Greuther Fürth,1-2,https://www.besoccer.com/match/bochum/greuther-furth/20007449,2000,6,2_liga,18,34,2,1,2,8,7,2,1,2,10,7,2.4000000000000004,1,0,1,7,3,7,9,2,3,0,5,3,5.800000000000001,1,1,0,4,3,2.4000000000000004,3.8,67.0,51.0
Mainz 05,Hannover 96,1-0,https://www.besoccer.com/match/mainz-amat/hannover-96/20007450,2000,6,2_liga,18,34,0,1,0,15,3,0,3,2,4,8,2.0,0,2,0,2,2,4,10,3,1,1,12,8,7.200000000000001,2,0,0,5,2,1.8,5.4,60.0,50.0
Fortuna Köln,Karlsruher SC,2-3,https://www.besoccer.com/match/fortuna-koln/karlsruher-sc/20007443,2000,6,2_liga,18,34,2,2,3,11,6,2,0,3,5,8,3.6000000000000005,2,0,0,3,1,10,6,1,3,1,8,7,4.0,0,2,0,3,3,5.4,1.8,60.0,67.0
Tennis Borussia,Rot-Weiß Oberhausen,1-0,https://www.besoccer.com/match/tennis-borussia/rot-weib-oberhausen/20007444,2000,6,2_liga,18,34,0,1,0,6,9,2,3,0,10,7,5.0,1,1,0,4,2,14,4,1,1,3,8,11,3.8,0,1,1,2,3,3.8,1.0,49.0,46.0
Stuttgarter Kickers,Energie Cottbus,1-0,https://www.besoccer.com/match/stuttgarter-kickers/energie-cottbus/20007445,2000,6,2_liga,18,34,0,1,0,13,5,1,2,2,6,11,3.0,1,1,0,4,3,1,12,4,0,1,11,1,6.6,1,0,1,4,1,3.4000000000000004,2.4000000000000004,51.0,51.0
Kickers Offenbach FC,Alemannia Aachen,1-2,https://www.besoccer.com/match/kickers-offenbach/alemannia-aachen/20007446,2000,6,2_liga,18,34,2,1,2,18,2,0,2,3,3,10,1.2,0,0,2,1,5,3,10,3,1,1,10,10,6.6000000000000005,1,0,1,2,6,0.0,3.0,39.0,40.0
Waldhof Mannheim,FC St. Pauli,1-3,https://www.besoccer.com/match/waldhof-mannheim/st-pauli/20007447,2000,6,2_liga,18,34,2,1,3,12,5,1,2,2,8,8,2.6000000000000005,1,1,0,5,1,17,2,0,2,3,1,6,0.8,0,0,2,1,4,3.4000000000000004,0.0,41.0,66.0
B. Mönchengladbach,Köln,3-1,https://www.besoccer.com/match/borussia-monchengla/1-fc-koln/20007442,2000,6,2_liga,18,34,0,3,1,16,3,1,0,4,5,10,3.0,0,0,2,3,5,2,11,3,2,0,9,4,6.2,1,1,0,3,2,0.0,3.8,67.0,67.0
Alemannia Aachen,Fortuna Köln,1-1,https://www.besoccer.com/match/alemannia-aachen/fortuna-koln/20007439,2000,7,2_liga,18,34,1,1,1,1,13,4,1,1,12,11,7.6,2,1,0,8,4,12,6,2,0,4,7,11,2.4,0,0,3,2,7,5.6,0.0,41.0,60.0
Köln,Waldhof Mannheim,3-0,https://www.besoccer.com/match/1-fc-koln/waldhof-mannheim/20007440,2000,7,2_liga,18,34,0,3,0,6,11,3,2,1,10,7,4.0,2,1,0,6,2,15,5,1,2,3,9,11,1.6,0,1,2,3,7,5.2,0.8,67.0,41.0
FC St. Pauli,Kickers Offenbach FC,1-1,https://www.besoccer.com/match/st-pauli/kickers-offenbach/20007441,2000,7,2_liga,18,34,1,1,1,16,5,1,2,3,4,7,3.4,0,2,1,0,2,18,2,0,2,4,4,12,0.8,0,2,1,2,5,1.4,1.6,66.0,39.0
Karlsruher SC,Mainz 05,1-2,https://www.besoccer.com/match/karlsruher-sc/mainz-amat/20007438,2000,7,2_liga,18,34,2,1,2,8,9,2,3,1,11,9,5.8,1,1,1,5,4,13,6,1,3,2,5,8,4.4,0,1,2,2,6,3.4000000000000004,1.0,67.0,60.0
Stuttgarter Kickers,VfL Bochum,0-0,https://www.besoccer.com/match/stuttgarter-kickers/bochum/20007434,2000,7,2_liga,18,34,1,0,0,9,8,2,2,2,7,11,5.0,2,1,0,5,3,11,7,2,1,3,11,9,1.0,1,1,1,3,4,5.6,2.5999999999999996,52.0,67.0
Energie Cottbus,Chemnitzer,2-4,https://www.besoccer.com/match/energie-cottbus/chemnitzer/20007435,2000,7,2_liga,18,34,2,2,4,3,12,4,0,2,11,2,4.200000000000001,3,0,0,7,0,10,7,2,1,3,6,7,2.0,0,0,3,0,6,7.2,0.0,51.0,42.0
Rot-Weiß Oberhausen,B. Mönchengladbach,1-1,https://www.besoccer.com/match/rot-weib-oberhausen/borussia-monchengla/20007436,2000,7,2_liga,18,34,1,1,1,17,4,1,1,4,8,12,3.0000000000000004,1,0,2,6,8,14,6,2,0,4,8,11,5.4,1,0,2,2,5,3.0,3.0,46.0,67.0
Greuther Fürth,Tennis Borussia,2-0,https://www.besoccer.com/match/greuther-furth/tennis-borussia/20007437,2000,7,2_liga,18,34,0,2,0,5,12,3,3,0,7,4,7.0,1,2,0,1,0,4,12,3,3,0,11,7,6.2,1,2,0,6,5,4.0,3.5999999999999996,51.0,49.0
Hannover 96,Nürnberg,2-0,https://www.besoccer.com/match/hannover-96/fc-nurnberg/20007433,2000,7,2_liga,18,34,0,2,0,7,10,3,1,2,12,9,5.2,1,1,1,7,6,2,13,4,1,1,10,5,5.4,1,1,1,4,4,3.8,2.5999999999999996,50.0,57.0
Fortuna Köln,FC St. Pauli,2-0,https://www.besoccer.com/match/fortuna-koln/st-pauli/20007430,2000,8,2_liga,18,34,0,2,0,13,7,2,1,4,8,12,2.2,2,0,1,5,4,15,6,1,3,3,5,8,3.6000000000000005,1,0,2,4,5,4.2,3.0,60.0,65.0
B. Mönchengladbach,Greuther Fürth,2-0,https://www.besoccer.com/match/borussia-monchengla/greuther-furth/20007431,2000,8,2_liga,18,34,0,2,0,14,7,2,1,4,9,12,5.2,1,0,2,6,6,1,15,4,3,0,9,4,7.800000000000001,2,1,0,6,4,3.0,6.0,67.0,51.0
Kickers Offenbach FC,Köln,0-1,https://www.besoccer.com/match/kickers-offenbach/1-fc-koln/20007432,2000,8,2_liga,18,34,2,0,1,18,3,0,3,4,5,13,1.6,0,0,3,2,7,3,14,4,2,1,13,7,5.4,1,1,1,4,5,0.0,3.0000000000000004,39.0,68.0
VfL Bochum,Energie Cottbus,2-4,https://www.besoccer.com/match/bochum/energie-cottbus/20007429,2000,8,2_liga,18,34,2,2,4,12,8,2,2,3,11,9,1.2,1,0,2,8,5,6,12,4,0,3,13,6,2.4,1,0,2,4,2,1.7999999999999998,1.7999999999999998,67.0,51.0
Tennis Borussia,Stuttgarter Kickers,2-0,https://www.besoccer.com/match/tennis-borussia/stuttgarter-kickers/20007425,2000,8,2_liga,18,34,0,2,0,7,12,3,3,1,11,9,4.4,2,1,0,5,2,9,9,2,3,2,7,11,4.4,0,1,2,2,8,6.0,1.0,49.0,52.0
Waldhof Mannheim,Rot-Weiß Oberhausen,2-0,https://www.besoccer.com/match/waldhof-mannheim/rot-weib-oberhausen/20007426,2000,8,2_liga,18,34,0,2,0,16,5,1,2,4,9,14,0.6000000000000001,1,1,1,6,4,17,5,1,2,4,9,13,3.1999999999999997,0,1,2,2,4,2.5999999999999996,0.8,42.0,46.0
Chemnitzer,Hannover 96,2-1,https://www.besoccer.com/match/chemnitzer/hannover-96/20007427,2000,8,2_liga,18,34,0,2,1,8,10,3,1,3,10,9,4.2,2,1,0,6,1,5,13,4,1,2,14,9,6.2,2,0,1,5,3,5.2,4.2,42.0,50.0
Mainz 05,Alemannia Aachen,4-2,https://www.besoccer.com/match/mainz-amat/alemannia-aachen/20007428,2000,8,2_liga,18,34,0,4,2,11,9,2,3,2,7,9,6.4,1,2,0,3,2,2,14,4,2,1,13,12,6.6000000000000005,2,0,1,4,7,4.4,5.4,61.0,41.0
Nürnberg,Karlsruher SC,4-3,https://www.besoccer.com/match/fc-nurnberg/karlsruher-sc/20007424,2000,8,2_liga,18,34,0,4,3,4,13,4,1,2,10,7,3.4000000000000004,3,0,0,6,1,10,9,2,3,2,12,11,4.0,1,2,0,6,5,7.2,4.4,57.0,67.0
Energie Cottbus,Hannover 96,1-0,https://www.besoccer.com/match/energie-cottbus/hannover-96/20007421,2000,9,2_liga,18,34,0,1,0,4,15,5,0,3,17,8,4.2,3,0,1,9,4,7,13,4,1,3,15,11,4.200000000000001,2,0,2,6,5,5.4,3.0,51.0,50.0
Alemannia Aachen,Nürnberg,3-1,https://www.besoccer.com/match/alemannia-aachen/fc-nurnberg/20007422,2000,9,2_liga,18,34,0,3,1,6,14,4,2,2,15,16,4.4,2,2,0,9,5,2,16,5,1,2,14,10,5.0,1,1,2,4,6,5.200000000000001,1.8000000000000003,41.0,57.0
Rot-Weiß Oberhausen,Kickers Offenbach FC,1-0,https://www.besoccer.com/match/rot-weib-oberhausen/kickers-offenbach/20007423,2000,9,2_liga,18,34,0,1,0,17,5,1,2,5,9,15,2.2,1,1,2,7,9,18,3,0,3,5,5,14,1.2000000000000002,0,3,1,3,6,3.4000000000000004,2.2,45.0,39.0
Stuttgarter Kickers,B. Mönchengladbach,3-1,https://www.besoccer.com/match/stuttgarter-kickers/borussia-monchengla/20007420,2000,9,2_liga,18,34,0,3,1,13,9,2,3,3,7,13,3.2,2,2,0,5,3,11,10,3,1,4,11,12,6.8,1,1,2,3,6,5.200000000000001,3.4000000000000004,52.0,67.0
VfL Bochum,Tennis Borussia,2-6,https://www.besoccer.com/match/bochum/tennis-borussia/20007416,2000,9,2_liga,18,34,2,2,6,14,8,2,2,4,13,13,0.8,1,0,3,10,9,5,15,4,3,1,13,9,5.8,1,2,1,6,7,1.2000000000000002,2.6000000000000005,67.0,49.0
FC St. Pauli,Mainz 05,2-2,https://www.besoccer.com/match/st-pauli/mainz-amat/20007417,2000,9,2_liga,18,34,1,2,2,16,6,1,3,4,5,10,2.5999999999999996,0,3,1,1,3,9,12,3,3,2,11,11,7.800000000000001,1,1,2,4,7,2.0,3.8,65.0,61.0
Karlsruher SC,Chemnitzer,1-2,https://www.besoccer.com/match/karlsruher-sc/chemnitzer/20007418,2000,9,2_liga,18,34,2,1,2,12,9,2,3,3,15,15,2.4,1,1,2,6,6,8,13,4,1,3,12,10,5.800000000000001,1,0,3,4,8,2.5999999999999996,3.0,67.0,43.0
Greuther Fürth,Waldhof Mannheim,0-0,https://www.besoccer.com/match/greuther-furth/waldhof-mannheim/20007419,2000,9,2_liga,18,34,1,0,0,3,15,4,3,1,9,6,5.2,2,2,0,3,0,15,8,2,2,4,11,14,3.2,0,1,3,3,10,6.0,0.6,51.0,42.0
Köln,Fortuna Köln,3-0,https://www.besoccer.com/match/1-fc-koln/fortuna-koln/20007415,2000,9,2_liga,18,34,0,3,0,1,17,5,2,1,14,7,6.4,3,1,0,9,2,10,10,3,1,4,10,12,4.4,0,1,3,3,8,6.8,1.0,68.0,60.0
Waldhof Mannheim,Stuttgarter Kickers,4-3,https://www.besoccer.com/match/waldhof-mannheim/stuttgarter-kickers/20007414,2000,10,2_liga,18,34,0,4,3,14,9,2,3,4,11,14,3.4000000000000004,2,1,1,8,4,10,12,3,3,3,10,14,5.0,0,1,3,2,10,4.800000000000001,0.8,42.0,53.0
Mainz 05,Köln,0-0,https://www.besoccer.com/match/mainz-amat/1-fc-koln/20007412,2000,10,2_liga,18,34,1,0,0,9,13,3,4,2,13,13,6.6000000000000005,2,2,0,7,4,1,20,6,2,1,17,7,7.4,2,1,1,5,5,6.4,5.199999999999999,61.0,68.0
Nürnberg,FC St. Pauli,2-2,https://www.besoccer.com/match/fc-nurnberg/st-pauli/20007413,2000,10,2_liga,18,34,1,2,2,7,16,5,1,3,15,13,3.6000000000000005,4,0,0,10,4,17,7,1,4,4,7,12,2.8000000000000003,1,0,3,4,7,8.4,2.4000000000000004,57.0,65.0
Tennis Borussia,Energie Cottbus,1-3,https://www.besoccer.com/match/tennis-borussia/energie-cottbus/20007411,2000,10,2_liga,18,34,2,1,3,3,18,5,3,1,19,11,6.800000000000001,3,1,0,7,2,2,18,6,0,3,18,8,6.0,2,0,2,8,4,7.6,4.2,50.0,52.0
Chemnitzer,Alemannia Aachen,2-2,https://www.besoccer.com/match/chemnitzer/alemannia-aachen/20007409,2000,10,2_liga,18,34,1,2,2,6,16,5,1,3,14,11,7.4,3,1,0,8,2,4,17,5,2,2,18,17,5.4,2,0,2,6,11,6.8,4.2,43.0,41.0
Fortuna Köln,Rot-Weiß Oberhausen,0-0,https://www.besoccer.com/match/fortuna-koln/rot-weib-oberhausen/20007407,2000,10,2_liga,18,34,1,0,0,11,10,3,1,5,10,15,3.0000000000000004,3,0,1,7,4,16,8,2,2,5,10,15,4.2,0,1,3,2,6,6.0,0.6,60.0,46.0
Kickers Offenbach FC,Greuther Fürth,1-0,https://www.besoccer.com/match/kickers-offenbach/greuther-furth/20007408,2000,10,2_liga,18,34,0,1,0,18,3,0,3,6,5,15,0.8,0,0,4,2,8,5,16,4,4,1,9,6,4.2,2,1,1,6,6,0.0,4.6,39.0,51.0
Hannover 96,Karlsruher SC,1-1,https://www.besoccer.com/match/hannover-96/karlsruher-sc/20007410,2000,10,2_liga,18,34,1,1,1,8,13,4,1,4,15,12,2.4,2,1,1,9,6,13,9,2,3,4,16,17,1.4000000000000001,1,2,1,9,9,6.0,3.4000000000000004,49.0,67.0
B. Mönchengladbach,VfL Bochum,0-1,https://www.besoccer.com/match/borussia-monchengla/bochum/20007406,2000,10,2_liga,18,34,2,0,1,12,10,3,1,5,12,15,4.800000000000001,2,0,2,8,6,15,8,2,2,5,15,19,0.6,1,2,1,3,4,5.4,2.8000000000000003,67.0,67.0
Alemannia Aachen,Hannover 96,1-2,https://www.besoccer.com/match/alemannia-aachen/hannover-96/20007403,2000,11,2_liga,18,34,2,1,2,4,18,5,3,2,20,19,4.4,3,2,0,12,6,8,14,4,2,4,16,13,2.2,2,0,3,6,6,6.6,1.8000000000000003,41.0,50.0
VfL Bochum,Waldhof Mannheim,2-0,https://www.besoccer.com/match/bochum/waldhof-mannheim/20007404,2000,11,2_liga,18,34,0,2,0,13,11,3,2,5,16,19,3.4,1,0,4,12,15,10,12,3,3,4,15,17,5.6,0,2,3,3,10,0.6000000000000001,1.4,67.0,42.0
FC St. Pauli,Chemnitzer,0-0,https://www.besoccer.com/match/st-pauli/chemnitzer/20007405,2000,11,2_liga,18,34,1,0,0,17,8,1,5,4,9,14,2.8,0,4,1,3,5,5,17,5,2,3,16,13,6.4,2,0,3,6,9,2.4000000000000004,5.4,65.0,43.0
Energie Cottbus,Karlsruher SC,3-2,https://www.besoccer.com/match/energie-cottbus/karlsruher-sc/20007402,2000,11,2_liga,18,34,0,3,2,2,21,7,0,3,21,9,7.2,4,0,1,10,4,15,10,2,4,4,17,18,1.6,1,3,1,10,10,6.6,3.4,52.0,67.0
Köln,Nürnberg,6-1,https://www.besoccer.com/match/1-fc-koln/fc-nurnberg/20007398,2000,11,2_liga,18,34,0,6,1,1,21,6,3,1,17,7,6.4,4,1,0,12,2,6,17,5,2,3,17,15,3.4,1,1,3,5,9,7.800000000000001,1.0,68.0,57.0
Greuther Fürth,Fortuna Köln,0-0,https://www.besoccer.com/match/greuther-furth/fortuna-koln/20007399,2000,11,2_liga,18,34,1,0,0,7,16,4,4,2,9,7,2.6000000000000005,2,3,0,3,0,12,11,3,2,5,10,15,3.1999999999999997,0,1,4,3,11,5.4,0.8,51.0,60.0
Rot-Weiß Oberhausen,Mainz 05,0-0,https://www.besoccer.com/match/rot-weib-oberhausen/mainz-amat/20007400,2000,11,2_liga,18,34,1,0,0,16,9,2,3,5,10,15,3.8000000000000003,2,1,2,8,9,9,14,3,5,2,13,13,5.4,1,2,2,6,9,5.6,4.0,46.0,61.0
Stuttgarter Kickers,Kickers Offenbach FC,2-1,https://www.besoccer.com/match/stuttgarter-kickers/kickers-offenbach/20007401,2000,11,2_liga,18,34,0,2,1,11,12,3,3,4,13,18,3.4000000000000004,3,2,0,8,4,18,6,1,3,6,6,15,3.4,0,3,2,3,7,6.6,1.6,52.0,39.0
Tennis Borussia,B. Mönchengladbach,2-2,https://www.besoccer.com/match/tennis-borussia/borussia-monchengla/20007397,2000,11,2_liga,18,34,1,2,2,3,18,5,3,2,20,14,4.800000000000001,3,1,1,8,5,14,10,3,1,6,12,16,2.8,1,1,3,4,9,5.6000000000000005,2.5999999999999996,50.0,66.0
Waldhof Mannheim,Tennis Borussia,0-0,https://www.besoccer.com/match/waldhof-mannheim/tennis-borussia/20007396,2000,12,2_liga,18,34,1,0,0,12,12,3,3,5,15,19,4.200000000000001,3,1,1,12,7,3,19,5,4,2,22,16,4.0,2,2,1,12,9,6.4,4.6,42.0,50.0
Fortuna Köln,Stuttgarter Kickers,1-1,https://www.besoccer.com/match/fortuna-koln/stuttgarter-kickers/20007394,2000,12,2_liga,18,34,1,1,1,13,12,3,3,5,10,15,3.2,3,1,1,7,4,10,15,4,3,4,15,19,5.0,0,1,4,5,14,5.200000000000001,0.6,60.0,52.0
Hannover 96,FC St. Pauli,1-2,https://www.besoccer.com/match/hannover-96/st-pauli/20007393,2000,12,2_liga,18,34,2,1,2,8,17,5,2,4,18,14,4.4,2,2,1,10,7,17,9,1,6,4,9,14,2.6,1,1,3,6,9,5.6,2.8,50.0,65.0
Kickers Offenbach FC,VfL Bochum,2-1,https://www.besoccer.com/match/kickers-offenbach/bochum/20007395,2000,12,2_liga,18,34,0,2,1,18,6,1,3,7,7,17,2.6000000000000005,1,0,4,3,8,11,14,4,2,5,18,19,5.6000000000000005,2,2,1,4,4,3.0,4.8,39.0,67.0
Mainz 05,Greuther Fürth,1-0,https://www.besoccer.com/match/mainz-amat/greuther-furth/20007391,2000,12,2_liga,18,34,0,1,0,9,15,3,6,2,13,13,4.2,2,3,0,7,4,7,17,4,5,2,9,7,2.2,2,1,2,6,7,5.800000000000001,3.2,61.0,51.0
B. Mönchengladbach,Energie Cottbus,2-2,https://www.besoccer.com/match/borussia-monchengla/energie-cottbus/20007392,2000,12,2_liga,18,34,1,2,2,14,11,3,2,6,14,18,2.4000000000000004,2,0,3,8,7,2,24,8,0,3,24,11,8.4,3,0,2,11,5,4.2,6.0,66.0,52.0
Karlsruher SC,Alemannia Aachen,0-0,https://www.besoccer.com/match/karlsruher-sc/alemannia-aachen/20007389,2000,12,2_liga,18,34,1,0,0,15,10,2,4,5,19,21,0.8,1,1,3,7,8,4,18,5,3,3,21,21,2.8,2,1,2,8,13,1.8000000000000003,4.0,66.0,41.0
Nürnberg,Rot-Weiß Oberhausen,2-1,https://www.besoccer.com/match/fc-nurnberg/rot-weib-oberhausen/20007390,2000,12,2_liga,18,34,0,2,1,6,17,5,2,4,18,21,2.0,4,1,0,12,6,16,10,2,4,5,10,15,3.8,0,2,3,2,6,7.0,1.4,57.0,46.0
Chemnitzer,Köln,1-3,https://www.besoccer.com/match/chemnitzer/1-fc-koln/20007388,2000,12,2_liga,18,34,2,1,3,5,18,5,3,3,16,13,5.4,3,2,0,10,4,1,24,7,3,1,23,8,7.4,2,2,1,5,5,5.800000000000001,4.800000000000001,43.0,68.0
Energie Cottbus,Alemannia Aachen,4-1,https://www.besoccer.com/match/energie-cottbus/alemannia-aachen/20007385,2000,13,2_liga,18,34,0,4,1,2,25,8,1,3,26,13,7.0,5,0,1,13,6,5,19,5,4,3,21,21,2.8000000000000003,2,2,2,8,13,7.200000000000001,3.6000000000000005,52.0,41.0
Köln,Hannover 96,3-1,https://www.besoccer.com/match/1-fc-koln/hannover-96/20007386,2000,13,2_liga,18,34,0,3,1,1,27,8,3,1,26,9,7.800000000000001,5,1,0,18,3,9,17,5,2,5,19,16,3.0000000000000004,3,0,3,8,7,8.2,3.6,68.0,50.0
Stuttgarter Kickers,Mainz 05,3-4,https://www.besoccer.com/match/stuttgarter-kickers/mainz-amat/20007387,2000,13,2_liga,18,34,2,3,4,10,16,4,4,4,16,20,4.6000000000000005,4,2,0,10,5,7,18,4,6,2,14,13,5.4,1,3,2,6,9,7.4,4.0,52.0,61.0
VfL Bochum,Fortuna Köln,3-0,https://www.besoccer.com/match/bochum/fortuna-koln/20007384,2000,13,2_liga,18,34,0,3,0,11,14,4,2,6,19,21,4.2,2,0,4,14,15,13,13,3,4,5,11,16,3.0,0,2,4,3,11,3.0,1.6,66.0,60.0
Rot-Weiß Oberhausen,Chemnitzer,1-0,https://www.besoccer.com/match/rot-weib-oberhausen/chemnitzer/20007380,2000,13,2_liga,18,34,0,1,0,17,10,2,4,6,11,17,2.6000000000000005,2,2,2,8,9,6,18,5,3,4,17,16,3.2,2,1,3,6,9,5.200000000000001,5.2,46.0,43.0
FC St. Pauli,Karlsruher SC,3-1,https://www.besoccer.com/match/st-pauli/karlsruher-sc/20007381,2000,13,2_liga,18,34,0,3,1,15,12,2,6,4,11,15,4.8,0,5,1,3,5,16,11,2,5,5,19,21,1.6,1,3,2,12,13,2.6,2.2,65.0,66.0
Tennis Borussia,Kickers Offenbach FC,0-0,https://www.besoccer.com/match/tennis-borussia/kickers-offenbach/20007382,2000,13,2_liga,18,34,1,0,0,3,20,5,5,2,22,16,3.6000000000000005,3,2,1,10,7,18,9,2,3,7,9,18,4.8,0,3,3,4,9,4.6,1.0,50.0,39.0
B. Mönchengladbach,Waldhof Mannheim,2-0,https://www.besoccer.com/match/borussia-monchengla/waldhof-mannheim/20007383,2000,13,2_liga,18,34,0,2,0,14,12,3,3,6,16,20,2.4000000000000004,2,1,3,10,9,12,13,3,4,5,15,19,3.8,0,2,4,3,12,4.0,1.0,66.0,42.0
Greuther Fürth,Nürnberg,1-1,https://www.besoccer.com/match/greuther-furth/fc-nurnberg/20007379,2000,13,2_liga,18,34,1,1,1,8,17,4,5,3,9,8,1.2000000000000002,2,4,0,3,0,4,20,6,2,4,20,22,4.2,1,1,4,6,15,4.6,0.2,51.0,57.0
Kickers Offenbach FC,B. Mönchengladbach,1-1,https://www.besoccer.com/match/kickers-offenbach/borussia-monchengla/20007376,2000,14,2_liga,18,34,1,1,1,18,10,2,4,7,9,18,4.6000000000000005,2,0,4,5,9,12,15,4,3,6,18,20,4.4,1,2,3,6,11,5.4,2.8000000000000003,39.0,66.0
Chemnitzer,Greuther Fürth,5-0,https://www.besoccer.com/match/chemnitzer/greuther-furth/20007377,2000,14,2_liga,18,34,0,5,0,7,18,5,3,5,17,17,1.6,3,2,1,11,7,8,18,4,6,3,10,9,1.8,2,1,3,6,8,3.5999999999999996,1.8000000000000003,43.0,51.0
Hannover 96,Rot-Weiß Oberhausen,1-1,https://www.besoccer.com/match/hannover-96/rot-weib-oberhausen/20007378,2000,14,2_liga,18,34,1,1,1,10,17,5,2,6,20,19,2.1999999999999997,2,2,2,11,9,16,13,3,4,6,12,17,4.6,0,2,4,3,8,4.0,1.0,49.0,46.0
Waldhof Mannheim,Energie Cottbus,2-1,https://www.besoccer.com/match/waldhof-mannheim/energie-cottbus/20007375,2000,14,2_liga,18,34,0,2,1,14,13,3,4,6,15,21,2.2,3,2,1,12,7,2,28,9,1,3,30,14,7.4,3,1,2,13,7,5.4,5.2,42.0,52.0
Mainz 05,VfL Bochum,0-1,https://www.besoccer.com/match/mainz-amat/bochum/20007371,2000,14,2_liga,18,34,2,0,1,5,21,5,6,2,18,16,6.6000000000000005,3,3,0,8,4,9,17,5,2,6,22,21,6.0,2,2,2,5,6,7.0,3.2,62.0,67.0
Alemannia Aachen,FC St. Pauli,3-1,https://www.besoccer.com/match/alemannia-aachen/st-pauli/20007372,2000,14,2_liga,18,34,0,3,1,6,19,5,4,4,22,25,1.8,3,2,1,13,8,13,15,3,6,4,14,16,6.6000000000000005,2,1,3,8,10,4.4,5.0,41.0,65.0
Fortuna Köln,Tennis Borussia,0-0,https://www.besoccer.com/match/fortuna-koln/tennis-borussia/20007373,2000,14,2_liga,18,34,1,0,0,15,13,3,4,6,11,19,1.8,3,2,1,8,5,3,21,5,6,2,22,16,3.0,2,3,1,12,9,4.2,4.0,60.0,50.0
Nürnberg,Stuttgarter Kickers,3-2,https://www.besoccer.com/match/fc-nurnberg/stuttgarter-kickers/20007374,2000,14,2_liga,18,34,0,3,2,4,21,6,3,4,21,23,3.8000000000000003,5,1,0,14,7,11,16,4,4,5,19,24,3.2,0,2,4,6,15,7.4,1.4,57.0,53.0
Karlsruher SC,Köln,0-0,https://www.besoccer.com/match/karlsruher-sc/1-fc-koln/20007370,2000,14,2_liga,18,34,1,0,0,17,11,2,5,6,20,24,1.2000000000000002,1,2,3,7,8,1,30,9,3,1,29,10,8.2,3,2,1,8,6,2.0,6.2,66.0,68.0
Tennis Borussia,Mainz 05,2-1,https://www.besoccer.com/match/tennis-borussia/mainz-amat/20007367,2000,15,2_liga,18,34,0,2,1,4,22,5,7,2,22,16,2.8,3,3,1,10,7,6,21,5,6,3,18,17,4.800000000000001,2,3,2,10,12,3.6000000000000005,5.8,50.0,61.0
Stuttgarter Kickers,Chemnitzer,2-2,https://www.besoccer.com/match/stuttgarter-kickers/chemnitzer/20007366,2000,15,2_liga,18,34,1,2,2,11,16,4,4,6,21,27,1.8000000000000003,4,2,1,13,9,7,21,6,3,5,22,17,3.6,2,1,4,6,10,5.2,3.8,53.0,43.0
Greuther Fürth,Hannover 96,0-0,https://www.besoccer.com/match/greuther-furth/hannover-96/20007368,2000,15,2_liga,18,34,1,0,0,10,18,4,6,4,10,14,1.2000000000000002,2,5,0,4,1,9,18,5,3,6,21,20,2.4000000000000004,3,0,4,9,10,3.8,2.4000000000000004,50.0,49.0
Köln,Alemannia Aachen,4-0,https://www.besoccer.com/match/1-fc-koln/alemannia-aachen/20007369,2000,15,2_liga,18,34,0,4,0,1,31,9,4,1,29,10,6.6000000000000005,6,1,0,21,4,5,22,6,4,4,25,26,3.8,2,2,3,9,17,8.600000000000001,2.0,68.0,41.0
VfL Bochum,Nürnberg,2-1,https://www.besoccer.com/match/bochum/fc-nurnberg/20007365,2000,15,2_liga,18,34,0,2,1,8,20,6,2,6,23,21,7.200000000000001,3,0,4,17,15,3,24,7,3,4,24,25,5.8,1,2,4,7,16,5.4,1.0,67.0,57.0
Kickers Offenbach FC,Waldhof Mannheim,1-1,https://www.besoccer.com/match/kickers-offenbach/waldhof-mannheim/20007364,2000,15,2_liga,18,34,1,1,1,18,11,2,5,7,10,19,4.2,2,1,4,6,10,13,16,4,4,6,17,22,4.2,0,2,5,3,14,5.2,0.6,39.0,42.0
FC St. Pauli,Energie Cottbus,1-0,https://www.besoccer.com/match/st-pauli/energie-cottbus/20007362,2000,15,2_liga,18,34,0,1,0,14,15,3,6,5,15,19,4.800000000000001,1,5,1,6,6,2,28,9,1,4,31,16,4.800000000000001,3,1,3,14,9,4.8,3.8,65.0,52.0
B. Mönchengladbach,Fortuna Köln,0-0,https://www.besoccer.com/match/borussia-monchengla/fortuna-koln/20007363,2000,15,2_liga,18,34,1,0,0,12,16,4,4,6,19,21,4.4,3,1,3,12,9,15,14,3,5,6,11,19,2.2,0,2,5,3,14,5.6000000000000005,1.2000000000000002,66.0,60.0
Rot-Weiß Oberhausen,Karlsruher SC,0-0,https://www.besoccer.com/match/rot-weib-oberhausen/karlsruher-sc/20007361,2000,15,2_liga,18,34,1,0,0,16,14,3,5,6,13,18,4.0,3,2,2,9,9,17,12,2,6,6,20,24,1.8,1,3,3,13,16,6.6,1.2000000000000002,46.0,66.0
Hannover 96,Stuttgarter Kickers,2-1,https://www.besoccer.com/match/hannover-96/stuttgarter-kickers/20007358,2000,16,2_liga,18,34,0,2,1,10,19,5,4,6,21,20,2.4000000000000004,2,3,2,12,10,12,17,4,5,6,23,29,2.0,0,2,5,8,18,3.4000000000000004,1.0,49.0,53.0
Nürnberg,Tennis Borussia,2-0,https://www.besoccer.com/match/fc-nurnberg/tennis-borussia/20007359,2000,16,2_liga,18,34,0,2,0,4,24,7,3,5,25,27,4.200000000000001,6,1,0,17,9,3,25,6,7,2,24,17,5.0,2,4,1,12,9,7.800000000000001,3.8,57.0,50.0
Chemnitzer,VfL Bochum,3-3,https://www.besoccer.com/match/chemnitzer/bochum/20007360,2000,16,2_liga,18,34,1,3,3,7,22,6,4,5,24,19,3.6000000000000005,4,2,1,16,7,5,23,7,2,6,25,22,7.800000000000001,3,2,2,6,6,5.0,5.199999999999999,43.0,67.0
Karlsruher SC,Greuther Fürth,0-1,https://www.besoccer.com/match/karlsruher-sc/greuther-furth/20007352,2000,16,2_liga,18,34,2,0,1,17,13,2,7,6,20,24,2.2,1,3,3,7,8,9,19,4,7,4,10,14,1.8,2,1,4,6,13,2.0,0.6000000000000001,66.0,50.0
Fortuna Köln,Waldhof Mannheim,1-5,https://www.besoccer.com/match/fortuna-koln/waldhof-mannheim/20007353,2000,16,2_liga,18,34,2,1,5,15,15,3,6,6,11,19,2.4000000000000004,3,3,1,8,5,14,17,4,5,6,18,23,3.8000000000000003,0,3,5,4,15,3.6000000000000005,1.4,60.0,42.0
Energie Cottbus,Kickers Offenbach FC,5-0,https://www.besoccer.com/match/energie-cottbus/kickers-offenbach/20007354,2000,16,2_liga,18,34,0,5,0,2,28,9,1,5,31,17,2.8,6,0,1,17,7,18,12,2,6,7,11,20,3.6000000000000005,0,4,3,4,9,7.800000000000001,1.6,52.0,39.0
FC St. Pauli,Köln,1-2,https://www.besoccer.com/match/st-pauli/1-fc-koln/20007355,2000,16,2_liga,18,34,2,1,2,11,18,4,6,5,16,19,6.2,2,5,1,7,6,1,34,10,4,1,33,10,7.4,3,3,1,8,6,6.6000000000000005,5.200000000000001,65.0,68.0
Mainz 05,B. Mönchengladbach,0-0,https://www.besoccer.com/match/mainz-amat/borussia-monchengla/20007356,2000,16,2_liga,18,34,1,0,0,8,21,5,6,4,19,19,3.2,3,3,1,8,5,13,17,4,5,6,19,21,4.2,1,3,3,7,12,4.800000000000001,2.8,61.0,66.0
Alemannia Aachen,Rot-Weiß Oberhausen,0-0,https://www.besoccer.com/match/alemannia-aachen/rot-weib-oberhausen/20007357,2000,16,2_liga,18,34,1,0,0,6,22,6,4,5,25,30,2.8000000000000003,4,2,1,16,9,16,15,3,6,6,13,18,3.8,0,3,4,4,9,5.8,1.6,41.0,46.0
Tennis Borussia,Chemnitzer,0-0,https://www.besoccer.com/match/tennis-borussia/chemnitzer/20007351,2000,17,2_liga,18,34,1,0,0,4,25,6,7,3,24,19,3.6000000000000005,4,3,1,12,8,7,23,6,5,5,27,22,3.5999999999999996,2,2,4,8,12,5.0,3.4000000000000004,50.0,43.0
Köln,Energie Cottbus,4-1,https://www.besoccer.com/match/1-fc-koln/energie-cottbus/20007349,2000,17,2_liga,18,34,0,4,1,1,37,11,4,1,35,11,7.800000000000001,7,1,0,25,4,2,31,10,1,5,36,17,4.4,3,1,4,14,10,9.0,2.4000000000000004,68.0,52.0
Waldhof Mannheim,Mainz 05,2-1,https://www.besoccer.com/match/waldhof-mannheim/mainz-amat/20007350,2000,17,2_liga,18,34,0,2,1,11,20,5,5,6,23,24,5.8,4,2,1,14,8,10,22,5,7,4,19,19,2.8000000000000003,2,3,3,11,14,6.8,4.0,43.0,61.0
Kickers Offenbach FC,Fortuna Köln,4-3,https://www.besoccer.com/match/kickers-offenbach/fortuna-koln/20007347,2000,17,2_liga,18,34,0,4,3,18,12,2,6,8,11,25,2.4000000000000004,2,2,4,7,11,16,15,3,6,7,12,24,1.6,0,3,5,3,14,4.8,1.8,39.0,59.0
Rot-Weiß Oberhausen,FC St. Pauli,2-2,https://www.besoccer.com/match/rot-weib-oberhausen/st-pauli/20007348,2000,17,2_liga,18,34,1,2,2,15,16,3,7,6,13,18,3.6000000000000005,3,3,2,9,9,12,18,4,6,6,17,21,4.200000000000001,2,1,4,9,13,5.4,3.6000000000000005,46.0,65.0
B. Mönchengladbach,Nürnberg,4-0,https://www.besoccer.com/match/borussia-monchengla/fc-nurnberg/20007346,2000,17,2_liga,18,34,0,4,0,13,18,4,6,6,19,21,3.8,3,2,3,12,9,3,27,8,3,5,27,27,5.8,1,2,5,8,18,4.6000000000000005,0.8,66.0,57.0
Greuther Fürth,Alemannia Aachen,1-1,https://www.besoccer.com/match/greuther-furth/alemannia-aachen/20007345,2000,17,2_liga,18,34,1,1,1,8,22,5,7,4,11,14,4.2,2,6,0,4,1,6,23,6,5,5,25,30,3.0,2,2,4,9,21,3.4000000000000004,1.0,51.0,41.0
VfL Bochum,Hannover 96,2-1,https://www.besoccer.com/match/bochum/hannover-96/20007344,2000,17,2_liga,18,34,0,2,1,5,24,7,3,6,28,25,6.4,4,0,4,19,16,9,22,6,4,6,23,21,4.4,3,1,4,9,10,7.2,2.8,67.0,50.0
Stuttgarter Kickers,Karlsruher SC,2-1,https://www.besoccer.com/match/stuttgarter-kickers/karlsruher-sc/20007343,2000,17,2_liga,18,34,0,2,1,14,17,4,5,7,24,31,1.0,4,3,1,15,11,17,13,2,7,7,20,25,1.6,1,4,3,13,16,4.2,1.4,53.0,66.0
B. Mönchengladbach,Chemnitzer,1-0,https://www.besoccer.com/match/borussia-monchengla/chemnitzer/20007340,2000,18,2_liga,18,34,0,1,0,12,21,5,6,6,23,21,5.4,4,2,3,16,9,7,24,6,6,5,27,22,3.6000000000000005,2,3,4,8,12,6.0,2.8,66.0,43.0
Stuttgarter Kickers,Alemannia Aachen,1-2,https://www.besoccer.com/match/stuttgarter-kickers/alemannia-aachen/20007341,2000,18,2_liga,18,34,2,1,2,13,20,5,5,7,26,32,3.6,5,3,1,17,12,6,24,6,6,5,26,31,3.0,2,3,4,10,22,5.6000000000000005,1.6,53.0,41.0
Waldhof Mannheim,Nürnberg,2-1,https://www.besoccer.com/match/waldhof-mannheim/fc-nurnberg/20007342,2000,18,2_liga,18,34,0,2,1,9,23,6,5,6,25,25,7.200000000000001,5,2,1,16,9,3,27,8,3,6,27,31,3.8000000000000007,1,2,6,8,22,7.800000000000001,0.6,43.0,57.0
Kickers Offenbach FC,Mainz 05,2-2,https://www.besoccer.com/match/kickers-offenbach/mainz-amat/20007339,2000,18,2_liga,18,34,1,2,2,17,15,3,6,8,15,28,4.2,3,2,4,11,14,10,22,5,7,5,20,21,1.4000000000000001,2,3,4,12,16,6.2,2.4,40.0,61.0
Fortuna Köln,Energie Cottbus,2-0,https://www.besoccer.com/match/fortuna-koln/energie-cottbus/20007335,2000,18,2_liga,18,34,0,2,0,16,15,3,6,8,15,28,1.0,3,3,2,9,10,2,31,10,1,6,37,21,3.0000000000000004,3,1,5,15,14,2.4000000000000004,1.0,59.0,52.0
Tennis Borussia,Hannover 96,2-1,https://www.besoccer.com/match/tennis-borussia/hannover-96/20007336,2000,18,2_liga,18,34,0,2,1,5,26,6,8,3,24,19,3.4,4,4,1,12,8,11,22,6,4,7,24,23,3.4000000000000004,3,1,5,10,12,4.4,2.0,50.0,50.0
Greuther Fürth,FC St. Pauli,0-0,https://www.besoccer.com/match/greuther-furth/st-pauli/20007337,2000,18,2_liga,18,34,1,0,0,8,23,5,8,4,12,15,4.2,2,7,0,5,2,14,19,4,7,6,19,23,3.4,2,2,4,11,15,3.0,3.1999999999999997,50.0,65.0
Rot-Weiß Oberhausen,Köln,1-0,https://www.besoccer.com/match/rot-weib-oberhausen/1-fc-koln/20007338,2000,18,2_liga,18,34,0,1,0,15,17,3,8,6,15,20,3.4000000000000004,3,4,2,11,11,1,40,12,4,1,39,12,8.2,4,3,1,10,7,4.6,6.6,46.0,68.0
VfL Bochum,Karlsruher SC,2-1,https://www.besoccer.com/match/bochum/karlsruher-sc/20007334,2000,18,2_liga,18,34,0,2,1,4,27,8,3,6,30,26,7.4,5,0,4,21,17,18,13,2,7,8,21,27,1.0,1,4,4,14,18,8.4,1.0,67.0,66.0
Nürnberg,Kickers Offenbach FC,1-1,https://www.besoccer.com/match/fc-nurnberg/kickers-offenbach/20007331,2000,19,2_liga,18,34,1,1,1,5,27,8,3,7,28,33,2.4,7,1,0,19,9,17,16,3,7,8,17,30,4.0,0,4,4,4,14,8.2,1.0,57.0,40.0
Chemnitzer,Waldhof Mannheim,0-0,https://www.besoccer.com/match/chemnitzer/waldhof-mannheim/20007332,2000,19,2_liga,18,34,1,0,0,9,24,6,6,6,27,23,2.4000000000000004,4,3,1,19,10,7,26,7,5,6,27,26,8.2,1,3,5,9,16,4.4,4.0,43.0,43.0
Köln,Greuther Fürth,2-2,https://www.besoccer.com/match/1-fc-koln/greuther-furth/20007333,2000,19,2_liga,18,34,1,2,2,1,40,12,4,2,39,13,5.6000000000000005,8,1,0,29,5,10,24,5,9,4,12,15,4.0,3,1,4,7,13,9.0,3.0,68.0,51.0
Hannover 96,B. Mönchengladbach,2-3,https://www.besoccer.com/match/hannover-96/borussia-monchengla/20007330,2000,19,2_liga,18,34,2,2,3,12,22,6,4,8,25,25,2.4,3,3,2,14,11,8,24,6,6,6,24,21,6.6000000000000005,1,4,3,7,12,4.8,2.6,49.0,66.0
Alemannia Aachen,VfL Bochum,0-1,https://www.besoccer.com/match/alemannia-aachen/bochum/20007326,2000,19,2_liga,18,34,2,0,1,6,27,7,6,5,28,32,5.0,4,3,1,16,9,3,30,9,3,6,32,27,7.800000000000001,3,3,2,9,9,4.800000000000001,4.800000000000001,41.0,67.0
Karlsruher SC,Tennis Borussia,0-0,https://www.besoccer.com/match/karlsruher-sc/tennis-borussia/20007327,2000,19,2_liga,18,34,1,0,0,18,13,2,7,9,22,29,0.6000000000000001,1,3,4,7,9,4,29,7,8,3,26,20,5.2,2,4,2,12,11,1.4,2.6000000000000005,66.0,50.0
Mainz 05,Fortuna Köln,0-0,https://www.besoccer.com/match/mainz-amat/fortuna-koln/20007328,2000,19,2_liga,18,34,1,0,0,11,23,5,8,5,22,23,1.6,3,4,1,8,5,16,18,4,6,8,17,28,3.6,0,3,6,6,18,3.8,1.2000000000000002,61.0,59.0
FC St. Pauli,Stuttgarter Kickers,2-1,https://www.besoccer.com/match/st-pauli/stuttgarter-kickers/20007329,2000,19,2_liga,18,34,0,2,1,14,20,4,8,6,19,23,3.0,2,5,2,8,8,13,20,5,5,8,27,34,2.8000000000000003,0,2,6,9,20,4.800000000000001,0.6,65.0,53.0
Energie Cottbus,Rot-Weiß Oberhausen,0-1,https://www.besoccer.com/match/energie-cottbus/rot-weib-oberhausen/20007325,2000,19,2_liga,18,34,2,0,1,2,31,10,1,7,37,23,1.7999999999999998,7,0,1,22,7,15,20,4,8,6,16,20,5.0,0,4,4,4,9,8.4,2.2,52.0,46.0
Kickers Offenbach FC,Chemnitzer,2-0,https://www.besoccer.com/match/kickers-offenbach/chemnitzer/20007322,2000,20,2_liga,18,34,0,2,0,17,17,3,8,8,18,31,3.8,3,3,4,13,16,10,25,6,7,6,27,23,2.2,2,3,5,8,13,5.0,1.6,40.0,43.0
Tennis Borussia,Alemannia Aachen,1-2,https://www.besoccer.com/match/tennis-borussia/alemannia-aachen/20007323,2000,20,2_liga,18,34,2,1,2,4,30,7,9,3,26,20,4.6000000000000005,5,4,1,14,9,6,27,7,6,6,28,33,3.4000000000000004,3,3,4,12,23,6.2,4.0,50.0,41.0
VfL Bochum,FC St. Pauli,2-0,https://www.besoccer.com/match/bochum/st-pauli/20007324,2000,20,2_liga,18,34,0,2,0,2,33,10,3,6,33,27,8.2,6,0,4,23,18,12,23,5,8,6,21,24,5.0,2,3,4,11,15,9.0,3.2,67.0,65.0
Mainz 05,Energie Cottbus,1-0,https://www.besoccer.com/match/mainz-amat/energie-cottbus/20007321,2000,20,2_liga,18,34,0,1,0,11,24,5,9,5,22,23,2.2,3,5,1,8,5,3,31,10,1,8,37,24,1.2000000000000002,3,1,6,15,16,3.2,0.2,61.0,52.0
Stuttgarter Kickers,Köln,1-2,https://www.besoccer.com/match/stuttgarter-kickers/1-fc-koln/20007318,2000,20,2_liga,18,34,2,1,2,15,20,5,5,9,28,36,1.9999999999999998,5,3,2,18,14,1,41,12,5,2,41,15,4.6,4,3,2,10,8,3.6000000000000005,4.4,53.0,68.0
Waldhof Mannheim,Hannover 96,2-2,https://www.besoccer.com/match/waldhof-mannheim/hannover-96/20007317,2000,20,2_liga,18,34,1,2,2,7,27,7,6,6,27,26,6.6000000000000005,6,2,1,18,10,14,22,6,4,9,27,28,1.4000000000000001,3,1,6,11,14,8.2,1.2000000000000002,43.0,49.0
Fortuna Köln,Nürnberg,1-1,https://www.besoccer.com/match/fortuna-koln/fc-nurnberg/20007319,2000,20,2_liga,18,34,1,1,1,16,19,4,7,8,17,28,3.6000000000000005,4,3,2,11,10,5,28,8,4,7,29,34,2.2,1,2,7,9,24,4.2,0.4,59.0,57.0
Greuther Fürth,Rot-Weiß Oberhausen,0-1,https://www.besoccer.com/match/greuther-furth/rot-weib-oberhausen/20007320,2000,20,2_liga,18,34,2,0,1,9,25,5,10,4,14,17,3.8,2,8,0,5,2,13,23,5,8,6,17,20,6.6000000000000005,1,4,4,5,9,3.0,4.6,51.0,46.0
B. Mönchengladbach,Karlsruher SC,4-1,https://www.besoccer.com/match/borussia-monchengla/karlsruher-sc/20007316,2000,20,2_liga,18,34,0,4,1,8,27,7,6,6,27,23,7.800000000000001,5,2,3,17,9,18,14,2,8,9,22,29,1.2,1,4,5,15,20,7.4,0.6,66.0,66.0
Energie Cottbus,Greuther Fürth,4-2,https://www.besoccer.com/match/energie-cottbus/greuther-furth/20007313,2000,21,2_liga,18,34,0,4,2,3,31,10,1,9,37,25,0.6000000000000001,7,0,2,22,8,12,25,5,10,5,14,18,2.4000000000000004,3,2,4,9,15,6.0,3.4000000000000004,52.0,50.0
Alemannia Aachen,B. Mönchengladbach,1-1,https://www.besoccer.com/match/alemannia-aachen/borussia-monchengla/20007312,2000,21,2_liga,18,34,1,1,1,5,30,8,6,6,30,34,5.4,4,3,2,16,10,6,30,8,6,6,31,24,8.600000000000001,2,4,3,10,14,3.2,4.8,42.0,67.0
Chemnitzer,Fortuna Köln,2-1,https://www.besoccer.com/match/chemnitzer/fortuna-koln/20007314,2000,21,2_liga,18,34,0,2,1,11,25,6,7,7,27,25,1.4000000000000001,4,4,1,19,10,16,20,4,8,8,18,29,3.5999999999999996,0,4,6,6,18,3.8,1.8,43.0,59.0
Köln,VfL Bochum,3-0,https://www.besoccer.com/match/1-fc-koln/bochum/20007315,2000,21,2_liga,18,34,0,3,0,1,44,13,5,2,43,16,5.6000000000000005,8,2,0,31,7,2,36,11,3,6,35,27,8.600000000000001,4,3,2,10,9,7.0,6.2,68.0,67.0
Nürnberg,Mainz 05,2-0,https://www.besoccer.com/match/fc-nurnberg/mainz-amat/20007311,2000,21,2_liga,18,34,0,2,0,7,29,8,5,7,30,35,2.4000000000000004,7,2,0,20,10,9,27,6,9,5,23,23,4.6,2,4,4,14,18,6.6000000000000005,2.4000000000000004,57.0,61.0
FC St. Pauli,Tennis Borussia,1-1,https://www.besoccer.com/match/st-pauli/tennis-borussia/20007309,2000,21,2_liga,18,34,1,1,1,13,23,5,8,7,21,26,3.4000000000000004,3,5,2,10,9,4,30,7,9,4,27,22,3.0,2,5,2,12,11,6.2,2.6,65.0,50.0
Rot-Weiß Oberhausen,Stuttgarter Kickers,2-2,https://www.besoccer.com/match/rot-weib-oberhausen/stuttgarter-kickers/20007308,2000,21,2_liga,18,34,1,2,2,10,26,6,8,6,18,20,7.800000000000001,4,4,2,12,11,15,20,5,5,10,29,38,1.2000000000000002,0,2,7,10,22,5.8,0.4,47.0,53.0
Hannover 96,Kickers Offenbach FC,1-1,https://www.besoccer.com/match/hannover-96/kickers-offenbach/20007310,2000,21,2_liga,18,34,1,1,1,14,23,6,5,9,29,30,1.6,3,3,3,16,14,17,20,4,8,8,20,31,5.6000000000000005,0,5,4,5,15,3.2,1.6,49.0,40.0
Karlsruher SC,Waldhof Mannheim,1-1,https://www.besoccer.com/match/karlsruher-sc/waldhof-mannheim/20007307,2000,21,2_liga,18,34,1,1,1,18,14,2,8,10,23,33,0.8,1,4,4,7,9,8,28,7,7,6,29,28,5.4,1,4,5,9,16,2.0,4.0,65.0,43.0
Nürnberg,Energie Cottbus,1-1,https://www.besoccer.com/match/fc-nurnberg/energie-cottbus/20007304,2000,22,2_liga,18,34,1,1,1,4,32,9,5,7,32,35,4.4,8,2,0,22,10,3,34,11,1,9,41,27,3.0,3,1,7,15,17,7.4,0.0,57.0,52.0
B. Mönchengladbach,FC St. Pauli,2-1,https://www.besoccer.com/match/borussia-monchengla/st-pauli/20007305,2000,22,2_liga,18,34,0,2,1,7,31,8,7,6,32,25,7.0,6,2,3,21,10,13,24,5,9,7,22,27,3.4,2,3,5,11,17,8.2,2.0,67.0,65.0
Mainz 05,Chemnitzer,5-0,https://www.besoccer.com/match/mainz-amat/chemnitzer/20007306,2000,22,2_liga,18,34,0,5,0,11,27,6,9,6,23,25,3.4000000000000004,4,5,1,9,5,9,28,7,7,7,29,26,3.8,2,3,6,8,15,5.0,1.0,61.0,43.0
Kickers Offenbach FC,Karlsruher SC,1-0,https://www.besoccer.com/match/kickers-offenbach/karlsruher-sc/20007303,2000,22,2_liga,18,34,0,1,0,16,21,4,9,8,21,32,5.0,4,3,4,15,16,18,15,2,9,10,24,34,1.6,1,4,6,16,24,6.2,0.4,40.0,65.0
Waldhof Mannheim,Alemannia Aachen,1-1,https://www.besoccer.com/match/waldhof-mannheim/alemannia-aachen/20007300,2000,22,2_liga,18,34,1,1,1,8,29,7,8,6,30,29,4.2,6,3,1,20,12,6,31,8,7,6,31,35,4.800000000000001,4,3,4,14,24,6.6000000000000005,6.0,43.0,42.0
VfL Bochum,Rot-Weiß Oberhausen,1-0,https://www.besoccer.com/match/bochum/rot-weib-oberhausen/20007299,2000,22,2_liga,18,34,0,1,0,2,36,11,3,7,35,30,6.0,7,0,4,25,18,10,27,6,9,6,20,22,6.6000000000000005,2,4,4,6,9,9.0,6.4,67.0,47.0
Fortuna Köln,Hannover 96,1-1,https://www.besoccer.com/match/fortuna-koln/hannover-96/20007301,2000,22,2_liga,18,34,1,1,1,17,20,4,8,9,19,31,2.6000000000000005,4,4,2,12,11,14,24,6,6,9,30,31,1.8,3,2,6,13,16,4.0,1.4,59.0,49.0
Stuttgarter Kickers,Greuther Fürth,1-5,https://www.besoccer.com/match/stuttgarter-kickers/greuther-furth/20007302,2000,22,2_liga,18,34,2,1,5,15,21,5,6,10,31,40,1.6,5,3,3,19,16,12,25,5,10,6,16,22,1.2000000000000002,3,2,5,11,19,2.1999999999999997,2.5999999999999996,53.0,50.0
Tennis Borussia,Köln,2-0,https://www.besoccer.com/match/tennis-borussia/1-fc-koln/20007298,2000,22,2_liga,18,34,0,2,0,5,31,7,10,4,28,23,3.0,5,4,2,15,11,1,47,14,5,2,46,16,6.6000000000000005,5,3,2,12,9,4.4,5.8,50.0,68.0
FC St. Pauli,Waldhof Mannheim,1-1,https://www.besoccer.com/match/st-pauli/waldhof-mannheim/20007297,2000,23,2_liga,18,34,1,1,1,14,24,5,9,8,23,29,2.2,3,6,2,11,10,8,30,7,9,6,31,30,3.4000000000000004,1,5,5,10,17,5.200000000000001,4.0,64.0,43.0
Hannover 96,Mainz 05,2-1,https://www.besoccer.com/match/hannover-96/mainz-amat/20007296,2000,23,2_liga,18,34,0,2,1,13,25,6,7,9,31,32,2.4,3,4,3,17,15,9,30,7,9,6,28,25,5.4,2,4,5,14,20,3.1999999999999997,1.4000000000000001,49.0,61.0
Greuther Fürth,VfL Bochum,2-2,https://www.besoccer.com/match/greuther-furth/bochum/20007295,2000,23,2_liga,18,34,1,2,2,10,28,6,10,6,21,23,3.6,2,8,1,5,3,2,39,12,3,7,36,30,6.6,4,3,3,10,12,2.0,4.200000000000001,51.0,67.0
Energie Cottbus,Stuttgarter Kickers,1-0,https://www.besoccer.com/match/energie-cottbus/stuttgarter-kickers/20007293,2000,23,2_liga,18,34,0,1,0,3,35,11,2,9,42,28,3.4000000000000004,8,0,2,26,10,16,21,5,6,11,32,45,0.8,0,3,7,12,24,6.6,1.2,52.0,53.0
Karlsruher SC,Fortuna Köln,2-1,https://www.besoccer.com/match/karlsruher-sc/fortuna-koln/20007291,2000,23,2_liga,18,34,0,2,1,18,15,2,9,11,24,35,1.2000000000000002,1,5,4,8,10,17,21,4,9,9,20,32,2.6,0,4,7,7,20,2.4000000000000004,1.2000000000000002,65.0,59.0
Rot-Weiß Oberhausen,Tennis Borussia,3-0,https://www.besoccer.com/match/rot-weib-oberhausen/tennis-borussia/20007292,2000,23,2_liga,18,34,0,3,0,12,27,6,9,7,20,23,4.4,4,5,2,14,13,4,34,8,10,4,30,23,4.8,2,6,2,13,12,5.0,2.4000000000000004,47.0,50.0
Alemannia Aachen,Kickers Offenbach FC,2-1,https://www.besoccer.com/match/alemannia-aachen/kickers-offenbach/20007294,2000,23,2_liga,18,34,0,2,1,7,32,8,8,6,32,36,4.2,4,4,2,17,11,15,24,5,9,8,22,32,6.2,0,6,4,6,16,2.8000000000000003,2.2,42.0,40.0
Köln,B. Mönchengladbach,1-1,https://www.besoccer.com/match/1-fc-koln/borussia-monchengla/20007290,2000,23,2_liga,18,34,1,1,1,1,47,14,5,3,46,18,4.6,9,2,0,34,7,5,34,9,7,6,34,26,7.4,2,5,3,11,15,7.4,4.6000000000000005,68.0,67.0
Chemnitzer,Nürnberg,1-1,https://www.besoccer.com/match/chemnitzer/fc-nurnberg/20007289,2000,23,2_liga,18,34,1,1,1,11,28,7,7,8,29,31,2.8000000000000003,5,4,1,21,11,6,33,9,6,7,33,36,4.4,1,3,7,10,25,5.6000000000000005,1.2,43.0,57.0
Nürnberg,Hannover 96,5-1,https://www.besoccer.com/match/fc-nurnberg/hannover-96/20007288,2000,24,2_liga,18,34,0,5,1,7,34,9,7,7,34,37,4.2,8,3,0,23,11,13,28,7,7,9,33,33,4.8,3,3,6,14,17,5.800000000000001,2.0,57.0,50.0
Kickers Offenbach FC,FC St. Pauli,0-1,https://www.besoccer.com/match/kickers-offenbach/st-pauli/20007286,2000,24,2_liga,18,34,2,0,1,15,24,5,9,9,23,34,4.4,5,3,4,16,16,14,25,5,10,8,24,30,2.2,2,3,6,12,19,7.4,1.0,40.0,64.0
Tennis Borussia,Greuther Fürth,3-1,https://www.besoccer.com/match/tennis-borussia/greuther-furth/20007287,2000,24,2_liga,18,34,0,3,1,6,34,8,10,5,30,26,3.2,6,4,2,17,11,11,29,6,11,6,23,25,3.6000000000000005,4,2,5,16,20,5.8,4.800000000000001,50.0,51.0
VfL Bochum,Stuttgarter Kickers,2-1,https://www.besoccer.com/match/bochum/stuttgarter-kickers/20007285,2000,24,2_liga,18,34,0,2,1,2,40,12,4,7,38,32,5.200000000000001,8,0,4,26,18,16,21,5,6,12,32,46,0.6,0,3,8,12,25,9.0,0.8,67.0,53.0
B. Mönchengladbach,Rot-Weiß Oberhausen,4-2,https://www.besoccer.com/match/borussia-monchengla/rot-weib-oberhausen/20007284,2000,24,2_liga,18,34,0,4,2,4,35,9,8,6,35,27,5.800000000000001,7,2,3,23,11,9,30,7,9,7,23,23,5.4,2,4,5,6,10,8.600000000000001,4.800000000000001,67.0,47.0
Fortuna Köln,Alemannia Aachen,0-0,https://www.besoccer.com/match/fortuna-koln/alemannia-aachen/20007281,2000,24,2_liga,18,34,1,0,0,17,21,4,9,10,21,34,1.4000000000000001,4,5,2,13,12,5,35,9,8,6,34,37,5.6000000000000005,4,4,4,15,25,3.8,5.6,59.0,42.0
Mainz 05,Karlsruher SC,2-2,https://www.besoccer.com/match/mainz-amat/karlsruher-sc/20007282,2000,24,2_liga,18,34,1,2,2,10,30,7,9,7,29,27,3.8000000000000007,5,5,1,14,5,18,18,3,9,11,26,36,3.8,1,4,7,16,25,6.4,0.2,61.0,65.0
Waldhof Mannheim,Köln,2-1,https://www.besoccer.com/match/waldhof-mannheim/1-fc-koln/20007283,2000,24,2_liga,18,34,0,2,1,8,31,7,10,6,32,31,3.0,6,4,1,21,13,1,48,14,6,3,47,19,4.2,5,3,3,12,11,5.4,3.8000000000000007,44.0,68.0
Chemnitzer,Energie Cottbus,1-2,https://www.besoccer.com/match/chemnitzer/energie-cottbus/20007280,2000,24,2_liga,18,34,2,1,2,12,29,7,8,8,30,32,3.0,5,5,1,22,12,3,38,12,2,9,43,28,5.6,3,2,7,16,18,5.0,1.0,43.0,52.0
Hannover 96,Chemnitzer,2-0,https://www.besoccer.com/match/hannover-96/chemnitzer/20007277,2000,25,2_liga,18,34,0,2,0,13,28,7,7,10,34,38,3.6000000000000005,4,4,3,19,16,12,29,7,8,9,31,34,2.0,2,3,7,8,20,5.2,0.6000000000000001,49.0,43.0
Stuttgarter Kickers,Tennis Borussia,2-0,https://www.besoccer.com/match/stuttgarter-kickers/tennis-borussia/20007278,2000,25,2_liga,18,34,0,2,0,17,21,5,6,13,33,48,0.4,5,3,4,20,21,5,37,9,10,5,33,27,5.199999999999999,2,6,3,13,15,1.4000000000000001,1.6,53.0,50.0
Rot-Weiß Oberhausen,Waldhof Mannheim,1-1,https://www.besoccer.com/match/rot-weib-oberhausen/waldhof-mannheim/20007279,2000,25,2_liga,18,34,1,1,1,10,30,7,9,8,25,27,3.4000000000000004,5,5,2,17,13,8,34,8,10,6,34,32,5.0,1,6,5,11,18,6.2,3.8,47.0,44.0
Köln,Kickers Offenbach FC,1-1,https://www.besoccer.com/match/1-fc-koln/kickers-offenbach/20007276,2000,25,2_liga,18,34,1,1,1,1,48,14,6,4,48,21,2.6000000000000005,9,3,0,35,8,15,24,5,9,10,23,35,2.8,0,6,5,7,18,5.800000000000001,1.6,68.0,40.0
Alemannia Aachen,Mainz 05,1-0,https://www.besoccer.com/match/alemannia-aachen/mainz-amat/20007272,2000,25,2_liga,18,34,0,1,0,7,36,9,9,6,34,37,5.0,5,4,2,19,12,9,31,7,10,7,31,29,3.4,2,4,6,15,22,4.8,0.6,42.0,61.0
FC St. Pauli,Fortuna Köln,0-0,https://www.besoccer.com/match/st-pauli/fortuna-koln/20007273,2000,25,2_liga,18,34,1,0,0,14,28,6,10,8,25,30,4.2,3,7,2,12,11,16,22,4,10,10,21,34,1.8,0,4,8,8,22,4.2,0.8,64.0,59.0
Karlsruher SC,Nürnberg,0-1,https://www.besoccer.com/match/karlsruher-sc/fc-nurnberg/20007274,2000,25,2_liga,18,34,2,0,1,18,19,3,10,11,28,38,3.8000000000000003,2,5,4,10,11,6,37,10,7,7,39,38,5.8,1,4,7,11,26,4.6,1.8,65.0,57.0
Greuther Fürth,B. Mönchengladbach,1-1,https://www.besoccer.com/match/greuther-furth/borussia-monchengla/20007275,2000,25,2_liga,18,34,1,1,1,11,29,6,11,7,24,28,2.5999999999999996,2,9,1,7,5,4,38,10,8,6,39,29,6.6,2,6,3,12,16,2.2,4.2,50.0,67.0
Energie Cottbus,VfL Bochum,1-1,https://www.besoccer.com/match/energie-cottbus/bochum/20007271,2000,25,2_liga,18,34,1,1,1,3,41,13,2,9,45,29,7.200000000000001,9,0,2,27,10,2,43,13,4,7,40,33,6.2,4,4,3,12,14,7.200000000000001,3.8,52.0,67.0
Hannover 96,Energie Cottbus,3-2,https://www.besoccer.com/match/hannover-96/energie-cottbus/20007268,2000,26,2_liga,18,34,0,3,2,9,31,8,7,10,36,38,5.4,5,4,3,21,16,3,42,13,3,9,46,30,6.2,4,2,7,18,19,6.6000000000000005,3.8,50.0,52.0
Nürnberg,Alemannia Aachen,3-1,https://www.besoccer.com/match/fc-nurnberg/alemannia-aachen/20007269,2000,26,2_liga,18,34,0,3,1,4,40,11,7,7,40,38,7.0,9,3,0,28,12,6,39,10,9,6,35,37,6.2,4,5,4,15,25,6.6,5.0,57.0,42.0
Mainz 05,FC St. Pauli,1-1,https://www.besoccer.com/match/mainz-amat/st-pauli/20007270,2000,26,2_liga,18,34,1,1,1,11,31,7,10,8,31,30,2.0,5,6,1,16,7,14,29,6,11,8,25,30,4.2,3,3,6,13,19,5.800000000000001,3.6,61.0,64.0
B. Mönchengladbach,Stuttgarter Kickers,1-1,https://www.besoccer.com/match/borussia-monchengla/stuttgarter-kickers/20007267,2000,26,2_liga,18,34,1,1,1,5,39,10,9,6,40,30,5.4,8,2,3,27,13,16,24,6,6,13,35,48,3.2,0,3,9,13,27,9.0,0.6,67.0,53.0
Fortuna Köln,Köln,4-1,https://www.besoccer.com/match/fortuna-koln/1-fc-koln/20007264,2000,26,2_liga,18,34,0,4,1,17,23,4,11,10,21,34,2.2,4,6,2,13,12,1,49,14,7,4,49,22,2.2,5,3,4,13,13,3.6000000000000005,2.4,59.0,68.0
Waldhof Mannheim,Greuther Fürth,3-3,https://www.besoccer.com/match/waldhof-mannheim/greuther-furth/20007263,2000,26,2_liga,18,34,1,3,3,8,35,8,11,6,35,33,4.6000000000000005,7,4,1,23,14,12,30,6,12,7,25,29,2.8000000000000003,4,2,6,17,23,6.2,3.4000000000000004,44.0,50.0
Kickers Offenbach FC,Rot-Weiß Oberhausen,2-1,https://www.besoccer.com/match/kickers-offenbach/rot-weib-oberhausen/20007265,2000,26,2_liga,18,34,0,2,1,15,25,5,10,10,24,36,2.4000000000000004,5,3,5,16,17,10,31,7,10,8,26,28,3.0,2,4,6,8,14,5.2,3.2,40.0,47.0
Chemnitzer,Karlsruher SC,3-1,https://www.besoccer.com/match/chemnitzer/karlsruher-sc/20007266,2000,26,2_liga,18,34,0,3,1,13,29,7,8,10,31,36,1.2000000000000002,5,5,2,23,14,18,19,3,10,12,28,39,2.8,1,5,7,18,27,3.2,1.0,43.0,65.0
Tennis Borussia,VfL Bochum,0-4,https://www.besoccer.com/match/tennis-borussia/bochum/20007262,2000,26,2_liga,18,34,2,0,4,7,37,9,10,6,33,29,3.8000000000000007,7,4,2,20,12,2,44,13,5,7,41,34,5.200000000000001,4,5,3,13,15,6.800000000000001,3.2,50.0,67.0
Alemannia Aachen,Chemnitzer,0-1,https://www.besoccer.com/match/alemannia-aachen/chemnitzer/20007259,2000,27,2_liga,18,34,2,0,1,6,39,10,9,7,36,40,4.4,6,4,2,20,12,10,32,8,8,10,34,37,3.4,2,3,8,8,22,6.2,0.2,42.0,43.0
FC St. Pauli,Nürnberg,0-0,https://www.besoccer.com/match/st-pauli/fc-nurnberg/20007260,2000,27,2_liga,18,34,1,0,0,14,30,6,12,8,26,31,4.0,3,8,2,12,11,3,43,12,7,7,43,39,7.800000000000001,2,4,7,12,26,3.6000000000000005,4.4,64.0,57.0
Stuttgarter Kickers,Waldhof Mannheim,3-0,https://www.besoccer.com/match/stuttgarter-kickers/waldhof-mannheim/20007261,2000,27,2_liga,18,34,0,3,0,17,25,6,7,13,36,49,3.4000000000000004,6,3,4,22,21,8,36,8,12,6,38,36,4.2,1,7,5,12,19,3.6,3.4000000000000004,53.0,44.0
Energie Cottbus,Tennis Borussia,2-0,https://www.besoccer.com/match/energie-cottbus/tennis-borussia/20007258,2000,27,2_liga,18,34,0,2,0,4,42,13,3,10,48,33,4.0,9,1,2,28,11,7,37,9,10,7,33,33,2.4,2,6,4,13,17,5.800000000000001,1.0,52.0,50.0
Köln,Mainz 05,1-0,https://www.besoccer.com/match/1-fc-koln/mainz-amat/20007256,2000,27,2_liga,18,34,0,1,0,1,49,14,7,5,50,26,1.2000000000000002,9,4,0,36,9,11,32,7,11,8,32,31,2.2,2,4,7,15,23,4.6,0.4,67.0,61.0
Greuther Fürth,Kickers Offenbach FC,1-1,https://www.besoccer.com/match/greuther-furth/kickers-offenbach/20007254,2000,27,2_liga,18,34,1,1,1,13,31,6,13,7,28,32,2.8,2,10,1,8,6,15,28,6,10,10,26,37,4.4,0,7,5,8,19,2.4000000000000004,2.0,50.0,41.0
Karlsruher SC,Hannover 96,1-3,https://www.besoccer.com/match/karlsruher-sc/hannover-96/20007255,2000,27,2_liga,18,34,2,1,3,18,19,3,10,13,29,42,1.8000000000000003,2,5,5,10,12,9,34,9,7,10,39,40,6.800000000000001,3,3,7,15,22,3.4000000000000004,1.4,65.0,50.0
Rot-Weiß Oberhausen,Fortuna Köln,4-0,https://www.besoccer.com/match/rot-weib-oberhausen/fortuna-koln/20007257,2000,27,2_liga,18,34,0,4,0,12,31,7,10,9,27,30,2.0,5,6,2,18,14,16,26,5,11,10,25,35,4.6,0,5,8,8,22,5.4,1.4,47.0,59.0
VfL Bochum,B. Mönchengladbach,2-2,https://www.besoccer.com/match/bochum/borussia-monchengla/20007253,2000,27,2_liga,18,34,1,2,2,2,47,14,5,7,45,34,6.6,9,0,4,28,19,5,40,10,10,6,41,31,4.6,2,7,3,13,17,9.0,3.8,67.0,67.0
Nürnberg,Köln,1-1,https://www.besoccer.com/match/fc-nurnberg/1-fc-koln/20007250,2000,28,2_liga,18,34,1,1,1,4,44,12,8,7,43,39,6.6000000000000005,10,3,0,31,13,1,52,15,7,5,51,26,3.8,5,3,5,14,17,7.4,1.2000000000000002,57.0,67.0
Mainz 05,Rot-Weiß Oberhausen,1-1,https://www.besoccer.com/match/mainz-amat/rot-weib-oberhausen/20007251,2000,28,2_liga,18,34,1,1,1,12,32,7,11,9,32,32,1.2000000000000002,5,7,1,17,8,11,34,8,10,9,31,30,4.2,2,4,7,9,16,5.0,1.8000000000000003,61.0,47.0
Hannover 96,Alemannia Aachen,3-1,https://www.besoccer.com/match/hannover-96/alemannia-aachen/20007252,2000,28,2_liga,18,34,0,3,1,8,37,10,7,10,42,41,7.800000000000001,6,4,3,24,18,6,39,10,9,8,36,41,2.8,4,5,5,16,28,7.6,3.2,50.0,42.0
Waldhof Mannheim,VfL Bochum,4-2,https://www.besoccer.com/match/waldhof-mannheim/bochum/20007248,2000,28,2_liga,18,34,0,4,2,9,36,8,12,7,38,39,2.8,7,5,1,26,17,2,48,14,6,7,47,36,5.4,5,5,3,17,15,5.0,5.0,44.0,67.0
B. Mönchengladbach,Tennis Borussia,4-2,https://www.besoccer.com/match/borussia-monchengla/tennis-borussia/20007249,2000,28,2_liga,18,34,0,4,2,5,41,10,11,6,43,33,3.8,8,3,3,28,14,7,37,9,10,8,33,35,1.2000000000000002,2,6,5,13,19,7.0,0.6000000000000001,67.0,50.0
Karlsruher SC,Energie Cottbus,1-0,https://www.besoccer.com/match/karlsruher-sc/energie-cottbus/20007245,2000,28,2_liga,18,34,0,1,0,18,19,3,10,14,30,45,1.0,2,5,6,11,15,3,45,14,3,10,50,33,5.4,4,2,8,20,22,2.4,3.0000000000000004,65.0,52.0
Fortuna Köln,Greuther Fürth,0-1,https://www.besoccer.com/match/fortuna-koln/greuther-furth/20007246,2000,28,2_liga,18,34,2,0,1,17,26,5,11,11,25,39,3.4000000000000004,5,6,2,17,13,13,32,6,14,7,29,33,2.6,4,3,6,20,26,5.4,3.0,59.0,50.0
Kickers Offenbach FC,Stuttgarter Kickers,0-4,https://www.besoccer.com/match/kickers-offenbach/stuttgarter-kickers/20007247,2000,28,2_liga,18,34,2,0,4,15,29,6,11,10,27,38,4.0,6,3,5,18,18,16,28,7,7,13,39,49,5.6,0,4,9,14,28,6.2,1.4,41.0,53.0
Chemnitzer,FC St. Pauli,1-3,https://www.besoccer.com/match/chemnitzer/st-pauli/20007244,2000,28,2_liga,18,34,2,1,3,10,35,9,8,10,35,37,5.6000000000000005,6,5,2,26,15,14,31,6,13,8,26,31,3.8,3,4,6,14,20,5.0,3.6000000000000005,43.0,64.0
VfL Bochum,Kickers Offenbach FC,6-1,https://www.besoccer.com/match/bochum/kickers-offenbach/20007241,2000,29,2_liga,18,34,0,6,1,2,48,14,6,8,49,40,3.5999999999999996,9,1,4,30,21,16,29,6,11,11,27,42,3.0,0,8,5,9,20,7.0,2.4000000000000004,67.0,40.0
Rot-Weiß Oberhausen,Nürnberg,1-0,https://www.besoccer.com/match/rot-weib-oberhausen/fc-nurnberg/20007242,2000,29,2_liga,18,34,0,1,0,12,35,8,11,9,32,31,3.8000000000000003,6,6,2,22,14,4,45,12,9,7,44,40,5.4,2,5,7,12,26,6.6,4.4,47.0,57.0
FC St. Pauli,Hannover 96,0-2,https://www.besoccer.com/match/st-pauli/hannover-96/20007243,2000,29,2_liga,18,34,2,0,2,13,34,7,13,8,29,32,5.4,3,9,2,12,11,6,40,11,7,10,45,42,8.4,4,3,7,18,23,3.4000000000000004,4.0,64.0,50.0
Tennis Borussia,Waldhof Mannheim,3-1,https://www.besoccer.com/match/tennis-borussia/waldhof-mannheim/20007240,2000,29,2_liga,18,34,0,3,1,9,37,9,10,9,35,39,0.6000000000000001,7,4,3,20,16,8,39,9,12,7,42,41,4.6,1,7,6,12,22,4.800000000000001,2.0,49.0,44.0
Köln,Chemnitzer,2-1,https://www.besoccer.com/match/1-fc-koln/chemnitzer/20007236,2000,29,2_liga,18,34,0,2,1,1,53,15,8,5,52,27,3.8000000000000003,10,4,0,37,9,11,35,9,8,11,36,40,4.2,3,3,8,9,22,5.8,3.0,67.0,43.0
Alemannia Aachen,Karlsruher SC,4-1,https://www.besoccer.com/match/alemannia-aachen/karlsruher-sc/20007237,2000,29,2_liga,18,34,0,4,1,7,39,10,9,9,37,44,1.4000000000000001,6,4,3,20,13,18,22,4,10,14,31,45,3.2,1,5,8,19,30,4.6,0.8,42.0,65.0
Greuther Fürth,Mainz 05,2-0,https://www.besoccer.com/match/greuther-furth/mainz-amat/20007238,2000,29,2_liga,18,34,0,2,0,10,35,7,14,7,30,33,4.8,2,11,1,9,7,14,33,7,12,9,33,33,1.8,2,4,8,15,24,2.6,0.2,51.0,61.0
Stuttgarter Kickers,Fortuna Köln,2-1,https://www.besoccer.com/match/stuttgarter-kickers/fortuna-koln/20007239,2000,29,2_liga,18,34,0,2,1,15,31,8,7,13,43,49,7.200000000000001,7,3,4,25,21,17,26,5,11,12,25,40,2.4,0,5,9,8,26,5.4,1.0,53.0,59.0
Energie Cottbus,B. Mönchengladbach,2-2,https://www.besoccer.com/match/energie-cottbus/borussia-monchengla/20007235,2000,29,2_liga,18,34,1,2,2,3,45,14,3,11,50,34,3.4000000000000004,10,1,2,30,11,5,44,11,11,6,47,35,5.4,2,8,3,15,19,6.8,3.4000000000000004,52.0,67.0
Karlsruher SC,FC St. Pauli,0-0,https://www.besoccer.com/match/karlsruher-sc/st-pauli/20007234,2000,30,2_liga,18,34,1,0,0,18,22,4,10,15,32,49,2.4000000000000004,3,5,6,12,15,13,34,7,13,9,29,34,3.6000000000000005,4,4,6,17,21,4.4,5.6,64.0,64.0
Alemannia Aachen,Energie Cottbus,1-0,https://www.besoccer.com/match/alemannia-aachen/energie-cottbus/20007233,2000,30,2_liga,18,34,0,1,0,7,42,11,9,9,41,45,3.6,7,4,3,24,14,3,46,14,4,11,52,36,3.0,4,2,9,20,23,6.2,2.1999999999999997,42.0,52.0
Fortuna Köln,VfL Bochum,2-3,https://www.besoccer.com/match/fortuna-koln/bochum/20007232,2000,30,2_liga,18,34,2,2,3,17,26,5,11,13,26,42,1.4000000000000001,5,6,3,17,14,2,51,15,6,8,55,41,5.0,5,5,4,19,19,3.6000000000000005,3.4000000000000004,59.0,67.0
Nürnberg,Greuther Fürth,2-2,https://www.besoccer.com/match/fc-nurnberg/greuther-furth/20007228,2000,30,2_liga,18,34,1,2,2,4,45,12,9,8,44,41,3.2,10,4,0,32,14,11,38,8,14,7,32,33,6.6000000000000005,5,3,6,21,26,6.2,5.0,57.0,51.0
Chemnitzer,Rot-Weiß Oberhausen,1-1,https://www.besoccer.com/match/chemnitzer/rot-weib-oberhausen/20007229,2000,30,2_liga,18,34,1,1,1,12,35,9,8,12,37,42,3.0,6,5,3,27,18,10,38,9,11,9,33,31,5.8,2,5,7,10,17,3.4000000000000004,1.6,43.0,47.0
Kickers Offenbach FC,Tennis Borussia,2-1,https://www.besoccer.com/match/kickers-offenbach/tennis-borussia/20007230,2000,30,2_liga,18,34,0,2,1,16,29,6,11,12,28,48,2.0,6,3,6,18,22,8,40,10,10,9,38,40,3.0,2,6,6,15,23,4.200000000000001,0.2,40.0,50.0
Mainz 05,Stuttgarter Kickers,2-0,https://www.besoccer.com/match/mainz-amat/stuttgarter-kickers/20007231,2000,30,2_liga,18,34,0,2,0,15,33,7,12,10,33,35,1.2000000000000002,5,8,1,18,9,14,34,9,7,13,45,50,8.2,1,4,9,18,28,4.2,4.0,61.0,53.0
Hannover 96,Köln,3-5,https://www.besoccer.com/match/hannover-96/1-fc-koln/20007227,2000,30,2_liga,18,34,2,3,5,6,43,12,7,10,47,42,9.0,7,4,3,27,19,1,56,16,8,5,54,28,5.8,5,4,5,15,18,8.600000000000001,1.6,51.0,67.0
Waldhof Mannheim,B. Mönchengladbach,2-1,https://www.besoccer.com/match/waldhof-mannheim/borussia-monchengla/20007226,2000,30,2_liga,18,34,0,2,1,9,39,9,12,8,43,44,3.0000000000000004,8,5,1,30,19,5,45,11,12,6,49,37,4.6000000000000005,2,9,3,17,21,6.2,3.0,44.0,67.0
FC St. Pauli,Alemannia Aachen,2-1,https://www.besoccer.com/match/st-pauli/alemannia-aachen/20007223,2000,31,2_liga,18,34,0,2,1,14,35,7,14,9,29,34,3.4,3,9,3,12,13,6,45,12,9,9,42,45,5.4,4,5,6,17,31,2.0,1.6,64.0,42.0
Rot-Weiß Oberhausen,Hannover 96,2-1,https://www.besoccer.com/match/rot-weib-oberhausen/hannover-96/20007224,2000,31,2_liga,18,34,0,2,1,11,39,9,12,9,34,32,5.200000000000001,7,6,2,23,14,7,43,12,7,11,50,47,6.0,5,3,7,20,23,7.4,6.0,47.0,50.0
Tennis Borussia,Fortuna Köln,1-2,https://www.besoccer.com/match/tennis-borussia/fortuna-koln/20007225,2000,31,2_liga,18,34,2,1,2,9,40,10,10,10,39,42,2.4000000000000004,8,4,3,23,17,17,26,5,11,14,28,45,0.6000000000000001,0,5,10,9,28,6.0,0.6,49.0,59.0
Stuttgarter Kickers,Nürnberg,0-3,https://www.besoccer.com/match/stuttgarter-kickers/fc-nurnberg/20007222,2000,31,2_liga,18,34,2,0,3,15,34,9,7,14,45,52,5.6000000000000005,8,3,4,27,22,4,46,12,10,8,46,43,2.6,2,5,8,12,27,7.2,3.2,53.0,57.0
B. Mönchengladbach,Kickers Offenbach FC,1-0,https://www.besoccer.com/match/borussia-monchengla/kickers-offenbach/20007219,2000,31,2_liga,18,34,0,1,0,5,45,11,12,7,50,39,3.2,9,3,3,32,16,16,32,7,11,12,30,49,4.0,0,8,6,10,26,7.4,1.6,66.0,40.0
Energie Cottbus,Waldhof Mannheim,3-2,https://www.besoccer.com/match/energie-cottbus/waldhof-mannheim/20007218,2000,31,2_liga,18,34,0,3,2,3,46,14,4,12,52,37,2.0,10,2,2,32,13,8,42,10,12,8,45,45,5.0,1,7,7,13,25,5.800000000000001,1.2000000000000002,52.0,44.0
Greuther Fürth,Chemnitzer,0-1,https://www.besoccer.com/match/greuther-furth/chemnitzer/20007220,2000,31,2_liga,18,34,2,0,1,10,39,8,15,7,34,35,5.800000000000001,3,11,1,11,7,12,36,9,9,12,38,43,2.8000000000000003,3,3,9,10,24,4.8,2.4000000000000004,51.0,43.0
Köln,Karlsruher SC,1-2,https://www.besoccer.com/match/1-fc-koln/karlsruher-sc/20007221,2000,31,2_liga,18,34,2,1,2,1,59,17,8,5,59,31,7.200000000000001,11,4,0,39,10,18,23,4,11,15,32,49,2.8,1,5,9,20,34,7.0,0.6,68.0,64.0
VfL Bochum,Mainz 05,0-1,https://www.besoccer.com/match/bochum/mainz-amat/20007217,2000,31,2_liga,18,34,2,0,1,2,54,16,6,8,58,43,6.4,10,1,4,36,22,13,36,8,12,10,35,35,3.8,2,4,9,15,26,7.4,0.0,67.0,61.0
Fortuna Köln,B. Mönchengladbach,1-2,https://www.besoccer.com/match/fortuna-koln/borussia-monchengla/20007210,2000,32,2_liga,18,34,2,1,2,17,29,6,11,14,30,46,3.0,5,6,4,19,17,5,48,12,12,7,51,39,5.0,2,9,4,18,23,2.4,2.0,59.0,66.0
Hannover 96,Greuther Fürth,1-2,https://www.besoccer.com/match/hannover-96/greuther-furth/20007208,2000,32,2_liga,18,34,2,1,2,7,43,12,7,12,51,49,3.6,7,4,4,30,24,12,39,8,15,8,34,36,4.0,5,4,6,23,28,6.0,4.6000000000000005,50.0,51.0
Karlsruher SC,Rot-Weiß Oberhausen,0-3,https://www.besoccer.com/match/karlsruher-sc/rot-weib-oberhausen/20007209,2000,32,2_liga,18,34,2,0,3,18,26,5,11,15,34,50,5.0,3,6,6,12,15,9,42,10,12,9,36,33,6.6,2,6,7,11,18,4.0,1.8,64.0,47.0
Alemannia Aachen,Köln,1-2,https://www.besoccer.com/match/alemannia-aachen/1-fc-koln/20007211,2000,32,2_liga,18,34,2,1,2,6,45,12,9,10,43,47,4.2,8,4,3,25,14,1,59,17,8,6,60,33,5.2,6,4,5,20,21,7.200000000000001,3.8,42.0,67.0
Waldhof Mannheim,Kickers Offenbach FC,2-3,https://www.besoccer.com/match/waldhof-mannheim/kickers-offenbach/20007212,2000,32,2_liga,18,34,2,2,3,8,42,10,12,9,47,48,3.6000000000000005,9,5,1,32,20,16,32,7,11,13,30,50,2.6000000000000005,0,8,7,10,27,7.4,1.0,44.0,40.0
Chemnitzer,Stuttgarter Kickers,1-1,https://www.besoccer.com/match/chemnitzer/stuttgarter-kickers/20007214,2000,32,2_liga,18,34,1,1,1,13,39,10,9,12,39,43,4.4,6,6,3,28,19,15,34,9,7,15,45,55,3.6,1,4,10,18,30,3.0,3.0000000000000004,43.0,53.0
Mainz 05,Tennis Borussia,2-1,https://www.besoccer.com/match/mainz-amat/tennis-borussia/20007215,2000,32,2_liga,18,34,0,2,1,11,39,9,12,10,36,35,5.800000000000001,6,8,1,20,9,10,40,10,10,11,40,44,1.7999999999999998,2,6,7,16,25,5.4,0.0,61.0,49.0
Energie Cottbus,FC St. Pauli,3-2,https://www.besoccer.com/match/energie-cottbus/st-pauli/20007216,2000,32,2_liga,18,34,0,3,2,3,49,15,4,12,55,39,4.2,11,2,2,35,15,14,38,8,14,9,31,35,5.2,4,5,6,17,21,6.6,5.200000000000001,52.0,64.0
Nürnberg,VfL Bochum,0-1,https://www.besoccer.com/match/fc-nurnberg/bochum/20007213,2000,32,2_liga,18,34,2,0,1,4,49,13,10,8,49,43,4.4,10,5,0,34,16,2,54,16,6,9,58,44,4.4,6,5,4,22,21,5.0,5.4,57.0,67.0
Tennis Borussia,Nürnberg,1-3,https://www.besoccer.com/match/tennis-borussia/fc-nurnberg/20007199,2000,33,2_liga,18,34,2,1,3,13,40,10,10,12,41,46,1.2000000000000002,8,4,4,24,19,5,49,13,10,9,49,44,3.2,3,5,8,15,27,4.200000000000001,5.0,49.0,57.0
VfL Bochum,Chemnitzer,5-1,https://www.besoccer.com/match/bochum/chemnitzer/20007200,2000,33,2_liga,18,34,0,5,1,2,57,17,6,9,59,44,6.0,10,1,5,36,23,12,40,10,10,12,40,44,4.0,4,3,9,11,24,4.800000000000001,4.8,67.0,43.0
Köln,FC St. Pauli,6-3,https://www.besoccer.com/match/1-fc-koln/st-pauli/20007201,2000,33,2_liga,18,34,0,6,3,1,62,18,8,6,62,34,6.2,11,4,1,40,12,14,38,8,14,10,33,38,3.6000000000000005,4,5,7,19,24,4.800000000000001,3.5999999999999996,67.0,64.0
B. Mönchengladbach,Mainz 05,6-1,https://www.besoccer.com/match/borussia-monchengla/mainz-amat/20007202,2000,33,2_liga,18,34,0,6,1,4,51,13,12,7,53,40,6.4,10,3,3,33,16,10,42,10,12,10,38,36,7.4,3,4,9,16,26,7.800000000000001,3.0,67.0,61.0
Rot-Weiß Oberhausen,Alemannia Aachen,3-0,https://www.besoccer.com/match/rot-weib-oberhausen/alemannia-aachen/20007203,2000,33,2_liga,18,34,0,3,0,7,45,11,12,9,39,33,7.4,8,6,2,25,15,6,45,12,9,11,44,49,3.0,4,5,7,18,33,8.2,0.6000000000000001,48.0,42.0
Stuttgarter Kickers,Hannover 96,2-1,https://www.besoccer.com/match/stuttgarter-kickers/hannover-96/20007204,2000,33,2_liga,18,34,0,2,1,15,35,9,8,15,46,56,2.8000000000000003,8,3,5,27,25,8,43,12,7,13,52,51,1.8000000000000003,5,3,8,21,25,5.4,4.4,53.0,50.0
Greuther Fürth,Karlsruher SC,2-0,https://www.besoccer.com/match/greuther-furth/karlsruher-sc/20007205,2000,33,2_liga,18,34,0,2,0,11,42,9,15,8,36,37,5.4,3,11,2,11,8,18,26,5,11,16,34,53,3.6000000000000005,2,5,9,22,35,3.6000000000000005,3.4,51.0,64.0
Waldhof Mannheim,Fortuna Köln,1-3,https://www.besoccer.com/match/waldhof-mannheim/fortuna-koln/20007206,2000,33,2_liga,18,34,2,1,3,9,42,10,12,10,49,51,2.4,9,5,2,34,23,17,29,6,11,15,31,48,2.4000000000000004,1,5,10,11,29,5.2,3.4,44.0,59.0
Kickers Offenbach FC,Energie Cottbus,1-2,https://www.besoccer.com/match/kickers-offenbach/energie-cottbus/20007207,2000,33,2_liga,18,34,2,1,2,16,35,8,11,13,33,52,4.8,7,3,6,20,23,3,52,16,4,12,58,41,5.800000000000001,4,2,10,20,24,5.4,1.4000000000000001,41.0,52.0
Chemnitzer,Tennis Borussia,1-0,https://www.besoccer.com/match/chemnitzer/tennis-borussia/20007190,2000,34,2_liga,18,34,0,1,0,12,40,10,10,13,41,49,3.0,6,7,3,29,20,13,40,10,10,13,42,49,0.6000000000000001,2,6,8,17,27,3.0,0.0,43.0,49.0
Nürnberg,B. Mönchengladbach,2-1,https://www.besoccer.com/match/fc-nurnberg/borussia-monchengla/20007191,2000,34,2_liga,18,34,0,2,1,5,52,14,10,9,52,45,5.199999999999999,10,5,1,34,17,4,54,14,12,7,59,41,7.4,3,9,4,20,24,3.2,4.2,57.0,67.0
Hannover 96,VfL Bochum,3-3,https://www.besoccer.com/match/hannover-96/bochum/20007192,2000,34,2_liga,18,34,1,3,3,9,43,12,7,14,53,53,0.6000000000000001,7,4,5,31,26,2,60,18,6,9,64,45,7.200000000000001,7,5,4,23,21,3.6,6.800000000000001,50.0,67.0
FC St. Pauli,Rot-Weiß Oberhausen,1-1,https://www.besoccer.com/match/st-pauli/rot-weib-oberhausen/20007193,2000,34,2_liga,18,34,1,1,1,14,38,8,14,11,36,44,2.1999999999999997,4,9,3,14,14,6,48,12,12,9,42,33,8.2,3,6,7,14,18,4.2,4.4,64.0,48.0
Alemannia Aachen,Greuther Fürth,2-2,https://www.besoccer.com/match/alemannia-aachen/greuther-furth/20007194,2000,34,2_liga,18,34,1,2,2,7,45,12,9,12,44,52,1.8000000000000003,8,4,4,26,16,8,45,10,15,8,38,37,6.4,6,4,6,25,29,4.800000000000001,6.0,42.0,51.0
Energie Cottbus,Köln,2-0,https://www.besoccer.com/match/energie-cottbus/1-fc-koln/20007195,2000,34,2_liga,18,34,0,2,0,3,55,17,4,12,60,42,7.4,12,2,2,38,17,1,65,19,8,6,68,37,7.200000000000001,7,4,5,22,22,7.4,6.0,52.0,68.0
Mainz 05,Waldhof Mannheim,2-0,https://www.besoccer.com/match/mainz-amat/waldhof-mannheim/20007196,2000,34,2_liga,18,34,0,2,0,10,42,10,12,11,39,42,5.4,7,8,1,22,10,11,42,10,12,11,50,54,1.2000000000000002,1,7,8,15,28,6.6000000000000005,0.6000000000000001,61.0,44.0
Fortuna Köln,Kickers Offenbach FC,4-1,https://www.besoccer.com/match/fortuna-koln/kickers-offenbach/20007197,2000,34,2_liga,18,34,0,4,1,17,32,7,11,15,34,49,4.8,5,6,5,20,19,16,35,8,11,14,34,54,3.6000000000000005,1,8,7,13,29,1.4000000000000001,3.6,59.0,40.0
Karlsruher SC,Stuttgarter Kickers,1-1,https://www.besoccer.com/match/karlsruher-sc/stuttgarter-kickers/20007198,2000,34,2_liga,18,34,1,1,1,18,26,5,11,17,34,55,2.1999999999999997,3,6,7,12,18,15,38,10,8,15,48,57,4.4,1,5,10,19,31,2.5999999999999996,3.1999999999999997,64.0,53.0
