Home_Team,Away_Team,Result,Link,Season,Round,League,Number_Teams,Total_Rounds,Label,Goals_For_Home,Goals_For_Away,Position_Home,Points_Home,Total_Wins_Home,Total_Draw_Home,Total_Lose_Home,Total_Goals_For_Home_Team,Total_Goals_Against_Home_Team,Total_Streak_Home,Wins_When_Home,Draw_When_Home,Lose_When_Home,Goals_For_When_Home,Goals_Against_When_Home,Position_Away,Points_Away,Total_Wins_Away,Total_Draw_Away,Total_Lose_Away,Total_Goals_For_Away_Team,Total_Goals_Against_Away_Team,Total_Streak_Away,Wins_When_Away,Draw_When_Away,Lose_When_Away,Goals_For_When_Away,Goals_Against_When_Away,Streak_When_Home,Streak_When_Away,Elo_Home,Elo_Away
Karlsruher SC,Alemannia Aachen,1-1,https://www.besoccer.com/match/karlsruher-sc/alemannia-aachen/201027503,2010,1,2_liga,18,34,1,1,1,0,0,0,0,0,0,0,0.0,0,0,0,0,0,0,0,0,0,0,0,0,0.0,0,0,0,0,0,0.0,0.0,61.0,65.0
Rot-Weiß Oberhausen,Union Berlin,0-3,https://www.besoccer.com/match/rot-weib-oberhausen/1-fc-union-berlin/201027504,2010,1,2_liga,18,34,2,0,3,0,0,0,0,0,0,0,0.0,0,0,0,0,0,0,0,0,0,0,0,0,0.0,0,0,0,0,0,0.0,0.0,42.0,40.0
FC St. Pauli,Rot Weiss Ahlen,2-1,https://www.besoccer.com/match/st-pauli/rot-weiss-ahlen/201027505,2010,1,2_liga,18,34,0,2,1,0,0,0,0,0,0,0,0.0,0,0,0,0,0,0,0,0,0,0,0,0,0.0,0,0,0,0,0,0.0,0.0,45.0,42.0
Fortuna Düsseldorf,Paderborn,3-0,https://www.besoccer.com/match/fortuna-dusseldorf/paderborn/201027506,2010,1,2_liga,18,34,0,3,0,0,0,0,0,0,0,0,0.0,0,0,0,0,0,0,0,0,0,0,0,0,0.0,0,0,0,0,0,0.0,0.0,40.0,48.0
Kaiserslautern,Greuther Fürth,2-1,https://www.besoccer.com/match/kaiserslautern/greuther-furth/201027507,2010,1,2_liga,18,34,0,2,1,0,0,0,0,0,0,0,0.0,0,0,0,0,0,0,0,0,0,0,0,0,0.0,0,0,0,0,0,0.0,0.0,66.0,67.0
1860 München,TuS Koblenz,2-0,https://www.besoccer.com/match/1860-munchen/tus-koblenz/201027508,2010,1,2_liga,18,34,0,2,0,0,0,0,0,0,0,0,0.0,0,0,0,0,0,0,0,0,0,0,0,0,0.0,0,0,0,0,0,0.0,0.0,65.0,47.0
Energie Cottbus,FC Augsburg,3-1,https://www.besoccer.com/match/energie-cottbus/fc-augsburg/201027509,2010,1,2_liga,18,34,0,3,1,0,0,0,0,0,0,0,0.0,0,0,0,0,0,0,0,0,0,0,0,0,0.0,0,0,0,0,0,0.0,0.0,64.0,48.0
FSV Frankfurt,MSV Duisburg,1-2,https://www.besoccer.com/match/fsv-frankfurt/msv-duisburg/201027510,2010,1,2_liga,18,34,2,1,2,0,0,0,0,0,0,0,0.0,0,0,0,0,0,0,0,0,0,0,0,0,0.0,0,0,0,0,0,0.0,0.0,41.0,66.0
Arminia Bielefeld,Hansa Rostock,3-1,https://www.besoccer.com/match/arminia-bielefeld/hansa-rostock/201027511,2010,1,2_liga,18,34,0,3,1,0,0,0,0,0,0,0,0.0,0,0,0,0,0,0,0,0,0,0,0,0,0.0,0,0,0,0,0,0.0,0.0,64.0,64.0
Greuther Fürth,FSV Frankfurt,4-0,https://www.besoccer.com/match/greuther-furth/fsv-frankfurt/201027512,2010,2,2_liga,18,34,0,4,0,15,0,0,0,1,1,2,0.0,0,0,0,0,0,13,0,0,0,1,1,2,0.0,0,0,0,0,0,0.0,0.0,66.0,41.0
Paderborn,Karlsruher SC,2-0,https://www.besoccer.com/match/paderborn/karlsruher-sc/201027513,2010,2,2_liga,18,34,0,2,0,17,0,0,0,1,0,3,0.0,0,0,0,0,0,9,1,0,1,0,1,1,1.0,0,0,0,0,0,0.0,0.0,48.0,61.0
MSV Duisburg,Energie Cottbus,2-2,https://www.besoccer.com/match/msv-duisburg/energie-cottbus/201027514,2010,2,2_liga,18,34,1,2,2,4,3,1,0,0,2,1,3.0,0,0,0,0,0,1,3,1,0,0,3,1,3.0,0,0,0,0,0,0.0,0.0,66.0,64.0
Hansa Rostock,1860 München,2-1,https://www.besoccer.com/match/hansa-rostock/1860-munchen/201027515,2010,2,2_liga,18,34,0,2,1,12,0,0,0,1,1,3,0.0,0,0,0,0,0,7,3,1,0,0,2,0,3.0,0,0,0,0,0,0.0,0.0,64.0,65.0
Union Berlin,Fortuna Düsseldorf,1-0,https://www.besoccer.com/match/1-fc-union-berlin/fortuna-dusseldorf/201027516,2010,2,2_liga,18,34,0,1,0,5,3,1,0,0,3,0,3.0,0,0,0,0,0,3,3,1,0,0,3,0,3.0,0,0,0,0,0,0.0,0.0,40.0,40.0
Rot Weiss Ahlen,Kaiserslautern,0-1,https://www.besoccer.com/match/rot-weiss-ahlen/kaiserslautern/201027517,2010,2,2_liga,18,34,2,0,1,11,0,0,0,1,1,2,0.0,0,0,0,0,0,2,3,1,0,0,2,1,3.0,0,0,0,0,0,0.0,0.0,41.0,66.0
FC Augsburg,Rot-Weiß Oberhausen,2-2,https://www.besoccer.com/match/fc-augsburg/rot-weib-oberhausen/201027518,2010,2,2_liga,18,34,1,2,2,16,0,0,0,1,1,3,0.0,0,0,0,0,0,14,0,0,0,1,0,3,0.0,0,0,0,0,0,0.0,0.0,48.0,42.0
TuS Koblenz,Arminia Bielefeld,3-2,https://www.besoccer.com/match/tus-koblenz/arminia-bielefeld/201027519,2010,2,2_liga,18,34,0,3,2,18,0,0,0,1,0,2,0.0,0,0,0,0,0,8,3,1,0,0,3,1,3.0,0,0,0,0,0,0.0,0.0,47.0,64.0
Alemannia Aachen,FC St. Pauli,0-5,https://www.besoccer.com/match/alemannia-aachen/st-pauli/201027520,2010,2,2_liga,18,34,2,0,5,10,1,0,1,0,1,1,1.0,0,0,0,0,0,6,3,1,0,0,2,1,3.0,0,0,0,0,0,0.0,0.0,65.0,45.0
FSV Frankfurt,Paderborn,0-0,https://www.besoccer.com/match/fsv-frankfurt/paderborn/201027521,2010,3,2_liga,18,34,1,0,0,18,0,0,0,2,1,6,0.0,0,0,1,1,2,6,3,1,0,1,2,3,3.0,0,0,1,0,3,0.0,0.0,41.0,48.0
Union Berlin,Hansa Rostock,1-0,https://www.besoccer.com/match/1-fc-union-berlin/hansa-rostock/201027522,2010,3,2_liga,18,34,0,1,0,2,6,2,0,0,4,0,5.4,1,0,0,1,0,8,3,1,0,1,3,4,3.0,0,0,1,1,3,3.0,0.0,40.0,64.0
Fortuna Düsseldorf,TuS Koblenz,1-0,https://www.besoccer.com/match/fortuna-dusseldorf/tus-koblenz/201027523,2010,3,2_liga,18,34,0,1,0,12,3,1,0,1,3,1,2.4000000000000004,1,0,0,3,0,9,3,1,0,1,3,4,3.0,0,0,1,0,2,3.0,0.0,40.0,48.0
Arminia Bielefeld,FC Augsburg,1-2,https://www.besoccer.com/match/arminia-bielefeld/fc-augsburg/201027524,2010,3,2_liga,18,34,2,1,2,10,3,1,0,1,5,4,2.4000000000000004,1,0,0,3,1,15,1,0,1,1,3,5,1.0,0,0,1,1,3,3.0,0.0,64.0,48.0
FC St. Pauli,MSV Duisburg,2-2,https://www.besoccer.com/match/st-pauli/msv-duisburg/201027525,2010,3,2_liga,18,34,1,2,2,3,6,2,0,0,7,1,5.4,1,0,0,2,1,5,4,1,1,0,4,3,3.4000000000000004,1,0,0,2,1,3.0,3.0,46.0,66.0
Energie Cottbus,Greuther Fürth,1-3,https://www.besoccer.com/match/energie-cottbus/greuther-furth/201027526,2010,3,2_liga,18,34,2,1,3,4,4,1,1,0,5,3,3.4000000000000004,1,0,0,3,1,7,3,1,0,1,5,2,3.0,0,0,1,1,2,3.0,0.0,64.0,67.0
Kaiserslautern,Alemannia Aachen,1-1,https://www.besoccer.com/match/kaiserslautern/alemannia-aachen/201027527,2010,3,2_liga,18,34,1,1,1,1,6,2,0,0,3,1,5.4,1,0,0,2,1,16,1,0,1,1,1,6,0.8,0,1,0,1,1,3.0,1.0,66.0,64.0
Rot-Weiß Oberhausen,Rot Weiss Ahlen,2-0,https://www.besoccer.com/match/rot-weib-oberhausen/rot-weiss-ahlen/201027528,2010,3,2_liga,18,34,0,2,0,14,1,0,1,1,2,5,1.0,0,0,1,0,3,17,0,0,0,2,1,3,0.0,0,0,1,1,2,0.0,0.0,42.0,41.0
1860 München,Karlsruher SC,1-3,https://www.besoccer.com/match/1860-munchen/karlsruher-sc/201027529,2010,3,2_liga,18,34,2,1,3,11,3,1,0,1,3,2,2.4000000000000004,1,0,0,2,0,13,1,0,1,1,1,3,0.8,0,0,1,0,2,3.0,0.0,65.0,61.0
Karlsruher SC,FC St. Pauli,0-4,https://www.besoccer.com/match/karlsruher-sc/st-pauli/201027530,2010,4,2_liga,18,34,2,0,4,11,4,1,1,1,4,4,3.6,0,1,0,1,1,3,7,2,1,0,9,3,5.2,1,0,0,5,0,1.0,3.0,61.0,46.0
Rot Weiss Ahlen,1860 München,0-0,https://www.besoccer.com/match/rot-weiss-ahlen/1860-munchen/201027531,2010,4,2_liga,18,34,1,0,0,18,0,0,0,3,1,5,0.0,0,0,1,0,1,13,3,1,0,2,4,5,1.7999999999999998,0,0,1,1,2,0.0,0.0,41.0,65.0
TuS Koblenz,Energie Cottbus,0-2,https://www.besoccer.com/match/tus-koblenz/energie-cottbus/201027532,2010,4,2_liga,18,34,2,0,2,14,3,1,0,2,3,5,2.4000000000000004,1,0,0,3,2,7,4,1,1,1,6,6,2.5999999999999996,0,1,0,2,2,3.0,1.0,47.0,64.0
Greuther Fürth,Arminia Bielefeld,2-4,https://www.besoccer.com/match/greuther-furth/arminia-bielefeld/201027533,2010,4,2_liga,18,34,2,2,4,5,6,2,0,1,8,3,5.4,1,0,0,4,0,12,3,1,0,2,6,6,1.7999999999999998,0,0,1,2,3,3.0,0.0,67.0,64.0
Hansa Rostock,Rot-Weiß Oberhausen,0-2,https://www.besoccer.com/match/hansa-rostock/rot-weib-oberhausen/201027534,2010,4,2_liga,18,34,2,0,2,15,3,1,0,2,3,5,2.4000000000000004,1,0,0,2,1,10,4,1,1,1,4,5,3.8,0,1,0,2,2,3.0,1.0,64.0,42.0
Alemannia Aachen,FSV Frankfurt,3-0,https://www.besoccer.com/match/alemannia-aachen/fsv-frankfurt/201027535,2010,4,2_liga,18,34,0,3,0,16,2,0,2,1,2,7,1.6,0,0,1,0,5,17,1,0,1,2,1,6,1.0,0,0,1,0,4,0.0,0.0,64.0,41.0
FC Augsburg,Union Berlin,1-1,https://www.besoccer.com/match/fc-augsburg/1-fc-union-berlin/201027536,2010,4,2_liga,18,34,1,1,1,9,4,1,1,1,5,6,3.8,0,1,0,2,2,1,9,3,0,0,5,0,7.2,1,0,0,3,0,1.0,3.0,48.0,40.0
Paderborn,Kaiserslautern,0-0,https://www.besoccer.com/match/paderborn/kaiserslautern/201027537,2010,4,2_liga,18,34,1,0,0,8,4,1,1,1,2,3,3.4000000000000004,1,0,0,2,0,2,7,2,1,0,4,2,5.2,1,0,0,1,0,3.0,3.0,48.0,66.0
MSV Duisburg,Fortuna Düsseldorf,3-0,https://www.besoccer.com/match/msv-duisburg/fortuna-dusseldorf/201027538,2010,4,2_liga,18,34,0,3,0,6,5,1,2,0,6,5,3.5999999999999996,0,1,0,2,2,4,6,2,0,1,4,1,4.8,0,0,1,0,1,1.0,0.0,66.0,40.0
Arminia Bielefeld,Rot Weiss Ahlen,2-0,https://www.besoccer.com/match/arminia-bielefeld/rot-weiss-ahlen/201027539,2010,5,2_liga,18,34,0,2,0,9,6,2,0,2,10,8,4.2,1,0,1,4,3,18,1,0,1,3,1,5,1.0,0,0,2,1,4,2.4000000000000004,0.0,64.0,41.0
Fortuna Düsseldorf,FC Augsburg,1-1,https://www.besoccer.com/match/fortuna-dusseldorf/fc-augsburg/201027540,2010,5,2_liga,18,34,1,1,1,8,6,2,0,2,4,4,3.6000000000000005,2,0,0,4,0,11,5,1,2,1,6,7,4.0,1,0,1,3,4,5.4,3.0,40.0,48.0
Kaiserslautern,MSV Duisburg,4-1,https://www.besoccer.com/match/kaiserslautern/msv-duisburg/201027541,2010,5,2_liga,18,34,0,4,1,4,8,2,2,0,4,2,4.8,1,1,0,3,2,3,8,2,2,0,9,5,5.6000000000000005,1,1,0,4,3,3.4000000000000004,3.4000000000000004,66.0,66.0
1860 München,Greuther Fürth,3-1,https://www.besoccer.com/match/1860-munchen/greuther-furth/201027542,2010,5,2_liga,18,34,0,3,1,14,4,1,1,2,4,5,2.2,1,0,1,3,3,7,6,2,0,2,10,7,4.2,1,0,1,4,3,2.4000000000000004,3.0,65.0,67.0
Hansa Rostock,TuS Koblenz,2-1,https://www.besoccer.com/match/hansa-rostock/tus-koblenz/201027543,2010,5,2_liga,18,34,0,2,1,16,3,1,0,3,3,7,1.7999999999999998,1,0,1,2,3,15,3,1,0,3,3,7,1.7999999999999998,0,0,2,0,3,2.4000000000000004,0.0,64.0,47.0
Rot-Weiß Oberhausen,Alemannia Aachen,1-0,https://www.besoccer.com/match/rot-weib-oberhausen/alemannia-aachen/201027544,2010,5,2_liga,18,34,0,1,0,6,7,2,1,1,6,5,6.0,1,0,1,2,3,12,5,1,2,1,5,7,4.2,0,2,0,2,2,3.0,1.8,43.0,64.0
FSV Frankfurt,FC St. Pauli,2-3,https://www.besoccer.com/match/fsv-frankfurt/st-pauli/201027545,2010,5,2_liga,18,34,2,2,3,17,1,0,1,3,1,9,0.8,0,1,1,1,2,2,10,3,1,0,13,3,6.8,2,0,0,9,0,1.0,5.4,41.0,46.0
Union Berlin,Paderborn,5-4,https://www.besoccer.com/match/1-fc-union-berlin/paderborn/201027546,2010,5,2_liga,18,34,0,5,4,1,10,3,1,0,6,1,6.4,2,0,0,2,0,10,5,1,2,1,2,3,3.5999999999999996,0,1,1,0,3,5.4,1.0,40.0,48.0
Energie Cottbus,Karlsruher SC,2-4,https://www.besoccer.com/match/energie-cottbus/karlsruher-sc/201027547,2010,5,2_liga,18,34,2,2,4,5,7,2,1,1,8,6,4.800000000000001,1,0,1,4,4,13,4,1,1,2,4,8,2.8000000000000003,1,0,1,3,3,2.4000000000000004,3.0,64.0,61.0
Karlsruher SC,FSV Frankfurt,2-0,https://www.besoccer.com/match/karlsruher-sc/fsv-frankfurt/201027548,2010,6,2_liga,18,34,0,2,0,10,7,2,1,2,8,10,5.0,0,1,1,1,5,17,1,0,1,4,3,12,0.6,0,0,2,0,7,0.8,0.0,61.0,41.0
MSV Duisburg,Arminia Bielefeld,0-3,https://www.besoccer.com/match/msv-duisburg/arminia-bielefeld/201027551,2010,6,2_liga,18,34,2,0,3,6,8,2,2,1,10,9,4.0,1,1,0,5,2,5,9,3,0,2,12,8,6.0,1,0,1,6,5,3.8,3.0,66.0,64.0
TuS Koblenz,Union Berlin,1-1,https://www.besoccer.com/match/tus-koblenz/1-fc-union-berlin/201027555,2010,6,2_liga,18,34,1,1,1,16,3,1,0,4,4,9,1.2000000000000002,1,0,1,3,4,1,13,4,1,0,11,5,7.4,1,1,0,4,1,2.4000000000000004,3.4000000000000004,47.0,41.0
Paderborn,Energie Cottbus,5-1,https://www.besoccer.com/match/paderborn/energie-cottbus/201027556,2010,6,2_liga,18,34,0,5,1,14,5,1,2,2,6,8,2.6000000000000005,1,1,0,2,0,8,7,2,1,2,10,10,3.4000000000000004,1,1,0,4,2,3.4000000000000004,3.8,48.0,64.0
Greuther Fürth,Rot-Weiß Oberhausen,4-0,https://www.besoccer.com/match/greuther-furth/rot-weib-oberhausen/201027550,2010,6,2_liga,18,34,0,4,0,11,6,2,0,3,11,10,3.0,1,0,1,6,4,4,10,3,1,1,7,5,7.6,1,1,0,4,2,2.4000000000000004,3.8,66.0,43.0
Rot Weiss Ahlen,Fortuna Düsseldorf,1-4,https://www.besoccer.com/match/rot-weiss-ahlen/fortuna-dusseldorf/201027553,2010,6,2_liga,18,34,2,1,4,18,1,0,1,4,1,7,0.8,0,1,1,0,1,9,7,2,1,2,5,5,3.4,0,0,2,0,4,1.0,0.0,41.0,40.0
Alemannia Aachen,1860 München,2-0,https://www.besoccer.com/match/alemannia-aachen/1860-munchen/201027549,2010,6,2_liga,18,34,0,2,0,15,5,1,2,2,5,8,3.2,1,0,1,3,5,7,7,2,1,2,7,6,4.4,0,1,1,1,2,3.0,1.0,64.0,65.0
FC St. Pauli,Kaiserslautern,1-2,https://www.besoccer.com/match/st-pauli/kaiserslautern/201027552,2010,6,2_liga,18,34,2,1,2,2,13,4,1,0,16,5,7.800000000000001,1,1,0,4,3,3,11,3,2,0,8,3,6.2,1,1,0,1,0,3.4000000000000004,3.4000000000000004,47.0,66.0
FC Augsburg,Hansa Rostock,5-2,https://www.besoccer.com/match/fc-augsburg/hansa-rostock/201027554,2010,6,2_liga,18,34,0,5,2,12,6,1,3,1,7,8,4.0,0,2,0,3,3,13,6,2,0,3,5,8,4.2,0,0,2,1,4,1.8,0.0,48.0,64.0
Energie Cottbus,FSV Frankfurt,3-0,https://www.besoccer.com/match/energie-cottbus/fsv-frankfurt/201027557,2010,7,2_liga,18,34,0,3,0,14,7,2,1,3,11,15,1.9999999999999998,1,0,2,6,8,17,1,0,1,5,3,14,0.4,0,0,3,0,9,1.7999999999999998,0.0,63.0,41.0
Rot-Weiß Oberhausen,MSV Duisburg,1-0,https://www.besoccer.com/match/rot-weib-oberhausen/msv-duisburg/201027560,2010,7,2_liga,18,34,0,1,0,7,10,3,1,2,7,9,5.6000000000000005,2,0,1,3,3,10,8,2,2,2,10,12,2.4,1,1,1,5,7,5.4,2.5999999999999996,43.0,66.0
Union Berlin,Rot Weiss Ahlen,2-1,https://www.besoccer.com/match/1-fc-union-berlin/rot-weiss-ahlen/201027564,2010,7,2_liga,18,34,0,2,1,1,14,4,2,0,12,6,5.800000000000001,3,0,0,7,4,18,1,0,1,5,2,11,0.6,0,0,3,1,6,7.2,0.0,41.0,41.0
Arminia Bielefeld,FC St. Pauli,1-0,https://www.besoccer.com/match/arminia-bielefeld/st-pauli/201027558,2010,7,2_liga,18,34,0,1,0,4,12,4,0,2,15,8,7.2,2,0,1,6,3,3,13,4,1,1,17,7,5.2,3,0,0,12,2,4.8,7.2,64.0,47.0
Kaiserslautern,Karlsruher SC,2-0,https://www.besoccer.com/match/kaiserslautern/karlsruher-sc/201027559,2010,7,2_liga,18,34,0,2,0,2,14,4,2,0,10,4,7.0,2,1,0,7,3,6,10,3,1,2,10,10,6.6000000000000005,2,0,1,7,5,5.6,5.4,66.0,61.0
FC Augsburg,TuS Koblenz,1-1,https://www.besoccer.com/match/fc-augsburg/tus-koblenz/201027561,2010,7,2_liga,18,34,1,1,1,9,9,2,3,1,12,10,5.8,1,2,0,8,5,16,4,1,1,4,5,10,1.6,0,0,3,1,5,4.4,0.0,49.0,48.0
1860 München,Paderborn,0-0,https://www.besoccer.com/match/1860-munchen/paderborn/201027562,2010,7,2_liga,18,34,1,0,0,13,7,2,1,3,7,8,3.0000000000000004,2,0,1,6,4,11,8,2,2,2,11,9,4.6,0,1,2,4,8,4.8,0.8,65.0,48.0
Hansa Rostock,Greuther Fürth,4-0,https://www.besoccer.com/match/hansa-rostock/greuther-furth/201027563,2010,7,2_liga,18,34,0,4,0,15,6,2,0,4,7,13,3.0000000000000004,2,0,1,4,4,8,9,3,0,3,15,10,4.800000000000001,1,0,2,5,6,4.8,2.4000000000000004,64.0,67.0
Fortuna Düsseldorf,Alemannia Aachen,0-0,https://www.besoccer.com/match/fortuna-dusseldorf/alemannia-aachen/201027565,2010,7,2_liga,18,34,1,0,0,5,10,3,1,2,9,6,5.0,2,1,0,5,1,12,8,2,2,2,7,8,5.199999999999999,0,2,1,2,3,5.2,1.4,41.0,64.0
Alemannia Aachen,Energie Cottbus,1-1,https://www.besoccer.com/match/alemannia-aachen/energie-cottbus/201027567,2010,8,2_liga,18,34,1,1,1,12,9,2,3,2,7,8,4.800000000000001,2,0,1,5,5,7,10,3,1,3,14,15,4.2,1,1,1,5,7,5.4,3.0000000000000004,64.0,63.0
MSV Duisburg,Union Berlin,3-1,https://www.besoccer.com/match/msv-duisburg/1-fc-union-berlin/201027569,2010,8,2_liga,18,34,0,3,1,14,8,2,2,3,10,13,1.4000000000000001,1,1,1,5,5,1,17,5,2,0,14,7,6.6,1,2,0,5,2,3.0000000000000004,3.5999999999999996,66.0,41.0
TuS Koblenz,Rot-Weiß Oberhausen,0-1,https://www.besoccer.com/match/tus-koblenz/rot-weib-oberhausen/201027572,2010,8,2_liga,18,34,2,0,1,16,5,1,2,4,6,11,1.8,1,1,1,4,5,5,13,4,1,2,8,9,6.6,1,1,1,4,6,2.8,3.0000000000000004,48.0,43.0
Greuther Fürth,Fortuna Düsseldorf,2-1,https://www.besoccer.com/match/greuther-furth/fortuna-dusseldorf/201027568,2010,8,2_liga,18,34,0,2,1,10,9,3,0,4,15,14,3.0000000000000004,2,0,1,10,4,6,11,3,2,2,9,6,4.6000000000000005,1,0,2,4,5,4.8,3.0,66.0,41.0
Paderborn,FC Augsburg,2-2,https://www.besoccer.com/match/paderborn/fc-augsburg/201027574,2010,8,2_liga,18,34,1,2,2,11,9,2,3,2,11,9,4.0,2,1,0,7,1,9,10,2,4,1,13,11,5.0,1,1,1,4,5,5.6,3.4000000000000004,48.0,49.0
FC St. Pauli,1860 München,3-1,https://www.besoccer.com/match/st-pauli/1860-munchen/201027570,2010,8,2_liga,18,34,0,3,1,4,13,4,1,2,17,8,3.2,1,1,1,5,5,15,8,2,2,3,7,8,3.1999999999999997,0,1,2,1,4,2.5999999999999996,0.8,47.0,65.0
Rot Weiss Ahlen,Hansa Rostock,0-2,https://www.besoccer.com/match/rot-weiss-ahlen/hansa-rostock/201027571,2010,8,2_liga,18,34,2,0,2,18,1,0,1,6,3,13,0.4,0,1,2,1,5,13,9,3,0,4,11,13,4.8,0,0,3,3,9,0.8,0.0,40.0,64.0
FSV Frankfurt,Kaiserslautern,1-1,https://www.besoccer.com/match/fsv-frankfurt/kaiserslautern/201027573,2010,8,2_liga,18,34,1,1,1,17,1,0,1,6,3,17,0.2,0,1,2,3,5,2,17,5,2,0,12,4,7.800000000000001,2,1,0,3,1,0.8,5.6,40.0,66.0
Karlsruher SC,Arminia Bielefeld,0-1,https://www.besoccer.com/match/karlsruher-sc/arminia-bielefeld/201027566,2010,8,2_liga,18,34,2,0,1,8,10,3,1,3,10,12,4.800000000000001,1,1,1,3,5,3,15,5,0,2,16,8,8.4,2,0,1,9,5,3.6,5.4,61.0,64.0
Arminia Bielefeld,Alemannia Aachen,1-0,https://www.besoccer.com/match/arminia-bielefeld/alemannia-aachen/201027576,2010,9,2_liga,18,34,0,1,0,2,18,6,0,2,17,8,9.0,3,0,1,7,3,14,10,2,4,2,8,9,4.2,0,3,1,2,3,6.6000000000000005,2.0,64.0,64.0
Rot-Weiß Oberhausen,FC St. Pauli,1-3,https://www.besoccer.com/match/rot-weib-oberhausen/st-pauli/201027577,2010,9,2_liga,18,34,2,1,3,5,16,5,1,2,9,9,7.200000000000001,3,0,1,4,3,4,16,5,1,2,20,9,4.800000000000001,3,0,1,12,3,7.2,5.4,44.0,47.0
Energie Cottbus,Kaiserslautern,1-2,https://www.besoccer.com/match/energie-cottbus/kaiserslautern/201027575,2010,9,2_liga,18,34,2,1,2,9,11,3,2,3,15,16,4.0,2,0,2,9,8,1,18,5,3,0,13,5,6.6000000000000005,2,2,0,4,2,4.2,5.200000000000001,63.0,66.0
1860 München,MSV Duisburg,3-1,https://www.besoccer.com/match/1860-munchen/msv-duisburg/201027579,2010,9,2_liga,18,34,0,3,1,15,8,2,2,4,8,11,2.2,2,1,1,6,4,11,11,3,2,3,13,14,3.6,1,1,2,5,8,4.6000000000000005,1.8000000000000003,64.0,66.0
Hansa Rostock,Paderborn,1-2,https://www.besoccer.com/match/hansa-rostock/paderborn/201027580,2010,9,2_liga,18,34,2,1,2,6,12,4,0,4,13,13,6.6000000000000005,3,0,1,8,4,13,10,2,4,2,13,11,3.8,0,2,2,4,8,6.6000000000000005,1.6,64.0,48.0
FC Augsburg,Karlsruher SC,1-1,https://www.besoccer.com/match/fc-augsburg/karlsruher-sc/201027578,2010,9,2_liga,18,34,1,1,1,8,11,2,5,1,15,13,4.2,1,3,0,9,6,12,10,3,1,4,10,13,3.0,2,0,2,7,7,4.4,4.2,49.0,61.0
TuS Koblenz,Rot Weiss Ahlen,1-1,https://www.besoccer.com/match/tus-koblenz/rot-weiss-ahlen/201027581,2010,9,2_liga,18,34,1,1,1,16,5,1,2,5,6,12,1.4,1,1,2,4,6,18,1,0,1,7,3,15,0.2,0,0,4,2,8,2.0,0.0,48.0,40.0
Fortuna Düsseldorf,FSV Frankfurt,4-1,https://www.besoccer.com/match/fortuna-dusseldorf/fsv-frankfurt/201027583,2010,9,2_liga,18,34,0,4,1,10,11,3,2,3,10,8,3.0,2,2,0,5,1,17,2,0,2,6,4,18,1.0,0,0,4,0,12,4.8,0.0,41.0,41.0
Union Berlin,Greuther Fürth,1-2,https://www.besoccer.com/match/1-fc-union-berlin/greuther-furth/201027582,2010,9,2_liga,18,34,2,1,2,3,17,5,2,1,15,10,4.4,4,0,0,9,5,7,12,4,0,4,17,15,4.8,1,0,3,5,10,8.4,1.7999999999999998,41.0,66.0
Greuther Fürth,TuS Koblenz,1-2,https://www.besoccer.com/match/greuther-furth/tus-koblenz/201027586,2010,10,2_liga,18,34,2,1,2,6,15,5,0,4,19,16,6.6000000000000005,3,0,1,12,5,16,6,1,3,5,7,13,2.0,0,1,3,2,6,6.6000000000000005,1.0,66.0,48.0
Kaiserslautern,Fortuna Düsseldorf,0-2,https://www.besoccer.com/match/kaiserslautern/fortuna-dusseldorf/201027588,2010,10,2_liga,18,34,2,0,2,1,21,6,3,0,15,6,7.4,3,1,0,9,3,7,14,4,2,3,14,9,5.0,1,0,3,5,7,7.200000000000001,2.4000000000000004,66.0,41.0
Rot Weiss Ahlen,FC Augsburg,1-3,https://www.besoccer.com/match/rot-weiss-ahlen/fc-augsburg/201027590,2010,10,2_liga,18,34,2,1,3,18,2,0,2,7,4,16,1.0,0,1,3,1,7,9,12,2,6,1,16,14,3.8,1,2,1,6,7,0.6,3.5999999999999996,40.0,49.0
MSV Duisburg,Hansa Rostock,3-1,https://www.besoccer.com/match/msv-duisburg/hansa-rostock/201027587,2010,10,2_liga,18,34,0,3,1,12,11,3,2,4,14,17,2.4000000000000004,2,1,1,8,6,10,12,4,0,5,14,15,4.800000000000001,1,0,3,5,9,5.199999999999999,3.0,66.0,64.0
FSV Frankfurt,1860 München,3-2,https://www.besoccer.com/match/fsv-frankfurt/1860-munchen/201027591,2010,10,2_liga,18,34,0,3,2,17,2,0,2,7,5,22,0.8,0,2,2,4,6,14,11,3,2,4,11,12,4.2,0,1,3,2,7,1.6,0.6,40.0,65.0
Karlsruher SC,Rot-Weiß Oberhausen,1-1,https://www.besoccer.com/match/karlsruher-sc/rot-weib-oberhausen/201027584,2010,10,2_liga,18,34,1,1,1,13,11,3,2,4,11,14,2.8000000000000003,1,1,2,3,6,5,16,5,1,3,10,12,4.800000000000001,2,1,1,5,6,2.8000000000000003,5.199999999999999,61.0,43.0
Alemannia Aachen,Union Berlin,1-4,https://www.besoccer.com/match/alemannia-aachen/1-fc-union-berlin/201027585,2010,10,2_liga,18,34,2,1,4,15,10,2,4,3,8,10,2.6000000000000005,2,1,1,6,6,4,17,5,2,2,16,12,2.8,1,2,1,6,5,5.2,2.6000000000000005,64.0,41.0
FC St. Pauli,Energie Cottbus,1-1,https://www.besoccer.com/match/st-pauli/energie-cottbus/201027589,2010,10,2_liga,18,34,1,1,1,3,19,6,1,2,23,10,6.0,2,1,1,8,6,11,11,3,2,4,16,18,2.5999999999999996,1,2,1,6,8,4.800000000000001,3.1999999999999997,47.0,63.0
Paderborn,Arminia Bielefeld,0-2,https://www.besoccer.com/match/paderborn/arminia-bielefeld/201027592,2010,10,2_liga,18,34,2,0,2,8,13,3,4,2,15,12,5.6000000000000005,2,2,0,9,3,2,21,7,0,2,18,8,9.0,3,0,1,10,5,5.200000000000001,7.2,49.0,65.0
Rot-Weiß Oberhausen,Paderborn,3-2,https://www.besoccer.com/match/rot-weib-oberhausen/paderborn/201027594,2010,11,2_liga,18,34,0,3,2,5,17,5,2,3,11,13,4.0,3,0,2,5,6,10,13,3,4,3,15,14,4.0,1,2,2,6,9,5.4,4.2,43.0,48.0
Union Berlin,FSV Frankfurt,1-0,https://www.besoccer.com/match/1-fc-union-berlin/fsv-frankfurt/201027600,2010,11,2_liga,18,34,0,1,0,4,20,6,2,2,20,13,4.4,4,0,1,10,7,17,5,1,2,7,8,24,3.6,0,0,5,1,16,6.0,0.0,41.0,41.0
Fortuna Düsseldorf,Karlsruher SC,1-0,https://www.besoccer.com/match/fortuna-dusseldorf/karlsruher-sc/201027601,2010,11,2_liga,18,34,0,1,0,6,17,5,2,3,16,9,6.4,3,2,0,9,2,11,12,3,3,4,12,15,2.4000000000000004,2,1,2,8,8,6.2,4.0,42.0,61.0
Arminia Bielefeld,Energie Cottbus,2-0,https://www.besoccer.com/match/arminia-bielefeld/energie-cottbus/201027593,2010,11,2_liga,18,34,0,2,0,1,24,8,0,2,20,8,9.0,4,0,1,8,3,13,12,3,3,4,17,19,2.8000000000000003,1,3,1,7,9,7.800000000000001,3.2,65.0,63.0
Rot Weiss Ahlen,Greuther Fürth,0-1,https://www.besoccer.com/match/rot-weiss-ahlen/greuther-furth/201027595,2010,11,2_liga,18,34,2,0,1,18,2,0,2,8,5,19,0.8,0,1,4,2,10,7,15,5,0,5,20,18,4.800000000000001,2,0,3,7,11,0.4,4.2,40.0,67.0
FC Augsburg,Alemannia Aachen,0-1,https://www.besoccer.com/match/fc-augsburg/alemannia-aachen/201027596,2010,11,2_liga,18,34,2,0,1,8,15,3,6,1,19,15,5.4,1,4,0,10,7,15,10,2,4,4,9,14,1.6,0,3,2,2,4,4.2,1.4000000000000001,50.0,64.0
1860 München,Kaiserslautern,0-1,https://www.besoccer.com/match/1860-munchen/kaiserslautern/201027597,2010,11,2_liga,18,34,2,0,1,14,11,3,2,5,13,15,2.8000000000000003,3,1,1,9,5,2,21,6,3,1,15,8,4.800000000000001,3,2,0,6,3,6.2,6.6,64.0,66.0
TuS Koblenz,MSV Duisburg,0-3,https://www.besoccer.com/match/tus-koblenz/msv-duisburg/201027599,2010,11,2_liga,18,34,2,0,3,16,9,2,3,5,9,14,4.4,1,2,2,5,7,9,14,4,2,4,17,18,4.8,1,1,3,6,11,2.2,1.0,48.0,65.0
Hansa Rostock,FC St. Pauli,0-2,https://www.besoccer.com/match/hansa-rostock/st-pauli/201027598,2010,11,2_liga,18,34,2,0,2,12,12,4,0,6,15,18,3.0,3,0,2,9,6,3,20,6,2,2,24,11,5.2,4,0,1,15,4,4.800000000000001,6.6,64.0,47.0
FC St. Pauli,Fortuna Düsseldorf,2-1,https://www.besoccer.com/match/st-pauli/fortuna-dusseldorf/201027608,2010,12,2_liga,18,34,0,2,1,3,23,7,2,2,26,11,6.8,2,2,1,9,7,6,20,6,2,3,17,9,7.4,2,0,3,7,7,4.4,4.8,48.0,42.0
Kaiserslautern,Rot-Weiß Oberhausen,3-1,https://www.besoccer.com/match/kaiserslautern/rot-weib-oberhausen/201027607,2010,12,2_liga,18,34,0,3,1,2,24,7,3,1,16,8,5.8,3,1,1,9,5,5,20,6,2,3,14,15,5.6000000000000005,2,2,1,6,7,5.2,4.800000000000001,66.0,44.0
Paderborn,TuS Koblenz,2-1,https://www.besoccer.com/match/paderborn/tus-koblenz/201027610,2010,12,2_liga,18,34,0,2,1,11,13,3,4,4,17,17,2.4,2,2,1,9,5,16,9,2,3,6,9,17,3.2,1,1,3,4,7,3.5999999999999996,3.8,48.0,48.0
Greuther Fürth,FC Augsburg,4-5,https://www.besoccer.com/match/greuther-furth/fc-augsburg/201027605,2010,12,2_liga,18,34,2,4,5,7,18,6,0,5,21,18,6.0,3,0,2,13,7,9,15,3,6,2,19,16,3.6000000000000005,2,2,1,9,8,4.800000000000001,5.6000000000000005,67.0,50.0
FSV Frankfurt,Arminia Bielefeld,0-0,https://www.besoccer.com/match/fsv-frankfurt/arminia-bielefeld/201027609,2010,12,2_liga,18,34,1,0,0,17,5,1,2,8,8,25,2.8000000000000003,1,2,2,7,8,1,27,9,0,2,22,8,9.0,4,0,1,12,5,4.2,8.4,40.0,65.0
Energie Cottbus,1860 München,1-0,https://www.besoccer.com/match/energie-cottbus/1860-munchen/201027602,2010,12,2_liga,18,34,0,1,0,13,12,3,3,5,17,21,1.8,2,0,3,10,10,15,11,3,2,6,13,16,1.9999999999999998,0,1,4,4,10,3.0000000000000004,0.4,63.0,64.0
Karlsruher SC,Union Berlin,3-2,https://www.besoccer.com/match/karlsruher-sc/1-fc-union-berlin/201027603,2010,12,2_liga,18,34,0,3,2,14,12,3,3,5,12,16,1.4,1,2,2,4,7,4,23,7,2,2,21,13,6.0,2,2,1,10,6,3.0,4.6,61.0,42.0
MSV Duisburg,Rot Weiss Ahlen,2-2,https://www.besoccer.com/match/msv-duisburg/rot-weiss-ahlen/201027606,2010,12,2_liga,18,34,1,2,2,8,17,5,2,4,20,18,6.6000000000000005,3,1,1,11,7,18,2,0,2,9,5,20,0.6,0,1,4,3,9,6.800000000000001,1.0,65.0,40.0
Alemannia Aachen,Hansa Rostock,1-0,https://www.besoccer.com/match/alemannia-aachen/hansa-rostock/201027604,2010,12,2_liga,18,34,0,1,0,10,13,3,4,4,10,14,3.6,2,1,2,7,10,12,12,4,0,7,15,20,1.8000000000000003,1,0,4,6,12,3.8,2.4000000000000004,64.0,63.0
Fortuna Düsseldorf,Energie Cottbus,2-1,https://www.besoccer.com/match/fortuna-dusseldorf/energie-cottbus/201027619,2010,13,2_liga,18,34,0,2,1,6,20,6,2,4,18,11,5.4,4,2,0,10,2,12,15,4,3,5,18,21,3.8,1,3,2,7,11,7.0,2.0,42.0,63.0
Rot Weiss Ahlen,Paderborn,0-0,https://www.besoccer.com/match/rot-weiss-ahlen/paderborn/201027614,2010,13,2_liga,18,34,1,0,0,18,3,0,3,9,7,22,1.4,0,1,5,2,11,10,16,4,4,4,19,18,4.4,1,2,3,8,12,0.2,3.2,40.0,48.0
Arminia Bielefeld,1860 München,0-1,https://www.besoccer.com/match/arminia-bielefeld/1860-munchen/201027611,2010,13,2_liga,18,34,2,0,1,1,28,9,1,2,22,8,7.0,5,0,1,10,3,15,11,3,2,7,13,17,1.2000000000000002,0,1,5,4,11,8.4,0.2,65.0,64.0
Rot-Weiß Oberhausen,FSV Frankfurt,1-3,https://www.besoccer.com/match/rot-weib-oberhausen/fsv-frankfurt/201027613,2010,13,2_liga,18,34,2,1,3,5,20,6,2,4,15,18,3.6000000000000005,4,0,2,8,8,17,6,1,3,8,8,25,3.0,0,0,6,1,17,6.6,0.0,43.0,40.0
Hansa Rostock,Karlsruher SC,2-1,https://www.besoccer.com/match/hansa-rostock/karlsruher-sc/201027616,2010,13,2_liga,18,34,0,2,1,14,12,4,0,8,15,21,0.6000000000000001,3,0,3,9,8,13,15,4,3,5,15,18,4.0,2,1,3,8,9,3.0,2.6000000000000005,63.0,61.0
Greuther Fürth,MSV Duisburg,0-1,https://www.besoccer.com/match/greuther-furth/msv-duisburg/201027612,2010,13,2_liga,18,34,2,0,1,7,18,6,0,6,25,23,4.200000000000001,3,0,3,17,12,8,18,5,3,4,22,20,5.800000000000001,2,1,3,9,11,3.0,3.2,66.0,65.0
FC Augsburg,FC St. Pauli,3-2,https://www.besoccer.com/match/fc-augsburg/st-pauli/201027615,2010,13,2_liga,18,34,0,3,2,9,18,4,6,2,24,20,5.4,1,4,1,10,8,3,26,8,2,2,28,12,7.800000000000001,5,0,1,17,4,2.8,7.200000000000001,50.0,48.0
TuS Koblenz,Alemannia Aachen,1-0,https://www.besoccer.com/match/tus-koblenz/alemannia-aachen/201027617,2010,13,2_liga,18,34,0,1,0,16,9,2,3,7,10,19,2.1999999999999997,1,2,3,5,10,11,16,4,4,4,11,14,5.6000000000000005,1,3,2,3,4,1.2000000000000002,3.8,48.0,64.0
Union Berlin,Kaiserslautern,0-2,https://www.besoccer.com/match/1-fc-union-berlin/kaiserslautern/201027618,2010,13,2_liga,18,34,2,0,2,4,23,7,2,3,23,16,4.2,5,0,1,11,7,2,27,8,3,1,19,9,6.800000000000001,4,2,0,7,3,6.6,7.4,41.0,66.0
Karlsruher SC,TuS Koblenz,2-1,https://www.besoccer.com/match/karlsruher-sc/tus-koblenz/201027621,2010,14,2_liga,18,34,0,2,1,13,15,4,3,6,16,20,3.0000000000000004,2,2,2,7,9,16,12,3,3,7,11,19,4.4,1,1,4,5,9,5.0,3.0000000000000004,61.0,48.0
Alemannia Aachen,Rot Weiss Ahlen,0-2,https://www.besoccer.com/match/alemannia-aachen/rot-weiss-ahlen/201027622,2010,14,2_liga,18,34,2,0,2,11,16,4,4,5,11,15,4.2,3,1,2,8,10,18,4,0,4,9,7,22,2.0,0,2,4,5,11,5.4,1.8,64.0,40.0
FSV Frankfurt,Hansa Rostock,0-1,https://www.besoccer.com/match/fsv-frankfurt/hansa-rostock/201027627,2010,14,2_liga,18,34,2,0,1,17,9,2,3,8,11,26,5.0,1,3,2,7,8,14,15,5,0,8,17,22,3.0,1,0,5,6,13,4.2,1.7999999999999998,41.0,63.0
MSV Duisburg,FC Augsburg,2-2,https://www.besoccer.com/match/msv-duisburg/fc-augsburg/201027623,2010,14,2_liga,18,34,1,2,2,6,21,6,3,4,23,20,6.8,3,2,1,13,9,7,21,5,6,2,27,22,6.800000000000001,3,2,1,14,12,5.800000000000001,7.0,65.0,50.0
Paderborn,Greuther Fürth,1-0,https://www.besoccer.com/match/paderborn/greuther-furth/201027628,2010,14,2_liga,18,34,0,1,0,10,17,4,5,4,19,18,4.0,3,2,1,11,6,9,18,6,0,7,25,24,2.4,3,0,3,8,11,5.0,6.0,48.0,66.0
Energie Cottbus,Rot-Weiß Oberhausen,3-0,https://www.besoccer.com/match/energie-cottbus/rot-weib-oberhausen/201027620,2010,14,2_liga,18,34,0,3,0,12,15,4,3,6,19,23,2.8000000000000003,3,0,3,11,10,8,20,6,2,5,16,21,2.1999999999999997,2,2,2,7,10,4.8,3.2,63.0,43.0
FC St. Pauli,Union Berlin,3-0,https://www.besoccer.com/match/st-pauli/1-fc-union-berlin/201027625,2010,14,2_liga,18,34,0,3,0,3,26,8,2,3,30,15,5.2,3,2,1,11,8,4,23,7,2,4,23,18,3.0,2,2,2,12,9,5.8,3.0000000000000004,48.0,41.0
1860 München,Fortuna Düsseldorf,2-2,https://www.besoccer.com/match/1860-munchen/fortuna-dusseldorf/201027626,2010,14,2_liga,18,34,1,2,2,15,14,4,2,7,14,17,3.6,3,1,2,9,6,5,23,7,2,4,20,12,6.6,2,0,4,8,9,4.200000000000001,3.6000000000000005,64.0,42.0
Kaiserslautern,Arminia Bielefeld,1-0,https://www.besoccer.com/match/kaiserslautern/arminia-bielefeld/201027624,2010,14,2_liga,18,34,0,1,0,1,30,9,3,1,21,9,7.800000000000001,4,1,1,12,6,2,28,9,1,3,22,9,4.4,4,1,1,12,5,6.2,7.0,66.0,65.0
Union Berlin,Energie Cottbus,1-1,https://www.besoccer.com/match/1-fc-union-berlin/energie-cottbus/201027635,2010,15,2_liga,18,34,1,1,1,5,23,7,2,5,23,21,1.8000000000000003,5,0,2,11,9,11,18,5,3,6,22,23,5.0,1,3,3,8,13,4.200000000000001,1.0,41.0,63.0
FC Augsburg,FSV Frankfurt,2-0,https://www.besoccer.com/match/fc-augsburg/fsv-frankfurt/201027632,2010,15,2_liga,18,34,0,2,0,7,22,5,7,2,29,24,5.800000000000001,2,4,1,13,10,17,9,2,3,9,11,27,3.6000000000000005,1,0,6,4,18,4.6,3.0,50.0,41.0
Fortuna Düsseldorf,Arminia Bielefeld,3-2,https://www.besoccer.com/match/fortuna-dusseldorf/arminia-bielefeld/201027636,2010,15,2_liga,18,34,0,3,2,4,24,7,3,4,22,14,5.200000000000001,5,2,0,12,3,3,28,9,1,4,22,10,2.4000000000000004,4,1,2,12,6,7.800000000000001,4.4,42.0,65.0
Hansa Rostock,Kaiserslautern,0-1,https://www.besoccer.com/match/hansa-rostock/kaiserslautern/201027633,2010,15,2_liga,18,34,2,0,1,13,18,6,0,8,18,22,5.4,4,0,3,11,9,1,33,10,3,1,22,9,8.4,5,2,0,9,3,4.800000000000001,8.2,63.0,67.0
TuS Koblenz,FC St. Pauli,1-5,https://www.besoccer.com/match/tus-koblenz/st-pauli/201027634,2010,15,2_liga,18,34,2,1,5,16,12,3,3,8,12,21,3.0000000000000004,2,2,3,6,10,2,29,9,2,3,33,15,6.2,5,0,2,19,7,3.8,4.800000000000001,48.0,48.0
Rot-Weiß Oberhausen,1860 München,0-1,https://www.besoccer.com/match/rot-weib-oberhausen/1860-munchen/201027630,2010,15,2_liga,18,34,2,0,1,9,20,6,2,6,16,24,1.4000000000000001,4,0,3,9,11,15,15,4,3,7,16,19,3.4000000000000004,1,1,5,5,11,4.200000000000001,3.0,43.0,64.0
Rot Weiss Ahlen,Karlsruher SC,1-3,https://www.besoccer.com/match/rot-weiss-ahlen/karlsruher-sc/201027631,2010,15,2_liga,18,34,2,1,3,18,7,1,4,9,9,22,4.4,0,2,5,2,11,12,18,5,3,6,18,21,5.0,2,1,4,9,11,1.0,1.2000000000000002,41.0,61.0
Paderborn,MSV Duisburg,1-3,https://www.besoccer.com/match/paderborn/msv-duisburg/201027637,2010,15,2_liga,18,34,2,1,3,8,20,5,5,4,20,18,5.6,4,2,1,12,6,6,22,6,4,4,25,22,5.800000000000001,3,1,3,10,11,6.4,5.4,49.0,65.0
Greuther Fürth,Alemannia Aachen,0-2,https://www.besoccer.com/match/greuther-furth/alemannia-aachen/201027629,2010,15,2_liga,18,34,2,0,2,10,18,6,0,8,25,25,1.2000000000000002,3,0,4,17,13,14,16,4,4,6,11,17,3.0,1,3,3,3,5,1.8000000000000003,2.8000000000000003,66.0,64.0
Karlsruher SC,MSV Duisburg,0-1,https://www.besoccer.com/match/karlsruher-sc/msv-duisburg/201027640,2010,16,2_liga,18,34,2,0,1,8,21,6,3,6,21,22,6.6000000000000005,3,2,2,9,10,5,25,7,4,4,28,23,6.6,4,1,3,13,12,6.6000000000000005,7.2,61.0,65.0
Alemannia Aachen,Paderborn,1-1,https://www.besoccer.com/match/alemannia-aachen/paderborn/201027642,2010,16,2_liga,18,34,1,1,1,11,19,5,4,6,13,17,4.800000000000001,3,1,3,8,12,9,20,5,5,5,21,21,4.200000000000001,1,3,3,8,12,3.4000000000000004,3.1999999999999997,64.0,48.0
Kaiserslautern,TuS Koblenz,3-0,https://www.besoccer.com/match/kaiserslautern/tus-koblenz/201027643,2010,16,2_liga,18,34,0,3,0,1,36,11,3,1,23,9,9.0,5,1,1,13,6,16,12,3,3,9,13,26,1.7999999999999998,1,1,5,6,11,7.200000000000001,2.1999999999999997,67.0,47.0
1860 München,FC Augsburg,1-0,https://www.besoccer.com/match/1860-munchen/fc-augsburg/201027645,2010,16,2_liga,18,34,0,1,0,13,18,5,3,7,17,19,5.6,3,2,2,11,8,6,25,6,7,2,31,24,6.8,3,3,1,16,14,3.8,5.800000000000001,64.0,50.0
FSV Frankfurt,Rot Weiss Ahlen,0-0,https://www.besoccer.com/match/fsv-frankfurt/rot-weiss-ahlen/201027646,2010,16,2_liga,18,34,1,0,0,17,9,2,3,10,11,29,2.1999999999999997,1,3,3,7,9,18,7,1,4,10,10,25,3.4000000000000004,1,2,4,7,11,3.0,4.4,41.0,41.0
Fortuna Düsseldorf,Rot-Weiß Oberhausen,2-0,https://www.besoccer.com/match/fortuna-dusseldorf/rot-weib-oberhausen/201027639,2010,16,2_liga,18,34,0,2,0,4,27,8,3,4,25,16,6.2,6,2,0,15,5,10,20,6,2,7,16,25,0.6000000000000001,2,2,3,7,13,8.600000000000001,1.8000000000000003,42.0,43.0
Arminia Bielefeld,Union Berlin,1-1,https://www.besoccer.com/match/arminia-bielefeld/1-fc-union-berlin/201027641,2010,16,2_liga,18,34,1,1,1,3,28,9,1,5,24,13,1.0,5,0,2,10,4,7,24,7,3,5,24,22,1.6,2,2,3,12,12,6.0,1.9999999999999998,64.0,41.0
FC St. Pauli,Greuther Fürth,2-2,https://www.besoccer.com/match/st-pauli/greuther-furth/201027644,2010,16,2_liga,18,34,1,2,2,2,32,10,2,3,38,16,7.200000000000001,4,2,1,14,8,14,18,6,0,9,25,27,0.6000000000000001,3,0,4,8,12,7.200000000000001,4.2,48.0,66.0
Energie Cottbus,Hansa Rostock,0-0,https://www.besoccer.com/match/energie-cottbus/hansa-rostock/201027638,2010,16,2_liga,18,34,1,0,0,12,19,5,4,6,23,24,4.6000000000000005,4,0,3,14,10,15,18,6,0,9,18,23,4.2,2,0,5,7,13,6.6000000000000005,4.2,63.0,63.0
MSV Duisburg,Alemannia Aachen,0-2,https://www.besoccer.com/match/msv-duisburg/alemannia-aachen/201027648,2010,17,2_liga,18,34,2,0,2,5,28,8,4,4,29,23,7.4,3,3,1,15,11,13,20,5,5,6,14,18,4.0,2,3,3,5,5,4.8,5.0,66.0,64.0
Rot Weiss Ahlen,Energie Cottbus,0-4,https://www.besoccer.com/match/rot-weiss-ahlen/energie-cottbus/201027650,2010,17,2_liga,18,34,2,0,4,18,8,1,5,10,10,25,3.4,0,2,6,3,14,11,20,5,5,6,23,24,4.2,1,4,3,9,14,0.8,1.6,41.0,63.0
TuS Koblenz,FSV Frankfurt,0-1,https://www.besoccer.com/match/tus-koblenz/fsv-frankfurt/201027653,2010,17,2_liga,18,34,2,0,1,16,12,3,3,10,13,29,1.2000000000000002,2,2,4,7,15,17,10,2,4,10,11,29,2.4000000000000004,1,0,7,4,20,2.8000000000000003,2.4000000000000004,47.0,41.0
Greuther Fürth,Karlsruher SC,1-4,https://www.besoccer.com/match/greuther-furth/karlsruher-sc/201027647,2010,17,2_liga,18,34,2,1,4,14,19,6,1,9,27,29,1.0,3,0,5,17,15,8,21,6,3,7,21,23,4.800000000000001,3,1,4,12,12,0.6000000000000001,3.4,66.0,61.0
Hansa Rostock,Fortuna Düsseldorf,2-1,https://www.besoccer.com/match/hansa-rostock/fortuna-dusseldorf/201027652,2010,17,2_liga,18,34,0,2,1,15,19,6,1,9,18,23,4.0,4,0,4,11,10,3,30,9,3,4,27,16,7.200000000000001,2,1,4,10,11,3.0000000000000004,3.4,63.0,43.0
Rot-Weiß Oberhausen,Arminia Bielefeld,0-0,https://www.besoccer.com/match/rot-weib-oberhausen/arminia-bielefeld/201027649,2010,17,2_liga,18,34,1,0,0,12,20,6,2,8,16,27,0.0,4,0,4,9,12,4,29,9,2,5,25,14,1.2,4,1,3,14,9,2.4,2.4000000000000004,43.0,64.0
Union Berlin,1860 München,1-1,https://www.besoccer.com/match/1-fc-union-berlin/1860-munchen/201027654,2010,17,2_liga,18,34,1,1,1,7,25,7,4,5,25,23,1.8,5,1,2,12,10,10,21,6,3,7,18,19,7.200000000000001,2,1,5,6,11,3.4,5.4,41.0,64.0
Paderborn,FC St. Pauli,2-1,https://www.besoccer.com/match/paderborn/st-pauli/201027655,2010,17,2_liga,18,34,0,2,1,9,21,5,6,5,22,22,3.8,4,2,2,13,9,2,33,10,3,3,40,18,5.800000000000001,6,0,2,24,8,4.4,6.0,49.0,48.0
FC Augsburg,Kaiserslautern,4-1,https://www.besoccer.com/match/fc-augsburg/kaiserslautern/201027651,2010,17,2_liga,18,34,0,4,1,6,25,6,7,3,31,25,4.800000000000001,3,4,1,15,10,1,39,12,3,1,26,9,9.0,6,2,0,10,3,6.0,8.600000000000001,50.0,67.0
Paderborn,Fortuna Düsseldorf,1-1,https://www.besoccer.com/match/paderborn/fortuna-dusseldorf/201027662,2010,18,2_liga,18,34,1,1,1,9,24,6,6,5,24,23,5.2,5,2,2,15,10,3,30,9,3,5,28,18,5.2,2,1,5,11,13,6.0,2.0,49.0,43.0
Union Berlin,Rot-Weiß Oberhausen,1-0,https://www.besoccer.com/match/1-fc-union-berlin/rot-weib-oberhausen/201027661,2010,18,2_liga,18,34,0,1,0,7,26,7,5,5,26,24,2.4,5,2,2,13,11,14,21,6,3,8,16,27,1.0,2,2,4,7,15,3.0,1.0,41.0,43.0
Alemannia Aachen,Karlsruher SC,3-1,https://www.besoccer.com/match/alemannia-aachen/karlsruher-sc/201027664,2010,18,2_liga,18,34,0,3,1,10,23,6,5,6,16,18,5.6,3,2,3,9,13,8,24,7,3,7,25,24,6.0,4,1,4,16,13,3.0,5.6000000000000005,64.0,61.0
Greuther Fürth,Kaiserslautern,3-0,https://www.besoccer.com/match/greuther-furth/kaiserslautern/201027656,2010,18,2_liga,18,34,0,3,0,15,19,6,1,10,28,33,0.8,3,0,6,18,19,1,39,12,3,2,27,13,6.0,6,2,1,11,7,0.0,6.0,66.0,66.0
Rot Weiss Ahlen,FC St. Pauli,0-2,https://www.besoccer.com/match/rot-weiss-ahlen/st-pauli/201027660,2010,18,2_liga,18,34,2,0,2,18,8,1,5,11,10,29,2.2,0,2,7,3,18,2,33,10,3,4,41,20,3.8,6,0,3,25,10,0.6,4.200000000000001,40.0,48.0
MSV Duisburg,FSV Frankfurt,5-0,https://www.besoccer.com/match/msv-duisburg/fsv-frankfurt/201027657,2010,18,2_liga,18,34,0,5,0,5,28,8,4,5,29,25,5.2,3,3,2,15,13,16,13,3,4,10,12,29,4.4,2,0,7,5,20,3.2,4.8,65.0,41.0
FC Augsburg,Energie Cottbus,3-1,https://www.besoccer.com/match/fc-augsburg/energie-cottbus/201027659,2010,18,2_liga,18,34,0,3,1,6,28,7,7,3,35,26,5.8,4,4,1,19,11,11,23,6,5,6,27,24,5.6000000000000005,2,4,3,13,14,7.4,4.0,51.0,63.0
TuS Koblenz,1860 München,2-2,https://www.besoccer.com/match/tus-koblenz/1860-munchen/201027663,2010,18,2_liga,18,34,1,2,2,17,12,3,3,11,13,30,0.6000000000000001,2,2,5,7,16,13,22,6,4,7,19,20,6.2,2,2,5,7,12,1.9999999999999998,5.2,47.0,64.0
Hansa Rostock,Arminia Bielefeld,1-1,https://www.besoccer.com/match/hansa-rostock/arminia-bielefeld/201027658,2010,18,2_liga,18,34,1,1,1,12,22,7,1,9,20,24,5.6000000000000005,5,0,4,13,11,4,30,9,3,5,25,14,1.8,4,2,3,14,9,4.8,2.0,63.0,64.0
FSV Frankfurt,Greuther Fürth,0-5,https://www.besoccer.com/match/fsv-frankfurt/greuther-furth/201027666,2010,19,2_liga,18,34,2,0,5,16,13,3,4,11,12,34,3.0000000000000004,1,4,3,7,9,14,22,7,1,10,31,33,3.6,3,1,4,10,14,3.0,4.0,41.0,66.0
1860 München,Hansa Rostock,3-0,https://www.besoccer.com/match/1860-munchen/hansa-rostock/201027670,2010,19,2_liga,18,34,0,3,0,13,23,6,5,7,21,22,5.0,4,2,2,12,8,12,23,7,2,9,21,25,4.6000000000000005,2,1,5,7,13,5.2,4.0,64.0,63.0
Fortuna Düsseldorf,Union Berlin,1-0,https://www.besoccer.com/match/fortuna-dusseldorf/1-fc-union-berlin/201027672,2010,19,2_liga,18,34,0,1,0,3,31,9,4,5,29,19,4.2,7,2,0,17,5,7,29,8,5,5,27,24,4.8,2,3,3,13,13,9.0,2.2,43.0,42.0
FC St. Pauli,Alemannia Aachen,1-0,https://www.besoccer.com/match/st-pauli/alemannia-aachen/201027665,2010,19,2_liga,18,34,0,1,0,2,36,11,3,4,43,20,5.4,4,3,1,16,10,8,26,7,5,6,19,19,7.200000000000001,3,3,3,7,5,6.2,6.6000000000000005,48.0,64.0
Kaiserslautern,Rot Weiss Ahlen,0-0,https://www.besoccer.com/match/kaiserslautern/rot-weiss-ahlen/201027668,2010,19,2_liga,18,34,1,0,0,1,39,12,3,3,27,16,3.6,6,1,1,16,6,18,8,1,5,12,10,31,1.2000000000000002,1,3,4,7,11,7.800000000000001,4.4,66.0,40.0
Rot-Weiß Oberhausen,FC Augsburg,0-3,https://www.besoccer.com/match/rot-weib-oberhausen/fc-augsburg/201027669,2010,19,2_liga,18,34,2,0,3,15,21,6,3,9,16,28,0.8,4,1,4,9,12,6,31,8,7,3,38,27,6.800000000000001,3,3,2,16,15,2.2,4.0,43.0,51.0
Arminia Bielefeld,TuS Koblenz,4-2,https://www.besoccer.com/match/arminia-bielefeld/tus-koblenz/201027671,2010,19,2_liga,18,34,0,4,2,4,31,9,4,5,26,15,2.4,5,1,2,11,5,17,13,3,4,11,15,32,1.0,1,1,6,6,14,4.6,1.4000000000000001,64.0,47.0
Karlsruher SC,Paderborn,1-2,https://www.besoccer.com/match/karlsruher-sc/paderborn/201027673,2010,19,2_liga,18,34,2,1,2,10,24,7,3,8,26,27,4.200000000000001,3,2,3,9,11,9,25,6,7,5,25,24,4.6000000000000005,1,4,3,9,13,4.6,3.2,61.0,49.0
Energie Cottbus,MSV Duisburg,0-1,https://www.besoccer.com/match/energie-cottbus/msv-duisburg/201027667,2010,19,2_liga,18,34,2,0,1,11,23,6,5,7,28,27,4.0,4,1,3,14,10,5,31,9,4,5,34,25,6.2,5,1,3,14,12,5.800000000000001,8.4,63.0,65.0
Greuther Fürth,Energie Cottbus,1-0,https://www.besoccer.com/match/greuther-furth/energie-cottbus/201027674,2010,20,2_liga,18,34,0,1,0,11,25,8,1,10,36,33,5.800000000000001,4,0,6,21,19,14,23,6,5,8,28,28,2.4,2,4,4,14,17,3.0,3.0000000000000004,66.0,63.0
MSV Duisburg,FC St. Pauli,0-2,https://www.besoccer.com/match/msv-duisburg/st-pauli/201027677,2010,20,2_liga,18,34,2,0,2,5,34,10,4,5,35,25,7.200000000000001,4,3,2,20,13,2,39,12,3,4,44,20,6.4,7,0,3,27,10,4.6,5.4,66.0,48.0
TuS Koblenz,Fortuna Düsseldorf,1-0,https://www.besoccer.com/match/tus-koblenz/fortuna-dusseldorf/201027682,2010,20,2_liga,18,34,0,1,0,17,13,3,4,12,17,36,0.8,2,3,5,9,18,3,34,10,4,5,30,19,5.6000000000000005,2,2,5,12,14,2.2,2.2,47.0,43.0
FC Augsburg,Arminia Bielefeld,3-1,https://www.besoccer.com/match/fc-augsburg/arminia-bielefeld/201027675,2010,20,2_liga,18,34,0,3,1,6,34,9,7,3,41,27,7.800000000000001,5,4,1,22,12,4,34,10,4,5,30,17,4.8,4,3,3,15,10,8.4,2.0,51.0,64.0
Rot Weiss Ahlen,Rot-Weiß Oberhausen,1-0,https://www.besoccer.com/match/rot-weiss-ahlen/rot-weib-oberhausen/201027678,2010,20,2_liga,18,34,0,1,0,18,9,1,6,12,10,31,1.4,0,2,8,3,20,15,21,6,3,10,16,31,0.6,2,2,5,7,16,0.4,0.2,40.0,42.0
Paderborn,FSV Frankfurt,0-2,https://www.besoccer.com/match/paderborn/fsv-frankfurt/201027680,2010,20,2_liga,18,34,2,0,2,8,28,7,7,5,27,25,6.0,5,3,2,16,11,16,13,3,4,12,12,39,2.1999999999999997,2,0,8,5,25,5.200000000000001,3.6000000000000005,49.0,40.0
Alemannia Aachen,Kaiserslautern,0-3,https://www.besoccer.com/match/alemannia-aachen/kaiserslautern/201027676,2010,20,2_liga,18,34,2,0,3,10,26,7,5,7,19,20,5.2,4,2,3,12,14,1,40,12,4,3,27,16,2.8000000000000003,6,2,2,11,10,5.0,3.6,64.0,66.0
Karlsruher SC,1860 München,2-0,https://www.besoccer.com/match/karlsruher-sc/1860-munchen/201027679,2010,20,2_liga,18,34,0,2,0,12,24,7,3,9,27,29,2.4,3,2,4,10,13,9,26,7,5,7,24,22,6.2,2,3,5,9,14,3.2,4.8,60.0,64.0
Hansa Rostock,Union Berlin,0-0,https://www.besoccer.com/match/hansa-rostock/1-fc-union-berlin/201027681,2010,20,2_liga,18,34,1,0,0,13,23,7,2,10,21,28,3.0,5,1,4,14,12,7,29,8,5,6,27,25,3.6000000000000005,2,3,4,13,14,4.6000000000000005,1.4000000000000001,63.0,41.0
FC St. Pauli,Karlsruher SC,2-1,https://www.besoccer.com/match/st-pauli/karlsruher-sc/201027683,2010,21,2_liga,18,34,0,2,1,2,42,13,3,4,46,20,7.4,5,3,1,17,10,10,27,8,3,9,29,29,4.2,4,1,5,17,16,7.0,4.2,49.0,61.0
Arminia Bielefeld,Greuther Fürth,2-1,https://www.besoccer.com/match/arminia-bielefeld/greuther-furth/201027685,2010,21,2_liga,18,34,0,2,1,5,34,10,4,6,31,20,3.6000000000000005,6,1,2,15,7,8,28,9,1,10,37,33,7.4,4,1,4,15,14,5.6000000000000005,5.6000000000000005,64.0,66.0
Rot-Weiß Oberhausen,Hansa Rostock,2-1,https://www.besoccer.com/match/rot-weib-oberhausen/hansa-rostock/201027689,2010,21,2_liga,18,34,0,2,1,15,21,6,3,11,16,32,0.4,4,1,5,9,15,13,24,7,3,10,21,28,3.0,2,1,6,7,16,1.4000000000000001,2.5999999999999996,42.0,63.0
Union Berlin,FC Augsburg,0-0,https://www.besoccer.com/match/1-fc-union-berlin/fc-augsburg/201027688,2010,21,2_liga,18,34,1,0,0,7,30,8,6,6,27,25,3.4,6,2,2,14,11,3,37,10,7,3,44,28,8.4,4,3,2,19,15,5.0,5.4,41.0,52.0
Energie Cottbus,TuS Koblenz,1-1,https://www.besoccer.com/match/energie-cottbus/tus-koblenz/201027690,2010,21,2_liga,18,34,1,1,1,14,23,6,5,9,28,29,1.4000000000000001,4,1,4,14,11,17,16,4,4,12,18,36,3.6,1,1,7,8,18,3.8,0.6000000000000001,63.0,47.0
FSV Frankfurt,Alemannia Aachen,1-1,https://www.besoccer.com/match/fsv-frankfurt/alemannia-aachen/201027684,2010,21,2_liga,18,34,1,1,1,16,16,4,4,12,14,39,4.4,1,4,4,7,14,11,26,7,5,8,19,23,3.2,3,3,4,7,6,1.8,4.800000000000001,41.0,64.0
Fortuna Düsseldorf,MSV Duisburg,2-0,https://www.besoccer.com/match/fortuna-dusseldorf/msv-duisburg/201027686,2010,21,2_liga,18,34,0,2,0,4,34,10,4,6,30,20,3.6000000000000005,8,2,0,18,5,6,34,10,4,6,35,27,4.800000000000001,6,1,3,15,12,9.0,9.0,43.0,65.0
Kaiserslautern,Paderborn,3-0,https://www.besoccer.com/match/kaiserslautern/paderborn/201027691,2010,21,2_liga,18,34,0,3,0,1,43,13,4,3,30,16,4.4,6,2,1,16,6,9,28,7,7,6,27,27,4.4,2,4,3,11,14,6.4,5.0,66.0,49.0
1860 München,Rot Weiss Ahlen,0-1,https://www.besoccer.com/match/1860-munchen/rot-weiss-ahlen/201027687,2010,21,2_liga,18,34,2,0,1,12,26,7,5,8,24,24,4.0,5,2,2,15,8,18,12,2,6,12,11,31,4.0,1,4,4,7,11,6.6000000000000005,4.2,64.0,41.0
FC St. Pauli,FSV Frankfurt,0-0,https://www.besoccer.com/match/st-pauli/fsv-frankfurt/201027698,2010,22,2_liga,18,34,1,0,0,2,45,14,3,4,48,21,8.4,6,3,1,19,11,16,17,4,5,12,15,40,4.0,3,0,8,7,25,7.800000000000001,5.4,49.0,41.0
Rot Weiss Ahlen,Arminia Bielefeld,0-1,https://www.besoccer.com/match/rot-weiss-ahlen/arminia-bielefeld/201027693,2010,22,2_liga,18,34,2,0,1,18,15,3,6,12,12,31,6.0,1,2,8,4,20,5,37,11,4,6,33,21,5.4,4,3,4,16,13,3.2,1.4,41.0,64.0
Paderborn,Union Berlin,3-0,https://www.besoccer.com/match/paderborn/1-fc-union-berlin/201027699,2010,22,2_liga,18,34,0,3,0,9,28,7,7,7,27,30,2.8,5,3,3,16,13,7,31,8,7,6,27,25,3.2,2,4,4,13,14,3.2,1.6,48.0,41.0
Karlsruher SC,Energie Cottbus,0-2,https://www.besoccer.com/match/karlsruher-sc/energie-cottbus/201027692,2010,22,2_liga,18,34,2,0,2,11,27,8,3,10,30,31,3.0000000000000004,4,2,4,12,13,14,24,6,6,9,29,30,1.6,2,4,5,14,18,4.800000000000001,2.1999999999999997,60.0,63.0
Alemannia Aachen,Rot-Weiß Oberhausen,2-1,https://www.besoccer.com/match/alemannia-aachen/rot-weib-oberhausen/201027695,2010,22,2_liga,18,34,0,2,1,10,27,7,6,8,20,24,2.8000000000000003,4,2,4,12,17,15,24,7,3,11,18,33,3.2,2,2,6,7,17,3.6000000000000005,0.0,64.0,43.0
Greuther Fürth,1860 München,1-2,https://www.besoccer.com/match/greuther-furth/1860-munchen/201027696,2010,22,2_liga,18,34,2,1,2,8,28,9,1,11,38,35,5.4,5,0,6,22,19,12,26,7,5,9,24,25,2.4,2,3,6,9,16,5.4,3.2,66.0,64.0
TuS Koblenz,Hansa Rostock,0-0,https://www.besoccer.com/match/tus-koblenz/hansa-rostock/201027697,2010,22,2_liga,18,34,1,0,0,17,17,4,5,12,19,37,3.8000000000000003,3,3,5,10,18,13,24,7,3,11,22,30,1.8,2,1,7,8,18,4.4,1.8000000000000003,47.0,63.0
FC Augsburg,Fortuna Düsseldorf,2-0,https://www.besoccer.com/match/fc-augsburg/fortuna-dusseldorf/201027700,2010,22,2_liga,18,34,0,2,0,3,38,10,8,3,44,28,7.0,6,4,1,25,13,4,37,11,4,6,32,20,5.199999999999999,2,2,6,12,15,9.0,1.2000000000000002,52.0,43.0
MSV Duisburg,Kaiserslautern,1-1,https://www.besoccer.com/match/msv-duisburg/kaiserslautern/201027694,2010,22,2_liga,18,34,1,1,1,6,34,10,4,7,35,29,3.0,4,3,3,20,15,1,46,14,4,3,33,16,6.0,7,2,2,14,10,3.0000000000000004,4.800000000000001,65.0,66.0
Arminia Bielefeld,MSV Duisburg,1-2,https://www.besoccer.com/match/arminia-bielefeld/msv-duisburg/201027704,2010,23,2_liga,18,34,2,1,2,4,40,12,4,6,34,21,6.800000000000001,7,1,2,17,8,6,35,10,5,7,36,30,2.8000000000000003,6,1,4,15,14,6.6000000000000005,6.0,64.0,65.0
Fortuna Düsseldorf,Rot Weiss Ahlen,4-0,https://www.besoccer.com/match/fortuna-dusseldorf/rot-weiss-ahlen/201027706,2010,23,2_liga,18,34,0,4,0,5,37,11,4,7,32,22,3.8000000000000007,9,2,0,20,5,18,15,3,6,13,12,32,4.6,2,4,4,8,11,9.0,5.8,43.0,41.0
Union Berlin,TuS Koblenz,3-2,https://www.besoccer.com/match/1-fc-union-berlin/tus-koblenz/201027708,2010,23,2_liga,18,34,0,3,2,8,31,8,7,7,27,28,2.0,6,3,2,14,11,17,18,4,6,12,19,37,3.8,1,2,7,9,19,4.4,1.0,41.0,47.0
1860 München,Alemannia Aachen,3-2,https://www.besoccer.com/match/1860-munchen/alemannia-aachen/201027702,2010,23,2_liga,18,34,0,3,2,10,29,8,5,9,26,26,4.4,5,2,3,15,9,9,30,8,6,8,22,25,4.4,3,4,4,8,7,4.6,4.0,64.0,64.0
Hansa Rostock,FC Augsburg,0-1,https://www.besoccer.com/match/hansa-rostock/fc-augsburg/201027707,2010,23,2_liga,18,34,2,0,1,14,25,7,4,11,22,30,1.8,5,2,4,14,12,3,41,11,8,3,46,28,7.4,4,4,2,19,15,4.2,4.4,63.0,52.0
FSV Frankfurt,Karlsruher SC,2-1,https://www.besoccer.com/match/fsv-frankfurt/karlsruher-sc/201027701,2010,23,2_liga,18,34,0,2,1,16,18,4,6,12,15,40,3.5999999999999996,1,5,4,8,15,12,27,8,3,11,30,33,1.7999999999999998,4,1,6,18,18,1.8,3.0,41.0,61.0
Rot-Weiß Oberhausen,Greuther Fürth,0-1,https://www.besoccer.com/match/rot-weib-oberhausen/greuther-furth/201027703,2010,23,2_liga,18,34,2,0,1,15,24,7,3,12,19,35,2.4000000000000004,5,1,5,11,16,11,28,9,1,12,39,37,3.6,4,1,5,16,16,3.6,3.6000000000000005,42.0,66.0
Energie Cottbus,Paderborn,1-2,https://www.besoccer.com/match/energie-cottbus/paderborn/201027709,2010,23,2_liga,18,34,2,1,2,13,27,7,6,9,31,30,3.8,4,2,4,15,12,7,31,8,7,7,30,30,4.4,2,4,4,11,17,3.4000000000000004,3.4000000000000004,63.0,49.0
Kaiserslautern,FC St. Pauli,3-0,https://www.besoccer.com/match/kaiserslautern/st-pauli/201027705,2010,23,2_liga,18,34,0,3,0,1,47,14,5,3,34,17,5.6,7,2,1,19,6,2,46,14,4,4,48,21,7.0,8,0,3,29,10,7.4,6.6000000000000005,66.0,49.0
FSV Frankfurt,Energie Cottbus,0-0,https://www.besoccer.com/match/fsv-frankfurt/energie-cottbus/201027710,2010,24,2_liga,18,34,1,0,0,16,21,5,6,12,17,41,5.6000000000000005,2,5,4,10,16,13,27,7,6,10,32,32,3.0000000000000004,3,4,5,16,18,4.2,4.4,41.0,63.0
MSV Duisburg,Rot-Weiß Oberhausen,2-2,https://www.besoccer.com/match/msv-duisburg/rot-weib-oberhausen/201027713,2010,24,2_liga,18,34,1,2,2,6,38,11,5,7,38,31,4.4,4,4,3,21,16,15,24,7,3,13,19,36,1.7999999999999998,2,2,7,8,19,3.0,0.0,65.0,42.0
Paderborn,1860 München,3-1,https://www.besoccer.com/match/paderborn/1860-munchen/201027715,2010,24,2_liga,18,34,0,3,1,7,34,9,7,7,32,31,6.0,6,3,3,19,13,9,32,9,5,9,29,28,6.0,3,3,6,11,17,4.800000000000001,4.6,49.0,64.0
TuS Koblenz,FC Augsburg,0-1,https://www.besoccer.com/match/tus-koblenz/fc-augsburg/201027714,2010,24,2_liga,18,34,2,0,1,17,18,4,6,13,21,40,2.6000000000000005,3,4,5,10,18,3,44,12,8,3,47,28,7.800000000000001,5,4,2,20,15,4.0,5.8,47.0,53.0
Greuther Fürth,Hansa Rostock,1-0,https://www.besoccer.com/match/greuther-furth/hansa-rostock/201027716,2010,24,2_liga,18,34,0,1,0,10,31,10,1,12,40,37,4.800000000000001,5,0,7,23,21,14,25,7,4,12,22,31,1.2000000000000002,2,2,7,8,18,4.2,2.0,66.0,63.0
FC St. Pauli,Arminia Bielefeld,0-1,https://www.besoccer.com/match/st-pauli/arminia-bielefeld/201027711,2010,24,2_liga,18,34,2,0,1,2,46,14,4,5,48,24,4.4,6,4,1,19,11,4,40,12,4,7,35,23,4.800000000000001,5,3,4,17,13,6.2,4.0,49.0,64.0
Karlsruher SC,Kaiserslautern,1-3,https://www.besoccer.com/match/karlsruher-sc/kaiserslautern/201027712,2010,24,2_liga,18,34,2,1,3,12,27,8,3,12,31,35,1.2000000000000002,4,2,5,12,15,1,50,15,5,3,37,17,7.0,7,3,2,15,11,3.0000000000000004,4.0,60.0,67.0
Rot Weiss Ahlen,Union Berlin,3-2,https://www.besoccer.com/match/rot-weiss-ahlen/1-fc-union-berlin/201027717,2010,24,2_liga,18,34,0,3,2,18,15,3,6,14,12,36,3.2,1,2,9,4,21,8,34,9,7,7,30,30,4.0,2,4,5,13,17,2.4000000000000004,1.2000000000000002,40.0,42.0
Alemannia Aachen,Fortuna Düsseldorf,0-1,https://www.besoccer.com/match/alemannia-aachen/fortuna-dusseldorf/201027718,2010,24,2_liga,18,34,2,0,1,11,30,8,6,9,24,28,3.0000000000000004,5,2,4,14,18,5,40,12,4,7,36,22,5.4,2,2,7,12,17,5.199999999999999,0.8,64.0,43.0
Rot-Weiß Oberhausen,TuS Koblenz,2-0,https://www.besoccer.com/match/rot-weib-oberhausen/tus-koblenz/201027725,2010,25,2_liga,18,34,0,2,0,15,25,7,4,13,21,38,2.2,5,1,6,11,17,17,18,4,6,14,21,41,1.6,1,2,8,11,22,2.8000000000000003,0.8,43.0,47.0
Hansa Rostock,Rot Weiss Ahlen,0-1,https://www.besoccer.com/match/hansa-rostock/rot-weiss-ahlen/201027724,2010,25,2_liga,18,34,2,0,1,14,25,7,4,13,22,32,0.8,5,2,5,14,13,18,18,4,6,14,15,38,4.800000000000001,2,4,5,8,15,2.6000000000000005,4.0,63.0,41.0
Fortuna Düsseldorf,Greuther Fürth,0-0,https://www.besoccer.com/match/fortuna-dusseldorf/greuther-furth/201027721,2010,25,2_liga,18,34,1,0,0,5,43,13,4,7,37,22,6.6000000000000005,10,2,0,24,5,8,34,11,1,12,41,37,6.0,5,1,5,17,16,9.0,5.199999999999999,43.0,66.0
Energie Cottbus,Alemannia Aachen,3-1,https://www.besoccer.com/match/energie-cottbus/alemannia-aachen/201027720,2010,25,2_liga,18,34,0,3,1,12,28,7,7,10,32,32,3.1999999999999997,4,2,5,16,14,11,30,8,6,10,24,29,2.1999999999999997,3,4,5,10,10,1.8,2.6000000000000005,62.0,63.0
Kaiserslautern,FSV Frankfurt,1-1,https://www.besoccer.com/match/kaiserslautern/fsv-frankfurt/201027726,2010,25,2_liga,18,34,1,1,1,1,53,16,5,3,40,18,7.800000000000001,8,2,1,22,6,16,22,5,7,12,17,41,5.0,3,1,8,7,25,7.800000000000001,4.6000000000000005,67.0,41.0
Union Berlin,MSV Duisburg,0-1,https://www.besoccer.com/match/1-fc-union-berlin/msv-duisburg/201027722,2010,25,2_liga,18,34,2,0,1,9,34,9,7,8,32,33,3.0000000000000004,7,3,2,17,13,6,39,11,6,7,40,33,4.0,7,1,4,17,15,6.2,6.6,41.0,65.0
1860 München,FC St. Pauli,2-1,https://www.besoccer.com/match/1860-munchen/st-pauli/201027723,2010,25,2_liga,18,34,0,2,1,10,32,9,5,10,30,31,4.2,6,2,3,18,11,3,46,14,4,6,48,25,2.4000000000000004,8,0,4,29,13,6.2,4.800000000000001,64.0,49.0
FC Augsburg,Paderborn,3-0,https://www.besoccer.com/match/fc-augsburg/paderborn/201027727,2010,25,2_liga,18,34,0,3,0,2,47,13,8,3,48,28,8.2,7,4,1,27,13,7,37,10,7,7,35,32,7.2,3,4,4,13,18,9.0,5.4,53.0,49.0
Arminia Bielefeld,Karlsruher SC,0-1,https://www.besoccer.com/match/arminia-bielefeld/karlsruher-sc/201027719,2010,25,2_liga,18,34,2,0,1,4,43,13,4,7,36,23,6.0,7,1,3,18,10,13,27,8,3,13,32,38,0.6000000000000001,4,1,7,19,20,4.6,1.8000000000000003,64.0,60.0
Rot Weiss Ahlen,TuS Koblenz,0-2,https://www.besoccer.com/match/rot-weiss-ahlen/tus-koblenz/201027734,2010,26,2_liga,18,34,2,0,2,17,21,5,6,14,16,38,6.0,2,2,9,7,23,18,18,4,6,15,21,43,0.6000000000000001,1,2,9,11,24,4.8,0.6,41.0,47.0
Alemannia Aachen,Arminia Bielefeld,2-1,https://www.besoccer.com/match/alemannia-aachen/arminia-bielefeld/201027729,2010,26,2_liga,18,34,0,2,1,12,30,8,6,11,25,32,1.4000000000000001,5,2,5,14,19,5,43,13,4,8,36,24,4.200000000000001,6,3,4,18,13,3.8000000000000007,6.0,63.0,64.0
Greuther Fürth,Union Berlin,0-0,https://www.besoccer.com/match/greuther-furth/1-fc-union-berlin/201027735,2010,26,2_liga,18,34,1,0,0,9,35,11,2,12,41,37,5.2,6,0,7,24,21,10,34,9,7,9,32,34,1.9999999999999998,2,4,6,15,20,6.0,0.8,66.0,41.0
Karlsruher SC,FC Augsburg,1-0,https://www.besoccer.com/match/karlsruher-sc/fc-augsburg/201027731,2010,26,2_liga,18,34,0,1,0,13,30,9,3,13,33,38,3.0,4,2,6,13,18,2,50,14,8,3,51,28,8.600000000000001,6,4,2,21,15,1.7999999999999998,7.200000000000001,60.0,53.0
FSV Frankfurt,Fortuna Düsseldorf,2-0,https://www.besoccer.com/match/fsv-frankfurt/fortuna-dusseldorf/201027736,2010,26,2_liga,18,34,0,2,0,16,23,5,8,12,18,42,4.2,2,6,4,10,16,4,44,13,5,7,37,22,5.800000000000001,3,2,7,13,17,4.2,3.4,42.0,43.0
Kaiserslautern,Energie Cottbus,4-1,https://www.besoccer.com/match/kaiserslautern/energie-cottbus/201027728,2010,26,2_liga,18,34,0,4,1,1,54,16,6,3,41,19,6.2,8,3,1,23,7,11,31,8,7,10,35,33,5.2,3,5,5,16,18,6.2,4.0,67.0,63.0
FC St. Pauli,Rot-Weiß Oberhausen,5-3,https://www.besoccer.com/match/st-pauli/rot-weib-oberhausen/201027730,2010,26,2_liga,18,34,0,5,3,3,46,14,4,7,49,27,1.0,6,4,2,19,12,14,28,8,4,13,23,38,4.4,2,3,7,10,21,4.0,1.0,49.0,43.0
Paderborn,Hansa Rostock,2-2,https://www.besoccer.com/match/paderborn/hansa-rostock/201027733,2010,26,2_liga,18,34,1,2,2,7,37,10,7,8,35,35,5.4,7,3,3,22,14,15,25,7,4,14,22,33,0.4,2,2,8,8,19,6.4,1.0,49.0,62.0
MSV Duisburg,1860 München,0-1,https://www.besoccer.com/match/msv-duisburg/1860-munchen/201027732,2010,26,2_liga,18,34,2,0,1,6,42,12,6,7,41,33,6.0,4,5,3,23,18,8,35,10,5,10,32,32,6.0,3,3,7,12,20,3.0,3.0000000000000004,65.0,64.0
TuS Koblenz,Greuther Fürth,2-0,https://www.besoccer.com/match/tus-koblenz/greuther-furth/201027739,2010,27,2_liga,18,34,0,2,0,18,21,5,6,15,23,43,3.2,3,4,6,10,19,9,36,11,3,12,41,37,4.8,5,2,5,17,16,3.0,4.800000000000001,47.0,66.0
Hansa Rostock,MSV Duisburg,3-1,https://www.besoccer.com/match/hansa-rostock/msv-duisburg/201027740,2010,27,2_liga,18,34,0,3,1,15,26,7,5,14,24,35,1.2,5,2,6,14,14,6,42,12,6,8,41,34,4.4,8,1,4,18,15,1.6,7.200000000000001,62.0,65.0
Energie Cottbus,FC St. Pauli,0-1,https://www.besoccer.com/match/energie-cottbus/st-pauli/201027742,2010,27,2_liga,18,34,2,0,1,13,31,8,7,11,36,37,3.6000000000000005,5,2,5,19,15,3,49,15,4,7,54,30,3.2,8,0,5,30,15,3.8,3.0,62.0,49.0
FC Augsburg,Rot Weiss Ahlen,3-1,https://www.besoccer.com/match/fc-augsburg/rot-weiss-ahlen/201027743,2010,27,2_liga,18,34,0,3,1,2,50,14,8,4,51,29,6.0,8,4,1,30,13,17,21,5,6,15,16,40,4.2,3,4,5,9,15,9.0,5.4,53.0,41.0
Arminia Bielefeld,Paderborn,3-0,https://www.besoccer.com/match/arminia-bielefeld/paderborn/201027745,2010,27,2_liga,18,34,0,3,0,5,43,13,4,9,37,26,2.4,7,1,4,18,11,7,38,10,8,8,37,37,4.6,3,4,5,13,21,3.2,3.8000000000000007,64.0,49.0
Rot-Weiß Oberhausen,Karlsruher SC,1-0,https://www.besoccer.com/match/rot-weib-oberhausen/karlsruher-sc/201027737,2010,27,2_liga,18,34,0,1,0,14,28,8,4,14,26,43,3.0000000000000004,6,1,6,13,17,12,33,10,3,13,34,38,5.4,5,1,7,20,20,5.0,3.6,43.0,60.0
Union Berlin,Alemannia Aachen,0-0,https://www.besoccer.com/match/1-fc-union-berlin/alemannia-aachen/201027738,2010,27,2_liga,18,34,1,0,0,10,35,9,8,9,32,34,2.2,7,3,3,17,14,11,33,9,6,11,27,33,3.6,3,4,6,11,13,4.4,1.2000000000000002,41.0,63.0
1860 München,FSV Frankfurt,2-1,https://www.besoccer.com/match/1860-munchen/fsv-frankfurt/201027744,2010,27,2_liga,18,34,0,2,1,8,38,11,5,10,33,32,7.200000000000001,7,2,3,20,12,16,26,6,8,12,20,42,5.8,3,2,8,8,26,7.200000000000001,4.2,64.0,42.0
Fortuna Düsseldorf,Kaiserslautern,0-0,https://www.besoccer.com/match/fortuna-dusseldorf/kaiserslautern/201027741,2010,27,2_liga,18,34,1,0,0,4,44,13,5,8,37,24,3.8,10,3,0,24,5,1,57,17,6,3,45,20,7.0,8,3,2,18,12,7.0,5.6,43.0,67.0
MSV Duisburg,TuS Koblenz,4-1,https://www.besoccer.com/match/msv-duisburg/tus-koblenz/201027752,2010,28,2_liga,18,34,0,4,1,6,42,12,6,9,42,37,2.8,4,5,4,23,19,17,24,6,6,15,25,43,5.4,2,2,9,13,24,2.0,3.4,65.0,47.0
Paderborn,Rot-Weiß Oberhausen,1-2,https://www.besoccer.com/match/paderborn/rot-weib-oberhausen/201027747,2010,28,2_liga,18,34,2,1,2,8,38,10,8,9,37,40,2.6000000000000005,7,4,3,24,16,14,31,9,4,14,27,43,5.199999999999999,2,3,8,13,26,5.4,0.8,49.0,43.0
FSV Frankfurt,Union Berlin,2-1,https://www.besoccer.com/match/fsv-frankfurt/1-fc-union-berlin/201027753,2010,28,2_liga,18,34,0,2,1,16,26,6,8,13,21,44,4.0,3,6,4,12,16,9,36,9,9,9,32,34,2.4000000000000004,2,5,6,15,20,6.0,1.4,42.0,41.0
Energie Cottbus,Arminia Bielefeld,4-1,https://www.besoccer.com/match/energie-cottbus/arminia-bielefeld/201027746,2010,28,2_liga,18,34,0,4,1,13,31,8,7,12,36,38,2.1999999999999997,5,2,6,19,16,4,46,14,4,9,40,26,4.2,6,3,5,19,15,2.8000000000000003,4.4,62.0,64.0
Karlsruher SC,Fortuna Düsseldorf,1-1,https://www.besoccer.com/match/karlsruher-sc/fortuna-dusseldorf/201027754,2010,28,2_liga,18,34,1,1,1,12,33,10,3,14,34,39,4.2,5,2,6,14,18,5,45,13,6,8,37,24,3.4000000000000004,3,2,8,13,19,4.2,2.6000000000000005,60.0,43.0
Greuther Fürth,Rot Weiss Ahlen,3-1,https://www.besoccer.com/match/greuther-furth/rot-weiss-ahlen/201027748,2010,28,2_liga,18,34,0,3,1,10,36,11,3,13,41,39,3.2,6,1,7,24,21,18,21,5,6,16,17,43,3.0,3,4,6,10,18,5.200000000000001,3.8000000000000007,66.0,40.0
Alemannia Aachen,FC Augsburg,4-0,https://www.besoccer.com/match/alemannia-aachen/fc-augsburg/201027749,2010,28,2_liga,18,34,0,4,0,11,34,9,7,11,27,33,3.4000000000000004,6,2,5,16,20,2,53,15,8,4,54,30,6.6,6,4,3,21,16,5.4,5.2,63.0,53.0
FC St. Pauli,Hansa Rostock,2-0,https://www.besoccer.com/match/st-pauli/hansa-rostock/201027751,2010,28,2_liga,18,34,0,2,0,3,52,16,4,7,55,30,5.4,7,4,2,24,15,15,29,8,5,14,27,36,3.8,2,3,8,10,21,5.4,1.6,49.0,63.0
Kaiserslautern,1860 München,4-0,https://www.besoccer.com/match/kaiserslautern/1860-munchen/201027750,2010,28,2_liga,18,34,0,4,0,1,58,17,7,3,45,20,5.800000000000001,9,3,1,27,8,7,41,12,5,10,35,33,7.800000000000001,4,3,7,13,20,7.0,5.0,67.0,64.0
Union Berlin,Karlsruher SC,1-1,https://www.besoccer.com/match/1-fc-union-berlin/karlsruher-sc/201027756,2010,29,2_liga,18,34,1,1,1,11,36,9,9,10,33,36,1.4,7,4,3,17,14,12,34,10,4,14,35,40,4.0,5,1,8,20,21,3.8,2.4000000000000004,41.0,60.0
Rot Weiss Ahlen,MSV Duisburg,0-1,https://www.besoccer.com/match/rot-weiss-ahlen/msv-duisburg/201027759,2010,29,2_liga,18,34,2,0,1,18,21,5,6,17,18,46,1.8000000000000003,2,2,10,7,25,6,45,13,6,9,46,38,4.4,8,1,5,19,18,3.6000000000000005,4.800000000000001,40.0,65.0
1860 München,Energie Cottbus,1-2,https://www.besoccer.com/match/1860-munchen/energie-cottbus/201027755,2010,29,2_liga,18,34,2,1,2,7,41,12,5,11,35,37,5.4,8,2,3,22,13,13,34,9,7,12,40,39,4.4,3,5,6,17,22,7.800000000000001,2.5999999999999996,64.0,63.0
Hansa Rostock,Alemannia Aachen,2-0,https://www.besoccer.com/match/hansa-rostock/alemannia-aachen/201027757,2010,29,2_liga,18,34,0,2,0,15,29,8,5,15,27,38,3.0000000000000004,6,2,6,17,15,10,37,10,7,11,31,33,5.6,3,5,6,11,13,3.6,1.4,62.0,63.0
FC Augsburg,Greuther Fürth,1-1,https://www.besoccer.com/match/fc-augsburg/greuther-furth/201027758,2010,29,2_liga,18,34,1,1,1,3,53,15,8,5,54,34,4.200000000000001,9,4,1,33,14,8,39,12,3,13,44,40,4.6,5,2,6,17,18,9.0,3.2,53.0,66.0
Rot-Weiß Oberhausen,Kaiserslautern,2-1,https://www.besoccer.com/match/rot-weib-oberhausen/kaiserslautern/201027760,2010,29,2_liga,18,34,0,2,1,14,34,10,4,14,29,44,6.800000000000001,7,1,6,14,17,1,61,18,7,3,49,20,6.6,8,4,2,18,12,6.6000000000000005,5.200000000000001,43.0,67.0
Arminia Bielefeld,FSV Frankfurt,2-1,https://www.besoccer.com/match/arminia-bielefeld/fsv-frankfurt/201027762,2010,29,2_liga,18,34,0,2,1,4,46,14,4,10,41,30,3.0000000000000004,8,1,4,21,11,16,29,7,8,13,23,45,5.4,3,2,9,9,28,4.800000000000001,2.6000000000000005,64.0,42.0
TuS Koblenz,Paderborn,2-1,https://www.besoccer.com/match/tus-koblenz/paderborn/201027763,2010,29,2_liga,18,34,0,2,1,17,24,6,6,16,26,47,4.2,4,4,6,12,19,9,38,10,8,10,38,42,1.2000000000000002,3,4,6,13,24,5.0,2.4,47.0,49.0
Fortuna Düsseldorf,FC St. Pauli,1-0,https://www.besoccer.com/match/fortuna-dusseldorf/st-pauli/201027761,2010,29,2_liga,18,34,0,1,0,5,46,13,7,8,38,25,2.8,10,4,0,24,5,2,55,17,4,7,57,30,7.2,9,0,5,31,15,5.4,4.800000000000001,43.0,49.0
1860 München,Arminia Bielefeld,3-1,https://www.besoccer.com/match/1860-munchen/arminia-bielefeld/201027764,2010,30,2_liga,18,34,0,3,1,7,41,12,5,12,36,39,3.6,8,2,4,23,15,4,49,15,4,10,43,31,4.8,6,3,6,20,19,5.4,3.0,64.0,64.0
Paderborn,Rot Weiss Ahlen,2-0,https://www.besoccer.com/match/paderborn/rot-weiss-ahlen/201027767,2010,30,2_liga,18,34,0,2,0,9,38,10,8,11,39,44,0.4,7,4,4,25,18,18,21,5,6,18,18,47,0.6000000000000001,3,4,7,11,21,3.8,2.4,49.0,40.0
Alemannia Aachen,TuS Koblenz,1-1,https://www.besoccer.com/match/alemannia-aachen/tus-koblenz/201027770,2010,30,2_liga,18,34,1,1,1,12,37,10,7,12,31,35,4.200000000000001,7,2,5,20,20,17,27,7,6,16,28,48,6.0,2,2,10,14,28,6.6000000000000005,2.6000000000000005,63.0,47.0
Kaiserslautern,Union Berlin,1-1,https://www.besoccer.com/match/kaiserslautern/1-fc-union-berlin/201027771,2010,30,2_liga,18,34,1,1,1,1,61,18,7,4,50,22,4.4,10,3,1,31,8,13,37,9,10,10,34,37,2.0,2,5,7,16,22,7.800000000000001,1.0,67.0,41.0
Energie Cottbus,Fortuna Düsseldorf,4-2,https://www.besoccer.com/match/energie-cottbus/fortuna-dusseldorf/201027772,2010,30,2_liga,18,34,0,4,2,10,37,10,7,12,42,40,6.0,6,2,6,23,17,5,49,14,7,8,39,25,4.6,3,3,8,14,20,5.0,2.8,63.0,44.0
MSV Duisburg,Greuther Fürth,1-1,https://www.besoccer.com/match/msv-duisburg/greuther-furth/201027765,2010,30,2_liga,18,34,1,1,1,6,48,14,6,9,47,38,6.0,5,5,4,27,20,8,40,12,4,13,45,41,4.0,5,3,6,18,19,4.0,2.8000000000000003,65.0,66.0
FSV Frankfurt,Rot-Weiß Oberhausen,1-0,https://www.besoccer.com/match/fsv-frankfurt/rot-weib-oberhausen/201027766,2010,30,2_liga,18,34,0,1,0,16,29,7,8,14,24,47,3.8000000000000007,4,6,4,14,17,11,37,11,4,14,31,45,7.800000000000001,3,3,8,15,27,7.4,3.6,42.0,43.0
Karlsruher SC,Hansa Rostock,2-1,https://www.besoccer.com/match/karlsruher-sc/hansa-rostock/201027769,2010,30,2_liga,18,34,0,2,1,14,35,10,5,14,36,41,3.6000000000000005,5,3,6,15,19,15,32,9,5,15,29,38,5.199999999999999,2,3,9,10,23,4.0,1.2000000000000002,60.0,62.0
FC St. Pauli,FC Augsburg,3-0,https://www.besoccer.com/match/st-pauli/fc-augsburg/201027768,2010,30,2_liga,18,34,0,3,0,2,55,17,4,8,57,31,5.4,8,4,2,26,15,3,54,15,9,5,55,35,3.4,6,4,4,21,20,6.4,3.2,49.0,53.0
TuS Koblenz,Karlsruher SC,2-2,https://www.besoccer.com/match/tus-koblenz/karlsruher-sc/201027774,2010,31,2_liga,18,34,1,2,2,17,28,7,7,16,29,49,5.200000000000001,5,4,6,14,20,13,38,11,5,14,38,42,5.0,5,2,8,21,22,6.4,2.8,47.0,60.0
FC Augsburg,MSV Duisburg,2-0,https://www.besoccer.com/match/fc-augsburg/msv-duisburg/201027776,2010,31,2_liga,18,34,0,2,0,3,54,15,9,6,55,38,2.0,9,5,1,34,15,6,49,14,7,9,48,39,5.2,9,1,5,20,18,7.0,6.0,53.0,65.0
Greuther Fürth,Paderborn,1-1,https://www.besoccer.com/match/greuther-furth/paderborn/201027781,2010,31,2_liga,18,34,1,1,1,8,41,12,5,13,46,42,3.8,7,1,7,27,22,9,41,11,8,11,41,44,3.2,3,4,7,14,26,6.2,1.2000000000000002,66.0,49.0
Union Berlin,FC St. Pauli,2-1,https://www.besoccer.com/match/1-fc-union-berlin/st-pauli/201027778,2010,31,2_liga,18,34,0,2,1,12,38,9,11,10,35,38,2.4000000000000004,7,5,3,18,15,2,58,18,4,8,60,31,6.6,9,0,6,31,16,3.2,3.0000000000000004,42.0,50.0
Hansa Rostock,FSV Frankfurt,1-2,https://www.besoccer.com/match/hansa-rostock/fsv-frankfurt/201027780,2010,31,2_liga,18,34,2,1,2,15,32,9,5,16,30,40,3.8000000000000007,7,2,6,19,15,16,32,8,8,14,25,47,5.4,3,2,10,10,30,5.6000000000000005,1.6,62.0,42.0
Rot-Weiß Oberhausen,Energie Cottbus,4-1,https://www.besoccer.com/match/rot-weib-oberhausen/energie-cottbus/201027773,2010,31,2_liga,18,34,0,4,1,14,37,11,4,15,31,46,5.4,8,1,6,16,18,10,40,11,7,12,46,42,7.2,4,5,6,19,23,7.800000000000001,4.800000000000001,43.0,63.0
Rot Weiss Ahlen,Alemannia Aachen,0-1,https://www.besoccer.com/match/rot-weiss-ahlen/alemannia-aachen/201027775,2010,31,2_liga,18,34,2,0,1,18,21,5,6,19,18,49,0.0,2,2,11,7,26,11,38,10,8,12,32,36,3.8,3,5,7,11,15,2.4,1.0,40.0,63.0
Fortuna Düsseldorf,1860 München,2-0,https://www.besoccer.com/match/fortuna-dusseldorf/1860-munchen/201027779,2010,31,2_liga,18,34,0,2,0,5,49,14,7,9,41,29,3.4000000000000004,11,4,0,25,5,7,44,13,5,12,39,40,4.800000000000001,4,3,8,13,24,6.2,3.6000000000000005,43.0,64.0
Arminia Bielefeld,Kaiserslautern,1-2,https://www.besoccer.com/match/arminia-bielefeld/kaiserslautern/201027777,2010,31,2_liga,18,34,2,1,2,4,49,15,4,11,44,34,3.6000000000000005,9,1,4,23,12,1,62,18,8,4,51,23,3.8,8,4,3,19,14,6.0,3.5999999999999996,64.0,67.0
Karlsruher SC,Rot Weiss Ahlen,1-0,https://www.besoccer.com/match/karlsruher-sc/rot-weiss-ahlen/201027784,2010,32,2_liga,18,34,0,1,0,14,39,11,6,14,40,44,4.4,6,3,6,17,20,18,21,5,6,20,18,50,0.0,3,4,8,11,23,5.6,1.2000000000000002,60.0,40.0
Kaiserslautern,Hansa Rostock,0-1,https://www.besoccer.com/match/kaiserslautern/hansa-rostock/201027786,2010,32,2_liga,18,34,2,0,1,1,65,19,8,4,53,24,5.2,10,4,1,32,9,16,32,9,5,17,31,42,2.4,2,3,10,11,25,6.2,0.8,67.0,62.0
FC St. Pauli,TuS Koblenz,6-1,https://www.besoccer.com/match/st-pauli/tus-koblenz/201027787,2010,32,2_liga,18,34,0,6,1,2,58,18,4,9,61,33,4.200000000000001,9,4,2,29,15,17,29,7,8,16,31,51,4.2,2,3,10,15,29,7.4,2.8,49.0,48.0
Alemannia Aachen,Greuther Fürth,2-2,https://www.besoccer.com/match/alemannia-aachen/greuther-furth/201027782,2010,32,2_liga,18,34,1,2,2,10,41,11,8,12,33,36,5.2,7,3,5,21,21,8,42,12,6,13,47,43,3.6000000000000005,5,4,6,19,20,5.800000000000001,2.8,63.0,66.0
MSV Duisburg,Paderborn,2-3,https://www.besoccer.com/match/msv-duisburg/paderborn/201027790,2010,32,2_liga,18,34,2,2,3,6,49,14,7,10,48,41,3.8,5,6,4,28,21,9,42,11,9,11,42,45,3.4000000000000004,3,5,7,15,27,4.0,1.6,65.0,49.0
1860 München,Rot-Weiß Oberhausen,2-2,https://www.besoccer.com/match/1860-munchen/rot-weib-oberhausen/201027783,2010,32,2_liga,18,34,1,2,2,7,44,13,5,13,39,42,3.0000000000000004,9,2,4,26,16,12,40,12,4,15,35,47,6.6,3,3,9,15,28,6.6,2.8000000000000003,64.0,44.0
FSV Frankfurt,FC Augsburg,1-1,https://www.besoccer.com/match/fsv-frankfurt/fc-augsburg/201027785,2010,32,2_liga,18,34,1,1,1,15,35,9,8,14,27,48,6.6000000000000005,5,6,4,15,17,3,57,16,9,6,57,38,4.2,6,4,5,21,23,8.2,1.8000000000000003,42.0,53.0
Arminia Bielefeld,Fortuna Düsseldorf,1-1,https://www.besoccer.com/match/arminia-bielefeld/fortuna-dusseldorf/201027789,2010,32,2_liga,18,34,1,1,1,5,49,15,4,12,45,36,2.4,9,1,5,24,14,4,52,15,7,9,43,29,5.4,3,3,9,16,24,4.2,2.0,64.0,44.0
Energie Cottbus,Union Berlin,4-2,https://www.besoccer.com/match/energie-cottbus/1-fc-union-berlin/201027788,2010,32,2_liga,18,34,0,4,2,13,40,11,7,13,47,46,5.4,7,2,6,27,19,11,41,10,11,10,37,39,4.6,2,6,7,17,23,6.6000000000000005,1.6,62.0,42.0
Hansa Rostock,Energie Cottbus,0-0,https://www.besoccer.com/match/hansa-rostock/energie-cottbus/201027791,2010,33,2_liga,18,34,1,0,0,16,35,10,5,17,32,42,4.2,7,2,7,20,17,9,43,12,7,13,51,48,6.6,4,5,7,20,27,4.2,3.4000000000000004,62.0,62.0
MSV Duisburg,Karlsruher SC,0-1,https://www.besoccer.com/match/msv-duisburg/karlsruher-sc/201027792,2010,33,2_liga,18,34,2,0,1,6,49,14,7,11,50,44,2.4000000000000004,5,6,5,30,24,11,42,12,6,14,41,44,6.2,5,3,8,23,24,2.8,3.0,64.0,60.0
Union Berlin,Arminia Bielefeld,3-0,https://www.besoccer.com/match/1-fc-union-berlin/arminia-bielefeld/201027793,2010,33,2_liga,18,34,0,3,0,14,41,10,11,11,39,43,3.4000000000000004,8,5,3,20,16,5,50,15,5,12,46,37,2.2,6,3,7,21,22,5.0,1.8000000000000003,42.0,64.0
Paderborn,Alemannia Aachen,2-1,https://www.besoccer.com/match/paderborn/alemannia-aachen/201027794,2010,33,2_liga,18,34,0,2,1,8,45,12,9,11,45,47,5.6,8,4,4,27,18,12,42,11,9,12,35,38,4.6000000000000005,4,5,7,12,15,5.4,3.6,49.0,63.0
TuS Koblenz,Kaiserslautern,2-2,https://www.besoccer.com/match/tus-koblenz/kaiserslautern/201027795,2010,33,2_liga,18,34,1,2,2,17,29,7,8,17,32,57,2.6000000000000005,5,5,6,16,22,1,65,19,8,5,53,25,3.6000000000000005,9,4,3,21,15,5.4,5.0,47.0,67.0
Greuther Fürth,FC St. Pauli,1-4,https://www.besoccer.com/match/greuther-furth/st-pauli/201027796,2010,33,2_liga,18,34,2,1,4,10,43,12,7,13,49,45,3.4000000000000004,7,2,7,28,23,2,61,19,4,9,67,34,5.4,9,0,7,32,18,5.200000000000001,1.7999999999999998,66.0,50.0
FC Augsburg,1860 München,1-0,https://www.besoccer.com/match/fc-augsburg/1860-munchen/201027797,2010,33,2_liga,18,34,0,1,0,3,58,16,10,6,58,39,3.8000000000000003,10,5,1,36,15,7,45,13,6,13,41,44,2.8,4,3,9,13,26,7.4,2.4,53.0,64.0
Rot Weiss Ahlen,FSV Frankfurt,0-0,https://www.besoccer.com/match/rot-weiss-ahlen/fsv-frankfurt/201027798,2010,33,2_liga,18,34,1,0,0,18,21,5,6,21,18,51,0.0,2,2,12,7,27,15,36,9,9,14,28,49,5.800000000000001,4,2,10,12,31,1.2000000000000002,3.6,40.0,42.0
Rot-Weiß Oberhausen,Fortuna Düsseldorf,0-1,https://www.besoccer.com/match/rot-weib-oberhausen/fortuna-dusseldorf/201027799,2010,33,2_liga,18,34,2,0,1,13,41,12,5,15,37,49,5.200000000000001,9,1,6,20,19,4,53,15,8,9,44,30,4.800000000000001,3,4,9,17,25,8.4,2.2,44.0,44.0
Karlsruher SC,Greuther Fürth,1-1,https://www.besoccer.com/match/karlsruher-sc/greuther-furth/201027800,2010,34,2_liga,18,34,1,1,1,9,45,13,6,14,42,44,7.4,7,3,6,18,20,12,43,12,7,14,50,49,2.0,5,5,6,21,22,7.200000000000001,2.6,60.0,65.0
Alemannia Aachen,MSV Duisburg,1-1,https://www.besoccer.com/match/alemannia-aachen/msv-duisburg/201027801,2010,34,2_liga,18,34,1,1,1,13,42,11,9,13,36,40,3.0,7,4,5,23,23,6,49,14,7,12,50,45,1.0,9,1,6,20,20,4.8,4.200000000000001,63.0,64.0
Arminia Bielefeld,Rot-Weiß Oberhausen,2-1,https://www.besoccer.com/match/arminia-bielefeld/rot-weib-oberhausen/201027802,2010,34,2_liga,18,34,0,2,1,5,50,15,5,13,46,40,1.4000000000000001,9,2,5,25,15,14,41,12,5,16,37,50,3.2,3,4,9,17,30,4.0,3.0,63.0,43.0
Energie Cottbus,Rot Weiss Ahlen,4-1,https://www.besoccer.com/match/energie-cottbus/rot-weiss-ahlen/201027803,2010,34,2_liga,18,34,0,4,1,11,44,12,8,13,51,48,5.200000000000001,8,2,6,31,21,18,22,5,7,21,18,51,1.0,3,4,9,11,24,7.800000000000001,0.6000000000000001,62.0,40.0
Kaiserslautern,FC Augsburg,1-1,https://www.besoccer.com/match/kaiserslautern/fc-augsburg/201027804,2010,34,2_liga,18,34,1,1,1,1,66,19,9,5,55,27,3.1999999999999997,10,4,2,32,10,3,61,17,10,6,59,39,5.8,6,5,5,22,24,4.0,1.6,67.0,53.0
Fortuna Düsseldorf,Hansa Rostock,3-1,https://www.besoccer.com/match/fortuna-dusseldorf/hansa-rostock/201027805,2010,34,2_liga,18,34,0,3,1,4,56,16,8,9,45,30,6.2,12,4,0,27,5,16,36,10,6,17,32,42,4.0,3,3,10,12,25,7.0,3.4,44.0,62.0
FSV Frankfurt,TuS Koblenz,1-1,https://www.besoccer.com/match/fsv-frankfurt/tus-koblenz/201027806,2010,34,2_liga,18,34,1,1,1,15,37,9,10,14,28,49,4.8,5,7,4,16,18,17,30,7,9,17,34,59,2.6,2,3,11,16,35,6.6000000000000005,2.0,42.0,47.0
1860 München,Union Berlin,2-0,https://www.besoccer.com/match/1860-munchen/1-fc-union-berlin/201027807,2010,34,2_liga,18,34,0,2,0,8,45,13,6,14,41,45,2.0,9,3,4,28,18,10,44,11,11,11,42,43,5.4,2,6,8,19,27,5.200000000000001,1.2000000000000002,63.0,42.0
FC St. Pauli,Paderborn,1-2,https://www.besoccer.com/match/st-pauli/paderborn/201027808,2010,34,2_liga,18,34,2,1,2,2,64,20,4,9,71,35,6.6000000000000005,10,4,2,35,16,7,48,13,9,11,47,48,7.200000000000001,4,5,7,18,29,8.4,3.8,50.0,49.0
