Home_Team,Away_Team,Result,Link,Season,Round,League,Number_Teams,Total_Rounds,Label,Goals_For_Home,Goals_For_Away,Position_Home,Points_Home,Total_Wins_Home,Total_Draw_Home,Total_Lose_Home,Total_Goals_For_Home_Team,Total_Goals_Against_Home_Team,Total_Streak_Home,Wins_When_Home,Draw_When_Home,Lose_When_Home,Goals_For_When_Home,Goals_Against_When_Home,Position_Away,Points_Away,Total_Wins_Away,Total_Draw_Away,Total_Lose_Away,Total_Goals_For_Away_Team,Total_Goals_Against_Away_Team,Total_Streak_Away,Wins_When_Away,Draw_When_Away,Lose_When_Away,Goals_For_When_Away,Goals_Against_When_Away,Streak_When_Home,Streak_When_Away,Elo_Home,Elo_Away
VfL Osnabrück,SC Freiburg,2-1,https://www.besoccer.com/match/vfl-osnabruck/sc-freiburg/200823364,2008,1,2_liga,18,34,0,2,1,0,0,0,0,0,0,0,0.0,0,0,0,0,0,0,0,0,0,0,0,0,0.0,0,0,0,0,0,0.0,0.0,40.0,67.0
FC St. Pauli,Köln,0-2,https://www.besoccer.com/match/st-pauli/1-fc-koln/200823365,2008,1,2_liga,18,34,2,0,2,0,0,0,0,0,0,0,0.0,0,0,0,0,0,0,0,0,0,0,0,0,0.0,0,0,0,0,0,0.0,0.0,40.0,66.0
Alemannia Aachen,FC Carl Zeiss Jena,2-2,https://www.besoccer.com/match/alemannia-aachen/fc-carl-zeiss-jena/200823366,2008,1,2_liga,18,34,1,2,2,0,0,0,0,0,0,0,0.0,0,0,0,0,0,0,0,0,0,0,0,0,0.0,0,0,0,0,0,0.0,0.0,64.0,42.0
Mainz 05,TuS Koblenz,4-1,https://www.besoccer.com/match/mainz-amat/tus-koblenz/200823359,2008,1,2_liga,18,34,0,4,1,0,0,0,0,0,0,0,0.0,0,0,0,0,0,0,0,0,0,0,0,0,0.0,0,0,0,0,0,0.0,0.0,65.0,42.0
Hoffenheim,SV Wehen Burghausen,2-3,https://www.besoccer.com/match/tsg-1899-hoffenheim/sv-wehen-wiesbaden/200823360,2008,1,2_liga,18,34,2,2,3,0,0,0,0,0,0,0,0.0,0,0,0,0,0,0,0,0,0,0,0,0,0.0,0,0,0,0,0,0.0,0.0,40.0,55.0
Paderborn,Kickers Offenbach FC,0-2,https://www.besoccer.com/match/paderborn/kickers-offenbach/200823361,2008,1,2_liga,18,34,2,0,2,0,0,0,0,0,0,0,0.0,0,0,0,0,0,0,0,0,0,0,0,0,0.0,0,0,0,0,0,0.0,0.0,47.0,48.0
Erzgebirge Aue,Greuther Fürth,1-1,https://www.besoccer.com/match/fc-erzgebirge-aue/greuther-furth/200823362,2008,1,2_liga,18,34,1,1,1,0,0,0,0,0,0,0,0.0,0,0,0,0,0,0,0,0,0,0,0,0,0.0,0,0,0,0,0,0.0,0.0,53.0,67.0
FC Augsburg,1860 München,2-6,https://www.besoccer.com/match/fc-augsburg/1860-munchen/200823363,2008,1,2_liga,18,34,2,2,6,0,0,0,0,0,0,0,0.0,0,0,0,0,0,0,0,0,0,0,0,0,0.0,0,0,0,0,0,0.0,0.0,43.0,66.0
Kaiserslautern,B. Mönchengladbach,1-1,https://www.besoccer.com/match/kaiserslautern/borussia-monchengla/200823358,2008,1,2_liga,18,34,1,1,1,0,0,0,0,0,0,0,0.0,0,0,0,0,0,0,0,0,0,0,0,0,0.0,0,0,0,0,0,0.0,0.0,67.0,65.0
SC Freiburg,Paderborn,1-0,https://www.besoccer.com/match/sc-freiburg/paderborn/200823355,2008,2,2_liga,18,34,0,1,0,17,0,0,0,1,1,2,0.0,0,0,0,0,0,16,0,0,0,1,0,2,0.0,0,0,0,0,0,0.0,0.0,67.0,46.0
SV Wehen Burghausen,VfL Osnabrück,1-1,https://www.besoccer.com/match/sv-wehen-wiesbaden/vfl-osnabruck/200823356,2008,2,2_liga,18,34,1,1,1,3,3,1,0,0,3,2,3.0,0,0,0,0,0,5,3,1,0,0,2,1,3.0,0,0,0,0,0,0.0,0.0,55.0,40.0
TuS Koblenz,FC Augsburg,2-1,https://www.besoccer.com/match/tus-koblenz/fc-augsburg/200823357,2008,2,2_liga,18,34,0,2,1,18,0,0,0,1,1,4,0.0,0,0,0,0,0,15,0,0,0,1,2,6,0.0,0,0,0,0,0,0.0,0.0,42.0,43.0
Greuther Fürth,Mainz 05,3-0,https://www.besoccer.com/match/greuther-furth/mainz-amat/200823350,2008,2,2_liga,18,34,0,3,0,11,1,0,1,0,1,1,1.0,0,0,0,0,0,6,3,1,0,0,4,1,3.0,0,0,0,0,0,0.0,0.0,67.0,66.0
B. Mönchengladbach,Hoffenheim,0-0,https://www.besoccer.com/match/borussia-monchengla/tsg-1899-hoffenheim/200823351,2008,2,2_liga,18,34,1,0,0,10,1,0,1,0,1,1,1.0,0,0,0,0,0,13,0,0,0,1,2,3,0.0,0,0,0,0,0,0.0,0.0,65.0,39.0
Kickers Offenbach FC,Erzgebirge Aue,3-2,https://www.besoccer.com/match/kickers-offenbach/fc-erzgebirge-aue/200823352,2008,2,2_liga,18,34,0,3,2,4,3,1,0,0,2,0,3.0,0,0,0,0,0,8,1,0,1,0,1,1,1.0,0,0,0,0,0,0.0,0.0,48.0,53.0
FC Carl Zeiss Jena,FC St. Pauli,0-1,https://www.besoccer.com/match/fc-carl-zeiss-jena/st-pauli/200823353,2008,2,2_liga,18,34,2,0,1,7,1,0,1,0,2,2,1.0,0,0,0,0,0,14,0,0,0,1,0,2,0.0,0,0,0,0,0,0.0,0.0,42.0,39.0
1860 München,Kaiserslautern,3-1,https://www.besoccer.com/match/1860-munchen/kaiserslautern/200823354,2008,2,2_liga,18,34,0,3,1,1,3,1,0,0,6,2,3.0,0,0,0,0,0,9,1,0,1,0,1,1,1.0,0,0,0,0,0,0.0,0.0,66.0,67.0
Köln,Alemannia Aachen,0-1,https://www.besoccer.com/match/1-fc-koln/alemannia-aachen/200823349,2008,2,2_liga,18,34,2,0,1,2,3,1,0,0,2,0,3.0,0,0,0,0,0,12,1,0,1,0,2,2,1.0,0,0,0,0,0,0.0,0.0,66.0,64.0
Köln,FC Carl Zeiss Jena,4-3,https://www.besoccer.com/match/1-fc-koln/fc-carl-zeiss-jena/200823346,2008,3,2_liga,18,34,0,4,3,7,3,1,0,1,2,1,2.4000000000000004,0,0,1,0,1,16,1,0,1,1,2,3,0.8,0,1,0,2,2,0.0,1.0,66.0,42.0
Mainz 05,B. Mönchengladbach,4-1,https://www.besoccer.com/match/mainz-amat/borussia-monchengla/200823347,2008,3,2_liga,18,34,0,4,1,11,3,1,0,1,4,4,2.4000000000000004,1,0,0,4,1,12,2,0,2,0,1,1,1.8,0,1,0,1,1,3.0,1.0,65.0,65.0
VfL Osnabrück,Paderborn,0-0,https://www.besoccer.com/match/vfl-osnabruck/paderborn/200823348,2008,3,2_liga,18,34,1,0,0,4,4,1,1,0,3,2,3.4000000000000004,1,0,0,2,1,18,0,0,0,2,0,3,0.0,0,0,1,0,1,3.0,0.0,40.0,46.0
Kaiserslautern,Greuther Fürth,0-1,https://www.besoccer.com/match/kaiserslautern/greuther-furth/200823341,2008,3,2_liga,18,34,2,0,1,13,1,0,1,1,2,4,0.8,0,1,0,1,1,6,4,1,1,0,4,1,3.8,0,1,0,1,1,1.0,1.0,67.0,67.0
Alemannia Aachen,Kickers Offenbach FC,4-0,https://www.besoccer.com/match/alemannia-aachen/kickers-offenbach/200823342,2008,3,2_liga,18,34,0,4,0,5,4,1,1,0,3,2,3.8,0,1,0,2,2,2,6,2,0,0,5,2,5.4,1,0,0,2,0,1.0,3.0,64.0,48.0
FC St. Pauli,TuS Koblenz,1-0,https://www.besoccer.com/match/st-pauli/tus-koblenz/200823343,2008,3,2_liga,18,34,0,1,0,9,3,1,0,1,1,2,3.0,0,0,1,0,2,10,3,1,0,1,3,5,3.0,0,0,1,1,4,0.0,0.0,40.0,42.0
Hoffenheim,1860 München,0-3,https://www.besoccer.com/match/tsg-1899-hoffenheim/1860-munchen/200823344,2008,3,2_liga,18,34,2,0,3,15,1,0,1,1,2,3,1.0,0,0,1,2,3,1,6,2,0,0,9,3,5.4,1,0,0,6,2,0.0,3.0,40.0,66.0
Erzgebirge Aue,SV Wehen Burghausen,3-0,https://www.besoccer.com/match/fc-erzgebirge-aue/sv-wehen-wiesbaden/200823345,2008,3,2_liga,18,34,0,3,0,14,1,0,1,1,3,4,0.8,0,1,0,1,1,3,4,1,1,0,4,3,3.4000000000000004,1,0,0,3,2,1.0,3.0,53.0,55.0
FC Augsburg,SC Freiburg,1-1,https://www.besoccer.com/match/fc-augsburg/sc-freiburg/200823340,2008,3,2_liga,18,34,1,1,1,17,0,0,0,2,3,8,0.0,0,0,1,2,6,8,3,1,0,1,2,2,3.0,0,0,1,1,2,0.0,0.0,43.0,67.0
TuS Koblenz,Kaiserslautern,2-2,https://www.besoccer.com/match/tus-koblenz/kaiserslautern/200823337,2008,4,2_liga,18,34,1,2,2,12,3,1,0,2,3,6,2.4000000000000004,1,0,0,2,1,14,1,0,1,2,2,5,0.6,0,0,1,1,3,3.0,0.0,42.0,67.0
1860 München,Köln,1-1,https://www.besoccer.com/match/1860-munchen/1-fc-koln/200823338,2008,4,2_liga,18,34,1,1,1,1,9,3,0,0,12,3,7.2,1,0,0,3,1,4,6,2,0,1,6,4,4.8,1,0,0,2,0,3.0,3.0,66.0,66.0
Kickers Offenbach FC,FC Augsburg,1-0,https://www.besoccer.com/match/kickers-offenbach/fc-augsburg/200823339,2008,4,2_liga,18,34,0,1,0,6,6,2,0,1,5,6,4.2,1,0,0,3,2,17,1,0,1,2,4,9,1.0,0,0,1,1,2,3.0,0.0,48.0,43.0
Paderborn,Erzgebirge Aue,0-1,https://www.besoccer.com/match/paderborn/fc-erzgebirge-aue/200823332,2008,4,2_liga,18,34,2,0,1,18,1,0,1,2,0,3,1.0,0,0,1,0,2,9,4,1,1,1,6,4,3.6,0,0,1,2,3,0.0,0.0,46.0,53.0
Greuther Fürth,FC St. Pauli,2-1,https://www.besoccer.com/match/greuther-furth/st-pauli/200823333,2008,4,2_liga,18,34,0,2,1,3,7,2,1,0,5,1,6.0,1,0,0,3,0,5,6,2,0,1,2,2,5.4,1,0,0,1,0,3.0,3.0,67.0,40.0
B. Mönchengladbach,VfL Osnabrück,2-1,https://www.besoccer.com/match/borussia-monchengla/vfl-osnabruck/200823334,2008,4,2_liga,18,34,0,2,1,13,2,0,2,1,2,5,1.4,0,1,0,0,0,8,5,1,2,0,3,2,3.5999999999999996,0,1,0,1,1,1.0,1.0,64.0,40.0
SV Wehen Burghausen,Alemannia Aachen,3-0,https://www.besoccer.com/match/sv-wehen-wiesbaden/alemannia-aachen/200823335,2008,4,2_liga,18,34,0,3,0,10,4,1,1,1,4,6,2.5999999999999996,0,1,0,1,1,2,7,2,1,0,7,2,6.0,1,0,0,1,0,1.0,3.0,55.0,64.0
FC Carl Zeiss Jena,Mainz 05,1-2,https://www.besoccer.com/match/fc-carl-zeiss-jena/mainz-amat/200823336,2008,4,2_liga,18,34,2,1,2,16,1,0,1,2,5,7,0.6,0,0,1,0,1,7,6,2,0,1,8,5,4.8,0,0,1,0,3,0.0,0.0,42.0,66.0
SC Freiburg,Hoffenheim,3-2,https://www.besoccer.com/match/sc-freiburg/tsg-1899-hoffenheim/200823331,2008,4,2_liga,18,34,0,3,2,11,4,1,1,1,3,3,3.4000000000000004,1,0,0,1,0,15,1,0,1,2,2,6,0.8,0,1,0,0,0,3.0,1.0,67.0,39.0
FC Carl Zeiss Jena,TuS Koblenz,1-2,https://www.besoccer.com/match/fc-carl-zeiss-jena/tus-koblenz/200823328,2008,5,2_liga,18,34,2,1,2,16,1,0,1,3,6,9,0.4,0,0,2,1,3,13,4,1,1,2,5,8,2.8,0,0,2,1,5,0.0,0.0,42.0,42.0
Kaiserslautern,Paderborn,0-0,https://www.besoccer.com/match/kaiserslautern/paderborn/200823329,2008,5,2_liga,18,34,1,0,0,14,2,0,2,2,4,7,1.4,0,1,1,1,2,18,1,0,1,3,0,4,0.8,0,1,1,0,1,0.8,1.0,67.0,46.0
FC St. Pauli,Kickers Offenbach FC,3-1,https://www.besoccer.com/match/st-pauli/kickers-offenbach/200823330,2008,5,2_liga,18,34,0,3,1,10,6,2,0,2,3,4,4.2,1,0,1,1,2,3,9,3,0,1,6,6,6.0,1,0,1,2,4,3.0,2.4000000000000004,40.0,48.0
Hoffenheim,VfL Osnabrück,3-1,https://www.besoccer.com/match/tsg-1899-hoffenheim/vfl-osnabruck/200823323,2008,5,2_liga,18,34,0,3,1,15,1,0,1,3,4,9,0.6,0,0,2,2,6,11,5,1,2,1,4,4,2.6000000000000005,0,1,1,2,3,0.0,0.8,39.0,40.0
Köln,Greuther Fürth,0-0,https://www.besoccer.com/match/1-fc-koln/greuther-furth/200823324,2008,5,2_liga,18,34,1,0,0,9,7,2,1,1,7,5,4.6000000000000005,1,0,1,4,4,2,10,3,1,0,7,2,7.6,1,1,0,2,1,3.0,3.8,66.0,67.0
FC Augsburg,SV Wehen Burghausen,5-1,https://www.besoccer.com/match/fc-augsburg/sv-wehen-wiesbaden/200823325,2008,5,2_liga,18,34,0,5,1,17,1,0,1,3,4,10,0.8,0,1,1,3,7,8,7,2,1,1,7,6,4.800000000000001,1,0,1,3,5,1.0,2.4000000000000004,43.0,55.0
Alemannia Aachen,1860 München,0-0,https://www.besoccer.com/match/alemannia-aachen/1860-munchen/200823326,2008,5,2_liga,18,34,1,0,0,7,7,2,1,1,7,5,4.6,1,1,0,6,2,1,10,3,1,0,13,4,6.4,2,0,0,9,2,3.8,5.4,64.0,66.0
Mainz 05,SC Freiburg,1-1,https://www.besoccer.com/match/mainz-amat/sc-freiburg/200823327,2008,5,2_liga,18,34,1,1,1,4,9,3,0,1,10,6,6.6000000000000005,2,0,0,8,2,6,7,2,1,1,6,5,5.6,0,1,1,2,3,5.4,1.0,66.0,67.0
Erzgebirge Aue,B. Mönchengladbach,2-3,https://www.besoccer.com/match/fc-erzgebirge-aue/borussia-monchengla/200823322,2008,5,2_liga,18,34,2,2,3,5,7,2,1,1,7,4,5.800000000000001,1,1,0,4,1,12,5,1,2,1,4,6,4.0,0,1,1,2,5,3.8,0.8,54.0,64.0
VfL Osnabrück,Erzgebirge Aue,2-1,https://www.besoccer.com/match/vfl-osnabruck/fc-erzgebirge-aue/200823317,2008,6,2_liga,18,34,0,2,1,13,5,1,2,2,5,7,1.6,1,1,0,2,1,10,7,2,1,2,9,7,4.4,1,0,1,3,3,3.4000000000000004,3.0,40.0,53.0
Paderborn,Hoffenheim,0-2,https://www.besoccer.com/match/paderborn/tsg-1899-hoffenheim/200823318,2008,6,2_liga,18,34,2,0,2,17,2,0,2,3,0,4,1.6,0,0,2,0,3,14,4,1,1,3,7,10,3.4,0,1,1,2,3,0.0,0.8,46.0,40.0
1860 München,FC St. Pauli,2-1,https://www.besoccer.com/match/1860-munchen/st-pauli/200823319,2008,6,2_liga,18,34,0,2,1,1,11,3,2,0,13,4,5.4,1,1,0,4,2,4,9,3,0,2,6,5,6.0,1,0,1,2,2,3.4000000000000004,2.4000000000000004,66.0,40.0
Greuther Fürth,Alemannia Aachen,2-0,https://www.besoccer.com/match/greuther-furth/alemannia-aachen/200823320,2008,6,2_liga,18,34,0,2,0,2,11,3,2,0,7,2,6.6000000000000005,2,0,0,5,1,7,8,2,2,1,7,5,4.2,1,0,1,1,3,5.4,2.4000000000000004,67.0,64.0
B. Mönchengladbach,FC Augsburg,4-2,https://www.besoccer.com/match/borussia-monchengla/fc-augsburg/200823321,2008,6,2_liga,18,34,0,4,2,9,8,2,2,1,7,8,6.0,1,1,0,2,1,15,4,1,1,3,9,11,3.6,0,0,2,1,3,3.8,0.0,64.0,43.0
SV Wehen Burghausen,FC Carl Zeiss Jena,5-1,https://www.besoccer.com/match/sv-wehen-wiesbaden/fc-carl-zeiss-jena/200823313,2008,6,2_liga,18,34,0,5,1,11,7,2,1,2,8,11,3.4000000000000004,1,1,0,4,1,18,1,0,1,4,7,11,0.2,0,1,1,5,6,3.8,0.8,55.0,42.0
Kickers Offenbach FC,Mainz 05,2-0,https://www.besoccer.com/match/kickers-offenbach/mainz-amat/200823314,2008,6,2_liga,18,34,0,2,0,5,9,3,0,2,7,9,4.200000000000001,2,0,0,4,2,3,10,3,1,1,11,7,5.800000000000001,1,0,1,2,4,5.4,3.0,48.0,66.0
TuS Koblenz,Köln,1-2,https://www.besoccer.com/match/tus-koblenz/1-fc-koln/200823315,2008,6,2_liga,18,34,2,1,2,12,7,2,1,2,7,9,5.0,1,1,0,4,3,8,8,2,2,1,7,5,4.2,1,1,0,3,1,3.4000000000000004,3.4000000000000004,43.0,66.0
SC Freiburg,Kaiserslautern,1-0,https://www.besoccer.com/match/sc-freiburg/kaiserslautern/200823316,2008,6,2_liga,18,34,0,1,0,6,8,2,2,1,7,6,5.200000000000001,2,0,0,4,2,16,3,0,3,2,4,7,2.0,0,1,1,3,5,5.4,1.0,67.0,67.0
Erzgebirge Aue,Hoffenheim,2-2,https://www.besoccer.com/match/fc-erzgebirge-aue/tsg-1899-hoffenheim/200823310,2008,7,2_liga,18,34,1,2,2,13,7,2,1,3,10,9,3.0,1,1,1,6,4,12,7,2,1,3,9,10,5.6000000000000005,1,1,1,4,3,3.0000000000000004,3.6,53.0,40.0
FC St. Pauli,B. Mönchengladbach,0-3,https://www.besoccer.com/match/st-pauli/borussia-monchengla/200823309,2008,7,2_liga,18,34,2,0,3,9,9,3,0,3,7,7,4.200000000000001,2,0,1,4,3,6,11,3,2,1,11,10,7.4,1,1,1,5,7,5.4,3.6,40.0,65.0
FC Augsburg,VfL Osnabrück,2-0,https://www.besoccer.com/match/fc-augsburg/vfl-osnabruck/200823311,2008,7,2_liga,18,34,0,2,0,15,4,1,1,4,11,15,2.8000000000000003,1,1,1,8,8,10,8,2,2,2,7,8,3.6,0,1,2,3,6,3.8,0.6,43.0,40.0
Alemannia Aachen,Paderborn,3-1,https://www.besoccer.com/match/alemannia-aachen/paderborn/200823312,2008,7,2_liga,18,34,0,3,1,11,8,2,2,2,7,7,2.6000000000000005,1,2,0,6,2,17,2,0,2,4,0,6,1.2000000000000002,0,2,1,0,1,4.0,1.8,63.0,46.0
FC Carl Zeiss Jena,Kickers Offenbach FC,2-0,https://www.besoccer.com/match/fc-carl-zeiss-jena/kickers-offenbach/200823305,2008,7,2_liga,18,34,0,2,0,18,1,0,1,5,8,16,0.0,0,0,3,2,5,3,12,4,0,2,9,9,5.4,1,0,2,3,7,0.0,1.7999999999999998,41.0,48.0
TuS Koblenz,Greuther Fürth,3-0,https://www.besoccer.com/match/tus-koblenz/greuther-furth/200823306,2008,7,2_liga,18,34,0,3,0,14,7,2,1,3,8,11,3.6000000000000005,1,1,1,5,5,2,14,4,2,0,9,2,7.4,1,2,0,2,1,2.5999999999999996,4.0,43.0,68.0
Köln,SC Freiburg,1-3,https://www.besoccer.com/match/1-fc-koln/sc-freiburg/200823307,2008,7,2_liga,18,34,2,1,3,5,11,3,2,1,9,6,5.6000000000000005,1,1,1,4,4,4,11,3,2,1,8,6,6.6,0,2,1,3,4,3.4000000000000004,1.8,66.0,67.0
Kaiserslautern,SV Wehen Burghausen,0-2,https://www.besoccer.com/match/kaiserslautern/sv-wehen-wiesbaden/200823308,2008,7,2_liga,18,34,2,0,2,16,3,0,3,3,4,8,1.4,0,2,1,1,2,8,10,3,1,2,13,12,5.0,1,0,2,4,10,1.6,1.7999999999999998,67.0,55.0
Mainz 05,1860 München,3-0,https://www.besoccer.com/match/mainz-amat/1860-munchen/200823304,2008,7,2_liga,18,34,0,3,0,7,10,3,1,2,11,9,3.8,2,1,0,9,3,1,14,4,2,0,15,5,6.2,2,1,0,9,2,5.2,5.2,65.0,66.0
B. Mönchengladbach,Alemannia Aachen,2-1,https://www.besoccer.com/match/borussia-monchengla/alemannia-aachen/200823301,2008,8,2_liga,18,34,0,2,1,3,14,4,2,1,14,10,8.4,2,1,0,6,3,9,11,3,2,2,10,8,4.2,1,0,2,1,5,6.0,1.7999999999999998,65.0,64.0
VfL Osnabrück,FC St. Pauli,3-1,https://www.besoccer.com/match/vfl-osnabruck/st-pauli/200823302,2008,8,2_liga,18,34,0,3,1,13,8,2,2,3,7,10,2.6000000000000005,2,1,0,4,2,11,9,3,0,4,7,10,2.4,1,0,2,3,4,5.6,1.7999999999999998,40.0,40.0
Paderborn,FC Augsburg,1-1,https://www.besoccer.com/match/paderborn/fc-augsburg/200823303,2008,8,2_liga,18,34,1,1,1,18,2,0,2,5,1,9,0.8,0,0,3,0,5,15,7,2,1,4,13,15,5.0,0,0,3,3,7,0.0,0.0,46.0,44.0
SC Freiburg,Erzgebirge Aue,2-0,https://www.besoccer.com/match/sc-freiburg/fc-erzgebirge-aue/200823296,2008,8,2_liga,18,34,0,2,0,2,14,4,2,1,11,7,7.4,3,0,0,5,2,12,8,2,2,3,12,11,2.8000000000000003,1,0,2,4,5,7.2,2.4000000000000004,67.0,53.0
Hoffenheim,Mainz 05,1-0,https://www.besoccer.com/match/tsg-1899-hoffenheim/mainz-amat/200823297,2008,8,2_liga,18,34,0,1,0,14,8,2,2,3,11,12,5.2,1,0,2,5,7,5,13,4,1,2,14,9,5.4,1,0,2,2,6,3.0,2.4000000000000004,40.0,66.0
SV Wehen Burghausen,Köln,4-3,https://www.besoccer.com/match/sv-wehen-wiesbaden/1-fc-koln/200823298,2008,8,2_liga,18,34,0,4,3,6,13,4,1,2,15,12,6.6000000000000005,2,1,0,9,2,8,11,3,2,2,10,9,4.0,2,1,0,5,2,6.0,5.6,56.0,66.0
1860 München,TuS Koblenz,2-2,https://www.besoccer.com/match/1860-munchen/tus-koblenz/200823299,2008,8,2_liga,18,34,1,2,2,1,14,4,2,1,15,8,4.0,2,1,0,6,3,10,10,3,1,3,11,11,5.199999999999999,1,0,2,3,6,5.6,3.0,66.0,43.0
Greuther Fürth,FC Carl Zeiss Jena,2-2,https://www.besoccer.com/match/greuther-furth/fc-carl-zeiss-jena/200823300,2008,8,2_liga,18,34,1,2,2,4,14,4,2,1,9,5,4.800000000000001,3,0,0,7,1,16,4,1,1,5,10,16,3.0,0,1,2,6,11,7.2,0.6,67.0,42.0
Kickers Offenbach FC,Kaiserslautern,0-0,https://www.besoccer.com/match/kickers-offenbach/kaiserslautern/200823295,2008,8,2_liga,18,34,1,0,0,7,12,4,0,3,9,11,3.6000000000000005,3,0,0,6,2,17,3,0,3,4,4,10,1.0,0,1,2,3,6,7.2,0.8,48.0,66.0
Greuther Fürth,SV Wehen Burghausen,1-1,https://www.besoccer.com/match/greuther-furth/sv-wehen-wiesbaden/200823292,2008,9,2_liga,18,34,1,1,1,5,15,4,3,1,11,7,3.8,3,1,0,9,3,3,16,5,1,2,19,15,7.800000000000001,2,0,2,6,10,6.4,4.2,67.0,56.0
FC Carl Zeiss Jena,1860 München,0-2,https://www.besoccer.com/match/fc-carl-zeiss-jena/1860-munchen/200823293,2008,9,2_liga,18,34,2,0,2,16,5,1,2,5,12,18,3.4000000000000004,1,0,3,4,5,4,15,4,3,1,17,10,3.4,2,1,1,9,5,3.0,3.8,42.0,66.0
Köln,Kickers Offenbach FC,4-1,https://www.besoccer.com/match/1-fc-koln/kickers-offenbach/200823294,2008,9,2_liga,18,34,0,4,1,12,11,3,2,3,13,13,2.4,1,1,2,5,7,7,13,4,1,3,9,11,3.4,1,0,3,3,9,2.5999999999999996,1.2000000000000002,65.0,48.0
Kaiserslautern,VfL Osnabrück,3-0,https://www.besoccer.com/match/kaiserslautern/vfl-osnabruck/200823287,2008,9,2_liga,18,34,0,3,0,17,4,0,4,4,4,10,1.6,0,2,2,1,4,9,11,3,2,3,10,11,4.8,0,1,3,3,8,1.2000000000000002,0.4,66.0,40.0
Mainz 05,Erzgebirge Aue,4-1,https://www.besoccer.com/match/mainz-amat/fc-erzgebirge-aue/200823288,2008,9,2_liga,18,34,0,4,1,6,13,4,1,3,14,10,3.4000000000000004,3,1,0,12,3,14,8,2,2,4,12,13,1.4000000000000001,1,0,3,4,7,6.8,1.7999999999999998,65.0,53.0
FC St. Pauli,Paderborn,2-1,https://www.besoccer.com/match/st-pauli/paderborn/200823289,2008,9,2_liga,18,34,0,2,1,13,9,3,0,5,8,13,1.2000000000000002,2,0,2,4,6,18,3,0,3,5,2,10,1.4,0,2,2,1,4,4.2,1.4,40.0,46.0
TuS Koblenz,B. Mönchengladbach,0-5,https://www.besoccer.com/match/tus-koblenz/borussia-monchengla/200823290,2008,9,2_liga,18,34,2,0,5,10,11,3,2,3,13,13,4.800000000000001,2,1,1,8,5,2,17,5,2,1,16,11,9.0,2,1,1,8,7,4.800000000000001,5.800000000000001,43.0,65.0
FC Augsburg,Hoffenheim,2-2,https://www.besoccer.com/match/fc-augsburg/tsg-1899-hoffenheim/200823291,2008,9,2_liga,18,34,1,2,2,15,8,2,2,4,14,16,4.6000000000000005,2,1,1,10,8,8,11,3,2,3,12,12,6.8,1,2,1,6,5,6.0,3.8000000000000003,44.0,40.0
Alemannia Aachen,SC Freiburg,2-0,https://www.besoccer.com/match/alemannia-aachen/sc-freiburg/200823286,2008,9,2_liga,18,34,0,2,0,11,11,3,2,3,11,10,2.8000000000000003,2,2,0,9,3,1,17,5,2,1,13,7,8.2,1,2,1,6,5,6.0,4.4,63.0,67.0
Kickers Offenbach FC,TuS Koblenz,1-1,https://www.besoccer.com/match/kickers-offenbach/tus-koblenz/200823283,2008,10,2_liga,18,34,1,1,1,9,13,4,1,4,10,15,2.0,3,1,0,6,2,12,11,3,2,4,13,18,3.2,1,1,2,5,8,6.4,3.4000000000000004,48.0,43.0
VfL Osnabrück,Alemannia Aachen,2-2,https://www.besoccer.com/match/vfl-osnabruck/alemannia-aachen/200823284,2008,10,2_liga,18,34,1,2,2,13,11,3,2,4,10,14,3.6000000000000005,3,1,0,7,3,8,14,4,2,3,13,10,5.0,1,0,3,2,7,7.200000000000001,1.2000000000000002,40.0,64.0
Hoffenheim,Kaiserslautern,1-0,https://www.besoccer.com/match/tsg-1899-hoffenheim/kaiserslautern/200823285,2008,10,2_liga,18,34,0,1,0,10,12,3,3,3,14,14,5.800000000000001,2,0,2,6,7,16,7,1,4,4,7,10,4.0,0,2,2,3,6,5.4,1.6,40.0,66.0
Paderborn,FC Carl Zeiss Jena,2-2,https://www.besoccer.com/match/paderborn/fc-carl-zeiss-jena/200823278,2008,10,2_liga,18,34,1,2,2,18,3,0,3,6,3,12,1.0,0,1,3,1,6,17,5,1,2,6,12,20,2.5999999999999996,0,2,2,8,13,1.0,1.4,46.0,42.0
Erzgebirge Aue,FC Augsburg,3-0,https://www.besoccer.com/match/fc-erzgebirge-aue/fc-augsburg/200823279,2008,10,2_liga,18,34,0,3,0,15,8,2,2,5,13,17,0.6,1,2,1,8,6,14,9,2,3,4,16,18,4.2,0,1,3,4,8,3.1999999999999997,1.0,53.0,44.0
1860 München,Greuther Fürth,0-3,https://www.besoccer.com/match/1860-munchen/greuther-furth/200823280,2008,10,2_liga,18,34,2,0,3,2,18,5,3,1,19,10,5.2,2,2,0,8,5,5,16,4,4,1,12,8,3.2,1,2,1,2,4,5.200000000000001,3.0,66.0,67.0
SC Freiburg,FC St. Pauli,2-0,https://www.besoccer.com/match/sc-freiburg/st-pauli/200823281,2008,10,2_liga,18,34,0,2,0,3,17,5,2,2,13,9,5.6000000000000005,4,0,0,7,2,11,12,4,0,5,10,14,3.6,1,0,3,4,7,8.4,1.2000000000000002,67.0,40.0
SV Wehen Burghausen,Mainz 05,1-3,https://www.besoccer.com/match/sv-wehen-wiesbaden/mainz-amat/200823282,2008,10,2_liga,18,34,2,1,3,4,17,5,2,2,20,16,6.4,3,1,0,13,5,6,16,5,1,3,18,11,5.0,1,0,3,2,7,7.6,1.7999999999999998,56.0,65.0
B. Mönchengladbach,Köln,2-2,https://www.besoccer.com/match/borussia-monchengla/1-fc-koln/200823277,2008,10,2_liga,18,34,1,2,2,1,20,6,2,1,21,11,9.0,3,1,0,8,4,7,14,4,2,3,17,14,4.4,2,1,1,8,6,7.6,4.200000000000001,65.0,66.0
1860 München,Kickers Offenbach FC,3-0,https://www.besoccer.com/match/1860-munchen/kickers-offenbach/200823272,2008,11,2_liga,18,34,0,3,0,5,18,5,3,2,19,13,3.6000000000000005,2,2,1,8,8,10,14,4,2,4,11,16,2.2,1,0,4,4,13,3.5999999999999996,0.6000000000000001,66.0,48.0
Greuther Fürth,B. Mönchengladbach,1-3,https://www.besoccer.com/match/greuther-furth/borussia-monchengla/200823273,2008,11,2_liga,18,34,2,1,3,3,19,5,4,1,15,8,5.0,3,2,0,10,4,1,21,6,3,1,23,13,7.0,3,1,1,13,7,5.4,7.4,67.0,65.0
Alemannia Aachen,Hoffenheim,2-2,https://www.besoccer.com/match/alemannia-aachen/tsg-1899-hoffenheim/200823274,2008,11,2_liga,18,34,1,2,2,7,15,4,3,3,15,12,4.6000000000000005,3,2,0,11,3,8,15,4,3,3,15,14,6.6,1,3,1,8,7,7.4,3.8,64.0,41.0
Mainz 05,FC Augsburg,1-1,https://www.besoccer.com/match/mainz-amat/fc-augsburg/200823275,2008,11,2_liga,18,34,1,1,1,4,19,6,1,3,21,12,6.6000000000000005,4,1,0,16,4,15,9,2,3,5,16,21,2.6000000000000005,0,1,4,4,11,7.800000000000001,0.8,66.0,43.0
FC St. Pauli,SV Wehen Burghausen,1-1,https://www.besoccer.com/match/st-pauli/sv-wehen-wiesbaden/200823276,2008,11,2_liga,18,34,1,1,1,11,12,4,0,6,10,16,2.4000000000000004,3,0,2,6,7,6,17,5,2,3,21,19,4.4,2,1,2,7,11,6.0,4.0,40.0,56.0
TuS Koblenz,VfL Osnabrück,1-0,https://www.besoccer.com/match/tus-koblenz/vfl-osnabruck/200823268,2008,11,2_liga,18,34,0,1,0,12,12,3,3,4,14,19,2.8000000000000003,2,1,2,8,10,13,12,3,3,4,12,16,3.4,0,1,4,3,11,3.4000000000000004,0.2,43.0,40.0
Köln,Paderborn,2-1,https://www.besoccer.com/match/1-fc-koln/paderborn/200823269,2008,11,2_liga,18,34,0,2,1,9,15,4,3,3,19,16,4.0,2,1,2,9,8,18,4,0,4,6,5,14,1.6,0,2,3,2,6,4.800000000000001,1.0,66.0,46.0
Kaiserslautern,Erzgebirge Aue,2-0,https://www.besoccer.com/match/kaiserslautern/fc-erzgebirge-aue/200823270,2008,11,2_liga,18,34,0,2,0,16,7,1,4,5,7,11,3.0000000000000004,1,2,2,4,4,14,11,3,2,5,16,17,3.4,1,0,4,5,11,3.8,1.2000000000000002,66.0,53.0
FC Carl Zeiss Jena,SC Freiburg,1-2,https://www.besoccer.com/match/fc-carl-zeiss-jena/sc-freiburg/200823271,2008,11,2_liga,18,34,2,1,2,17,6,1,3,6,14,22,2.8000000000000003,1,0,4,4,7,2,20,6,2,2,15,9,6.6,1,2,2,6,7,2.4000000000000004,3.4000000000000004,42.0,67.0
VfL Osnabrück,Köln,2-1,https://www.besoccer.com/match/vfl-osnabruck/1-fc-koln/200823267,2008,12,2_liga,18,34,0,2,1,13,12,3,3,5,12,17,2.0,3,2,0,9,5,7,18,5,3,3,21,17,5.6,2,2,1,10,8,6.2,3.8,40.0,66.0
Kickers Offenbach FC,Greuther Fürth,1-2,https://www.besoccer.com/match/kickers-offenbach/greuther-furth/200823265,2008,12,2_liga,18,34,2,1,2,11,14,4,2,5,11,19,1.2000000000000002,3,2,0,7,3,5,19,5,4,2,16,11,3.4000000000000004,2,2,1,5,4,5.4,5.0,48.0,67.0
Hoffenheim,FC St. Pauli,1-1,https://www.besoccer.com/match/tsg-1899-hoffenheim/st-pauli/200823264,2008,12,2_liga,18,34,1,1,1,9,16,4,4,3,17,16,5.4,3,0,2,7,7,12,13,4,1,6,11,17,2.8,1,0,4,4,9,7.2,0.6000000000000001,42.0,39.0
Erzgebirge Aue,Alemannia Aachen,2-1,https://www.besoccer.com/match/fc-erzgebirge-aue/alemannia-aachen/200823266,2008,12,2_liga,18,34,0,2,1,14,11,3,2,6,16,19,2.6000000000000005,2,2,1,11,6,8,16,4,4,3,17,14,4.2,1,1,3,4,9,5.2,1.6,53.0,64.0
SV Wehen Burghausen,1860 München,0-0,https://www.besoccer.com/match/sv-wehen-wiesbaden/1860-munchen/200823260,2008,12,2_liga,18,34,1,0,0,6,18,5,3,3,22,20,3.4000000000000004,3,1,1,14,8,3,21,6,3,2,22,13,5.199999999999999,3,1,1,11,5,5.6000000000000005,5.4,56.0,66.0
Paderborn,Mainz 05,1-1,https://www.besoccer.com/match/paderborn/mainz-amat/200823261,2008,12,2_liga,18,34,1,1,1,18,4,0,4,7,6,16,1.2000000000000002,0,2,3,3,8,4,20,6,2,3,22,13,5.800000000000001,2,0,3,5,8,1.8,4.2,46.0,65.0
FC Augsburg,Kaiserslautern,0-0,https://www.besoccer.com/match/fc-augsburg/kaiserslautern/200823262,2008,12,2_liga,18,34,1,0,0,15,10,2,4,5,17,22,2.6,2,2,1,12,10,16,10,2,4,5,9,11,5.199999999999999,0,2,3,3,7,5.6,1.2000000000000002,43.0,66.0
SC Freiburg,TuS Koblenz,4-2,https://www.besoccer.com/match/sc-freiburg/tus-koblenz/200823263,2008,12,2_liga,18,34,0,4,2,2,23,7,2,2,17,10,7.200000000000001,5,0,0,9,2,10,15,4,3,4,15,19,4.8,1,2,2,6,9,9.0,3.5999999999999996,67.0,43.0
B. Mönchengladbach,FC Carl Zeiss Jena,2-1,https://www.besoccer.com/match/borussia-monchengla/fc-carl-zeiss-jena/200823259,2008,12,2_liga,18,34,0,2,1,1,24,7,3,1,26,14,7.4,3,2,0,10,6,17,6,1,3,7,15,24,1.8,0,3,2,10,15,6.6000000000000005,2.0,65.0,42.0
Kickers Offenbach FC,SV Wehen Burghausen,0-0,https://www.besoccer.com/match/kickers-offenbach/sv-wehen-wiesbaden/200823256,2008,13,2_liga,18,34,1,0,0,13,14,4,2,6,12,21,0.8,3,2,1,8,5,6,19,5,4,3,22,20,2.8,2,2,2,8,12,3.2,3.5999999999999996,48.0,56.0
Köln,Erzgebirge Aue,3-2,https://www.besoccer.com/match/1-fc-koln/fc-erzgebirge-aue/200823257,2008,13,2_liga,18,34,0,3,2,7,18,5,3,4,22,19,4.200000000000001,3,1,2,11,9,14,14,4,2,6,18,20,4.8,1,0,5,5,13,6.4,0.6000000000000001,65.0,53.0
Mainz 05,VfL Osnabrück,4-1,https://www.besoccer.com/match/mainz-amat/vfl-osnabruck/200823258,2008,13,2_liga,18,34,0,4,1,5,21,6,3,3,23,14,4.8,4,2,0,17,5,10,15,4,3,5,14,18,4.2,0,1,5,3,12,6.2,0.0,65.0,40.0
FC St. Pauli,FC Augsburg,2-0,https://www.besoccer.com/match/st-pauli/fc-augsburg/200823252,2008,13,2_liga,18,34,0,2,0,12,14,4,2,6,12,18,3.0,3,1,2,7,8,15,11,2,5,5,17,22,2.4000000000000004,0,2,4,5,12,5.200000000000001,1.6,39.0,44.0
FC Carl Zeiss Jena,Hoffenheim,0-1,https://www.besoccer.com/match/fc-carl-zeiss-jena/tsg-1899-hoffenheim/200823253,2008,13,2_liga,18,34,2,0,1,17,6,1,3,8,16,26,0.8,1,0,5,5,9,8,17,4,5,3,18,17,4.6,1,4,1,10,9,1.7999999999999998,3.6000000000000005,42.0,42.0
Greuther Fürth,SC Freiburg,1-1,https://www.besoccer.com/match/greuther-furth/sc-freiburg/200823254,2008,13,2_liga,18,34,1,1,1,4,22,6,4,2,18,12,5.4,3,2,1,11,7,2,26,8,2,2,21,12,7.800000000000001,2,2,2,8,8,3.2,5.4,67.0,67.0
Alemannia Aachen,Kaiserslautern,2-1,https://www.besoccer.com/match/alemannia-aachen/kaiserslautern/200823255,2008,13,2_liga,18,34,0,2,1,9,16,4,4,4,18,16,2.6000000000000005,3,3,0,13,5,16,11,2,5,5,9,11,4.800000000000001,0,3,3,3,7,6.2,1.8,64.0,66.0
1860 München,B. Mönchengladbach,0-0,https://www.besoccer.com/match/1860-munchen/borussia-monchengla/200823251,2008,13,2_liga,18,34,1,0,0,3,22,6,4,2,22,13,4.800000000000001,3,2,1,11,8,1,27,8,3,1,28,15,7.800000000000001,4,1,1,16,8,5.0,8.4,66.0,65.0
TuS Koblenz,Paderborn,0-0,https://www.besoccer.com/match/tus-koblenz/paderborn/200823250,2008,13,2_liga,18,34,1,0,0,11,15,4,3,5,17,23,3.2,3,1,2,9,10,18,5,0,5,7,7,17,1.8,0,2,4,3,8,5.0,0.6000000000000001,43.0,46.0
VfL Osnabrück,FC Carl Zeiss Jena,1-1,https://www.besoccer.com/match/vfl-osnabruck/fc-carl-zeiss-jena/200823247,2008,14,2_liga,18,34,1,1,1,13,15,4,3,6,15,22,2.8000000000000003,4,2,0,11,6,17,6,1,3,9,16,27,0.4,0,3,3,11,17,7.0,1.4,40.0,42.0
B. Mönchengladbach,Kickers Offenbach FC,3-0,https://www.besoccer.com/match/borussia-monchengla/kickers-offenbach/200823246,2008,14,2_liga,18,34,0,3,0,1,28,8,4,1,28,15,6.2,4,2,0,12,7,12,15,4,3,6,12,21,1.4,1,0,5,4,16,7.4,0.0,65.0,48.0
SV Wehen Burghausen,TuS Koblenz,0-2,https://www.besoccer.com/match/sv-wehen-wiesbaden/tus-koblenz/200823248,2008,14,2_liga,18,34,2,0,2,7,20,5,5,3,22,20,2.6,3,2,1,14,8,11,16,4,4,5,17,23,3.1999999999999997,1,2,3,8,13,4.6,2.6000000000000005,56.0,43.0
Paderborn,Greuther Fürth,1-0,https://www.besoccer.com/match/paderborn/greuther-furth/200823249,2008,14,2_liga,18,34,0,1,0,18,6,0,6,7,7,17,2.2,0,3,3,4,9,5,23,6,5,2,19,13,4.800000000000001,3,2,1,7,5,2.4,6.4,46.0,67.0
SC Freiburg,1860 München,2-2,https://www.besoccer.com/match/sc-freiburg/1860-munchen/200823242,2008,14,2_liga,18,34,1,2,2,2,27,8,3,2,22,13,6.4,6,0,0,13,4,4,23,6,5,2,22,13,4.2,3,2,1,11,5,9.0,4.4,67.0,66.0
Hoffenheim,Köln,0-2,https://www.besoccer.com/match/tsg-1899-hoffenheim/1-fc-koln/200823243,2008,14,2_liga,18,34,2,0,2,8,20,5,5,3,19,17,5.8,3,1,2,8,8,6,21,6,3,4,25,21,5.8,2,2,2,11,10,6.4,2.2,42.0,65.0
Erzgebirge Aue,FC St. Pauli,0-0,https://www.besoccer.com/match/fc-erzgebirge-aue/st-pauli/200823244,2008,14,2_liga,18,34,1,0,0,14,14,4,2,7,20,23,3.6000000000000005,3,2,1,13,7,10,17,5,2,6,14,18,5.0,1,1,4,5,10,6.6000000000000005,1.0,53.0,40.0
FC Augsburg,Alemannia Aachen,1-0,https://www.besoccer.com/match/fc-augsburg/alemannia-aachen/200823245,2008,14,2_liga,18,34,0,1,0,15,11,2,5,6,17,24,1.6,2,3,1,12,10,9,19,5,4,4,20,17,4.6,1,1,4,5,11,5.0,0.8,43.0,64.0
Kaiserslautern,Mainz 05,0-0,https://www.besoccer.com/match/kaiserslautern/mainz-amat/200823241,2008,14,2_liga,18,34,1,0,0,16,11,2,5,6,10,13,3.2,2,2,2,6,4,3,24,7,3,3,27,15,6.2,2,1,3,6,9,5.800000000000001,4.0,66.0,65.0
FC St. Pauli,Kaiserslautern,3-4,https://www.besoccer.com/match/st-pauli/kaiserslautern/200823238,2008,15,2_liga,18,34,2,3,4,11,18,5,3,6,14,18,4.4,4,1,2,9,8,16,12,2,6,6,10,13,2.8000000000000003,0,3,4,4,9,6.2,1.2000000000000002,40.0,66.0
SV Wehen Burghausen,B. Mönchengladbach,1-1,https://www.besoccer.com/match/sv-wehen-wiesbaden/borussia-monchengla/200823239,2008,15,2_liga,18,34,1,1,1,7,20,5,5,4,22,22,1.8,3,2,2,14,10,1,31,9,4,1,31,15,7.0,4,2,1,16,8,2.6000000000000005,7.0,55.0,65.0
FC Carl Zeiss Jena,Erzgebirge Aue,2-1,https://www.besoccer.com/match/fc-carl-zeiss-jena/fc-erzgebirge-aue/200823240,2008,15,2_liga,18,34,0,2,1,18,7,1,4,9,17,28,1.2,1,0,6,5,10,14,15,4,3,7,20,23,3.4,1,0,6,7,16,1.2000000000000002,0.0,42.0,53.0
1860 München,Paderborn,0-0,https://www.besoccer.com/match/1860-munchen/paderborn/200823233,2008,15,2_liga,18,34,1,0,0,4,24,6,6,2,24,15,3.6000000000000005,3,3,1,11,8,17,9,1,6,7,8,17,4.6,0,3,4,3,8,4.4,1.2,66.0,46.0
Greuther Fürth,VfL Osnabrück,6-3,https://www.besoccer.com/match/greuther-furth/vfl-osnabruck/200823234,2008,15,2_liga,18,34,0,6,3,6,23,6,5,3,19,14,3.2,3,3,1,12,8,12,16,4,4,6,16,23,3.0,0,1,6,4,16,2.6,0.0,67.0,40.0
Kickers Offenbach FC,SC Freiburg,0-0,https://www.besoccer.com/match/kickers-offenbach/sc-freiburg/200823235,2008,15,2_liga,18,34,1,0,0,13,15,4,3,7,12,24,1.0,3,3,1,8,5,2,28,8,4,2,24,15,5.4,2,3,2,9,9,2.6,4.800000000000001,48.0,67.0
TuS Koblenz,Hoffenheim,2-2,https://www.besoccer.com/match/tus-koblenz/tsg-1899-hoffenheim/200823236,2008,15,2_liga,18,34,1,2,2,9,19,5,4,5,19,23,5.2,3,2,2,9,10,8,20,5,5,4,19,19,4.0,2,4,1,11,9,4.6000000000000005,5.4,43.0,42.0
Köln,FC Augsburg,3-0,https://www.besoccer.com/match/1-fc-koln/fc-augsburg/200823237,2008,15,2_liga,18,34,0,3,0,5,24,7,3,4,27,21,6.800000000000001,4,1,2,14,11,15,14,3,5,6,18,24,4.0,0,2,5,5,14,7.4,1.2000000000000002,66.0,44.0
Alemannia Aachen,Mainz 05,0-3,https://www.besoccer.com/match/alemannia-aachen/mainz-amat/200823232,2008,15,2_liga,18,34,2,0,3,10,19,5,4,5,20,18,3.0000000000000004,4,3,0,15,6,3,25,7,4,3,27,15,5.0,2,2,3,6,9,7.0,3.5999999999999996,64.0,65.0
Alemannia Aachen,FC St. Pauli,2-2,https://www.besoccer.com/match/alemannia-aachen/st-pauli/200823229,2008,16,2_liga,18,34,1,2,2,10,19,5,4,6,20,21,1.9999999999999998,4,3,1,15,9,11,18,5,3,7,17,22,3.2,1,2,4,5,10,4.800000000000001,1.8,63.0,40.0
Mainz 05,Köln,1-0,https://www.besoccer.com/match/mainz-amat/1-fc-koln/200823230,2008,16,2_liga,18,34,0,1,0,3,28,8,4,3,30,15,6.2,5,2,0,21,6,4,27,8,3,4,30,21,7.800000000000001,3,2,2,13,10,7.0,4.2,66.0,66.0
Erzgebirge Aue,TuS Koblenz,0-0,https://www.besoccer.com/match/fc-erzgebirge-aue/tus-koblenz/200823231,2008,16,2_liga,18,34,1,0,0,14,15,4,3,8,21,25,2.0,3,3,1,13,7,9,20,5,5,5,21,25,4.6000000000000005,2,2,3,10,13,5.6,4.6,53.0,43.0
FC Augsburg,Greuther Fürth,3-0,https://www.besoccer.com/match/fc-augsburg/greuther-furth/200823224,2008,16,2_liga,18,34,0,3,0,16,14,3,5,7,18,27,3.0000000000000004,3,3,1,13,10,5,26,7,5,3,25,17,4.800000000000001,3,2,2,7,6,6.2,4.4,43.0,67.0
Kaiserslautern,FC Carl Zeiss Jena,2-3,https://www.besoccer.com/match/kaiserslautern/fc-carl-zeiss-jena/200823225,2008,16,2_liga,18,34,2,2,3,15,15,3,6,6,14,16,4.8,2,3,2,6,4,18,10,2,4,9,19,29,3.8,0,4,3,12,18,5.4,2.0,66.0,42.0
VfL Osnabrück,1860 München,3-0,https://www.besoccer.com/match/vfl-osnabruck/1860-munchen/200823226,2008,16,2_liga,18,34,0,3,0,12,16,4,4,7,19,29,2.0,4,3,0,12,7,6,25,6,7,2,24,15,3.4000000000000004,3,3,1,13,7,5.800000000000001,3.8,40.0,66.0
Hoffenheim,Kickers Offenbach FC,2-2,https://www.besoccer.com/match/tsg-1899-hoffenheim/kickers-offenbach/200823227,2008,16,2_liga,18,34,1,2,2,8,21,5,6,4,21,21,3.4,3,1,3,8,10,13,16,4,4,7,12,24,1.6,1,0,6,4,19,4.4,0.0,42.0,48.0
Paderborn,SV Wehen Burghausen,1-1,https://www.besoccer.com/match/paderborn/sv-wehen-wiesbaden/200823228,2008,16,2_liga,18,34,1,1,1,17,10,1,7,7,8,17,4.4,1,3,3,5,9,7,21,5,6,4,23,23,2.2,2,3,2,8,12,4.8,3.6000000000000005,46.0,55.0
SC Freiburg,B. Mönchengladbach,1-3,https://www.besoccer.com/match/sc-freiburg/borussia-monchengla/200823223,2008,16,2_liga,18,34,2,1,3,2,29,8,5,2,24,15,4.2,6,1,0,15,6,1,32,9,5,1,32,16,5.800000000000001,4,3,1,17,9,7.0,5.4,67.0,65.0
Kickers Offenbach FC,VfL Osnabrück,3-3,https://www.besoccer.com/match/kickers-offenbach/vfl-osnabruck/200823220,2008,17,2_liga,18,34,1,3,3,13,17,4,5,7,14,26,2.2,3,4,1,8,5,12,19,5,4,7,22,29,4.2,0,1,7,7,22,2.4000000000000004,0.0,48.0,41.0
TuS Koblenz,Alemannia Aachen,0-0,https://www.besoccer.com/match/tus-koblenz/alemannia-aachen/200823221,2008,17,2_liga,18,34,1,0,0,9,21,5,6,5,21,25,4.0,3,3,2,11,12,10,20,5,5,6,22,23,2.2,1,1,5,5,12,4.2,0.6,43.0,63.0
FC St. Pauli,Mainz 05,1-0,https://www.besoccer.com/match/st-pauli/mainz-amat/200823222,2008,17,2_liga,18,34,0,1,0,11,19,5,4,7,19,24,3.0,4,1,3,12,12,2,31,9,4,3,31,15,7.4,3,2,3,9,9,4.200000000000001,5.6000000000000005,40.0,66.0
FC Carl Zeiss Jena,FC Augsburg,1-2,https://www.besoccer.com/match/fc-carl-zeiss-jena/fc-augsburg/200823215,2008,17,2_liga,18,34,2,1,2,17,13,3,4,9,22,31,6.0,2,0,6,7,11,14,17,4,5,7,21,27,5.0,0,2,6,5,17,3.6,0.8,43.0,44.0
1860 München,Erzgebirge Aue,5-0,https://www.besoccer.com/match/1860-munchen/fc-erzgebirge-aue/200823216,2008,17,2_liga,18,34,0,5,0,6,25,6,7,3,24,18,2.0,3,4,1,11,8,15,16,4,4,8,21,25,2.2,1,0,7,8,18,3.8,0.0,66.0,53.0
Greuther Fürth,Hoffenheim,4-1,https://www.besoccer.com/match/greuther-furth/tsg-1899-hoffenheim/200823217,2008,17,2_liga,18,34,0,4,1,5,26,7,5,4,25,20,3.4000000000000004,4,3,1,18,11,8,22,5,7,4,23,23,3.2,2,5,1,13,11,4.4,4.6000000000000005,66.0,42.0
B. Mönchengladbach,Paderborn,1-1,https://www.besoccer.com/match/borussia-monchengla/paderborn/200823218,2008,17,2_liga,18,34,1,1,1,1,35,10,5,1,35,17,6.6,5,2,0,15,7,18,11,1,8,7,9,18,4.2,0,4,4,3,8,7.800000000000001,1.8,65.0,46.0
SV Wehen Burghausen,SC Freiburg,2-2,https://www.besoccer.com/match/sv-wehen-wiesbaden/sc-freiburg/200823219,2008,17,2_liga,18,34,1,2,2,7,22,5,7,4,24,24,2.4000000000000004,3,3,2,15,11,3,29,8,5,3,25,18,2.4000000000000004,2,4,2,9,9,2.2,4.2,55.0,67.0
Köln,Kaiserslautern,2-1,https://www.besoccer.com/match/1-fc-koln/kaiserslautern/200823214,2008,17,2_liga,18,34,0,2,1,4,27,8,3,5,30,22,5.4,5,1,2,17,11,16,15,3,6,7,16,19,3.2,1,3,4,8,12,8.4,3.8,65.0,66.0
Köln,FC St. Pauli,1-1,https://www.besoccer.com/match/1-fc-koln/st-pauli/200823211,2008,18,2_liga,18,34,1,1,1,4,30,9,3,5,32,23,6.6,6,1,2,19,12,8,22,6,4,7,20,24,4.8,1,3,4,7,12,9.0,2.4,66.0,40.0
SV Wehen Burghausen,Hoffenheim,0-2,https://www.besoccer.com/match/sv-wehen-wiesbaden/tsg-1899-hoffenheim/200823212,2008,18,2_liga,18,34,2,0,2,7,23,5,8,4,26,26,2.6,3,4,2,17,13,9,22,5,7,5,24,27,2.0,2,5,2,14,15,2.2,3.2,55.0,42.0
B. Mönchengladbach,Kaiserslautern,1-1,https://www.besoccer.com/match/borussia-monchengla/kaiserslautern/200823213,2008,18,2_liga,18,34,1,1,1,1,36,10,6,1,36,18,5.4,5,3,0,16,8,16,15,3,6,8,17,21,2.1999999999999997,1,3,5,9,14,6.2,2.8000000000000003,65.0,66.0
Kickers Offenbach FC,Paderborn,2-1,https://www.besoccer.com/match/kickers-offenbach/paderborn/200823206,2008,18,2_liga,18,34,0,2,1,14,18,4,6,7,17,29,2.6,3,5,1,11,8,18,12,1,9,7,10,19,3.8,0,5,4,4,9,2.6,2.4,48.0,46.0
Greuther Fürth,Erzgebirge Aue,2-0,https://www.besoccer.com/match/greuther-furth/fc-erzgebirge-aue/200823207,2008,18,2_liga,18,34,0,2,0,5,29,8,5,4,29,21,5.0,5,3,1,22,12,15,16,4,4,9,21,30,1.2000000000000002,1,0,8,8,23,6.2,0.0,66.0,53.0
1860 München,FC Augsburg,0-3,https://www.besoccer.com/match/1860-munchen/fc-augsburg/200823208,2008,18,2_liga,18,34,2,0,3,6,28,7,7,3,29,18,4.2,4,4,1,16,8,13,20,5,5,7,23,28,6.6000000000000005,1,2,6,7,18,5.6000000000000005,3.4,66.0,44.0
TuS Koblenz,Mainz 05,1-1,https://www.besoccer.com/match/tus-koblenz/mainz-amat/200823209,2008,18,2_liga,18,34,1,1,1,10,22,5,7,5,21,25,3.8,3,4,2,11,12,2,31,9,4,4,31,16,5.2,3,2,4,9,10,3.6000000000000005,4.0,43.0,66.0
SC Freiburg,VfL Osnabrück,1-1,https://www.besoccer.com/match/sc-freiburg/vfl-osnabruck/200823210,2008,18,2_liga,18,34,1,1,1,3,30,8,6,3,27,20,2.2,6,1,1,16,9,12,20,5,5,7,25,32,3.8000000000000003,0,2,7,10,25,4.4,1.0,67.0,41.0
FC Carl Zeiss Jena,Alemannia Aachen,2-3,https://www.besoccer.com/match/fc-carl-zeiss-jena/alemannia-aachen/200823205,2008,18,2_liga,18,34,2,2,3,17,13,3,4,10,23,33,4.6,2,0,7,8,13,11,21,5,6,6,22,23,2.4000000000000004,1,2,5,5,12,2.4000000000000004,1.4,43.0,63.0
Erzgebirge Aue,Kickers Offenbach FC,3-1,https://www.besoccer.com/match/fc-erzgebirge-aue/kickers-offenbach/200823202,2008,19,2_liga,18,34,0,3,1,15,16,4,4,10,21,32,0.8,3,4,1,13,7,14,21,5,6,7,19,30,4.8,1,1,6,6,21,5.0,1.0,53.0,48.0
FC St. Pauli,FC Carl Zeiss Jena,2-2,https://www.besoccer.com/match/st-pauli/fc-carl-zeiss-jena/200823203,2008,19,2_liga,18,34,1,2,2,11,23,6,5,7,21,25,4.2,5,1,3,13,12,17,13,3,4,11,25,36,3.2,1,4,3,15,20,5.8,4.4,40.0,43.0
Kaiserslautern,1860 München,1-2,https://www.besoccer.com/match/kaiserslautern/1860-munchen/200823204,2008,19,2_liga,18,34,2,1,2,16,16,3,7,8,18,22,2.4000000000000004,2,3,3,8,7,6,28,7,7,4,29,21,3.0000000000000004,3,3,2,13,10,3.8,2.6000000000000005,66.0,66.0
VfL Osnabrück,SV Wehen Burghausen,0-2,https://www.besoccer.com/match/vfl-osnabruck/sv-wehen-wiesbaden/200823197,2008,19,2_liga,18,34,2,0,2,13,21,5,6,7,26,33,3.8,5,3,0,15,7,12,23,5,8,5,26,28,1.8,2,4,2,9,13,6.6,3.4000000000000004,41.0,55.0
FC Augsburg,TuS Koblenz,1-0,https://www.besoccer.com/match/fc-augsburg/tus-koblenz/200823198,2008,19,2_liga,18,34,0,1,0,9,23,6,5,7,26,28,7.800000000000001,4,3,1,16,10,10,23,5,8,5,22,26,3.4000000000000004,2,3,3,10,13,7.0,4.0,45.0,44.0
Mainz 05,Greuther Fürth,1-2,https://www.besoccer.com/match/mainz-amat/greuther-furth/200823199,2008,19,2_liga,18,34,2,1,2,2,32,9,5,4,32,17,4.2,6,2,0,22,6,3,32,9,5,4,31,21,6.6000000000000005,3,2,3,7,9,7.800000000000001,3.0,65.0,67.0
Paderborn,SC Freiburg,3-2,https://www.besoccer.com/match/paderborn/sc-freiburg/200823200,2008,19,2_liga,18,34,0,3,2,18,12,1,9,8,11,21,2.4000000000000004,1,4,3,6,10,4,31,8,7,3,28,21,2.4000000000000004,2,5,2,11,11,4.6000000000000005,3.6000000000000005,46.0,67.0
Hoffenheim,B. Mönchengladbach,4-2,https://www.besoccer.com/match/tsg-1899-hoffenheim/borussia-monchengla/200823201,2008,19,2_liga,18,34,0,4,2,7,25,6,7,5,26,27,4.0,3,2,3,10,12,1,37,10,7,1,37,19,4.6,5,3,1,20,10,3.4000000000000004,6.2,43.0,65.0
Alemannia Aachen,Köln,3-2,https://www.besoccer.com/match/alemannia-aachen/1-fc-koln/200823196,2008,19,2_liga,18,34,0,3,2,8,24,6,6,6,25,25,4.4,4,4,1,17,11,5,31,9,4,5,33,24,5.200000000000001,3,2,3,13,11,3.8,2.8000000000000003,63.0,66.0
FC Carl Zeiss Jena,Köln,1-3,https://www.besoccer.com/match/fc-carl-zeiss-jena/1-fc-koln/200823195,2008,20,2_liga,18,34,2,1,3,18,14,3,5,11,27,38,2.8000000000000003,2,0,8,10,16,5,31,9,4,6,35,27,3.2,3,2,4,15,14,1.7999999999999998,1.9999999999999998,43.0,65.0
TuS Koblenz,FC St. Pauli,1-1,https://www.besoccer.com/match/tus-koblenz/st-pauli/200823193,2008,20,2_liga,18,34,1,1,1,12,23,5,8,6,22,27,2.0,3,5,2,12,13,11,24,6,6,7,23,27,4.0,1,4,4,8,13,3.4000000000000004,2.8,43.0,40.0
SV Wehen Burghausen,Erzgebirge Aue,3-0,https://www.besoccer.com/match/sv-wehen-wiesbaden/fc-erzgebirge-aue/200823194,2008,20,2_liga,18,34,0,3,0,9,26,6,8,5,28,28,4.2,3,4,3,17,15,15,19,5,4,10,24,33,3.4,1,0,9,8,25,1.6,0.0,55.0,53.0
Paderborn,VfL Osnabrück,1-3,https://www.besoccer.com/match/paderborn/vfl-osnabruck/200823188,2008,20,2_liga,18,34,2,1,3,17,15,2,9,8,14,23,4.2,2,4,3,9,12,13,21,5,6,8,26,35,2.6000000000000005,0,3,7,11,26,6.2,1.8,46.0,41.0
1860 München,Hoffenheim,0-1,https://www.besoccer.com/match/1860-munchen/tsg-1899-hoffenheim/200823189,2008,20,2_liga,18,34,2,0,1,6,31,8,7,4,31,22,5.0,4,4,2,16,11,7,28,7,7,5,30,29,6.0,3,5,2,16,15,4.0,5.0,66.0,43.0
SC Freiburg,FC Augsburg,1-0,https://www.besoccer.com/match/sc-freiburg/fc-augsburg/200823190,2008,20,2_liga,18,34,0,1,0,4,31,8,7,4,30,24,1.6,6,2,1,17,10,10,26,7,5,7,27,28,8.4,2,2,6,10,18,3.4000000000000004,5.6000000000000005,67.0,45.0
Greuther Fürth,Kaiserslautern,0-1,https://www.besoccer.com/match/greuther-furth/kaiserslautern/200823191,2008,20,2_liga,18,34,2,0,1,2,35,10,5,4,33,22,7.800000000000001,6,3,1,24,12,16,16,3,7,9,19,24,1.4000000000000001,1,4,5,10,15,7.6,3.0,67.0,65.0
Kickers Offenbach FC,Alemannia Aachen,1-1,https://www.besoccer.com/match/kickers-offenbach/alemannia-aachen/200823192,2008,20,2_liga,18,34,1,1,1,14,21,5,6,8,20,33,3.6000000000000005,4,5,1,13,9,8,27,7,6,6,28,27,6.4,2,2,5,8,14,4.8,4.0,48.0,63.0
B. Mönchengladbach,Mainz 05,0-1,https://www.besoccer.com/match/borussia-monchengla/mainz-amat/200823187,2008,20,2_liga,18,34,2,0,1,1,37,10,7,2,39,23,2.8,5,4,0,17,9,3,32,9,5,5,33,19,2.6000000000000005,3,3,4,10,11,5.0,3.4,65.0,65.0
Hoffenheim,SC Freiburg,2-0,https://www.besoccer.com/match/tsg-1899-hoffenheim/sc-freiburg/200823184,2008,21,2_liga,18,34,0,2,0,7,31,8,7,5,31,29,7.4,4,2,3,14,14,4,34,9,7,4,31,24,4.0,2,5,3,13,14,4.8,2.4000000000000004,43.0,67.0
Mainz 05,FC Carl Zeiss Jena,2-2,https://www.besoccer.com/match/mainz-amat/fc-carl-zeiss-jena/200823185,2008,21,2_liga,18,34,1,2,2,3,35,10,5,5,34,19,4.2,6,2,1,23,8,18,14,3,5,12,28,41,1.4000000000000001,1,5,3,17,22,5.2,4.2,65.0,43.0
Köln,1860 München,0-0,https://www.besoccer.com/match/1-fc-koln/1860-munchen/200823186,2008,21,2_liga,18,34,1,0,0,5,34,10,4,6,38,28,4.800000000000001,6,2,2,20,13,6,31,8,7,5,31,23,3.6000000000000005,4,3,2,15,11,7.0,4.6,65.0,65.0
FC St. Pauli,Greuther Fürth,1-1,https://www.besoccer.com/match/st-pauli/greuther-furth/200823179,2008,21,2_liga,18,34,1,1,1,11,25,6,7,7,24,28,3.8,5,2,3,15,14,2,35,10,5,5,33,23,5.4,4,2,3,9,10,4.800000000000001,4.800000000000001,40.0,67.0
VfL Osnabrück,B. Mönchengladbach,2-2,https://www.besoccer.com/match/vfl-osnabruck/borussia-monchengla/200823180,2008,21,2_liga,18,34,1,2,2,13,24,6,6,8,29,36,4.6,5,3,1,15,9,1,37,10,7,3,39,24,1.6,5,3,2,22,14,4.4,4.0,41.0,65.0
Alemannia Aachen,SV Wehen Burghausen,2-3,https://www.besoccer.com/match/alemannia-aachen/sv-wehen-wiesbaden/200823181,2008,21,2_liga,18,34,2,2,3,9,28,7,7,6,29,28,5.800000000000001,5,4,1,20,13,8,29,7,8,5,31,28,6.0,3,4,2,11,13,5.2,5.0,63.0,55.0
FC Augsburg,Kickers Offenbach FC,1-1,https://www.besoccer.com/match/fc-augsburg/kickers-offenbach/200823182,2008,21,2_liga,18,34,1,1,1,10,26,7,5,8,27,29,6.0,5,3,1,17,10,14,22,5,7,8,21,34,3.4,1,1,7,7,24,7.800000000000001,0.8,45.0,48.0
Erzgebirge Aue,Paderborn,6-0,https://www.besoccer.com/match/fc-erzgebirge-aue/paderborn/200823183,2008,21,2_liga,18,34,0,6,0,15,19,5,4,11,24,36,2.6000000000000005,4,4,1,16,8,17,15,2,9,9,15,26,3.0000000000000004,0,5,5,5,11,6.2,1.8,53.0,46.0
Kaiserslautern,TuS Koblenz,2-3,https://www.besoccer.com/match/kaiserslautern/tus-koblenz/200823178,2008,21,2_liga,18,34,2,2,3,16,19,4,7,9,20,24,3.6,2,3,4,9,9,12,24,5,9,6,23,28,2.2,2,3,4,10,14,2.4000000000000004,2.8,66.0,43.0
SV Wehen Burghausen,FC Augsburg,2-1,https://www.besoccer.com/match/sv-wehen-wiesbaden/fc-augsburg/200823175,2008,22,2_liga,18,34,0,2,1,8,32,8,8,5,34,30,7.4,4,4,3,20,15,11,27,7,6,8,28,30,4.6,2,2,7,10,19,4.0,4.2,56.0,45.0
B. Mönchengladbach,Erzgebirge Aue,2-0,https://www.besoccer.com/match/borussia-monchengla/fc-erzgebirge-aue/200823176,2008,22,2_liga,18,34,0,2,0,1,38,10,8,3,41,26,1.6,5,4,1,17,10,15,22,6,4,11,30,36,4.8,1,0,10,8,28,3.2,0.0,65.0,53.0
Greuther Fürth,Köln,2-2,https://www.besoccer.com/match/greuther-furth/1-fc-koln/200823177,2008,22,2_liga,18,34,1,2,2,3,36,10,6,5,34,24,4.6,6,3,2,24,13,4,35,10,5,6,38,28,4.4,4,2,4,18,15,5.6000000000000005,4.2,66.0,65.0
Paderborn,Kaiserslautern,0-0,https://www.besoccer.com/match/paderborn/kaiserslautern/200823170,2008,22,2_liga,18,34,1,0,0,17,15,2,9,10,15,32,1.9999999999999998,2,4,4,10,15,16,19,4,7,10,22,27,2.8000000000000003,2,4,5,11,15,4.4,5.0,46.0,65.0
1860 München,Alemannia Aachen,0-0,https://www.besoccer.com/match/1860-munchen/alemannia-aachen/200823171,2008,22,2_liga,18,34,1,0,0,7,32,8,8,5,31,23,3.4,4,4,3,16,12,9,28,7,7,7,31,31,4.0,2,3,5,9,15,2.4,4.0,66.0,63.0
Kickers Offenbach FC,FC St. Pauli,4-3,https://www.besoccer.com/match/kickers-offenbach/st-pauli/200823172,2008,22,2_liga,18,34,0,4,3,14,23,5,8,8,22,35,3.2,4,6,1,14,10,12,26,6,8,7,25,29,3.4000000000000004,1,5,4,9,14,4.6000000000000005,3.0,48.0,40.0
VfL Osnabrück,Hoffenheim,0-3,https://www.besoccer.com/match/vfl-osnabruck/tsg-1899-hoffenheim/200823173,2008,22,2_liga,18,34,2,0,3,13,25,6,7,8,31,38,4.0,5,4,1,17,11,6,34,9,7,5,33,29,8.4,4,5,2,17,15,3.8,6.4,41.0,44.0
TuS Koblenz,FC Carl Zeiss Jena,2-0,https://www.besoccer.com/match/tus-koblenz/fc-carl-zeiss-jena/200823174,2008,22,2_liga,18,34,0,2,0,10,27,6,9,6,26,30,4.4,3,6,2,13,14,18,15,3,6,12,30,43,1.6,1,6,3,19,24,3.0,4.0,44.0,43.0
SC Freiburg,Mainz 05,1-1,https://www.besoccer.com/match/sc-freiburg/mainz-amat/200823169,2008,22,2_liga,18,34,1,1,1,5,34,9,7,5,31,26,3.0000000000000004,7,2,1,18,10,2,36,10,6,5,36,21,3.8000000000000003,4,3,4,11,11,4.8,5.2,67.0,65.0
Alemannia Aachen,Greuther Fürth,2-5,https://www.besoccer.com/match/alemannia-aachen/greuther-furth/200823166,2008,23,2_liga,18,34,2,2,5,10,29,7,8,7,31,31,3.4000000000000004,5,4,2,22,16,3,37,10,7,5,36,26,3.6000000000000005,4,3,3,10,11,3.6000000000000005,4.0,63.0,66.0
Kaiserslautern,SC Freiburg,0-0,https://www.besoccer.com/match/kaiserslautern/sc-freiburg/200823167,2008,23,2_liga,18,34,1,0,0,16,20,4,8,10,22,27,3.0,2,3,5,11,12,6,35,9,8,5,32,27,3.0,2,5,4,13,16,1.0,1.2000000000000002,65.0,67.0
FC Augsburg,B. Mönchengladbach,0-2,https://www.besoccer.com/match/fc-augsburg/borussia-monchengla/200823168,2008,23,2_liga,18,34,2,0,2,11,27,7,6,9,29,32,2.6000000000000005,5,4,1,18,11,1,41,11,8,3,43,26,4.0,5,4,2,24,16,6.6000000000000005,3.4,45.0,65.0
Köln,TuS Koblenz,1-0,https://www.besoccer.com/match/1-fc-koln/tus-koblenz/200823161,2008,23,2_liga,18,34,0,1,0,5,36,10,6,6,40,30,3.8,6,3,2,20,13,9,30,7,9,6,28,30,6.2,3,3,4,13,16,5.4,4.800000000000001,65.0,44.0
Hoffenheim,Paderborn,1-0,https://www.besoccer.com/match/tsg-1899-hoffenheim/paderborn/200823162,2008,23,2_liga,18,34,0,1,0,4,37,10,7,5,36,29,9.0,5,2,3,16,14,17,16,2,10,10,15,32,2.2,0,5,6,5,17,6.2,1.2000000000000002,44.0,46.0
Erzgebirge Aue,VfL Osnabrück,0-1,https://www.besoccer.com/match/fc-erzgebirge-aue/vfl-osnabruck/200823163,2008,23,2_liga,18,34,2,0,1,15,22,6,4,12,30,38,3.6000000000000005,5,4,1,22,8,14,25,6,7,9,31,41,2.8,1,3,7,14,27,7.0,4.4,53.0,41.0
FC Carl Zeiss Jena,SV Wehen Burghausen,2-2,https://www.besoccer.com/match/fc-carl-zeiss-jena/sv-wehen-wiesbaden/200823164,2008,23,2_liga,18,34,1,2,2,18,15,3,6,13,30,45,1.2000000000000002,2,0,9,11,19,7,35,9,8,5,36,31,8.4,4,4,2,14,15,1.2000000000000002,6.6000000000000005,43.0,56.0
Mainz 05,Kickers Offenbach FC,1-0,https://www.besoccer.com/match/mainz-amat/kickers-offenbach/200823165,2008,23,2_liga,18,34,0,1,0,2,37,10,7,5,37,22,3.8,6,3,1,25,10,13,26,6,8,8,26,38,5.0,1,2,7,8,25,4.2,1.6,65.0,48.0
FC St. Pauli,1860 München,0-0,https://www.besoccer.com/match/st-pauli/1860-munchen/200823160,2008,23,2_liga,18,34,1,0,0,12,26,6,8,8,28,33,2.0,5,3,3,16,15,8,33,8,9,5,31,23,3.0,4,4,2,15,11,4.2,4.0,40.0,66.0
Kickers Offenbach FC,FC Carl Zeiss Jena,2-1,https://www.besoccer.com/match/kickers-offenbach/fc-carl-zeiss-jena/200823157,2008,24,2_liga,18,34,0,2,1,14,26,6,8,9,26,39,3.4000000000000004,5,6,1,18,13,18,16,3,7,13,32,47,1.8,1,6,4,19,26,6.2,2.8,48.0,43.0
SV Wehen Burghausen,Kaiserslautern,0-2,https://www.besoccer.com/match/sv-wehen-wiesbaden/kaiserslautern/200823158,2008,24,2_liga,18,34,2,0,2,7,36,9,9,5,38,33,7.0,5,4,3,22,16,16,21,4,9,10,22,27,3.0,2,5,5,11,15,6.0,4.6000000000000005,56.0,65.0
Paderborn,Alemannia Aachen,0-1,https://www.besoccer.com/match/paderborn/alemannia-aachen/200823159,2008,24,2_liga,18,34,2,0,1,17,16,2,10,11,15,33,1.4000000000000001,2,5,4,10,15,10,29,7,8,8,33,36,1.8,2,4,5,9,15,3.8,4.0,46.0,63.0
Greuther Fürth,TuS Koblenz,0-1,https://www.besoccer.com/match/greuther-furth/tus-koblenz/200823152,2008,24,2_liga,18,34,2,0,1,3,40,11,7,5,41,28,5.0,6,4,2,26,15,9,30,7,9,7,28,31,4.6,3,3,5,13,17,4.6,3.4000000000000004,67.0,44.0
Hoffenheim,Erzgebirge Aue,1-0,https://www.besoccer.com/match/tsg-1899-hoffenheim/fc-erzgebirge-aue/200823153,2008,24,2_liga,18,34,0,1,0,4,40,11,7,5,37,29,9.0,6,2,3,17,14,15,22,6,4,13,30,39,2.4,1,0,11,8,30,7.6,0.0,44.0,53.0
VfL Osnabrück,FC Augsburg,0-2,https://www.besoccer.com/match/vfl-osnabruck/fc-augsburg/200823154,2008,24,2_liga,18,34,2,0,2,11,28,7,7,9,32,41,4.800000000000001,5,4,2,17,14,12,27,7,6,10,29,34,1.2000000000000002,2,2,8,11,21,2.2,3.0,41.0,44.0
1860 München,Mainz 05,1-1,https://www.besoccer.com/match/1860-munchen/mainz-amat/200823155,2008,24,2_liga,18,34,1,1,1,8,34,8,10,5,31,23,3.0,4,5,3,16,12,2,40,11,7,5,38,22,5.6000000000000005,4,4,4,12,12,2.4000000000000004,4.6000000000000005,66.0,65.0
B. Mönchengladbach,FC St. Pauli,1-0,https://www.besoccer.com/match/borussia-monchengla/st-pauli/200823156,2008,24,2_liga,18,34,0,1,0,1,44,12,8,3,45,26,6.0,6,4,1,19,10,13,27,6,9,8,28,33,2.2,1,5,5,12,18,4.6,2.0,65.0,40.0
SC Freiburg,Köln,1-0,https://www.besoccer.com/match/sc-freiburg/1-fc-koln/200823151,2008,24,2_liga,18,34,0,1,0,6,36,9,9,5,32,27,3.0,7,3,1,19,11,5,39,11,6,6,41,30,5.6000000000000005,4,3,4,20,17,4.2,4.0,67.0,66.0
FC St. Pauli,VfL Osnabrück,2-1,https://www.besoccer.com/match/st-pauli/vfl-osnabruck/200823148,2008,25,2_liga,18,34,0,2,1,14,27,6,9,9,28,34,1.4000000000000001,5,4,3,16,15,13,28,7,7,10,32,43,3.4000000000000004,2,3,7,15,27,3.6000000000000005,6.4,40.0,41.0
Kaiserslautern,Kickers Offenbach FC,1-1,https://www.besoccer.com/match/kaiserslautern/kickers-offenbach/200823149,2008,25,2_liga,18,34,1,1,1,15,24,5,9,10,24,27,5.0,2,4,5,11,12,12,29,7,8,9,28,40,5.4,1,2,8,8,26,1.2,1.2000000000000002,65.0,48.0
FC Augsburg,Paderborn,0-1,https://www.besoccer.com/match/fc-augsburg/paderborn/200823150,2008,25,2_liga,18,34,2,0,1,11,30,8,6,10,31,34,3.4,5,4,2,18,13,17,16,2,10,12,15,34,0.6,0,5,7,5,18,4.4,0.6000000000000001,45.0,46.0
Mainz 05,Hoffenheim,1-1,https://www.besoccer.com/match/mainz-amat/tsg-1899-hoffenheim/200823143,2008,25,2_liga,18,34,1,1,1,3,41,11,8,5,39,23,5.0,7,3,1,26,10,2,43,12,7,5,38,29,9.0,5,5,2,20,15,5.6000000000000005,7.4,65.0,44.0
Köln,SV Wehen Burghausen,2-1,https://www.besoccer.com/match/1-fc-koln/sv-wehen-wiesbaden/200823144,2008,25,2_liga,18,34,0,2,1,5,39,11,6,7,41,31,4.0,7,3,2,21,13,7,36,9,9,6,38,35,4.4,4,5,2,16,17,6.2,5.800000000000001,65.0,56.0
TuS Koblenz,1860 München,3-1,https://www.besoccer.com/match/tus-koblenz/1860-munchen/200823145,2008,25,2_liga,18,34,0,3,1,9,33,8,9,7,29,31,6.2,4,6,2,15,14,8,35,8,11,5,32,24,2.8,4,5,2,15,11,5.0,3.8,44.0,66.0
FC Carl Zeiss Jena,Greuther Fürth,1-0,https://www.besoccer.com/match/fc-carl-zeiss-jena/greuther-furth/200823146,2008,25,2_liga,18,34,0,1,0,18,16,3,7,14,33,49,1.2000000000000002,2,1,9,13,21,4,40,11,7,6,41,29,3.4000000000000004,5,3,3,15,13,1.6,5.6,43.0,66.0
Erzgebirge Aue,SC Freiburg,2-2,https://www.besoccer.com/match/fc-erzgebirge-aue/sc-freiburg/200823147,2008,25,2_liga,18,34,1,2,2,16,22,6,4,14,30,40,1.2000000000000002,5,4,2,22,9,6,39,10,9,5,33,27,5.0,2,6,4,13,16,4.800000000000001,1.6,52.0,67.0
Alemannia Aachen,B. Mönchengladbach,1-1,https://www.besoccer.com/match/alemannia-aachen/borussia-monchengla/200823142,2008,25,2_liga,18,34,1,1,1,10,32,8,8,8,34,36,3.8,5,4,3,24,21,1,47,13,8,3,46,26,7.6,6,4,2,26,16,2.1999999999999997,5.2,63.0,65.0
Hoffenheim,FC Augsburg,2-0,https://www.besoccer.com/match/tsg-1899-hoffenheim/fc-augsburg/200823139,2008,26,2_liga,18,34,0,2,0,2,44,12,8,5,39,30,7.0,7,2,3,18,14,11,30,8,6,11,31,35,2.6000000000000005,3,2,8,13,21,8.600000000000001,4.800000000000001,44.0,44.0
SC Freiburg,Alemannia Aachen,1-0,https://www.besoccer.com/match/sc-freiburg/alemannia-aachen/200823140,2008,26,2_liga,18,34,0,1,0,6,40,10,10,5,35,29,4.4,8,3,1,20,11,10,33,8,9,8,35,37,3.8000000000000003,3,4,5,10,15,6.0,5.8,67.0,63.0
Erzgebirge Aue,Mainz 05,3-3,https://www.besoccer.com/match/fc-erzgebirge-aue/mainz-amat/200823141,2008,26,2_liga,18,34,1,3,3,16,23,6,5,14,32,42,1.6,5,5,2,24,11,3,42,11,9,5,40,24,4.2,4,5,4,13,13,4.2,4.0,52.0,65.0
Paderborn,FC St. Pauli,4-1,https://www.besoccer.com/match/paderborn/st-pauli/200823134,2008,26,2_liga,18,34,0,4,1,17,19,3,10,12,16,34,3.4,2,5,5,10,16,13,30,7,9,9,30,35,3.8,1,5,6,12,19,2.2,1.2000000000000002,46.0,41.0
1860 München,FC Carl Zeiss Jena,1-2,https://www.besoccer.com/match/1860-munchen/fc-carl-zeiss-jena/200823135,2008,26,2_liga,18,34,2,1,2,9,35,8,11,6,33,27,2.0,4,6,3,17,13,18,19,4,7,14,34,49,3.8,1,6,5,20,28,2.4000000000000004,1.6,65.0,44.0
B. Mönchengladbach,TuS Koblenz,1-0,https://www.besoccer.com/match/borussia-monchengla/tus-koblenz/200823136,2008,26,2_liga,18,34,0,1,0,1,48,13,9,3,47,27,6.6000000000000005,7,4,1,20,10,8,36,9,9,7,32,32,7.200000000000001,4,3,5,14,17,6.0,5.0,65.0,44.0
Kickers Offenbach FC,Köln,1-3,https://www.besoccer.com/match/kickers-offenbach/1-fc-koln/200823137,2008,26,2_liga,18,34,2,1,3,12,30,7,9,9,29,41,4.800000000000001,6,6,1,20,14,4,42,12,6,7,43,32,5.4,4,3,5,20,18,7.4,2.5999999999999996,48.0,65.0
SV Wehen Burghausen,Greuther Fürth,1-1,https://www.besoccer.com/match/sv-wehen-wiesbaden/greuther-furth/200823138,2008,26,2_liga,18,34,1,1,1,7,36,9,9,7,39,37,2.4000000000000004,5,4,4,22,18,5,40,11,7,7,41,30,2.4,5,3,4,15,14,4.4,4.200000000000001,55.0,66.0
VfL Osnabrück,Kaiserslautern,2-0,https://www.besoccer.com/match/vfl-osnabruck/kaiserslautern/200823133,2008,26,2_liga,18,34,0,2,0,14,28,7,7,11,33,45,1.9999999999999998,5,4,3,17,16,15,25,5,10,10,25,28,4.4,3,5,5,13,15,1.2000000000000002,6.0,40.0,65.0
Kaiserslautern,Hoffenheim,0-2,https://www.besoccer.com/match/kaiserslautern/tsg-1899-hoffenheim/200823130,2008,27,2_liga,18,34,2,0,2,15,25,5,10,11,25,30,3.2,2,5,5,12,13,2,47,13,8,5,41,30,7.4,5,6,2,21,16,1.8,6.4,65.0,45.0
TuS Koblenz,Kickers Offenbach FC,1-1,https://www.besoccer.com/match/tus-koblenz/kickers-offenbach/200823131,2008,27,2_liga,18,34,1,1,1,8,36,9,9,8,32,33,4.800000000000001,5,6,2,18,15,13,30,7,9,10,30,44,3.2,1,3,8,9,27,6.6000000000000005,1.8,44.0,48.0
Greuther Fürth,1860 München,3-1,https://www.besoccer.com/match/greuther-furth/1860-munchen/200823132,2008,27,2_liga,18,34,0,3,1,6,41,11,8,7,42,31,2.4000000000000004,6,4,3,26,16,9,35,8,11,7,34,29,1.2000000000000002,4,5,3,16,14,2.6000000000000005,2.6000000000000005,66.0,65.0
FC St. Pauli,SC Freiburg,5-0,https://www.besoccer.com/match/st-pauli/sc-freiburg/200823125,2008,27,2_liga,18,34,0,5,0,14,30,7,9,10,31,39,2.8000000000000003,6,4,3,18,16,5,43,11,10,5,36,29,6.2,2,7,4,15,18,5.4,2.0,40.0,67.0
Alemannia Aachen,VfL Osnabrück,3-0,https://www.besoccer.com/match/alemannia-aachen/vfl-osnabruck/200823126,2008,27,2_liga,18,34,0,3,0,10,33,8,9,9,35,38,2.8,5,5,3,25,22,11,31,8,7,11,35,45,4.2,2,3,8,16,29,2.4000000000000004,4.800000000000001,63.0,41.0
Mainz 05,SV Wehen Burghausen,3-0,https://www.besoccer.com/match/mainz-amat/sv-wehen-wiesbaden/200823127,2008,27,2_liga,18,34,0,3,0,4,43,11,10,5,43,27,3.8,7,4,1,27,11,7,37,9,10,7,40,38,2.0,4,5,3,17,19,4.6000000000000005,4.0,65.0,56.0
FC Carl Zeiss Jena,Paderborn,3-0,https://www.besoccer.com/match/fc-carl-zeiss-jena/paderborn/200823128,2008,27,2_liga,18,34,0,3,0,18,22,5,7,14,36,50,5.800000000000001,3,1,9,14,21,17,22,4,10,12,20,35,5.6000000000000005,1,5,7,6,18,3.8,3.2,44.0,46.0
FC Augsburg,Erzgebirge Aue,1-1,https://www.besoccer.com/match/fc-augsburg/fc-erzgebirge-aue/200823129,2008,27,2_liga,18,34,1,1,1,12,30,8,6,12,31,37,1.7999999999999998,5,4,3,18,14,16,24,6,6,14,35,45,1.8,1,0,12,8,31,2.4000000000000004,0.0,44.0,52.0
Köln,B. Mönchengladbach,1-1,https://www.besoccer.com/match/1-fc-koln/borussia-monchengla/200823124,2008,27,2_liga,18,34,1,1,1,3,45,13,6,7,46,33,6.800000000000001,8,3,2,23,14,1,51,14,9,3,48,27,7.4,6,5,2,27,17,7.0,4.6000000000000005,66.0,65.0
Erzgebirge Aue,Kaiserslautern,0-0,https://www.besoccer.com/match/fc-erzgebirge-aue/kaiserslautern/200823119,2008,28,2_liga,18,34,1,0,0,16,25,6,7,14,36,46,2.4,5,6,2,27,14,15,25,5,10,12,25,32,2.0,3,5,6,13,17,3.6000000000000005,4.4,52.0,65.0
FC Augsburg,Mainz 05,2-1,https://www.besoccer.com/match/fc-augsburg/mainz-amat/200823120,2008,28,2_liga,18,34,0,2,1,13,31,8,7,12,32,38,2.2,5,5,3,19,15,4,46,12,10,5,46,27,5.4,4,6,4,16,16,2.0,3.8,44.0,65.0
SV Wehen Burghausen,FC St. Pauli,1-3,https://www.besoccer.com/match/sv-wehen-wiesbaden/st-pauli/200823121,2008,28,2_liga,18,34,2,1,3,7,37,9,10,8,40,41,1.0,5,5,4,23,19,11,33,8,9,10,36,39,5.0,1,5,7,13,23,4.0,0.6000000000000001,55.0,41.0
VfL Osnabrück,TuS Koblenz,2-0,https://www.besoccer.com/match/vfl-osnabruck/tus-koblenz/200823122,2008,28,2_liga,18,34,0,2,0,12,31,8,7,12,35,48,3.0000000000000004,6,4,3,19,16,8,37,9,10,8,33,34,4.0,4,3,6,14,18,3.4,3.6000000000000005,41.0,44.0
Paderborn,Köln,2-2,https://www.besoccer.com/match/paderborn/1-fc-koln/200823123,2008,28,2_liga,18,34,1,2,2,18,22,4,10,13,20,38,4.2,3,5,5,14,17,3,46,13,7,7,47,34,5.800000000000001,5,3,5,23,19,4.2,4.800000000000001,46.0,66.0
B. Mönchengladbach,Greuther Fürth,3-0,https://www.besoccer.com/match/borussia-monchengla/greuther-furth/200823115,2008,28,2_liga,18,34,0,3,0,1,52,14,10,3,49,28,5.800000000000001,8,4,1,21,10,5,44,12,8,7,45,32,4.4,5,4,4,16,15,7.4,3.8,65.0,66.0
Hoffenheim,Alemannia Aachen,1-2,https://www.besoccer.com/match/tsg-1899-hoffenheim/alemannia-aachen/200823116,2008,28,2_liga,18,34,2,1,2,2,50,14,8,5,43,30,7.800000000000001,8,2,3,20,14,9,36,9,9,9,38,38,4.800000000000001,3,4,6,10,16,9.0,4.0,45.0,63.0
SC Freiburg,FC Carl Zeiss Jena,2-0,https://www.besoccer.com/match/sc-freiburg/fc-carl-zeiss-jena/200823117,2008,28,2_liga,18,34,0,2,0,6,43,11,10,6,36,34,4.4,9,3,1,21,11,17,25,6,7,14,39,50,7.4,2,6,5,22,29,7.4,3.6,66.0,44.0
Kickers Offenbach FC,1860 München,2-0,https://www.besoccer.com/match/kickers-offenbach/1860-munchen/200823118,2008,28,2_liga,18,34,0,2,0,14,31,7,10,10,31,45,2.8000000000000003,6,6,2,21,17,10,35,8,11,8,35,32,0.6000000000000001,4,5,4,17,17,5.2,1.6,48.0,65.0
Mainz 05,Paderborn,6-1,https://www.besoccer.com/match/mainz-amat/paderborn/200823112,2008,29,2_liga,18,34,0,6,1,4,46,12,10,6,47,29,3.6000000000000005,8,4,1,30,11,18,23,4,11,13,22,40,4.0,1,5,8,6,21,6.0,2.4000000000000004,65.0,46.0
Kaiserslautern,FC Augsburg,2-0,https://www.besoccer.com/match/kaiserslautern/fc-augsburg/200823113,2008,29,2_liga,18,34,0,2,0,15,26,5,11,12,25,32,2.0,2,5,6,12,15,13,34,9,7,12,34,39,4.4,3,2,9,13,23,1.4,3.0000000000000004,65.0,45.0
Köln,VfL Osnabrück,2-0,https://www.besoccer.com/match/1-fc-koln/vfl-osnabruck/200823114,2008,29,2_liga,18,34,0,2,0,3,47,13,8,7,49,36,4.8,8,4,2,24,15,12,34,9,7,12,37,48,4.8,2,3,9,16,32,5.800000000000001,3.2,65.0,41.0
Alemannia Aachen,Erzgebirge Aue,1-0,https://www.besoccer.com/match/alemannia-aachen/fc-erzgebirge-aue/200823107,2008,29,2_liga,18,34,0,1,0,7,39,10,9,9,40,39,6.4,6,5,3,28,22,16,26,6,8,14,36,46,2.8,1,1,12,9,32,4.4,1.0,63.0,52.0
TuS Koblenz,SC Freiburg,3-2,https://www.besoccer.com/match/tus-koblenz/sc-freiburg/200823108,2008,29,2_liga,18,34,0,3,2,9,37,9,10,9,33,36,2.6000000000000005,5,7,2,19,16,5,46,12,10,6,38,34,5.8,2,7,5,15,23,5.800000000000001,1.4,44.0,66.0
FC Carl Zeiss Jena,B. Mönchengladbach,2-2,https://www.besoccer.com/match/fc-carl-zeiss-jena/borussia-monchengla/200823109,2008,29,2_liga,18,34,1,2,2,17,25,6,7,15,39,52,5.4,4,1,9,17,21,1,55,15,10,3,52,28,6.6,6,6,2,28,18,6.0,4.0,44.0,65.0
FC St. Pauli,Hoffenheim,3-1,https://www.besoccer.com/match/st-pauli/tsg-1899-hoffenheim/200823110,2008,29,2_liga,18,34,0,3,1,10,36,9,9,10,39,40,6.6000000000000005,7,4,3,23,16,2,50,14,8,6,44,32,5.2,6,6,2,23,16,6.6000000000000005,7.4,41.0,45.0
Greuther Fürth,Kickers Offenbach FC,2-1,https://www.besoccer.com/match/greuther-furth/kickers-offenbach/200823111,2008,29,2_liga,18,34,0,2,1,6,44,12,8,8,45,35,3.0000000000000004,7,4,3,29,17,14,34,8,10,10,33,45,4.8,1,4,8,10,28,4.2,2.2,66.0,48.0
1860 München,SV Wehen Burghausen,2-1,https://www.besoccer.com/match/1860-munchen/sv-wehen-wiesbaden/200823106,2008,29,2_liga,18,34,0,2,1,11,35,8,11,9,35,34,0.2,4,6,4,18,15,8,37,9,10,9,41,44,0.6,4,5,4,17,22,1.4,2.4000000000000004,65.0,55.0
Paderborn,TuS Koblenz,3-2,https://www.besoccer.com/match/paderborn/tus-koblenz/200823103,2008,30,2_liga,18,34,0,3,2,18,23,4,11,14,23,46,2.6000000000000005,3,6,5,16,19,8,40,10,10,9,36,38,4.2,4,3,7,14,20,3.8000000000000003,2.4,46.0,44.0
Erzgebirge Aue,Köln,3-3,https://www.besoccer.com/match/fc-erzgebirge-aue/1-fc-koln/200823104,2008,30,2_liga,18,34,1,3,3,16,26,6,8,15,36,47,2.0,5,7,2,27,14,2,50,14,8,7,51,36,6.2,5,4,5,25,21,3.0,4.4,52.0,66.0
Kaiserslautern,Alemannia Aachen,2-1,https://www.besoccer.com/match/kaiserslautern/alemannia-aachen/200823105,2008,30,2_liga,18,34,0,2,1,15,29,6,11,12,27,32,4.0,3,5,6,14,15,7,42,11,9,9,41,39,7.4,4,4,6,12,17,4.0,5.4,65.0,63.0
Hoffenheim,FC Carl Zeiss Jena,5-0,https://www.besoccer.com/match/tsg-1899-hoffenheim/fc-carl-zeiss-jena/200823098,2008,30,2_liga,18,34,0,5,0,3,50,14,8,7,45,35,3.2,8,2,4,21,16,17,26,6,8,15,41,54,4.6,2,6,6,22,31,6.0,2.6000000000000005,45.0,44.0
B. Mönchengladbach,1860 München,2-2,https://www.besoccer.com/match/borussia-monchengla/1860-munchen/200823099,2008,30,2_liga,18,34,1,2,2,1,56,15,11,3,54,30,5.4,9,4,1,24,10,10,38,9,11,9,37,35,3.0,4,5,5,17,19,8.4,0.6000000000000001,65.0,65.0
VfL Osnabrück,Mainz 05,1-2,https://www.besoccer.com/match/vfl-osnabruck/mainz-amat/200823100,2008,30,2_liga,18,34,2,1,2,12,34,9,7,13,37,50,3.6000000000000005,7,4,3,21,16,4,49,13,10,6,53,30,5.4,4,6,5,17,18,5.6000000000000005,2.4000000000000004,41.0,65.0
FC Augsburg,FC St. Pauli,1-0,https://www.besoccer.com/match/fc-augsburg/st-pauli/200823101,2008,30,2_liga,18,34,0,1,0,13,34,9,7,13,34,41,3.0000000000000004,6,5,3,21,16,9,39,10,9,10,42,41,7.800000000000001,2,5,7,16,24,4.0,3.2,44.0,42.0
SV Wehen Burghausen,Kickers Offenbach FC,2-1,https://www.besoccer.com/match/sv-wehen-wiesbaden/kickers-offenbach/200823102,2008,30,2_liga,18,34,0,2,1,11,37,9,10,10,42,46,0.4,5,5,5,24,22,14,34,8,10,11,34,47,3.2,1,4,9,11,30,2.6000000000000005,1.6,55.0,48.0
SC Freiburg,Greuther Fürth,3-2,https://www.besoccer.com/match/sc-freiburg/greuther-furth/200823097,2008,30,2_liga,18,34,0,3,2,6,46,12,10,7,40,37,3.8000000000000007,10,3,1,23,11,5,47,13,8,8,47,36,5.199999999999999,5,4,5,16,18,8.2,2.2,66.0,66.0
FC Carl Zeiss Jena,VfL Osnabrück,1-1,https://www.besoccer.com/match/fc-carl-zeiss-jena/vfl-osnabruck/200823092,2008,31,2_liga,18,34,1,1,1,17,26,6,8,16,41,59,2.6000000000000005,4,2,9,19,23,13,34,9,7,14,38,52,2.4,2,3,10,16,34,5.6,1.8000000000000003,44.0,41.0
Greuther Fürth,Paderborn,1-1,https://www.besoccer.com/match/greuther-furth/paderborn/200823093,2008,31,2_liga,18,34,1,1,1,6,47,13,8,9,49,39,3.8000000000000007,8,4,3,31,18,18,26,5,11,14,26,48,4.2,1,5,9,7,27,5.800000000000001,1.7999999999999998,66.0,46.0
FC St. Pauli,Erzgebirge Aue,4-2,https://www.besoccer.com/match/st-pauli/fc-erzgebirge-aue/200823094,2008,31,2_liga,18,34,0,4,2,11,39,10,9,11,42,42,5.4,8,4,3,26,17,16,27,6,9,15,39,50,2.2,1,1,13,9,33,7.800000000000001,0.8,41.0,52.0
Mainz 05,Kaiserslautern,2-1,https://www.besoccer.com/match/mainz-amat/kaiserslautern/200823095,2008,31,2_liga,18,34,0,2,1,3,52,14,10,6,55,31,6.800000000000001,9,4,1,36,12,15,32,7,11,12,29,33,6.0,3,6,6,13,17,7.4,3.8,65.0,65.0
1860 München,SC Freiburg,0-3,https://www.besoccer.com/match/1860-munchen/sc-freiburg/200823096,2008,31,2_liga,18,34,2,0,3,10,39,9,12,9,39,37,3.4000000000000004,5,6,4,20,16,5,49,13,10,7,43,39,5.4,2,7,6,17,26,4.0,1.0,65.0,66.0
Köln,Hoffenheim,3-1,https://www.besoccer.com/match/1-fc-koln/tsg-1899-hoffenheim/200823088,2008,31,2_liga,18,34,0,3,1,4,51,14,9,7,54,39,5.0,9,4,2,26,15,2,53,15,8,7,50,35,4.800000000000001,6,6,3,24,19,7.0,4.800000000000001,65.0,45.0
TuS Koblenz,SV Wehen Burghausen,2-0,https://www.besoccer.com/match/tus-koblenz/sv-wehen-wiesbaden/200823089,2008,31,2_liga,18,34,0,2,0,8,40,10,10,10,38,41,2.8000000000000003,6,7,2,22,18,9,40,10,10,10,44,47,3.2,4,5,5,18,24,7.0,1.0,44.0,55.0
Alemannia Aachen,FC Augsburg,3-0,https://www.besoccer.com/match/alemannia-aachen/fc-augsburg/200823090,2008,31,2_liga,18,34,0,3,0,7,42,11,9,10,42,41,5.4,7,5,3,29,22,12,37,10,7,13,35,41,5.199999999999999,3,2,10,13,25,6.0,1.7999999999999998,63.0,45.0
Kickers Offenbach FC,B. Mönchengladbach,1-7,https://www.besoccer.com/match/kickers-offenbach/borussia-monchengla/200823091,2008,31,2_liga,18,34,2,1,7,14,34,8,10,12,35,49,2.1999999999999997,7,6,2,23,17,1,57,15,12,3,56,32,4.6,6,7,2,30,20,6.2,3.8,48.0,65.0
Erzgebirge Aue,FC Carl Zeiss Jena,5-0,https://www.besoccer.com/match/fc-erzgebirge-aue/fc-carl-zeiss-jena/200823085,2008,32,2_liga,18,34,0,5,0,16,27,6,9,16,41,54,1.4000000000000001,5,8,2,30,17,17,27,6,9,16,42,60,2.2,2,6,7,22,36,2.8,1.7999999999999998,52.0,44.0
Kaiserslautern,FC St. Pauli,2-0,https://www.besoccer.com/match/kaiserslautern/st-pauli/200823084,2008,32,2_liga,18,34,0,2,0,15,32,7,11,13,30,35,4.6,4,5,6,16,16,9,42,11,9,11,46,44,6.6,2,5,8,16,25,6.0,2.4000000000000004,65.0,42.0
Paderborn,1860 München,3-1,https://www.besoccer.com/match/paderborn/1860-munchen/200823086,2008,32,2_liga,18,34,0,3,1,18,27,5,12,14,27,49,3.8000000000000003,4,6,5,19,21,11,39,9,12,10,39,40,2.5999999999999996,4,6,5,19,21,5.8,1.2,46.0,65.0
VfL Osnabrück,Greuther Fürth,0-0,https://www.besoccer.com/match/vfl-osnabruck/greuther-furth/200823087,2008,32,2_liga,18,34,1,0,0,13,35,9,8,14,39,53,2.2,7,4,4,22,18,6,48,13,9,9,50,40,3.4,5,4,6,18,21,4.2,1.2000000000000002,41.0,66.0
B. Mönchengladbach,SV Wehen Burghausen,3-0,https://www.besoccer.com/match/borussia-monchengla/sv-wehen-wiesbaden/200823079,2008,32,2_liga,18,34,0,3,0,1,60,16,12,3,63,33,5.8,9,5,1,26,12,10,40,10,10,11,44,49,2.4000000000000004,4,5,6,18,26,7.0,0.2,65.0,55.0
SC Freiburg,Kickers Offenbach FC,0-1,https://www.besoccer.com/match/sc-freiburg/kickers-offenbach/200823080,2008,32,2_liga,18,34,2,0,1,5,52,14,10,7,46,39,6.6000000000000005,11,3,1,26,13,14,34,8,10,13,36,56,1.4000000000000001,1,4,10,12,32,8.600000000000001,1.0,66.0,48.0
Hoffenheim,TuS Koblenz,3-1,https://www.besoccer.com/match/tsg-1899-hoffenheim/tus-koblenz/200823081,2008,32,2_liga,18,34,0,3,1,4,53,15,8,8,51,38,3.0000000000000004,9,2,4,26,16,8,43,11,10,10,40,41,5.0,4,3,8,16,23,6.6,1.2000000000000002,45.0,45.0
FC Augsburg,Köln,1-3,https://www.besoccer.com/match/fc-augsburg/1-fc-koln/200823082,2008,32,2_liga,18,34,2,1,3,12,37,10,7,14,35,44,3.8000000000000007,7,5,3,22,16,3,54,15,9,7,57,40,6.2,5,5,5,28,24,6.0,3.8,44.0,66.0
Mainz 05,Alemannia Aachen,0-1,https://www.besoccer.com/match/mainz-amat/alemannia-aachen/200823083,2008,32,2_liga,18,34,2,0,1,2,55,15,10,6,57,32,7.800000000000001,10,4,1,38,13,7,45,12,9,10,45,41,6.6,4,4,7,13,19,8.2,3.8000000000000007,66.0,63.0
Köln,Mainz 05,2-0,https://www.besoccer.com/match/1-fc-koln/mainz-amat/200823070,2008,33,2_liga,18,34,0,2,0,2,57,16,9,7,60,41,7.4,10,4,2,29,16,4,55,15,10,7,57,33,5.4,5,6,5,19,19,7.800000000000001,4.2,66.0,65.0
1860 München,VfL Osnabrück,1-1,https://www.besoccer.com/match/1860-munchen/vfl-osnabruck/200823071,2008,33,2_liga,18,34,1,1,1,11,39,9,12,11,40,43,1.8000000000000003,5,6,5,20,19,14,36,9,9,14,39,53,2.4000000000000004,2,4,10,17,35,3.0000000000000004,1.6,64.0,41.0
Kickers Offenbach FC,Hoffenheim,1-1,https://www.besoccer.com/match/kickers-offenbach/tsg-1899-hoffenheim/200823072,2008,33,2_liga,18,34,1,1,1,13,37,9,10,13,37,56,3.6,7,6,3,24,24,3,56,16,8,8,54,39,4.8,6,6,4,25,22,4.200000000000001,2.8,48.0,45.0
SV Wehen Burghausen,Paderborn,1-1,https://www.besoccer.com/match/sv-wehen-wiesbaden/paderborn/200823073,2008,33,2_liga,18,34,1,1,1,10,40,10,10,12,44,52,1.7999999999999998,6,5,5,26,23,17,30,6,12,14,30,50,5.8,1,6,9,8,28,4.2,2.2,55.0,46.0
TuS Koblenz,Erzgebirge Aue,2-2,https://www.besoccer.com/match/tus-koblenz/fc-erzgebirge-aue/200823074,2008,33,2_liga,18,34,1,2,2,8,43,11,10,11,41,44,3.6000000000000005,7,7,2,24,18,16,30,7,9,16,46,54,3.8,1,1,14,11,37,7.800000000000001,0.6,44.0,52.0
Greuther Fürth,FC Augsburg,3-2,https://www.besoccer.com/match/greuther-furth/fc-augsburg/200823075,2008,33,2_liga,18,34,0,3,2,6,49,13,10,9,50,40,3.0,8,5,3,32,19,12,37,10,7,15,36,47,2.4,3,2,11,13,28,5.4,1.2000000000000002,66.0,44.0
FC Carl Zeiss Jena,Kaiserslautern,2-2,https://www.besoccer.com/match/fc-carl-zeiss-jena/kaiserslautern/200823076,2008,33,2_liga,18,34,1,2,2,18,27,6,9,17,42,65,1.2000000000000002,4,3,9,20,24,15,35,8,11,13,32,35,6.2,3,6,7,14,19,5.0,2.2,44.0,65.0
B. Mönchengladbach,SC Freiburg,2-3,https://www.besoccer.com/match/borussia-monchengla/sc-freiburg/200823077,2008,33,2_liga,18,34,2,2,3,1,63,17,12,3,66,33,7.0,10,5,1,29,12,5,52,14,10,8,46,40,4.800000000000001,3,7,6,20,26,7.4,3.6,65.0,66.0
FC St. Pauli,Alemannia Aachen,0-2,https://www.besoccer.com/match/st-pauli/alemannia-aachen/200823078,2008,33,2_liga,18,34,2,0,2,9,42,11,9,12,46,46,4.200000000000001,9,4,3,30,19,7,48,13,9,10,46,41,7.200000000000001,5,4,7,14,19,8.600000000000001,5.4,42.0,63.0
Erzgebirge Aue,1860 München,1-1,https://www.besoccer.com/match/fc-erzgebirge-aue/1860-munchen/200823061,2008,34,2_liga,18,34,1,1,1,16,31,7,10,16,48,56,3.8000000000000003,6,8,2,35,17,11,40,9,13,11,41,44,2.0,4,6,6,20,24,5.0,0.8,52.0,64.0
Hoffenheim,Greuther Fürth,5-0,https://www.besoccer.com/match/tsg-1899-hoffenheim/greuther-furth/200823062,2008,34,2_liga,18,34,0,5,0,3,57,16,9,8,55,40,4.6000000000000005,10,2,4,29,17,6,52,14,10,9,53,42,5.0,5,5,6,18,21,7.200000000000001,1.4,45.0,66.0
Paderborn,B. Mönchengladbach,2-3,https://www.besoccer.com/match/paderborn/borussia-monchengla/200823063,2008,34,2_liga,18,34,2,2,3,17,31,6,13,14,31,51,5.200000000000001,5,6,5,22,22,1,63,17,12,4,68,36,4.800000000000001,7,7,2,37,21,7.200000000000001,5.4,46.0,65.0
Mainz 05,FC St. Pauli,5-1,https://www.besoccer.com/match/mainz-amat/st-pauli/200823064,2008,34,2_liga,18,34,0,5,1,4,55,15,10,8,57,35,3.6,10,4,2,38,14,9,42,11,9,13,46,48,2.4,2,5,9,16,27,5.6000000000000005,1.7999999999999998,65.0,42.0
SC Freiburg,SV Wehen Burghausen,0-2,https://www.besoccer.com/match/sc-freiburg/sv-wehen-wiesbaden/200823065,2008,34,2_liga,18,34,2,0,2,5,55,15,10,8,49,42,6.0,11,3,2,26,14,10,41,10,11,12,45,53,2.2,4,5,7,18,29,6.0,0.0,66.0,55.0
VfL Osnabrück,Kickers Offenbach FC,3-0,https://www.besoccer.com/match/vfl-osnabruck/kickers-offenbach/200823066,2008,34,2_liga,18,34,0,3,0,14,37,9,10,14,40,54,2.4,7,5,4,22,18,12,38,9,11,13,38,57,3.4000000000000004,2,4,10,13,32,4.0,3.6,41.0,48.0
FC Augsburg,FC Carl Zeiss Jena,1-1,https://www.besoccer.com/match/fc-augsburg/fc-carl-zeiss-jena/200823067,2008,34,2_liga,18,34,1,1,1,13,37,10,7,16,38,50,1.2000000000000002,7,5,4,23,19,18,28,6,10,17,44,67,1.8,2,6,8,22,41,4.6,1.2000000000000002,44.0,44.0
Alemannia Aachen,TuS Koblenz,1-3,https://www.besoccer.com/match/alemannia-aachen/tus-koblenz/200823068,2008,34,2_liga,18,34,2,1,3,7,51,14,9,10,48,41,7.800000000000001,8,5,3,32,22,8,44,11,11,11,43,46,3.4,4,3,9,17,26,7.6,0.6000000000000001,63.0,44.0
Kaiserslautern,Köln,3-0,https://www.besoccer.com/match/kaiserslautern/1-fc-koln/200823069,2008,34,2_liga,18,34,0,3,0,15,36,8,12,13,34,37,5.200000000000001,5,5,6,18,16,2,60,17,9,7,62,41,8.2,6,5,5,31,25,7.4,5.6000000000000005,65.0,66.0
