Home_Team,Away_Team,Result,Link,Season,Round,League,Number_Teams,Total_Rounds,Label,Goals_For_Home,Goals_For_Away,Position_Home,Points_Home,Total_Wins_Home,Total_Draw_Home,Total_Lose_Home,Total_Goals_For_Home_Team,Total_Goals_Against_Home_Team,Total_Streak_Home,Wins_When_Home,Draw_When_Home,Lose_When_Home,Goals_For_When_Home,Goals_Against_When_Home,Position_Away,Points_Away,Total_Wins_Away,Total_Draw_Away,Total_Lose_Away,Total_Goals_For_Away_Team,Total_Goals_Against_Away_Team,Total_Streak_Away,Wins_When_Away,Draw_When_Away,Lose_When_Away,Goals_For_When_Away,Goals_Against_When_Away,Streak_When_Home,Streak_When_Away,Elo_Home,Elo_Away
Schalke 04,Saarbrücken,3-1,https://www.besoccer.com/match/schalke-04/saarbrucken/19913769,1991,1,2_liga,20,38,0,3,1,0,0,0,0,0,0,0,0.0,0,0,0,0,0,0,0,0,0,0,0,0,0.0,0,0,0,0,0,0.0,0.0,62.0,58.0
MSV Duisburg,Braunschweig,3-3,https://www.besoccer.com/match/msv-duisburg/eintracht-brau-hellip/19913770,1991,1,2_liga,20,38,1,3,3,0,0,0,0,0,0,0,0.0,0,0,0,0,0,0,0,0,0,0,0,0,0.0,0,0,0,0,0,0.0,0.0,54.0,59.0
Hannover 96,SC Freiburg,0-2,https://www.besoccer.com/match/hannover-96/sc-freiburg/19913771,1991,1,2_liga,20,38,2,0,2,0,0,0,0,0,0,0,0.0,0,0,0,0,0,0,0,0,0,0,0,0,0.0,0,0,0,0,0,0.0,0.0,60.0,54.0
Schweinfurt,VfL Osnabrück,0-3,https://www.besoccer.com/match/schweinfurt/vfl-osnabruck/19913772,1991,1,2_liga,20,38,2,0,3,0,0,0,0,0,0,0,0.0,0,0,0,0,0,0,0,0,0,0,0,0,0.0,0,0,0,0,0,0.0,0.0,42.0,54.0
Waldhof Mannheim,Blau-Weiß 1890 Berlin,2-0,https://www.besoccer.com/match/waldhof-mannheim/blau-weiss-1890-berlin/19913773,1991,1,2_liga,20,38,0,2,0,0,0,0,0,0,0,0,0.0,0,0,0,0,0,0,0,0,0,0,0,0,0.0,0,0,0,0,0,0.0,0.0,66.0,55.0
FC 08 Homburg,RW Essen,2-1,https://www.besoccer.com/match/homburg/rot-weiss-essen/19913774,1991,1,2_liga,20,38,0,2,1,0,0,0,0,0,0,0,0.0,0,0,0,0,0,0,0,0,0,0,0,0,0.0,0,0,0,0,0,0.0,0.0,60.0,54.0
VfB Oldenburg,Mainz 05,1-2,https://www.besoccer.com/match/vfb-oldenburg/mainz-amat/19913775,1991,1,2_liga,20,38,2,1,2,0,0,0,0,0,0,0,0.0,0,0,0,0,0,0,0,0,0,0,0,0,0.0,0,0,0,0,0,0.0,0.0,44.0,42.0
Stuttgarter Kickers,Darmstadt 98,3-0,https://www.besoccer.com/match/stuttgarter-kickers/darmstadt-98/19913776,1991,1,2_liga,20,38,0,3,0,0,0,0,0,0,0,0,0.0,0,0,0,0,0,0,0,0,0,0,0,0,0.0,0,0,0,0,0,0.0,0.0,60.0,55.0
Preußen Münster,Fortuna Köln,2-0,https://www.besoccer.com/match/preuben-munster/fortuna-koln/19913777,1991,1,2_liga,20,38,0,2,0,0,0,0,0,0,0,0,0.0,0,0,0,0,0,0,0,0,0,0,0,0,0.0,0,0,0,0,0,0.0,0.0,57.0,56.0
Meppen,Havelse,2-0,https://www.besoccer.com/match/meppen/havelse/19913778,1991,1,2_liga,20,38,0,2,0,0,0,0,0,0,0,0,0.0,0,0,0,0,0,0,0,0,0,0,0,0,0.0,0,0,0,0,0,0.0,0.0,53.0,55.0
SC Freiburg,Meppen,2-1,https://www.besoccer.com/match/sc-freiburg/meppen/19913779,1991,2,2_liga,20,38,0,2,1,7,3,1,0,0,2,0,3.0,0,0,0,0,0,5,3,1,0,0,2,0,3.0,0,0,0,0,0,0.0,0.0,54.0,54.0
Darmstadt 98,FC 08 Homburg,0-0,https://www.besoccer.com/match/darmstadt-98/homburg/19913780,1991,2,2_liga,20,38,1,0,0,14,0,0,0,1,0,3,0.0,0,0,0,0,0,8,3,1,0,0,2,1,3.0,0,0,0,0,0,0.0,0.0,55.0,60.0
Saarbrücken,Stuttgarter Kickers,0-0,https://www.besoccer.com/match/saarbrucken/stuttgarter-kickers/19913781,1991,2,2_liga,20,38,1,0,0,18,0,0,0,1,1,3,0.0,0,0,0,0,0,3,3,1,0,0,3,0,3.0,0,0,0,0,0,0.0,0.0,58.0,61.0
VfL Osnabrück,MSV Duisburg,0-2,https://www.besoccer.com/match/vfl-osnabruck/msv-duisburg/19913782,1991,2,2_liga,20,38,2,0,2,6,3,1,0,0,3,0,3.0,0,0,0,0,0,10,1,0,1,0,3,3,1.0,0,0,0,0,0,0.0,0.0,54.0,54.0
Fortuna Köln,VfB Oldenburg,1-1,https://www.besoccer.com/match/fortuna-koln/vfb-oldenburg/19913783,1991,2,2_liga,20,38,1,1,1,12,0,0,0,1,0,2,0.0,0,0,0,0,0,17,0,0,0,1,1,2,0.0,0,0,0,0,0,0.0,0.0,55.0,43.0
Blau-Weiß 1890 Berlin,Schalke 04,1-1,https://www.besoccer.com/match/blau-weiss-1890-berlin/schalke-04/19913784,1991,2,2_liga,20,38,1,1,1,13,0,0,0,1,0,2,0.0,0,0,0,0,0,9,3,1,0,0,3,1,3.0,0,0,0,0,0,0.0,0.0,55.0,62.0
Braunschweig,Waldhof Mannheim,1-1,https://www.besoccer.com/match/eintracht-brau-hellip/waldhof-mannheim/19913785,1991,2,2_liga,20,38,1,1,1,11,1,0,1,0,3,3,1.0,0,0,0,0,0,2,3,1,0,0,2,0,3.0,0,0,0,0,0,0.0,0.0,60.0,66.0
Mainz 05,Hannover 96,2-1,https://www.besoccer.com/match/mainz-amat/hannover-96/19913786,1991,2,2_liga,20,38,0,2,1,4,3,1,0,0,2,1,3.0,0,0,0,0,0,15,0,0,0,1,0,2,0.0,0,0,0,0,0,0.0,0.0,42.0,60.0
Havelse,Schweinfurt,4-1,https://www.besoccer.com/match/havelse/schweinfurt/19913787,1991,2,2_liga,20,38,0,4,1,20,0,0,0,1,0,2,0.0,0,0,0,0,0,19,0,0,0,1,0,3,0.0,0,0,0,0,0,0.0,0.0,55.0,41.0
RW Essen,Preußen Münster,1-0,https://www.besoccer.com/match/rot-weiss-essen/preuben-munster/19913788,1991,2,2_liga,20,38,0,1,0,16,0,0,0,1,1,2,0.0,0,0,0,0,0,1,3,1,0,0,2,0,3.0,0,0,0,0,0,0.0,0.0,55.0,58.0
Stuttgarter Kickers,Blau-Weiß 1890 Berlin,4-0,https://www.besoccer.com/match/stuttgarter-kickers/blau-weiss-1890-berlin/19913789,1991,3,2_liga,20,38,0,4,0,4,4,1,1,0,3,0,3.4000000000000004,1,0,0,3,0,15,1,0,1,1,1,3,1.0,0,0,1,0,2,3.0,0.0,61.0,55.0
FC 08 Homburg,Saarbrücken,0-0,https://www.besoccer.com/match/homburg/saarbrucken/19913790,1991,3,2_liga,20,38,1,0,0,6,4,1,1,0,2,1,3.4000000000000004,1,0,0,2,1,18,1,0,1,1,1,3,1.0,0,0,1,1,3,3.0,0.0,60.0,58.0
SC Freiburg,Mainz 05,2-1,https://www.besoccer.com/match/sc-freiburg/mainz-amat/19913791,1991,3,2_liga,20,38,0,2,1,2,6,2,0,0,4,1,5.4,1,0,0,2,1,1,6,2,0,0,4,2,5.4,1,0,0,2,1,3.0,3.0,54.0,42.0
Schalke 04,Braunschweig,2-1,https://www.besoccer.com/match/schalke-04/eintracht-brau-hellip/19913792,1991,3,2_liga,20,38,0,2,1,7,4,1,1,0,4,2,3.4000000000000004,1,0,0,3,1,13,2,0,2,0,4,4,1.8,0,1,0,3,3,3.0,1.0,62.0,60.0
VfB Oldenburg,RW Essen,2-0,https://www.besoccer.com/match/vfb-oldenburg/rot-weiss-essen/19913793,1991,3,2_liga,20,38,0,2,0,17,1,0,1,1,2,3,1.0,0,0,1,1,2,9,3,1,0,1,2,2,3.0,0,0,1,1,2,0.0,0.0,43.0,55.0
Waldhof Mannheim,VfL Osnabrück,1-0,https://www.besoccer.com/match/waldhof-mannheim/vfl-osnabruck/19913794,1991,3,2_liga,20,38,0,1,0,5,4,1,1,0,3,1,3.4000000000000004,1,0,0,2,0,11,3,1,0,1,3,2,2.4000000000000004,1,0,0,3,0,3.0,3.0,66.0,54.0
Meppen,Schweinfurt,2-1,https://www.besoccer.com/match/meppen/schweinfurt/19913795,1991,3,2_liga,20,38,0,2,1,12,3,1,0,1,3,2,2.4000000000000004,1,0,0,2,0,20,0,0,0,2,1,7,0.0,0,0,1,1,4,3.0,0.0,54.0,41.0
MSV Duisburg,Havelse,3-0,https://www.besoccer.com/match/msv-duisburg/havelse/19913796,1991,3,2_liga,20,38,0,3,0,3,4,1,1,0,5,3,3.8,0,1,0,3,3,10,3,1,0,1,4,3,3.0,0,0,1,0,2,1.0,0.0,54.0,55.0
Preußen Münster,Darmstadt 98,1-0,https://www.besoccer.com/match/preuben-munster/darmstadt-98/19913797,1991,3,2_liga,20,38,0,1,0,8,3,1,0,1,2,1,2.4000000000000004,1,0,0,2,0,16,1,0,1,1,0,3,1.0,0,0,1,0,3,3.0,0.0,58.0,55.0
Hannover 96,Fortuna Köln,3-3,https://www.besoccer.com/match/hannover-96/fortuna-koln/19913798,1991,3,2_liga,20,38,1,3,3,19,0,0,0,2,1,4,0.0,0,0,1,0,2,14,1,0,1,1,1,3,1.0,0,0,1,0,2,0.0,0.0,60.0,55.0
Blau-Weiß 1890 Berlin,FC 08 Homburg,4-1,https://www.besoccer.com/match/blau-weiss-1890-berlin/homburg/19913799,1991,4,2_liga,20,38,0,4,1,17,1,0,1,2,1,7,0.8,0,1,0,1,1,9,5,1,2,0,2,1,3.5999999999999996,0,1,0,0,0,1.0,1.0,55.0,60.0
Braunschweig,Stuttgarter Kickers,2-1,https://www.besoccer.com/match/eintracht-brau-hellip/stuttgarter-kickers/19913800,1991,4,2_liga,20,38,0,2,1,14,2,0,2,1,5,6,1.4,0,1,0,1,1,3,7,2,1,0,7,0,5.6,0,1,0,0,0,1.0,1.0,59.0,61.0
Fortuna Köln,SC Freiburg,0-1,https://www.besoccer.com/match/fortuna-koln/sc-freiburg/19913801,1991,4,2_liga,20,38,2,0,1,15,2,0,2,1,4,6,1.8,0,1,0,1,1,1,9,3,0,0,6,2,7.2,1,0,0,2,0,1.0,3.0,55.0,54.0
RW Essen,Hannover 96,4-2,https://www.besoccer.com/match/rot-weiss-essen/hannover-96/19913802,1991,4,2_liga,20,38,0,4,2,13,3,1,0,2,2,4,2.4000000000000004,1,0,0,1,0,19,1,0,1,2,4,7,1.0,0,0,1,1,2,3.0,0.0,54.0,60.0
Schweinfurt,MSV Duisburg,0-6,https://www.besoccer.com/match/schweinfurt/msv-duisburg/19913803,1991,4,2_liga,20,38,2,0,6,20,0,0,0,3,2,9,0.0,0,0,1,0,3,2,7,2,1,0,8,3,6.0,1,0,0,2,0,0.0,3.0,41.0,55.0
Mainz 05,Meppen,2-1,https://www.besoccer.com/match/mainz-amat/meppen/19913804,1991,4,2_liga,20,38,0,2,1,6,6,2,0,1,5,4,4.2,1,0,0,2,1,8,6,2,0,1,5,3,4.8,0,0,1,1,2,3.0,0.0,42.0,54.0
Darmstadt 98,VfB Oldenburg,0-0,https://www.besoccer.com/match/darmstadt-98/vfb-oldenburg/19913805,1991,4,2_liga,20,38,1,0,0,18,1,0,1,2,0,4,0.8,0,1,0,0,0,10,4,1,1,1,4,3,3.8,0,1,0,1,1,1.0,1.0,54.0,44.0
Saarbrücken,Preußen Münster,4-1,https://www.besoccer.com/match/saarbrucken/preuben-munster/19913806,1991,4,2_liga,20,38,0,4,1,16,2,0,2,1,1,3,1.8,0,1,0,0,0,7,6,2,0,1,3,1,4.8,0,0,1,0,1,1.0,0.0,58.0,58.0
VfL Osnabrück,Schalke 04,0-3,https://www.besoccer.com/match/vfl-osnabruck/schalke-04/19913807,1991,4,2_liga,20,38,2,0,3,11,3,1,0,2,3,3,1.7999999999999998,0,0,1,0,2,5,7,2,1,0,6,3,5.6,0,1,0,1,1,0.0,1.0,54.0,62.0
Havelse,Waldhof Mannheim,1-1,https://www.besoccer.com/match/havelse/waldhof-mannheim/19913808,1991,4,2_liga,20,38,1,1,1,12,3,1,0,2,4,6,2.4000000000000004,1,0,0,4,1,4,7,2,1,0,4,1,5.6,0,1,0,1,1,3.0,1.0,55.0,66.0
FC 08 Homburg,Braunschweig,1-0,https://www.besoccer.com/match/homburg/eintracht-brau-hellip/19913809,1991,5,2_liga,20,38,0,1,0,11,5,1,2,1,3,5,2.6000000000000005,1,1,0,2,1,13,5,1,2,1,7,7,4.0,0,1,1,4,5,3.4000000000000004,0.8,60.0,60.0
SC Freiburg,RW Essen,4-0,https://www.besoccer.com/match/sc-freiburg/rot-weiss-essen/19913810,1991,5,2_liga,20,38,0,4,0,1,12,4,0,0,7,2,8.4,2,0,0,4,2,9,6,2,0,2,6,6,4.8,0,0,2,1,4,5.4,0.0,54.0,55.0
Mainz 05,Fortuna Köln,1-3,https://www.besoccer.com/match/mainz-amat/fortuna-koln/19913811,1991,5,2_liga,20,38,2,1,3,4,9,3,0,1,7,5,6.0,2,0,0,4,2,17,2,0,2,2,4,7,1.4,0,1,1,3,5,5.4,1.0,43.0,55.0
Waldhof Mannheim,Schweinfurt,3-0,https://www.besoccer.com/match/waldhof-mannheim/schweinfurt/19913812,1991,5,2_liga,20,38,0,3,0,5,8,2,2,0,5,2,5.200000000000001,2,0,0,3,0,20,0,0,0,4,2,15,0.0,0,0,2,2,6,5.4,0.0,66.0,41.0
Stuttgarter Kickers,VfL Osnabrück,3-1,https://www.besoccer.com/match/stuttgarter-kickers/vfl-osnabruck/19913813,1991,5,2_liga,20,38,0,3,1,6,7,2,1,1,8,2,4.200000000000001,2,0,0,7,0,16,3,1,0,3,3,6,1.2000000000000002,1,0,1,3,1,5.4,2.4000000000000004,61.0,54.0
Meppen,MSV Duisburg,0-1,https://www.besoccer.com/match/meppen/msv-duisburg/19913814,1991,5,2_liga,20,38,2,0,1,8,6,2,0,2,6,5,3.6000000000000005,2,0,0,4,1,3,10,3,1,0,14,3,7.6,2,0,0,8,0,5.4,5.4,54.0,55.0
Preußen Münster,Blau-Weiß 1890 Berlin,0-2,https://www.besoccer.com/match/preuben-munster/blau-weiss-1890-berlin/19913815,1991,5,2_liga,20,38,2,0,2,7,6,2,0,2,4,5,3.6000000000000005,2,0,0,3,0,15,4,1,1,2,5,8,3.6,0,0,2,0,6,5.4,0.0,58.0,55.0
VfB Oldenburg,Saarbrücken,0-1,https://www.besoccer.com/match/vfb-oldenburg/saarbrucken/19913816,1991,5,2_liga,20,38,2,0,1,12,5,1,2,1,4,3,4.0,1,0,1,3,2,10,5,1,2,1,5,4,4.4,0,1,1,1,3,3.0,1.0,44.0,58.0
Hannover 96,Darmstadt 98,2-2,https://www.besoccer.com/match/hannover-96/darmstadt-98/19913817,1991,5,2_liga,20,38,1,2,2,19,1,0,1,3,6,11,0.8,0,1,1,3,5,18,2,0,2,2,0,4,1.6,0,0,2,0,4,1.0,0.0,59.0,54.0
Schalke 04,Havelse,3-0,https://www.besoccer.com/match/schalke-04/havelse/19913818,1991,5,2_liga,20,38,0,3,0,2,10,3,1,0,9,3,7.200000000000001,2,0,0,5,2,14,4,1,1,2,5,7,2.8,0,0,2,0,5,5.4,0.0,63.0,55.0
Schweinfurt,Schalke 04,0-1,https://www.besoccer.com/match/schweinfurt/schalke-04/19913819,1991,6,2_liga,20,38,2,0,1,20,0,0,0,5,2,18,0.0,0,0,2,0,9,3,13,4,1,0,12,3,8.2,1,1,0,4,1,0.0,3.8,41.0,63.0
Darmstadt 98,SC Freiburg,2-1,https://www.besoccer.com/match/darmstadt-98/sc-freiburg/19913820,1991,6,2_liga,20,38,0,2,1,18,3,0,3,2,2,6,2.2,0,2,0,0,0,1,15,5,0,0,11,2,9.0,2,0,0,3,0,1.8,5.4,54.0,55.0
Saarbrücken,Hannover 96,1-0,https://www.besoccer.com/match/saarbrucken/hannover-96/19913821,1991,6,2_liga,20,38,0,1,0,7,8,2,2,1,6,4,6.4,1,1,0,4,1,19,2,0,2,3,8,13,1.6,0,0,2,3,6,3.8,0.0,58.0,59.0
Braunschweig,Preußen Münster,5-0,https://www.besoccer.com/match/eintracht-brau-hellip/preuben-munster/19913822,1991,6,2_liga,20,38,0,5,0,14,5,1,2,2,7,8,3.0000000000000004,1,1,0,3,2,12,6,2,0,3,4,7,2.4,0,0,2,1,5,3.8,0.0,59.0,57.0
RW Essen,Mainz 05,2-0,https://www.besoccer.com/match/rot-weiss-essen/mainz-amat/19913823,1991,6,2_liga,20,38,0,2,0,10,6,2,0,3,6,10,3.6000000000000005,2,0,0,5,2,6,9,3,0,2,8,8,4.200000000000001,1,0,1,3,3,5.4,2.4000000000000004,54.0,42.0
MSV Duisburg,Waldhof Mannheim,1-1,https://www.besoccer.com/match/msv-duisburg/waldhof-mannheim/19913824,1991,6,2_liga,20,38,1,1,1,2,13,4,1,0,15,3,8.600000000000001,1,1,0,6,3,4,11,3,2,0,8,2,6.6,0,2,0,2,2,3.8,1.8,55.0,66.0
Fortuna Köln,Meppen,1-1,https://www.besoccer.com/match/fortuna-koln/meppen/19913825,1991,6,2_liga,20,38,1,1,1,15,5,1,2,2,7,8,4.0,0,1,1,1,2,11,6,2,0,3,6,6,2.4,0,0,2,2,4,0.8,0.0,55.0,54.0
Havelse,Stuttgarter Kickers,2-1,https://www.besoccer.com/match/havelse/stuttgarter-kickers/19913826,1991,6,2_liga,20,38,0,2,1,16,4,1,1,3,5,10,2.0,1,1,0,5,2,5,10,3,1,1,11,3,5.8,0,1,1,1,2,3.4000000000000004,0.8,55.0,61.0
VfL Osnabrück,FC 08 Homburg,1-0,https://www.besoccer.com/match/vfl-osnabruck/homburg/19913827,1991,6,2_liga,20,38,0,1,0,17,3,1,0,4,4,9,0.6000000000000001,0,0,2,0,5,8,8,2,2,1,4,5,4.6,0,1,1,1,4,0.0,0.8,54.0,60.0
Blau-Weiß 1890 Berlin,VfB Oldenburg,1-1,https://www.besoccer.com/match/blau-weiss-1890-berlin/vfb-oldenburg/19913828,1991,6,2_liga,20,38,1,1,1,9,7,2,1,2,7,8,5.800000000000001,1,1,0,5,2,13,5,1,2,2,4,4,3.0,0,2,0,1,1,3.8,1.8,55.0,44.0
Meppen,Waldhof Mannheim,0-0,https://www.besoccer.com/match/meppen/waldhof-mannheim/19913829,1991,7,2_liga,20,38,1,0,0,13,7,2,1,3,7,7,2.2,2,0,1,4,2,4,12,3,3,0,9,3,5.4,0,3,0,3,3,4.2,2.4,54.0,66.0
Preußen Münster,VfL Osnabrück,2-2,https://www.besoccer.com/match/preuben-munster/vfl-osnabruck/19913830,1991,7,2_liga,20,38,1,2,2,16,6,2,0,4,4,12,1.2000000000000002,2,0,1,3,2,17,6,2,0,4,5,9,3.0,1,0,2,4,4,4.2,1.7999999999999998,57.0,54.0
Stuttgarter Kickers,Schweinfurt,1-0,https://www.besoccer.com/match/stuttgarter-kickers/schweinfurt/19913831,1991,7,2_liga,20,38,0,1,0,6,10,3,1,2,12,5,3.8000000000000007,3,0,0,10,1,20,0,0,0,6,2,19,0.0,0,0,3,2,9,7.2,0.0,61.0,41.0
Schalke 04,MSV Duisburg,1-0,https://www.besoccer.com/match/schalke-04/msv-duisburg/19913832,1991,7,2_liga,20,38,0,1,0,1,16,5,1,0,13,3,8.600000000000001,3,0,0,8,2,3,14,4,2,0,16,4,7.0,3,0,0,9,0,7.2,7.2,63.0,55.0
SC Freiburg,Saarbrücken,0-0,https://www.besoccer.com/match/sc-freiburg/saarbrucken/19913833,1991,7,2_liga,20,38,1,0,0,2,15,5,0,1,12,4,6.0,3,0,0,8,2,5,11,3,2,1,7,4,7.800000000000001,1,1,1,2,3,7.2,3.8,54.0,59.0
Fortuna Köln,RW Essen,2-1,https://www.besoccer.com/match/fortuna-koln/rot-weiss-essen/19913834,1991,7,2_liga,20,38,0,2,1,15,6,1,3,2,8,9,4.0,0,2,1,2,3,8,9,3,0,3,8,10,5.4,0,0,3,1,8,1.6,0.0,55.0,55.0
FC 08 Homburg,Havelse,2-1,https://www.besoccer.com/match/homburg/havelse/19913835,1991,7,2_liga,20,38,0,2,1,10,8,2,2,2,4,6,3.0000000000000004,2,1,0,3,1,12,7,2,1,3,7,11,4.2,0,0,3,0,8,5.6,0.0,60.0,55.0
Mainz 05,Darmstadt 98,1-1,https://www.besoccer.com/match/mainz-amat/darmstadt-98/19913836,1991,7,2_liga,20,38,1,1,1,7,9,3,0,3,8,10,2.4,2,0,1,5,5,18,6,1,3,2,4,7,4.6,0,1,2,2,6,4.2,1.0,42.0,55.0
Hannover 96,Blau-Weiß 1890 Berlin,3-1,https://www.besoccer.com/match/hannover-96/blau-weiss-1890-berlin/19913837,1991,7,2_liga,20,38,0,3,1,19,2,0,2,4,8,14,1.2000000000000002,0,2,1,5,7,11,8,2,2,2,8,9,5.4,1,0,2,2,6,1.8,3.0,59.0,55.0
VfB Oldenburg,Braunschweig,2-3,https://www.besoccer.com/match/vfb-oldenburg/eintracht-brau-hellip/19913838,1991,7,2_liga,20,38,2,2,3,14,6,1,3,2,5,5,3.0,1,0,2,3,3,9,8,2,2,2,12,8,5.0,0,1,2,4,6,2.4000000000000004,0.6,44.0,60.0
Schweinfurt,FC 08 Homburg,0-1,https://www.besoccer.com/match/schweinfurt/homburg/19913839,1991,8,2_liga,20,38,2,0,1,20,0,0,0,7,2,20,0.0,0,0,3,0,10,8,11,3,2,2,6,7,5.0,0,1,2,1,5,0.0,0.6,41.0,60.0
MSV Duisburg,Stuttgarter Kickers,2-0,https://www.besoccer.com/match/msv-duisburg/stuttgarter-kickers/19913840,1991,8,2_liga,20,38,0,2,0,3,14,4,2,1,16,5,4.4,1,2,0,7,4,5,13,4,1,2,13,5,5.4,0,1,2,2,4,4.0,0.6,55.0,61.0
RW Essen,Meppen,3-2,https://www.besoccer.com/match/rot-weiss-essen/meppen/19913841,1991,8,2_liga,20,38,0,3,2,10,9,3,0,4,9,12,3.6000000000000005,3,0,0,7,2,12,8,2,2,3,7,7,2.4000000000000004,0,1,2,3,5,7.2,1.0,54.0,54.0
Darmstadt 98,Fortuna Köln,1-2,https://www.besoccer.com/match/darmstadt-98/fortuna-koln/19913842,1991,8,2_liga,20,38,2,1,2,17,7,1,4,2,5,8,4.4,1,2,0,2,1,11,9,2,3,2,10,10,5.8,1,1,1,6,6,4.4,3.8,55.0,55.0
Braunschweig,Hannover 96,0-1,https://www.besoccer.com/match/eintracht-brau-hellip/hannover-96/19913843,1991,8,2_liga,20,38,2,0,1,7,11,3,2,2,15,10,6.6000000000000005,2,1,0,8,2,19,5,1,2,4,11,15,3.8,0,0,3,3,7,6.0,0.0,60.0,59.0
Saarbrücken,Mainz 05,0-0,https://www.besoccer.com/match/saarbrucken/mainz-amat/19913844,1991,8,2_liga,20,38,1,0,0,6,12,3,3,1,7,4,6.6000000000000005,2,1,0,5,1,9,10,3,1,3,9,11,2.2,1,0,2,3,5,6.0,1.7999999999999998,58.0,42.0
Blau-Weiß 1890 Berlin,SC Freiburg,2-1,https://www.besoccer.com/match/blau-weiss-1890-berlin/sc-freiburg/19913845,1991,8,2_liga,20,38,0,2,1,13,8,2,2,3,9,12,3.8,1,2,0,6,3,2,16,5,1,1,12,4,4.6,2,0,1,4,2,4.0,4.2,55.0,54.0
VfL Osnabrück,VfB Oldenburg,3-3,https://www.besoccer.com/match/vfl-osnabruck/vfb-oldenburg/19913846,1991,8,2_liga,20,38,1,3,3,16,7,2,1,4,7,11,3.4000000000000004,1,0,2,1,5,18,6,1,3,3,7,8,1.8,0,3,0,2,2,3.0,2.4,54.0,44.0
Havelse,Preußen Münster,4-1,https://www.besoccer.com/match/havelse/preuben-munster/19913847,1991,8,2_liga,20,38,0,4,1,14,7,2,1,4,8,13,2.8000000000000003,2,1,0,7,3,15,7,2,1,4,6,14,1.6,0,0,3,1,10,5.6,0.0,55.0,57.0
Waldhof Mannheim,Schalke 04,1-3,https://www.besoccer.com/match/waldhof-mannheim/schalke-04/19913848,1991,8,2_liga,20,38,2,1,3,4,13,3,4,0,9,3,4.6,3,0,0,6,0,1,19,6,1,0,14,3,9.0,2,1,0,5,1,7.2,6.0,66.0,63.0
FC 08 Homburg,MSV Duisburg,2-1,https://www.besoccer.com/match/homburg/msv-duisburg/19913849,1991,9,2_liga,20,38,0,2,1,4,14,4,2,2,7,7,6.6000000000000005,3,1,0,5,2,2,17,5,2,1,18,5,5.4,3,0,1,9,1,7.200000000000001,5.4,60.0,55.0
Fortuna Köln,Saarbrücken,3-4,https://www.besoccer.com/match/fortuna-koln/saarbrucken/19913850,1991,9,2_liga,20,38,2,3,4,9,12,3,3,2,12,11,7.200000000000001,1,2,1,4,4,7,13,3,4,1,7,4,5.4,1,2,1,2,3,4.2,4.0,56.0,58.0
RW Essen,Darmstadt 98,3-0,https://www.besoccer.com/match/rot-weiss-essen/darmstadt-98/19913851,1991,9,2_liga,20,38,0,3,0,8,12,4,0,4,12,14,5.4,4,0,0,10,4,18,7,1,4,3,6,10,3.2,0,2,2,3,7,8.4,1.8,55.0,54.0
Mainz 05,Blau-Weiß 1890 Berlin,2-2,https://www.besoccer.com/match/mainz-amat/blau-weiss-1890-berlin/19913852,1991,9,2_liga,20,38,1,2,2,10,11,3,2,3,9,11,2.4000000000000004,2,1,1,6,6,12,11,3,2,3,11,13,5.4,1,0,3,3,9,4.0,2.4000000000000004,42.0,55.0
SC Freiburg,Braunschweig,3-2,https://www.besoccer.com/match/sc-freiburg/eintracht-brau-hellip/19913853,1991,9,2_liga,20,38,0,3,2,3,16,5,1,2,13,6,2.6000000000000005,3,1,0,8,2,11,11,3,2,3,15,11,4.800000000000001,1,1,2,7,8,6.4,3.4,54.0,60.0
Hannover 96,VfL Osnabrück,0-1,https://www.besoccer.com/match/hannover-96/vfl-osnabruck/19913854,1991,9,2_liga,20,38,2,0,1,16,8,2,2,4,12,15,5.800000000000001,1,2,1,8,8,15,8,2,2,4,10,14,3.5999999999999996,1,1,2,6,6,4.4,2.2,59.0,54.0
VfB Oldenburg,Havelse,2-2,https://www.besoccer.com/match/vfb-oldenburg/havelse/19913855,1991,9,2_liga,20,38,1,2,2,19,7,1,4,3,10,11,1.8,1,0,3,5,6,13,10,3,1,4,12,14,5.0,0,0,4,1,10,1.7999999999999998,0.0,44.0,55.0
Preußen Münster,Schweinfurt,5-0,https://www.besoccer.com/match/preuben-munster/schweinfurt/19913856,1991,9,2_liga,20,38,0,5,0,17,7,2,1,5,7,18,0.8,2,1,1,5,4,20,0,0,0,8,2,21,0.0,0,0,4,2,10,4.0,0.0,57.0,41.0
Meppen,Schalke 04,2-0,https://www.besoccer.com/match/meppen/schalke-04/19913857,1991,9,2_liga,20,38,0,2,0,14,8,2,2,4,9,10,1.4,2,1,1,4,2,1,22,7,1,0,17,4,9.0,3,1,0,8,2,4.0,7.6,54.0,63.0
Stuttgarter Kickers,Waldhof Mannheim,3-0,https://www.besoccer.com/match/stuttgarter-kickers/waldhof-mannheim/19913858,1991,9,2_liga,20,38,0,3,0,6,13,4,1,3,13,7,3.6000000000000005,4,0,0,11,1,5,13,3,4,1,10,6,2.8,0,4,0,3,3,8.4,2.8,61.0,66.0
MSV Duisburg,Preußen Münster,5-0,https://www.besoccer.com/match/msv-duisburg/preuben-munster/19913859,1991,10,2_liga,20,38,0,5,0,4,17,5,2,2,19,7,3.4000000000000004,2,2,0,9,4,16,10,3,1,5,12,18,3.6,0,0,4,2,14,6.0,0.0,55.0,57.0
VfL Osnabrück,SC Freiburg,1-4,https://www.besoccer.com/match/vfl-osnabruck/sc-freiburg/19913860,1991,10,2_liga,20,38,2,1,4,13,11,3,2,4,11,14,5.6000000000000005,1,1,2,4,8,2,19,6,1,2,16,8,4.2,2,0,2,5,4,3.4000000000000004,3.0,54.0,54.0
Havelse,Hannover 96,1-2,https://www.besoccer.com/match/havelse/hannover-96/19913861,1991,10,2_liga,20,38,2,1,2,15,11,3,2,4,14,16,4.6000000000000005,3,1,0,11,4,17,8,2,2,5,12,16,4.4,1,0,3,4,7,7.200000000000001,3.0,55.0,59.0
Darmstadt 98,Meppen,1-0,https://www.besoccer.com/match/darmstadt-98/meppen/19913862,1991,10,2_liga,20,38,0,1,0,19,7,1,4,4,6,13,2.0,1,2,1,3,3,12,11,3,2,4,11,10,4.0,0,1,3,5,8,3.4000000000000004,0.8,54.0,54.0
Schalke 04,Stuttgarter Kickers,2-1,https://www.besoccer.com/match/schalke-04/stuttgarter-kickers/19913863,1991,10,2_liga,20,38,0,2,1,1,22,7,1,1,17,6,6.0,4,0,0,9,2,5,16,5,1,3,16,7,5.4,0,1,3,2,6,8.4,0.4,63.0,61.0
Braunschweig,Mainz 05,5-1,https://www.besoccer.com/match/eintracht-brau-hellip/mainz-amat/19913864,1991,10,2_liga,20,38,0,5,1,14,11,3,2,4,17,14,3.0,2,1,1,8,3,10,12,3,3,3,11,13,2.4,1,1,2,3,5,4.6,2.2,59.0,42.0
Saarbrücken,RW Essen,2-0,https://www.besoccer.com/match/saarbrucken/rot-weiss-essen/19913865,1991,10,2_liga,20,38,0,2,0,6,16,4,4,1,11,7,6.2,2,2,0,5,1,7,15,5,0,4,15,14,6.6000000000000005,0,0,4,2,10,5.6,0.0,59.0,55.0
Waldhof Mannheim,FC 08 Homburg,1-1,https://www.besoccer.com/match/waldhof-mannheim/homburg/19913866,1991,10,2_liga,20,38,1,1,1,8,13,3,4,2,10,9,1.6,3,0,1,7,3,3,17,5,2,2,9,8,7.800000000000001,1,1,2,2,5,5.4,3.4,66.0,60.0
Schweinfurt,VfB Oldenburg,2-3,https://www.besoccer.com/match/schweinfurt/vfb-oldenburg/19913867,1991,10,2_liga,20,38,2,2,3,20,0,0,0,9,2,26,0.0,0,0,4,0,11,18,8,1,5,3,12,13,2.2,0,4,0,5,5,0.0,2.8,40.0,44.0
Blau-Weiß 1890 Berlin,Fortuna Köln,0-0,https://www.besoccer.com/match/blau-weiss-1890-berlin/fortuna-koln/19913868,1991,10,2_liga,20,38,1,0,0,11,12,3,3,3,13,15,4.4,2,2,0,8,4,9,12,3,3,3,15,15,5.2,2,1,1,8,7,6.0,6.0,55.0,55.0
Fortuna Köln,Braunschweig,2-3,https://www.besoccer.com/match/fortuna-koln/eintracht-brau-hellip/19913869,1991,11,2_liga,20,38,2,2,3,11,13,3,4,3,15,15,4.2,1,2,2,7,8,9,14,4,2,4,22,15,4.800000000000001,1,1,3,9,11,3.2,2.6000000000000005,55.0,60.0
Preußen Münster,Waldhof Mannheim,0-0,https://www.besoccer.com/match/preuben-munster/waldhof-mannheim/19913870,1991,11,2_liga,20,38,1,0,0,18,10,3,1,6,12,23,2.8000000000000003,3,1,1,10,4,8,14,3,5,2,11,10,1.6,0,4,1,3,6,5.6000000000000005,2.0,57.0,66.0
Hannover 96,Schweinfurt,1-1,https://www.besoccer.com/match/hannover-96/schweinfurt/19913871,1991,11,2_liga,20,38,1,1,1,16,11,3,2,5,14,17,6.0,1,2,2,8,9,20,0,0,0,10,4,29,0.0,0,0,5,2,15,3.4000000000000004,0.0,59.0,40.0
Meppen,Stuttgarter Kickers,1-2,https://www.besoccer.com/match/meppen/stuttgarter-kickers/19913872,1991,11,2_liga,20,38,2,1,2,13,11,3,2,5,11,11,3.0000000000000004,3,1,1,6,2,6,16,5,1,4,17,9,3.6000000000000005,0,1,4,3,8,5.6000000000000005,0.2,54.0,61.0
SC Freiburg,Havelse,1-0,https://www.besoccer.com/match/sc-freiburg/havelse/19913873,1991,11,2_liga,20,38,0,1,0,2,22,7,1,2,20,9,5.800000000000001,4,1,0,11,4,15,11,3,2,5,15,18,3.2,0,1,4,3,12,7.4,1.0,55.0,55.0
VfB Oldenburg,MSV Duisburg,1-1,https://www.besoccer.com/match/vfb-oldenburg/msv-duisburg/19913874,1991,11,2_liga,20,38,1,1,1,17,11,2,5,3,15,15,4.6,1,1,3,7,8,3,20,6,2,2,24,7,5.0,3,0,2,10,3,2.2,3.6,44.0,55.0
RW Essen,Blau-Weiß 1890 Berlin,0-3,https://www.besoccer.com/match/rot-weiss-essen/blau-weiss-1890-berlin/19913875,1991,11,2_liga,20,38,2,0,3,7,15,5,0,5,15,16,4.800000000000001,5,0,0,13,4,10,13,3,4,3,13,15,3.8,1,1,3,5,11,9.0,2.8,55.0,55.0
Mainz 05,VfL Osnabrück,3-2,https://www.besoccer.com/match/mainz-amat/vfl-osnabruck/19913876,1991,11,2_liga,20,38,0,3,2,12,12,3,3,4,12,18,1.8,2,2,1,8,8,14,11,3,2,5,12,18,4.0,2,1,2,7,6,3.6000000000000005,4.4,42.0,54.0
Darmstadt 98,Saarbrücken,1-0,https://www.besoccer.com/match/darmstadt-98/saarbrucken/19913877,1991,11,2_liga,20,38,0,1,0,19,10,2,4,4,7,13,4.0,2,2,1,4,3,4,19,5,4,1,13,7,7.0,2,2,1,6,6,5.4,6.0,54.0,59.0
FC 08 Homburg,Schalke 04,2-1,https://www.besoccer.com/match/homburg/schalke-04/19913878,1991,11,2_liga,20,38,0,2,1,5,18,5,3,2,10,9,6.4,4,1,0,7,3,1,25,8,1,1,19,7,6.6,3,1,1,8,4,8.2,5.6000000000000005,60.0,63.0
Braunschweig,RW Essen,0-0,https://www.besoccer.com/match/eintracht-brau-hellip/rot-weiss-essen/19913879,1991,12,2_liga,20,38,1,0,0,7,17,5,2,4,25,17,6.0,3,1,1,13,4,9,15,5,0,6,15,19,3.0,0,0,5,2,12,6.2,0.0,60.0,54.0
VfL Osnabrück,Fortuna Köln,0-1,https://www.besoccer.com/match/vfl-osnabruck/fortuna-koln/19913880,1991,12,2_liga,20,38,2,0,1,16,11,3,2,6,14,21,2.4,1,1,3,5,12,13,13,3,4,4,17,18,2.6000000000000005,2,2,1,8,7,2.5999999999999996,5.6,53.0,55.0
MSV Duisburg,Hannover 96,4-2,https://www.besoccer.com/match/msv-duisburg/hannover-96/19913881,1991,12,2_liga,20,38,0,4,2,3,21,6,3,2,25,8,4.6000000000000005,3,2,0,14,4,14,12,3,3,5,15,18,5.200000000000001,2,0,3,6,8,7.4,5.4,55.0,59.0
Waldhof Mannheim,VfB Oldenburg,2-1,https://www.besoccer.com/match/waldhof-mannheim/vfb-oldenburg/19913882,1991,12,2_liga,20,38,0,2,1,10,15,3,6,2,11,10,2.0,3,1,1,8,4,15,12,2,6,3,16,16,4.4,1,4,0,8,7,4.6,5.0,66.0,44.0
Schalke 04,Preußen Münster,3-1,https://www.besoccer.com/match/schalke-04/preuben-munster/19913883,1991,12,2_liga,20,38,0,3,1,1,25,8,1,2,20,9,4.200000000000001,5,0,0,11,3,18,11,3,2,6,12,23,3.0,0,0,5,2,19,9.0,0.0,63.0,57.0
Blau-Weiß 1890 Berlin,Darmstadt 98,2-0,https://www.besoccer.com/match/blau-weiss-1890-berlin/darmstadt-98/19913884,1991,12,2_liga,20,38,0,2,0,8,16,4,4,3,16,15,5.6000000000000005,2,3,0,8,4,12,13,3,4,4,8,13,5.6000000000000005,0,2,3,3,10,5.4,1.4,56.0,54.0
Schweinfurt,SC Freiburg,2-2,https://www.besoccer.com/match/schweinfurt/sc-freiburg/19913885,1991,12,2_liga,20,38,1,2,2,20,1,0,1,10,5,30,1.0,0,0,5,2,14,2,25,8,1,2,21,9,7.4,3,0,2,9,5,0.0,4.800000000000001,40.0,55.0
Saarbrücken,Meppen,2-0,https://www.besoccer.com/match/saarbrucken/meppen/19913886,1991,12,2_liga,20,38,0,2,0,5,19,5,4,2,13,8,4.800000000000001,3,2,0,7,1,19,11,3,2,6,12,13,1.9999999999999998,0,1,4,5,9,7.0,0.6,59.0,54.0
Havelse,Mainz 05,1-2,https://www.besoccer.com/match/havelse/mainz-amat/19913887,1991,12,2_liga,20,38,2,1,2,17,11,3,2,6,15,19,1.8000000000000003,3,1,1,12,6,11,15,4,3,4,15,20,4.2,1,1,3,4,10,5.2,1.4000000000000001,55.0,42.0
Stuttgarter Kickers,FC 08 Homburg,4-1,https://www.besoccer.com/match/stuttgarter-kickers/homburg/19913888,1991,12,2_liga,20,38,0,4,1,6,19,6,1,4,19,10,5.4,5,0,0,14,1,4,21,6,3,2,12,10,7.4,1,2,2,3,6,9.0,3.6000000000000005,61.0,60.0
Saarbrücken,Blau-Weiß 1890 Berlin,0-0,https://www.besoccer.com/match/saarbrucken/blau-weiss-1890-berlin/19913889,1991,13,2_liga,20,38,1,0,0,4,22,6,4,2,15,8,6.2,4,2,0,9,1,7,19,5,4,3,18,15,7.0,2,1,3,8,11,7.800000000000001,5.0,59.0,56.0
Preußen Münster,Stuttgarter Kickers,0-0,https://www.besoccer.com/match/preuben-munster/stuttgarter-kickers/19913890,1991,13,2_liga,20,38,1,0,0,18,11,3,2,7,13,26,2.0,3,2,1,10,4,5,22,7,1,4,23,11,6.6000000000000005,1,1,4,5,9,4.6000000000000005,3.0,57.0,61.0
Hannover 96,Waldhof Mannheim,0-5,https://www.besoccer.com/match/hannover-96/waldhof-mannheim/19913891,1991,13,2_liga,20,38,2,0,5,14,12,3,3,6,17,22,3.2,1,3,2,9,10,8,18,4,6,2,13,11,4.4,0,5,1,3,6,3.4,2.2,59.0,66.0
Mainz 05,Schweinfurt,2-0,https://www.besoccer.com/match/mainz-amat/schweinfurt/19913892,1991,13,2_liga,20,38,0,2,0,9,18,5,3,4,17,21,6.0,3,2,1,11,10,20,2,0,2,10,7,32,1.8,0,1,5,3,16,5.0,1.0,43.0,40.0
Darmstadt 98,Braunschweig,2-1,https://www.besoccer.com/match/darmstadt-98/eintracht-brau-hellip/19913893,1991,13,2_liga,20,38,0,2,1,13,13,3,4,5,8,15,4.2,3,2,1,5,3,10,18,5,3,4,25,17,5.2,2,1,3,12,13,6.800000000000001,4.8,54.0,60.0
VfB Oldenburg,Schalke 04,0-0,https://www.besoccer.com/match/vfb-oldenburg/schalke-04/19913894,1991,13,2_liga,20,38,1,0,0,15,12,2,6,4,17,18,3.2,1,2,3,8,9,1,28,9,1,2,23,10,5.4,3,1,2,9,6,2.4000000000000004,3.6,44.0,63.0
RW Essen,VfL Osnabrück,0-0,https://www.besoccer.com/match/rot-weiss-essen/vfl-osnabruck/19913895,1991,13,2_liga,20,38,1,0,0,11,16,5,1,6,15,19,2.8000000000000003,5,0,1,13,7,16,11,3,2,7,14,22,1.4000000000000001,2,1,3,9,9,6.0,3.0000000000000004,54.0,53.0
SC Freiburg,MSV Duisburg,0-2,https://www.besoccer.com/match/sc-freiburg/msv-duisburg/19913896,1991,13,2_liga,20,38,2,0,2,2,26,8,2,2,23,11,6.4,5,1,0,12,4,3,24,7,3,2,29,10,6.2,3,1,2,11,4,7.800000000000001,2.8000000000000003,55.0,55.0
Fortuna Köln,Havelse,3-1,https://www.besoccer.com/match/fortuna-koln/havelse/19913897,1991,13,2_liga,20,38,0,3,1,12,16,4,4,4,18,18,4.2,1,2,3,9,11,17,11,3,2,7,16,21,1.0,0,1,5,3,13,2.1999999999999997,0.8,55.0,55.0
Meppen,FC 08 Homburg,3-0,https://www.besoccer.com/match/meppen/homburg/19913898,1991,13,2_liga,20,38,0,3,0,19,11,3,2,7,12,15,1.2000000000000002,3,1,2,7,4,6,21,6,3,3,13,14,4.800000000000001,1,2,3,4,10,3.6000000000000005,2.5999999999999996,53.0,60.0
MSV Duisburg,Mainz 05,2-0,https://www.besoccer.com/match/msv-duisburg/mainz-amat/19913899,1991,14,2_liga,20,38,0,2,0,2,27,8,3,2,31,10,7.200000000000001,4,2,0,18,6,8,21,6,3,4,19,21,7.4,2,1,3,6,11,8.2,3.6,56.0,43.0
Braunschweig,Saarbrücken,0-1,https://www.besoccer.com/match/eintracht-brau-hellip/saarbrucken/19913900,1991,14,2_liga,20,38,2,0,1,11,18,5,3,5,26,19,3.8,3,2,1,13,4,4,23,6,5,2,15,8,5.200000000000001,2,2,2,6,7,5.200000000000001,4.4,60.0,59.0
VfL Osnabrück,Darmstadt 98,1-4,https://www.besoccer.com/match/vfl-osnabruck/darmstadt-98/19913901,1991,14,2_liga,20,38,2,1,4,17,12,3,3,7,14,22,1.6,1,1,4,5,13,13,16,4,4,5,10,16,6.0,0,2,4,3,12,1.8000000000000003,1.0,53.0,54.0
Schweinfurt,Fortuna Köln,1-1,https://www.besoccer.com/match/schweinfurt/fortuna-koln/19913902,1991,14,2_liga,20,38,1,1,1,20,2,0,2,11,7,34,1.4,0,1,5,4,16,10,19,5,4,4,21,19,5.800000000000001,3,2,1,9,7,1.0,7.0,40.0,56.0
Waldhof Mannheim,SC Freiburg,3-1,https://www.besoccer.com/match/waldhof-mannheim/sc-freiburg/19913903,1991,14,2_liga,20,38,0,3,1,7,21,5,6,2,18,11,6.4,4,1,1,10,5,3,26,8,2,3,23,13,4.4,3,1,2,11,7,5.6000000000000005,4.0,66.0,55.0
Stuttgarter Kickers,VfB Oldenburg,1-1,https://www.besoccer.com/match/stuttgarter-kickers/vfb-oldenburg/19913904,1991,14,2_liga,20,38,1,1,1,5,23,7,2,4,23,11,5.800000000000001,6,0,0,18,2,15,13,2,7,4,17,18,3.0,1,4,1,9,9,9.0,3.6000000000000005,61.0,44.0
Blau-Weiß 1890 Berlin,Meppen,2-0,https://www.besoccer.com/match/blau-weiss-1890-berlin/meppen/19913905,1991,14,2_liga,20,38,0,2,0,9,20,5,5,3,18,15,5.800000000000001,3,3,0,10,4,14,14,4,2,7,15,15,3.6,0,1,5,5,11,6.6,0.4,56.0,54.0
Schalke 04,Hannover 96,2-0,https://www.besoccer.com/match/schalke-04/hannover-96/19913906,1991,14,2_liga,20,38,0,2,0,1,29,9,2,2,23,10,4.6000000000000005,6,0,0,14,4,16,12,3,3,7,17,27,1.8000000000000003,2,0,4,8,12,9.0,4.2,63.0,59.0
FC 08 Homburg,Preußen Münster,2-1,https://www.besoccer.com/match/homburg/preuben-munster/19913907,1991,14,2_liga,20,38,0,2,1,6,21,6,3,4,13,17,2.8,5,1,0,9,4,18,12,3,3,7,13,26,2.2,0,0,6,3,22,8.600000000000001,0.0,60.0,57.0
Havelse,RW Essen,1-4,https://www.besoccer.com/match/havelse/rot-weiss-essen/19913908,1991,14,2_liga,20,38,2,1,4,19,11,3,2,8,17,24,0.2,3,1,2,13,8,12,17,5,2,6,15,19,2.4000000000000004,0,1,5,2,12,3.2,1.0,55.0,54.0
Fortuna Köln,MSV Duisburg,2-2,https://www.besoccer.com/match/fortuna-koln/msv-duisburg/19913909,1991,15,2_liga,20,38,1,2,2,10,20,5,5,4,22,20,5.4,2,2,3,12,12,2,30,9,3,2,33,10,8.2,4,1,2,13,4,4.4,4.4,56.0,56.0
Saarbrücken,VfL Osnabrück,2-1,https://www.besoccer.com/match/saarbrucken/vfl-osnabruck/19913910,1991,15,2_liga,20,38,0,2,1,4,26,7,5,2,16,8,6.2,4,3,0,9,1,17,12,3,3,8,15,26,0.8,2,2,3,9,9,6.2,3.1999999999999997,59.0,53.0
Hannover 96,Stuttgarter Kickers,1-2,https://www.besoccer.com/match/hannover-96/stuttgarter-kickers/19913911,1991,15,2_liga,20,38,2,1,2,16,12,3,3,8,17,29,1.0,1,3,3,9,15,5,24,7,3,4,24,12,4.8,1,2,4,5,9,2.2,3.4000000000000004,59.0,61.0
RW Essen,Schweinfurt,4-0,https://www.besoccer.com/match/rot-weiss-essen/schweinfurt/19913912,1991,15,2_liga,20,38,0,4,0,11,20,6,2,6,19,20,4.4,5,1,1,13,7,20,3,0,3,11,8,35,2.0,0,1,6,3,18,4.6,0.8,55.0,40.0
SC Freiburg,Schalke 04,3-0,https://www.besoccer.com/match/sc-freiburg/schalke-04/19913913,1991,15,2_liga,20,38,0,3,0,3,26,8,2,4,24,16,2.4000000000000004,5,1,1,12,6,1,32,10,2,2,25,10,6.2,3,2,2,9,6,5.2,2.8000000000000003,54.0,63.0
VfB Oldenburg,FC 08 Homburg,1-0,https://www.besoccer.com/match/vfb-oldenburg/homburg/19913914,1991,15,2_liga,20,38,0,1,0,15,14,2,8,4,18,19,2.8,1,3,3,8,9,6,24,7,3,4,15,18,4.4,1,2,4,4,13,2.4,1.8000000000000003,44.0,60.0
Darmstadt 98,Havelse,5-2,https://www.besoccer.com/match/darmstadt-98/havelse/19913915,1991,15,2_liga,20,38,0,5,2,12,19,5,4,5,14,17,7.200000000000001,4,2,1,7,4,19,11,3,2,9,18,28,0.0,0,1,6,4,16,7.800000000000001,0.6,55.0,54.0
Meppen,Preußen Münster,1-1,https://www.besoccer.com/match/meppen/preuben-munster/19913916,1991,15,2_liga,20,38,1,1,1,14,14,4,2,8,15,17,2.4000000000000004,4,1,2,10,4,18,12,3,3,8,14,28,1.2000000000000002,0,0,7,4,24,5.199999999999999,0.0,54.0,57.0
Mainz 05,Waldhof Mannheim,3-1,https://www.besoccer.com/match/mainz-amat/waldhof-mannheim/19913917,1991,15,2_liga,20,38,0,3,1,9,21,6,3,5,19,23,5.4,4,2,1,13,10,7,24,6,6,2,21,12,7.800000000000001,1,5,1,8,6,6.4,4.4,43.0,66.0
Blau-Weiß 1890 Berlin,Braunschweig,0-0,https://www.besoccer.com/match/blau-weiss-1890-berlin/eintracht-brau-hellip/19913918,1991,15,2_liga,20,38,1,0,0,8,23,6,5,3,20,15,7.0,4,3,0,12,4,13,18,5,3,6,26,20,2.4000000000000004,2,1,4,13,15,7.4,3.6000000000000005,56.0,59.0
MSV Duisburg,RW Essen,4-2,https://www.besoccer.com/match/msv-duisburg/rot-weiss-essen/19913919,1991,16,2_liga,20,38,0,4,2,2,31,9,4,2,35,12,6.6000000000000005,5,2,0,20,6,10,23,7,2,6,23,20,6.4,1,1,5,6,13,8.600000000000001,3.8,56.0,55.0
Preußen Münster,VfB Oldenburg,3-1,https://www.besoccer.com/match/preuben-munster/vfb-oldenburg/19913920,1991,16,2_liga,20,38,0,3,1,16,13,3,4,8,15,29,1.8,3,3,1,10,4,14,17,3,8,4,19,19,4.6,1,5,1,10,10,4.0,3.4,57.0,44.0
VfL Osnabrück,Blau-Weiß 1890 Berlin,1-1,https://www.besoccer.com/match/vfl-osnabruck/blau-weiss-1890-berlin/19913921,1991,16,2_liga,20,38,1,1,1,18,12,3,3,9,16,28,0.6,1,1,5,6,17,8,24,6,6,3,20,15,5.800000000000001,2,2,3,8,11,1.0,4.6000000000000005,53.0,56.0
Schweinfurt,Darmstadt 98,0-5,https://www.besoccer.com/match/schweinfurt/darmstadt-98/19913922,1991,16,2_liga,20,38,2,0,5,20,3,0,3,12,8,39,1.4000000000000001,0,2,5,5,17,11,22,6,4,5,19,19,7.800000000000001,1,2,4,7,13,1.8,3.6,40.0,55.0
Waldhof Mannheim,Fortuna Köln,2-0,https://www.besoccer.com/match/waldhof-mannheim/fortuna-koln/19913923,1991,16,2_liga,20,38,0,2,0,7,24,6,6,3,22,15,5.6000000000000005,5,1,1,13,6,12,21,5,6,4,24,22,4.8,3,3,1,10,8,6.6000000000000005,5.800000000000001,66.0,56.0
Stuttgarter Kickers,SC Freiburg,3-2,https://www.besoccer.com/match/stuttgarter-kickers/sc-freiburg/19913924,1991,16,2_liga,20,38,0,3,2,5,27,8,3,4,26,13,6.2,6,1,0,19,3,3,29,9,2,4,27,16,4.0,3,1,3,12,10,7.0,2.5999999999999996,61.0,55.0
Braunschweig,Meppen,0-0,https://www.besoccer.com/match/eintracht-brau-hellip/meppen/19913925,1991,16,2_liga,20,38,1,0,0,13,19,5,4,6,26,20,2.0,3,2,2,13,5,15,15,4,3,8,16,18,2.8,0,1,6,5,13,3.2,0.2,59.0,54.0
FC 08 Homburg,Hannover 96,1-1,https://www.besoccer.com/match/homburg/hannover-96/19913926,1991,16,2_liga,20,38,1,1,1,6,24,7,3,5,15,19,3.0000000000000004,6,1,0,11,5,17,12,3,3,9,18,31,0.2,2,0,5,8,14,9.0,3.0,59.0,59.0
Havelse,Saarbrücken,0-2,https://www.besoccer.com/match/havelse/saarbrucken/19913927,1991,16,2_liga,20,38,2,0,2,19,11,3,2,10,20,33,0.0,3,1,3,14,12,4,29,8,5,2,18,9,7.200000000000001,3,2,2,7,7,1.8000000000000003,5.8,54.0,59.0
Schalke 04,Mainz 05,3-0,https://www.besoccer.com/match/schalke-04/mainz-amat/19913928,1991,16,2_liga,20,38,0,3,0,1,32,10,2,3,25,13,4.200000000000001,7,0,0,16,4,9,24,7,3,5,22,24,6.6,2,1,4,6,13,9.0,2.8000000000000003,63.0,43.0
RW Essen,Waldhof Mannheim,1-1,https://www.besoccer.com/match/rot-weiss-essen/waldhof-mannheim/19913929,1991,17,2_liga,20,38,1,1,1,11,23,7,2,7,25,24,4.800000000000001,6,1,1,17,7,6,27,7,6,3,24,15,6.6,1,5,2,9,9,5.6000000000000005,3.2,55.0,65.0
Hannover 96,Preußen Münster,3-1,https://www.besoccer.com/match/hannover-96/preuben-munster/19913930,1991,17,2_liga,20,38,0,3,1,17,13,3,4,9,19,32,1.0,1,3,4,10,17,16,16,4,4,8,18,30,4.2,0,1,7,5,25,1.2000000000000002,1.0,59.0,57.0
Braunschweig,VfL Osnabrück,1-0,https://www.besoccer.com/match/eintracht-brau-hellip/vfl-osnabruck/19913931,1991,17,2_liga,20,38,0,1,0,13,20,5,5,6,26,20,2.0,3,3,2,13,5,18,13,3,4,9,17,29,1.4,2,2,4,10,11,2.8000000000000003,2.2,59.0,53.0
SC Freiburg,FC 08 Homburg,0-0,https://www.besoccer.com/match/sc-freiburg/homburg/19913932,1991,17,2_liga,20,38,1,0,0,5,29,9,2,5,29,19,2.6000000000000005,6,1,1,15,6,9,25,7,4,5,16,20,2.8,1,2,5,4,14,6.2,1.0,55.0,59.0
Mainz 05,Stuttgarter Kickers,3-3,https://www.besoccer.com/match/mainz-amat/stuttgarter-kickers/19913933,1991,17,2_liga,20,38,1,3,3,10,24,7,3,6,22,27,4.200000000000001,5,2,1,16,11,4,30,9,3,4,29,15,7.0,2,2,4,7,10,7.800000000000001,5.6,43.0,61.0
Darmstadt 98,MSV Duisburg,2-2,https://www.besoccer.com/match/darmstadt-98/msv-duisburg/19913934,1991,17,2_liga,20,38,1,2,2,8,25,7,4,5,24,19,8.4,5,2,1,12,6,2,34,10,4,2,39,14,7.4,4,2,2,15,6,8.4,4.0,55.0,56.0
Blau-Weiß 1890 Berlin,Havelse,3-1,https://www.besoccer.com/match/blau-weiss-1890-berlin/havelse/19913935,1991,17,2_liga,20,38,0,3,1,7,25,6,7,3,21,16,4.6,4,4,0,12,4,19,11,3,2,11,20,35,0.0,0,1,7,6,21,6.2,0.4,56.0,54.0
Fortuna Köln,Schalke 04,1-1,https://www.besoccer.com/match/fortuna-koln/schalke-04/19913936,1991,17,2_liga,20,38,1,1,1,12,21,5,6,5,24,24,3.2,2,3,3,14,14,1,35,11,2,3,28,13,5.8,3,2,3,9,9,4.0,1.4000000000000001,55.0,63.0
Saarbrücken,Schweinfurt,5-2,https://www.besoccer.com/match/saarbrucken/schweinfurt/19913937,1991,17,2_liga,20,38,0,5,2,3,32,9,5,2,20,9,8.2,5,3,0,11,2,20,3,0,3,13,8,44,0.8,0,1,7,3,22,7.0,0.6,59.0,40.0
VfB Oldenburg,Meppen,2-2,https://www.besoccer.com/match/vfb-oldenburg/meppen/19913938,1991,17,2_liga,20,38,1,2,2,14,17,3,8,5,20,22,3.4000000000000004,2,3,3,9,9,15,16,4,4,8,16,18,3.0,0,2,6,5,13,4.8,1.0,44.0,54.0
MSV Duisburg,Saarbrücken,1-0,https://www.besoccer.com/match/msv-duisburg/saarbrucken/19913939,1991,18,2_liga,20,38,0,1,0,2,35,10,5,2,41,16,5.800000000000001,6,2,0,24,8,3,35,10,5,2,25,11,8.600000000000001,4,2,2,9,7,9.0,6.800000000000001,56.0,59.0
FC 08 Homburg,Mainz 05,0-0,https://www.besoccer.com/match/homburg/mainz-amat/19913940,1991,18,2_liga,20,38,1,0,0,9,26,7,5,5,16,20,3.0,6,2,0,12,6,10,25,7,4,6,25,30,3.4,2,1,5,6,16,7.0,1.9999999999999998,59.0,43.0
Havelse,Braunschweig,1-0,https://www.besoccer.com/match/havelse/eintracht-brau-hellip/19913941,1991,18,2_liga,20,38,0,1,0,19,11,3,2,12,21,38,0.0,3,1,4,14,14,12,23,6,5,6,27,20,4.4,2,2,4,13,15,0.6000000000000001,3.4,54.0,59.0
Schalke 04,RW Essen,3-1,https://www.besoccer.com/match/schalke-04/rot-weiss-essen/19913942,1991,18,2_liga,20,38,0,3,1,1,36,11,3,3,29,14,4.800000000000001,8,0,0,19,4,11,24,7,3,7,26,25,4.2,1,1,6,8,17,9.0,3.0000000000000004,63.0,55.0
Schweinfurt,Blau-Weiß 1890 Berlin,1-1,https://www.besoccer.com/match/schweinfurt/blau-weiss-1890-berlin/19913943,1991,18,2_liga,20,38,1,1,1,20,3,0,3,14,10,49,0.4,0,2,6,5,22,7,28,7,7,3,24,17,5.8,2,3,3,9,12,1.4,4.0,39.0,56.0
Waldhof Mannheim,Darmstadt 98,4-1,https://www.besoccer.com/match/waldhof-mannheim/darmstadt-98/19913944,1991,18,2_liga,20,38,0,4,1,6,28,7,7,3,25,16,5.200000000000001,6,1,1,15,6,8,26,7,5,5,26,21,7.0,2,2,4,12,13,7.6,5.6000000000000005,65.0,55.0
Stuttgarter Kickers,Fortuna Köln,1-1,https://www.besoccer.com/match/stuttgarter-kickers/fortuna-koln/19913945,1991,18,2_liga,20,38,1,1,1,4,31,9,4,4,32,18,5.800000000000001,7,1,0,22,5,13,22,5,7,5,25,25,2.6,3,3,2,10,10,7.4,3.5999999999999996,61.0,55.0
VfB Oldenburg,Hannover 96,1-1,https://www.besoccer.com/match/vfb-oldenburg/hannover-96/19913946,1991,18,2_liga,20,38,1,1,1,14,18,3,9,5,22,24,3.4,2,4,3,11,11,17,16,4,4,9,22,33,3.8,2,1,5,9,15,4.6000000000000005,2.8000000000000003,44.0,59.0
Meppen,VfL Osnabrück,1-1,https://www.besoccer.com/match/meppen/vfl-osnabruck/19913947,1991,18,2_liga,20,38,1,1,1,15,17,4,5,8,18,20,3.0,4,2,2,11,5,18,13,3,4,10,17,30,1.0,2,2,5,10,12,4.800000000000001,1.2000000000000002,54.0,53.0
Preußen Münster,SC Freiburg,1-1,https://www.besoccer.com/match/preuben-munster/sc-freiburg/19913948,1991,18,2_liga,20,38,1,1,1,16,16,4,4,9,19,33,3.2,4,3,1,13,5,5,30,9,3,5,29,19,2.8,3,1,4,14,13,5.8,1.8000000000000003,57.0,55.0
Braunschweig,Schweinfurt,3-0,https://www.besoccer.com/match/eintracht-brau-hellip/schweinfurt/19913949,1991,19,2_liga,20,38,0,3,0,12,23,6,5,7,27,21,3.4000000000000004,4,3,2,14,5,20,4,0,4,14,11,50,1.2,0,1,8,5,27,4.8,0.4,59.0,40.0
Saarbrücken,Waldhof Mannheim,0-0,https://www.besoccer.com/match/saarbrucken/waldhof-mannheim/19913950,1991,19,2_liga,20,38,1,0,0,3,35,10,5,3,25,12,6.0,6,3,0,16,4,6,31,8,7,3,29,17,6.2,1,6,2,10,10,7.800000000000001,3.1999999999999997,59.0,65.0
Fortuna Köln,FC 08 Homburg,1-1,https://www.besoccer.com/match/fortuna-koln/homburg/19913951,1991,19,2_liga,20,38,1,1,1,13,23,5,8,5,26,26,2.4000000000000004,2,4,3,15,15,8,27,7,6,5,16,20,3.0,1,3,5,4,14,3.5999999999999996,1.2,56.0,59.0
SC Freiburg,VfB Oldenburg,1-1,https://www.besoccer.com/match/sc-freiburg/vfb-oldenburg/19913952,1991,19,2_liga,20,38,1,1,1,5,31,9,4,5,30,20,3.0,6,2,1,15,6,14,19,3,10,5,23,25,3.2,1,5,2,11,13,5.200000000000001,2.2,55.0,44.0
Mainz 05,Preußen Münster,0-0,https://www.besoccer.com/match/mainz-amat/preuben-munster/19913953,1991,19,2_liga,20,38,1,0,0,10,26,7,5,6,25,30,3.0,5,3,1,19,14,16,17,4,5,9,20,34,3.1999999999999997,0,1,8,6,28,6.6000000000000005,0.8,43.0,57.0
RW Essen,Stuttgarter Kickers,0-2,https://www.besoccer.com/match/rot-weiss-essen/stuttgarter-kickers/19913954,1991,19,2_liga,20,38,2,0,2,11,24,7,3,8,27,28,2.6000000000000005,6,2,1,18,8,4,32,9,5,4,33,19,5.0,2,3,4,10,13,4.6000000000000005,5.200000000000001,55.0,61.0
Blau-Weiß 1890 Berlin,MSV Duisburg,2-2,https://www.besoccer.com/match/blau-weiss-1890-berlin/msv-duisburg/19913955,1991,19,2_liga,20,38,1,2,2,7,29,7,8,3,25,18,5.0,5,4,0,15,5,2,38,11,5,2,42,16,6.6,4,3,2,17,8,7.0,4.0,56.0,56.0
Darmstadt 98,Schalke 04,2-2,https://www.besoccer.com/match/darmstadt-98/schalke-04/19913956,1991,19,2_liga,20,38,1,2,2,9,26,7,5,6,27,25,4.4,5,3,1,14,8,1,39,12,3,3,32,15,6.2,3,3,3,10,10,7.0,1.6,55.0,63.0
VfL Osnabrück,Havelse,3-2,https://www.besoccer.com/match/vfl-osnabruck/havelse/19913957,1991,19,2_liga,20,38,0,3,2,18,14,3,5,10,18,31,1.6,1,2,5,7,18,19,14,4,2,12,22,38,3.0,0,1,8,7,24,1.2,0.2,53.0,54.0
Hannover 96,Meppen,2-0,https://www.besoccer.com/match/hannover-96/meppen/19913958,1991,19,2_liga,20,38,0,2,0,17,17,4,5,9,23,34,4.0,2,3,4,13,18,15,18,4,6,8,19,21,2.8,0,3,6,7,15,3.4,1.8,59.0,54.0
Saarbrücken,Schalke 04,1-1,https://www.besoccer.com/match/saarbrucken/schalke-04/19913959,1991,20,2_liga,20,38,1,1,1,3,36,10,6,3,25,12,4.6,6,4,0,16,4,1,40,12,4,3,34,17,5.200000000000001,3,4,3,12,12,6.2,2.2,59.0,63.0
Braunschweig,MSV Duisburg,1-1,https://www.besoccer.com/match/eintracht-brau-hellip/msv-duisburg/19913960,1991,20,2_liga,20,38,1,1,1,11,26,7,5,7,30,21,5.4,5,3,2,17,5,2,39,11,6,2,44,18,5.4,4,4,2,19,10,6.2,3.8,59.0,57.0
Blau-Weiß 1890 Berlin,Waldhof Mannheim,2-1,https://www.besoccer.com/match/blau-weiss-1890-berlin/waldhof-mannheim/19913961,1991,20,2_liga,20,38,0,2,1,7,30,7,9,3,27,20,4.2,5,5,0,17,7,6,32,8,8,3,29,17,5.200000000000001,1,7,2,10,10,5.800000000000001,3.2,56.0,65.0
RW Essen,FC 08 Homburg,0-0,https://www.besoccer.com/match/rot-weiss-essen/homburg/19913962,1991,20,2_liga,20,38,1,0,0,13,24,7,3,9,27,30,1.2000000000000002,6,2,2,18,10,8,28,7,7,5,17,21,2.8,1,4,5,5,15,3.0,1.8,55.0,59.0
Fortuna Köln,Preußen Münster,1-1,https://www.besoccer.com/match/fortuna-koln/preuben-munster/19913963,1991,20,2_liga,20,38,1,1,1,12,24,5,9,5,27,27,2.6,2,5,3,16,16,17,18,4,6,9,20,34,3.2,0,2,8,6,28,3.6000000000000005,1.6,56.0,57.0
Darmstadt 98,Stuttgarter Kickers,0-2,https://www.besoccer.com/match/darmstadt-98/stuttgarter-kickers/19913964,1991,20,2_liga,20,38,2,0,2,9,27,7,6,6,29,27,3.4000000000000004,5,4,1,16,10,4,35,10,5,4,35,19,6.2,3,3,4,12,13,5.4,6.6,55.0,61.0
Havelse,Meppen,1-0,https://www.besoccer.com/match/havelse/meppen/19913965,1991,20,2_liga,20,38,0,1,0,19,14,4,2,13,24,41,2.4000000000000004,4,1,4,15,14,16,18,4,6,9,19,23,2.0,0,3,7,7,17,3.0,1.4,54.0,54.0
VfL Osnabrück,Schweinfurt,2-0,https://www.besoccer.com/match/vfl-osnabruck/schweinfurt/19913966,1991,20,2_liga,20,38,0,2,0,18,17,4,5,10,21,33,4.2,2,2,5,10,20,20,4,0,4,15,11,53,0.8,0,1,9,5,30,3.8,0.2,53.0,39.0
Mainz 05,VfB Oldenburg,2-0,https://www.besoccer.com/match/mainz-amat/vfb-oldenburg/19913967,1991,20,2_liga,20,38,0,2,0,10,27,7,6,6,25,30,3.0,5,4,1,19,14,14,20,3,11,5,24,26,3.0,1,6,2,12,14,5.4,2.2,43.0,44.0
SC Freiburg,Hannover 96,1-1,https://www.besoccer.com/match/sc-freiburg/hannover-96/19913968,1991,20,2_liga,20,38,1,1,1,5,32,9,5,5,31,21,3.0,6,3,1,16,7,15,20,5,5,9,25,34,6.0,2,2,5,10,16,4.2,2.4000000000000004,55.0,59.0
Meppen,SC Freiburg,4-1,https://www.besoccer.com/match/meppen/sc-freiburg/19913969,1991,21,2_liga,20,38,0,4,1,18,18,4,6,10,19,24,1.2000000000000002,4,3,2,12,6,5,33,9,6,5,32,22,2.8,3,2,4,15,14,4.2,2.0,54.0,55.0
Hannover 96,Mainz 05,3-1,https://www.besoccer.com/match/hannover-96/mainz-amat/19913970,1991,21,2_liga,20,38,0,3,1,14,21,5,6,9,26,35,5.4,3,3,4,15,18,8,30,8,6,6,27,30,4.8,2,2,5,6,16,5.6000000000000005,2.2,59.0,44.0
Preußen Münster,RW Essen,0-0,https://www.besoccer.com/match/preuben-munster/rot-weiss-essen/19913971,1991,21,2_liga,20,38,1,0,0,17,19,4,7,9,21,35,3.0,4,4,1,14,6,13,25,7,4,9,27,30,1.4,1,1,7,9,20,5.0,2.1999999999999997,57.0,55.0
Schalke 04,Blau-Weiß 1890 Berlin,1-1,https://www.besoccer.com/match/schalke-04/blau-weiss-1890-berlin/19913972,1991,21,2_liga,20,38,1,1,1,1,41,12,5,3,35,18,4.6,9,0,0,22,5,6,33,8,9,3,29,21,5.8,2,4,3,10,13,9.0,3.8,63.0,56.0
MSV Duisburg,VfL Osnabrück,2-1,https://www.besoccer.com/match/msv-duisburg/vfl-osnabruck/19913973,1991,21,2_liga,20,38,0,2,1,2,40,11,7,2,45,19,4.6,7,2,0,25,8,16,20,5,5,10,23,33,6.2,2,3,5,11,13,9.0,1.4,57.0,53.0
Schweinfurt,Havelse,1-1,https://www.besoccer.com/match/schweinfurt/havelse/19913974,1991,21,2_liga,20,38,1,1,1,20,4,0,4,16,11,55,0.6,0,3,6,6,23,19,17,5,2,13,25,41,4.8,0,1,9,9,27,2.0,0.0,39.0,54.0
VfB Oldenburg,Fortuna Köln,2-0,https://www.besoccer.com/match/vfb-oldenburg/fortuna-koln/19913975,1991,21,2_liga,20,38,0,2,0,15,20,3,11,6,24,28,1.8,2,5,3,12,12,12,25,5,10,5,28,28,2.8,3,4,2,11,11,4.2,3.0,44.0,56.0
FC 08 Homburg,Darmstadt 98,1-0,https://www.besoccer.com/match/homburg/darmstadt-98/19913976,1991,21,2_liga,20,38,0,1,0,9,29,7,8,5,17,21,3.0,6,3,0,12,6,11,27,7,6,7,29,29,1.8,2,2,5,13,17,5.4,4.2,60.0,55.0
Waldhof Mannheim,Braunschweig,5-2,https://www.besoccer.com/match/waldhof-mannheim/eintracht-brau-hellip/19913977,1991,21,2_liga,20,38,0,5,2,7,32,8,8,4,30,19,3.5999999999999996,7,1,1,19,7,10,27,7,6,7,31,22,4.800000000000001,2,2,5,13,16,8.600000000000001,2.0,65.0,59.0
Stuttgarter Kickers,Saarbrücken,2-0,https://www.besoccer.com/match/stuttgarter-kickers/saarbrucken/19913978,1991,21,2_liga,20,38,0,2,0,3,38,11,5,4,37,19,7.0,7,2,0,23,6,4,37,10,7,3,26,13,3.6000000000000005,4,2,3,9,8,5.800000000000001,4.800000000000001,62.0,59.0
Braunschweig,Schalke 04,0-1,https://www.besoccer.com/match/eintracht-brau-hellip/schalke-04/19913979,1991,22,2_liga,20,38,2,0,1,11,27,7,6,8,33,27,3.2,5,4,2,18,6,2,42,12,6,3,36,19,3.8,3,5,3,13,13,5.6,2.6,59.0,63.0
Mainz 05,SC Freiburg,0-0,https://www.besoccer.com/match/mainz-amat/sc-freiburg/19913980,1991,22,2_liga,20,38,1,0,0,9,30,8,6,7,28,33,3.6000000000000005,6,4,1,21,14,7,33,9,6,6,33,26,2.0,3,2,5,16,18,6.2,1.0,43.0,54.0
Havelse,MSV Duisburg,1-1,https://www.besoccer.com/match/havelse/msv-duisburg/19913981,1991,22,2_liga,20,38,1,1,1,19,18,5,3,13,26,42,4.6000000000000005,5,1,4,16,14,1,43,12,7,2,47,20,5.8,4,5,2,20,11,5.4,3.4000000000000004,54.0,57.0
Fortuna Köln,Hannover 96,1-1,https://www.besoccer.com/match/fortuna-koln/hannover-96/19913982,1991,22,2_liga,20,38,1,1,1,13,25,5,10,6,28,30,2.0,2,6,3,17,17,14,24,6,6,9,29,36,6.6,2,3,5,11,17,3.4000000000000004,2.4,55.0,59.0
VfL Osnabrück,Waldhof Mannheim,1-0,https://www.besoccer.com/match/vfl-osnabruck/waldhof-mannheim/19913983,1991,22,2_liga,20,38,0,1,0,17,20,5,5,11,24,35,4.6,3,2,5,12,20,5,35,9,8,4,35,21,5.0,1,7,3,11,12,6.0,2.0,53.0,65.0
Blau-Weiß 1890 Berlin,Stuttgarter Kickers,1-1,https://www.besoccer.com/match/blau-weiss-1890-berlin/stuttgarter-kickers/19913984,1991,22,2_liga,20,38,1,1,1,6,34,8,10,3,30,22,5.0,6,5,0,19,8,3,41,12,5,4,39,19,7.800000000000001,4,3,4,14,13,6.6,7.4,56.0,61.0
RW Essen,VfB Oldenburg,1-3,https://www.besoccer.com/match/rot-weiss-essen/vfb-oldenburg/19913985,1991,22,2_liga,20,38,2,1,3,12,26,7,5,9,27,30,2.0,6,3,2,18,10,15,23,4,11,6,26,28,4.2,1,6,3,12,16,3.0,1.2000000000000002,55.0,45.0
Darmstadt 98,Preußen Münster,0-0,https://www.besoccer.com/match/darmstadt-98/preuben-munster/19913986,1991,22,2_liga,20,38,1,0,0,10,27,7,6,8,29,30,0.8,5,4,2,16,12,18,20,4,8,9,21,35,2.8,0,3,8,7,29,3.2,2.2,55.0,57.0
Saarbrücken,FC 08 Homburg,0-0,https://www.besoccer.com/match/saarbrucken/homburg/19913987,1991,22,2_liga,20,38,1,0,0,4,37,10,7,4,26,15,2.0,6,5,0,17,5,8,32,8,8,5,18,21,5.0,1,5,5,5,15,5.0,2.4,59.0,59.0
Schweinfurt,Meppen,0-1,https://www.besoccer.com/match/schweinfurt/meppen/19913988,1991,22,2_liga,20,38,2,0,1,20,5,0,5,16,12,56,1.4,0,4,6,7,24,16,21,5,6,10,23,25,3.6,0,3,8,7,18,2.4000000000000004,1.0,39.0,54.0
Preußen Münster,Saarbrücken,1-0,https://www.besoccer.com/match/preuben-munster/saarbrucken/19913989,1991,23,2_liga,20,38,0,1,0,18,21,4,9,9,21,35,3.0,4,5,1,14,6,4,38,10,8,4,26,15,2.0,4,2,4,9,10,4.2,3.0,57.0,59.0
SC Freiburg,Fortuna Köln,2-0,https://www.besoccer.com/match/sc-freiburg/fortuna-koln/19913990,1991,23,2_liga,20,38,0,2,0,7,34,9,7,6,33,26,2.2,6,4,1,17,8,13,26,5,11,6,29,31,2.2,3,4,3,11,13,3.6000000000000005,1.8,54.0,55.0
FC 08 Homburg,Blau-Weiß 1890 Berlin,2-0,https://www.besoccer.com/match/homburg/blau-weiss-1890-berlin/19913991,1991,23,2_liga,20,38,0,2,0,8,33,8,9,5,18,21,4.6000000000000005,7,3,0,13,6,6,35,8,11,3,31,23,4.2,2,5,3,11,14,6.2,3.4000000000000004,59.0,56.0
Stuttgarter Kickers,Braunschweig,1-0,https://www.besoccer.com/match/stuttgarter-kickers/eintracht-brau-hellip/19913992,1991,23,2_liga,20,38,0,1,0,3,42,12,6,4,40,20,6.6000000000000005,8,2,0,25,6,11,27,7,6,9,33,28,1.8000000000000003,2,2,6,15,21,6.6,1.2000000000000002,61.0,59.0
VfB Oldenburg,Darmstadt 98,3-0,https://www.besoccer.com/match/vfb-oldenburg/darmstadt-98/19913993,1991,23,2_liga,20,38,0,3,0,14,26,5,11,6,29,29,6.0,3,5,3,14,12,10,28,7,7,8,29,30,1.4,2,2,6,13,18,5.8,3.0,44.0,55.0
Waldhof Mannheim,Havelse,4-3,https://www.besoccer.com/match/waldhof-mannheim/havelse/19913994,1991,23,2_liga,20,38,0,4,3,5,35,9,8,5,35,22,3.4000000000000004,8,1,1,24,9,19,19,5,4,13,27,43,4.2,0,2,9,10,28,9.0,1.0,65.0,54.0
Schalke 04,VfL Osnabrück,1-0,https://www.besoccer.com/match/schalke-04/vfl-osnabruck/19913995,1991,23,2_liga,20,38,0,1,0,1,45,13,6,3,37,19,5.4,9,1,0,23,6,17,23,6,5,11,25,35,6.2,2,3,6,12,15,7.0,1.0,63.0,53.0
Hannover 96,RW Essen,2-0,https://www.besoccer.com/match/hannover-96/rot-weiss-essen/19913996,1991,23,2_liga,20,38,0,2,0,15,25,6,7,9,30,37,5.4,4,3,4,18,19,12,26,7,5,10,28,33,1.4,1,2,7,9,20,7.2,2.4000000000000004,59.0,55.0
MSV Duisburg,Schweinfurt,2-1,https://www.besoccer.com/match/msv-duisburg/schweinfurt/19913997,1991,23,2_liga,20,38,0,2,1,2,44,12,8,2,48,21,5.0,8,2,0,27,9,20,5,0,5,17,12,57,1.0,0,1,10,5,32,9.0,0.0,57.0,39.0
Meppen,Mainz 05,1-1,https://www.besoccer.com/match/meppen/mainz-amat/19913998,1991,23,2_liga,20,38,1,1,1,16,24,6,6,10,24,25,5.6000000000000005,5,3,2,16,7,9,31,8,7,7,28,33,3.4,2,2,6,7,19,5.6000000000000005,1.4000000000000001,54.0,43.0
Fortuna Köln,Mainz 05,3-1,https://www.besoccer.com/match/fortuna-koln/mainz-amat/19913999,1991,24,2_liga,20,38,0,3,1,14,26,5,11,7,29,33,1.4000000000000001,2,7,3,18,18,9,32,8,8,7,29,34,3.2,2,3,6,8,20,3.0,1.6,55.0,43.0
MSV Duisburg,Meppen,4-0,https://www.besoccer.com/match/msv-duisburg/meppen/19914000,1991,24,2_liga,20,38,0,4,0,2,47,13,8,2,50,22,6.2,9,2,0,29,10,16,25,6,7,10,25,26,5.2,1,3,8,8,18,9.0,3.6,57.0,54.0
RW Essen,SC Freiburg,3-0,https://www.besoccer.com/match/rot-weiss-essen/sc-freiburg/19914001,1991,24,2_liga,20,38,0,3,0,15,26,7,5,11,28,35,1.0,6,3,3,19,13,6,37,10,7,6,35,26,4.4,3,3,5,16,18,1.8,1.6,54.0,55.0
Havelse,Schalke 04,1-2,https://www.besoccer.com/match/havelse/schalke-04/19914002,1991,24,2_liga,20,38,2,1,2,19,19,5,4,14,30,47,2.6000000000000005,5,2,4,17,15,1,48,14,6,3,38,19,6.6000000000000005,4,5,3,14,13,5.2,4.8,54.0,63.0
Blau-Weiß 1890 Berlin,Preußen Münster,1-1,https://www.besoccer.com/match/blau-weiss-1890-berlin/preuben-munster/19914003,1991,24,2_liga,20,38,1,1,1,8,35,8,11,4,31,25,2.8,6,6,0,20,9,17,24,5,9,9,22,35,5.0,0,4,8,7,29,5.4,2.6,56.0,57.0
Darmstadt 98,Hannover 96,1-0,https://www.besoccer.com/match/darmstadt-98/hannover-96/19914004,1991,24,2_liga,20,38,0,1,0,11,28,7,7,9,29,33,1.0,5,5,2,16,12,12,28,7,7,9,32,37,6.6,2,4,5,12,18,2.6,2.8,54.0,59.0
Schweinfurt,Waldhof Mannheim,3-1,https://www.besoccer.com/match/schweinfurt/waldhof-mannheim/19914005,1991,24,2_liga,20,38,0,3,1,20,5,0,5,18,13,59,0.6,0,4,7,7,25,5,38,10,8,5,39,25,5.0,1,7,4,11,13,1.6,1.0,39.0,65.0
VfL Osnabrück,Stuttgarter Kickers,2-3,https://www.besoccer.com/match/vfl-osnabruck/stuttgarter-kickers/19914006,1991,24,2_liga,20,38,2,2,3,18,23,6,5,12,25,36,4.200000000000001,4,2,5,13,20,3,45,13,6,4,41,20,7.4,4,4,4,15,14,7.6,6.2,53.0,61.0
Braunschweig,FC 08 Homburg,1-0,https://www.besoccer.com/match/eintracht-brau-hellip/homburg/19914007,1991,24,2_liga,20,38,0,1,0,13,27,7,6,10,33,29,1.0,5,4,3,18,7,7,36,9,9,5,20,21,6.2,1,6,5,5,15,4.0,2.8,59.0,60.0
Saarbrücken,VfB Oldenburg,4-1,https://www.besoccer.com/match/saarbrucken/vfb-oldenburg/19914008,1991,24,2_liga,20,38,0,4,1,4,38,10,8,5,26,16,1.4000000000000001,6,6,0,17,5,10,29,6,11,6,32,29,7.4,2,6,3,15,17,4.2,3.8,59.0,45.0
Preußen Münster,Braunschweig,1-1,https://www.besoccer.com/match/preuben-munster/eintracht-brau-hellip/19914009,1991,25,2_liga,20,38,1,1,1,17,25,5,10,9,23,36,4.6000000000000005,5,5,1,15,6,11,30,8,6,10,34,29,3.2,2,2,7,15,22,5.8,0.4,57.0,59.0
SC Freiburg,Darmstadt 98,1-2,https://www.besoccer.com/match/sc-freiburg/darmstadt-98/19914010,1991,25,2_liga,20,38,2,1,2,6,37,10,7,7,35,29,3.2,7,4,1,19,8,10,31,8,7,9,30,33,3.6,2,2,7,13,21,5.4,1.8000000000000003,54.0,55.0
Schalke 04,Schweinfurt,2-0,https://www.besoccer.com/match/schalke-04/schweinfurt/19914011,1991,25,2_liga,20,38,0,2,0,1,51,15,6,3,40,20,7.800000000000001,10,1,0,24,6,20,8,1,5,18,16,60,3.4,0,1,11,6,34,7.4,0.0,63.0,40.0
Waldhof Mannheim,MSV Duisburg,4-0,https://www.besoccer.com/match/waldhof-mannheim/msv-duisburg/19914012,1991,25,2_liga,20,38,0,4,0,5,38,10,8,6,40,28,3.6000000000000005,9,1,1,28,12,2,50,14,8,2,54,22,7.4,4,6,2,21,12,9.0,3.0,65.0,57.0
VfB Oldenburg,Blau-Weiß 1890 Berlin,3-5,https://www.besoccer.com/match/vfb-oldenburg/blau-weiss-1890-berlin/19914013,1991,25,2_liga,20,38,2,3,5,12,29,6,11,7,33,33,5.4,4,5,3,17,12,8,36,8,12,4,32,26,2.6,2,5,4,11,16,7.0,2.0,45.0,56.0
FC 08 Homburg,VfL Osnabrück,2-3,https://www.besoccer.com/match/homburg/vfl-osnabruck/19914014,1991,25,2_liga,20,38,2,2,3,7,36,9,9,6,20,22,4.4,8,3,0,15,6,18,23,6,5,13,27,39,2.4,2,3,7,12,16,7.0,0.6,60.0,53.0
Stuttgarter Kickers,Havelse,3-0,https://www.besoccer.com/match/stuttgarter-kickers/havelse/19914015,1991,25,2_liga,20,38,0,3,0,3,48,14,6,4,44,22,7.800000000000001,9,2,0,26,6,19,19,5,4,15,31,49,1.6,0,2,10,13,32,7.4,0.8,61.0,54.0
Hannover 96,Saarbrücken,1-1,https://www.besoccer.com/match/hannover-96/saarbrucken/19914016,1991,25,2_liga,20,38,1,1,1,15,28,7,7,10,32,38,4.4,5,3,4,20,19,4,41,11,8,5,30,17,3.8,4,2,5,9,11,8.4,1.8000000000000003,59.0,60.0
Mainz 05,RW Essen,1-0,https://www.besoccer.com/match/mainz-amat/rot-weiss-essen/19914017,1991,25,2_liga,20,38,0,1,0,9,32,8,8,8,30,37,2.0,6,5,1,21,14,14,29,8,5,11,31,35,3.6,1,2,8,9,22,5.0,1.4000000000000001,43.0,55.0
Meppen,Fortuna Köln,1-1,https://www.besoccer.com/match/meppen/fortuna-koln/19914018,1991,25,2_liga,20,38,1,1,1,16,25,6,7,11,25,30,3.8,5,4,2,17,8,13,29,6,11,7,32,34,3.8,3,4,4,11,15,5.0,0.8,54.0,55.0
Saarbrücken,SC Freiburg,2-3,https://www.besoccer.com/match/saarbrucken/sc-freiburg/19914019,1991,26,2_liga,20,38,2,2,3,4,42,11,9,5,31,18,3.8000000000000003,7,6,0,21,6,7,37,10,7,8,36,31,2.1999999999999997,3,3,6,16,21,5.4,1.2000000000000002,60.0,54.0
MSV Duisburg,Schalke 04,1-1,https://www.besoccer.com/match/msv-duisburg/schalke-04/19914020,1991,26,2_liga,20,38,1,1,1,3,50,14,8,3,54,26,5.2,10,2,0,33,10,1,54,16,6,3,42,20,8.600000000000001,5,5,3,16,14,9.0,6.6000000000000005,57.0,64.0
RW Essen,Fortuna Köln,0-2,https://www.besoccer.com/match/rot-weiss-essen/fortuna-koln/19914021,1991,26,2_liga,20,38,2,0,2,14,29,8,5,12,31,36,2.6000000000000005,7,3,3,22,13,12,30,6,12,7,33,35,3.8000000000000003,3,5,4,12,16,3.8,1.4,54.0,55.0
Schweinfurt,Stuttgarter Kickers,1-4,https://www.besoccer.com/match/schweinfurt/stuttgarter-kickers/19914022,1991,26,2_liga,20,38,2,1,4,20,8,1,5,19,16,62,2.6000000000000005,1,4,7,10,26,2,51,15,6,4,47,22,8.2,5,4,4,18,16,4.0,7.0,40.0,62.0
Waldhof Mannheim,Meppen,1-1,https://www.besoccer.com/match/waldhof-mannheim/meppen/19914023,1991,26,2_liga,20,38,1,1,1,5,41,11,8,6,44,28,5.4,10,1,1,32,12,16,26,6,8,11,26,31,3.4000000000000004,1,3,9,8,22,9.0,2.6000000000000005,65.0,54.0
Braunschweig,VfB Oldenburg,1-1,https://www.besoccer.com/match/eintracht-brau-hellip/vfb-oldenburg/19914024,1991,26,2_liga,20,38,1,1,1,11,31,8,7,10,35,30,3.4000000000000004,6,4,3,19,7,13,29,6,11,8,36,38,3.6,2,6,4,16,21,5.4,2.8000000000000003,59.0,45.0
Blau-Weiß 1890 Berlin,Hannover 96,1-1,https://www.besoccer.com/match/blau-weiss-1890-berlin/hannover-96/19914025,1991,26,2_liga,20,38,1,1,1,6,39,9,12,4,37,29,4.4,6,7,0,21,10,15,29,7,8,10,33,39,3.8,2,4,6,12,19,4.6,2.0,56.0,59.0
Havelse,FC 08 Homburg,1-1,https://www.besoccer.com/match/havelse/homburg/19914026,1991,26,2_liga,20,38,1,1,1,19,19,5,4,16,31,52,0.6000000000000001,5,2,5,18,17,8,36,9,9,7,22,25,2.8,1,6,6,5,16,3.8,2.0,54.0,59.0
Darmstadt 98,Mainz 05,0-1,https://www.besoccer.com/match/darmstadt-98/mainz-amat/19914027,1991,26,2_liga,20,38,2,0,1,10,34,9,7,9,32,34,5.800000000000001,6,5,2,17,12,9,35,9,8,8,31,37,4.0,2,3,7,9,23,4.4,1.2000000000000002,55.0,44.0
VfL Osnabrück,Preußen Münster,3-1,https://www.besoccer.com/match/vfl-osnabruck/preuben-munster/19914028,1991,26,2_liga,20,38,0,3,1,18,26,7,5,13,30,41,4.2,4,2,6,15,23,17,26,5,11,9,24,37,4.2,0,5,8,8,30,5.6000000000000005,2.8,53.0,57.0
Hannover 96,Braunschweig,3-0,https://www.besoccer.com/match/hannover-96/eintracht-brau-hellip/19914029,1991,27,2_liga,20,38,0,3,0,14,30,7,9,10,34,40,3.2,5,4,4,21,20,12,32,8,8,10,36,31,3.5999999999999996,2,3,7,16,23,7.0,1.2,59.0,59.0
Meppen,RW Essen,1-0,https://www.besoccer.com/match/meppen/rot-weiss-essen/19914030,1991,27,2_liga,20,38,0,1,0,17,27,6,9,11,27,32,2.8,5,5,2,18,9,15,29,8,5,13,31,38,1.7999999999999998,1,2,9,9,23,4.2,0.6,54.0,54.0
SC Freiburg,Blau-Weiß 1890 Berlin,0-0,https://www.besoccer.com/match/sc-freiburg/blau-weiss-1890-berlin/19914031,1991,27,2_liga,20,38,1,0,0,7,40,11,7,8,39,33,4.4,7,4,2,20,10,6,40,9,13,4,38,30,4.2,3,5,4,16,19,3.6000000000000005,4.2,54.0,56.0
VfB Oldenburg,VfL Osnabrück,3-2,https://www.besoccer.com/match/vfb-oldenburg/vfl-osnabruck/19914032,1991,27,2_liga,20,38,0,3,2,13,30,6,12,8,37,39,2.8000000000000003,4,5,4,20,17,16,29,8,5,13,33,42,6.0,3,3,7,15,18,4.800000000000001,3.4,45.0,53.0
FC 08 Homburg,Schweinfurt,6-1,https://www.besoccer.com/match/homburg/schweinfurt/19914033,1991,27,2_liga,20,38,0,6,1,9,37,9,10,7,23,26,2.4000000000000004,8,3,1,17,9,20,8,1,5,20,17,66,1.7999999999999998,0,1,12,6,36,4.800000000000001,0.0,59.0,39.0
Stuttgarter Kickers,MSV Duisburg,1-0,https://www.besoccer.com/match/stuttgarter-kickers/msv-duisburg/19914034,1991,27,2_liga,20,38,0,1,0,2,54,16,6,4,51,23,8.600000000000001,10,2,0,29,6,3,51,14,9,3,55,27,4.2,4,6,3,21,16,8.2,2.0,62.0,58.0
Fortuna Köln,Darmstadt 98,1-1,https://www.besoccer.com/match/fortuna-koln/darmstadt-98/19914035,1991,27,2_liga,20,38,1,1,1,11,33,7,12,7,35,35,5.8,3,7,3,21,19,10,34,9,7,10,32,35,4.4,3,2,7,15,22,5.0,3.6,55.0,55.0
Mainz 05,Saarbrücken,1-0,https://www.besoccer.com/match/mainz-amat/saarbrucken/19914036,1991,27,2_liga,20,38,0,1,0,8,38,10,8,8,32,37,6.0,7,5,1,22,14,4,42,11,9,6,33,21,2.8,4,3,5,10,12,6.2,1.6,44.0,59.0
Preußen Münster,Havelse,2-1,https://www.besoccer.com/match/preuben-munster/havelse/19914037,1991,27,2_liga,20,38,0,2,1,18,26,5,11,10,25,40,2.8,5,6,1,16,7,19,20,5,5,16,32,53,1.2,0,2,11,13,35,5.0,0.6,57.0,54.0
Schalke 04,Waldhof Mannheim,1-2,https://www.besoccer.com/match/schalke-04/waldhof-mannheim/19914038,1991,27,2_liga,20,38,2,1,2,1,55,16,7,3,43,21,7.0,11,1,0,26,6,5,42,11,9,6,45,29,4.6000000000000005,1,7,5,12,16,7.800000000000001,0.6000000000000001,64.0,65.0
VfL Osnabrück,Hannover 96,1-1,https://www.besoccer.com/match/vfl-osnabruck/hannover-96/19914039,1991,28,2_liga,20,38,1,1,1,17,29,8,5,14,35,45,4.2,5,2,6,18,24,13,33,8,9,10,37,40,5.0,2,5,6,13,20,6.6,2.2,53.0,59.0
Darmstadt 98,RW Essen,3-2,https://www.besoccer.com/match/darmstadt-98/rot-weiss-essen/19914040,1991,28,2_liga,20,38,0,3,2,10,35,9,8,10,33,36,4.0,6,5,3,17,13,16,29,8,5,14,31,39,1.2000000000000002,1,2,10,9,24,3.2,0.4,55.0,54.0
Braunschweig,SC Freiburg,2-2,https://www.besoccer.com/match/eintracht-brau-hellip/sc-freiburg/19914041,1991,28,2_liga,20,38,1,2,2,14,32,8,8,11,36,34,2.6000000000000005,6,5,3,20,8,7,41,11,8,8,39,33,4.0,4,3,6,19,23,4.4,3.8,59.0,54.0
Blau-Weiß 1890 Berlin,Mainz 05,2-1,https://www.besoccer.com/match/blau-weiss-1890-berlin/mainz-amat/19914042,1991,28,2_liga,20,38,0,2,1,6,41,9,14,4,38,30,4.0,6,8,0,22,11,8,41,11,8,8,33,37,7.4,3,3,7,10,23,3.8,3.8,56.0,44.0
Saarbrücken,Fortuna Köln,1-1,https://www.besoccer.com/match/saarbrucken/fortuna-koln/19914043,1991,28,2_liga,20,38,1,1,1,5,42,11,9,7,33,22,1.8000000000000003,7,6,1,23,9,11,34,7,13,7,36,36,5.200000000000001,4,5,4,14,16,3.6000000000000005,4.0,59.0,55.0
MSV Duisburg,FC 08 Homburg,4-0,https://www.besoccer.com/match/msv-duisburg/homburg/19914044,1991,28,2_liga,20,38,0,4,0,3,51,14,9,4,55,28,2.6000000000000005,10,3,0,34,11,9,40,10,10,7,29,27,4.4,1,7,6,6,17,7.0,2.2,58.0,59.0
Schweinfurt,Preußen Münster,0-0,https://www.besoccer.com/match/schweinfurt/preuben-munster/19914045,1991,28,2_liga,20,38,1,0,0,20,8,1,5,21,18,72,1.2000000000000002,1,4,8,11,30,18,29,6,11,10,27,41,4.6,0,5,9,9,33,3.0000000000000004,2.0,39.0,57.0
Schalke 04,Meppen,2-0,https://www.besoccer.com/match/schalke-04/meppen/19914046,1991,28,2_liga,20,38,0,2,0,2,55,16,7,4,44,23,4.4,11,1,1,27,8,15,30,7,9,11,28,32,4.6,1,4,9,9,23,5.2,2.8,63.0,54.0
Havelse,VfB Oldenburg,3-2,https://www.besoccer.com/match/havelse/vfb-oldenburg/19914047,1991,28,2_liga,20,38,0,3,2,19,20,5,5,17,33,55,0.8,5,3,5,19,18,12,33,7,12,8,40,41,4.4,2,7,4,17,22,3.4000000000000004,3.0,53.0,45.0
Waldhof Mannheim,Stuttgarter Kickers,2-0,https://www.besoccer.com/match/waldhof-mannheim/stuttgarter-kickers/19914048,1991,28,2_liga,20,38,0,2,0,4,45,12,9,6,47,30,6.2,10,2,1,33,13,1,57,17,6,4,52,23,9.0,6,4,4,22,17,7.0,7.800000000000001,65.0,62.0
Preußen Münster,MSV Duisburg,2-0,https://www.besoccer.com/match/preuben-munster/msv-duisburg/19914049,1991,29,2_liga,20,38,0,2,0,17,30,6,12,10,27,41,4.0,6,6,1,18,8,3,54,15,9,4,59,28,4.2,4,6,4,21,17,6.2,1.2000000000000002,57.0,58.0
RW Essen,Saarbrücken,1-1,https://www.besoccer.com/match/rot-weiss-essen/saarbrucken/19914050,1991,29,2_liga,20,38,1,1,1,18,29,8,5,15,33,42,0.6000000000000001,7,3,4,22,15,6,43,11,10,7,34,23,2.0,4,3,6,10,13,2.8000000000000003,0.8,54.0,59.0
Hannover 96,Havelse,2-1,https://www.besoccer.com/match/hannover-96/havelse/19914051,1991,29,2_liga,20,38,0,2,1,12,34,8,10,10,38,41,4.4,6,4,4,24,20,19,23,6,5,17,36,57,3.6,0,2,12,14,37,7.4,0.4,59.0,54.0
Meppen,Darmstadt 98,2-1,https://www.besoccer.com/match/meppen/darmstadt-98/19914052,1991,29,2_liga,20,38,0,2,1,15,30,7,9,12,28,34,3.4000000000000004,6,5,2,19,9,10,38,10,8,10,36,38,5.6000000000000005,3,3,7,16,23,5.8,3.4000000000000004,54.0,55.0
Mainz 05,Braunschweig,1-4,https://www.besoccer.com/match/mainz-amat/eintracht-brau-hellip/19914053,1991,29,2_liga,20,38,2,1,4,8,41,11,8,9,34,39,5.4,8,5,1,23,14,14,33,8,9,11,38,36,2.6,2,3,8,16,26,7.4,0.8,44.0,59.0
VfB Oldenburg,Schweinfurt,3-0,https://www.besoccer.com/match/vfb-oldenburg/schweinfurt/19914054,1991,29,2_liga,20,38,0,3,0,13,33,7,12,9,42,44,3.0000000000000004,5,5,4,23,19,20,9,1,6,21,18,72,1.6,0,1,13,7,42,6.2,0.0,45.0,39.0
Stuttgarter Kickers,Schalke 04,0-0,https://www.besoccer.com/match/stuttgarter-kickers/schalke-04/19914055,1991,29,2_liga,20,38,1,0,0,2,57,17,6,5,52,25,6.0,11,2,0,30,6,1,58,17,7,4,46,23,5.4,5,6,3,17,15,8.600000000000001,5.800000000000001,62.0,63.0
Fortuna Köln,Blau-Weiß 1890 Berlin,2-1,https://www.besoccer.com/match/fortuna-koln/blau-weiss-1890-berlin/19914056,1991,29,2_liga,20,38,0,2,1,11,35,7,14,7,37,37,4.6,3,8,3,22,20,5,44,10,14,4,40,31,5.8,3,6,4,16,19,4.6000000000000005,4.0,55.0,56.0
SC Freiburg,VfL Osnabrück,0-1,https://www.besoccer.com/match/sc-freiburg/vfl-osnabruck/19914057,1991,29,2_liga,20,38,2,0,1,7,42,11,9,8,41,35,3.5999999999999996,7,5,2,20,10,16,30,8,6,14,36,46,4.0,3,3,8,17,21,3.4,2.6000000000000005,54.0,53.0
FC 08 Homburg,Waldhof Mannheim,1-1,https://www.besoccer.com/match/homburg/waldhof-mannheim/19914058,1991,29,2_liga,20,38,1,1,1,9,40,10,10,8,29,31,3.0000000000000004,9,3,1,23,10,4,48,13,9,6,49,30,7.200000000000001,2,7,5,14,17,6.2,3.2,59.0,65.0
Saarbrücken,Darmstadt 98,1-0,https://www.besoccer.com/match/saarbrucken/darmstadt-98/19914059,1991,30,2_liga,20,38,0,1,0,6,44,11,11,7,35,24,2.0,7,7,1,24,10,11,38,10,8,11,37,40,3.6000000000000005,3,3,8,17,25,3.4,2.5999999999999996,59.0,55.0
Schweinfurt,Hannover 96,1-3,https://www.besoccer.com/match/schweinfurt/hannover-96/19914060,1991,30,2_liga,20,38,2,1,3,20,9,1,6,22,18,75,0.8,1,5,8,11,30,12,37,9,10,10,40,42,6.2,2,6,6,14,21,3.0,2.4000000000000004,39.0,60.0
MSV Duisburg,VfB Oldenburg,1-0,https://www.besoccer.com/match/msv-duisburg/vfb-oldenburg/19914061,1991,30,2_liga,20,38,0,1,0,3,54,15,9,5,59,30,2.8000000000000003,11,3,0,38,11,13,36,8,12,9,45,44,5.199999999999999,2,7,5,19,25,7.4,2.0,58.0,45.0
Blau-Weiß 1890 Berlin,RW Essen,2-2,https://www.besoccer.com/match/blau-weiss-1890-berlin/rot-weiss-essen/19914062,1991,30,2_liga,20,38,1,2,2,5,44,10,14,5,41,33,4.0,7,8,0,24,12,18,30,8,6,15,34,43,1.0,1,2,11,11,27,5.4,0.2,56.0,54.0
Stuttgarter Kickers,Meppen,3-0,https://www.besoccer.com/match/stuttgarter-kickers/meppen/19914063,1991,30,2_liga,20,38,0,3,0,2,58,17,7,5,52,25,4.6,11,3,0,30,6,15,33,8,9,12,30,35,5.4,1,4,10,9,25,7.0,2.0,62.0,54.0
VfL Osnabrück,Mainz 05,0-0,https://www.besoccer.com/match/vfl-osnabruck/mainz-amat/19914064,1991,30,2_liga,20,38,1,0,0,16,33,9,6,14,37,46,5.6000000000000005,5,3,6,19,25,8,41,11,8,10,35,43,3.6,3,3,8,11,25,5.200000000000001,2.8000000000000003,53.0,44.0
Schalke 04,FC 08 Homburg,3-1,https://www.besoccer.com/match/schalke-04/homburg/19914065,1991,30,2_liga,20,38,0,3,1,1,59,17,8,4,46,23,4.4,12,1,1,29,8,9,41,10,11,8,30,32,3.1999999999999997,1,7,7,6,21,6.2,1.4000000000000001,63.0,59.0
Waldhof Mannheim,Preußen Münster,3-0,https://www.besoccer.com/match/waldhof-mannheim/preuben-munster/19914066,1991,30,2_liga,20,38,0,3,0,4,49,13,10,6,50,31,6.2,11,2,1,35,13,17,33,7,12,10,29,41,5.8,0,6,9,9,33,7.4,2.2,65.0,57.0
Braunschweig,Fortuna Köln,3-2,https://www.besoccer.com/match/eintracht-brau-hellip/fortuna-koln/19914067,1991,30,2_liga,20,38,0,3,2,14,36,9,9,11,42,37,4.4,6,6,3,22,10,10,38,8,14,7,39,38,5.8,4,6,4,15,17,3.8,4.0,59.0,56.0
Havelse,SC Freiburg,0-3,https://www.besoccer.com/match/havelse/sc-freiburg/19914068,1991,30,2_liga,20,38,2,0,3,19,23,6,5,18,37,59,2.8000000000000003,6,3,5,22,20,7,42,11,9,9,41,36,2.6000000000000005,4,4,6,21,25,4.8,3.8000000000000003,53.0,54.0
Darmstadt 98,Blau-Weiß 1890 Berlin,1-1,https://www.besoccer.com/match/darmstadt-98/blau-weiss-1890-berlin/19914069,1991,31,2_liga,20,38,1,1,1,12,38,10,8,12,37,41,2.1999999999999997,7,5,3,20,15,6,45,10,15,5,43,35,3.4,3,6,5,17,21,5.199999999999999,2.8,54.0,56.0
SC Freiburg,Schweinfurt,3-1,https://www.besoccer.com/match/sc-freiburg/schweinfurt/19914070,1991,31,2_liga,20,38,0,3,1,7,45,12,9,9,44,36,4.6,7,5,3,20,11,20,9,1,6,23,19,78,0.6,0,1,14,7,45,2.2,0.0,54.0,39.0
FC 08 Homburg,Stuttgarter Kickers,2-0,https://www.besoccer.com/match/homburg/stuttgarter-kickers/19914071,1991,31,2_liga,20,38,0,2,0,9,41,10,11,9,31,35,2.2,9,4,1,24,11,2,61,18,7,5,55,25,5.6000000000000005,6,4,5,22,19,5.200000000000001,5.2,59.0,62.0
Fortuna Köln,VfL Osnabrück,2-2,https://www.besoccer.com/match/fortuna-koln/vfl-osnabruck/19914072,1991,31,2_liga,20,38,1,2,2,13,38,8,14,8,41,41,4.0,4,8,3,24,21,15,34,9,7,14,37,46,4.6000000000000005,4,3,8,18,21,6.2,4.8,55.0,53.0
Hannover 96,MSV Duisburg,2-0,https://www.besoccer.com/match/hannover-96/msv-duisburg/19914073,1991,31,2_liga,20,38,0,2,0,10,40,10,10,10,43,43,7.4,7,4,4,26,21,3,57,16,9,5,60,30,5.0,4,6,5,21,19,7.800000000000001,0.6000000000000001,60.0,58.0
Preußen Münster,Schalke 04,0-3,https://www.besoccer.com/match/preuben-munster/schalke-04/19914074,1991,31,2_liga,20,38,2,0,3,17,33,7,12,11,29,44,4.200000000000001,7,6,1,20,8,1,62,18,8,4,49,24,5.8,5,7,3,17,15,7.4,5.0,57.0,64.0
RW Essen,Braunschweig,3-1,https://www.besoccer.com/match/rot-weiss-essen/eintracht-brau-hellip/19914075,1991,31,2_liga,20,38,0,3,1,18,31,8,7,15,36,45,1.8,7,4,4,23,16,11,39,10,9,11,45,39,6.2,3,3,8,20,27,3.0,3.6,54.0,59.0
VfB Oldenburg,Waldhof Mannheim,5-0,https://www.besoccer.com/match/vfb-oldenburg/waldhof-mannheim/19914076,1991,31,2_liga,20,38,0,5,0,14,36,8,12,10,45,45,3.8000000000000007,6,5,4,26,19,4,52,14,10,6,53,31,7.0,2,8,5,15,18,7.200000000000001,3.4000000000000004,45.0,65.0
Meppen,Saarbrücken,0-0,https://www.besoccer.com/match/meppen/saarbrucken/19914077,1991,31,2_liga,20,38,1,0,0,16,33,8,9,13,30,38,3.8000000000000007,7,5,2,21,10,5,47,12,11,7,36,24,4.4,4,4,6,11,14,7.0,1.6,54.0,59.0
Mainz 05,Havelse,2-1,https://www.besoccer.com/match/mainz-amat/havelse/19914078,1991,31,2_liga,20,38,0,2,1,8,42,11,9,10,35,43,2.8000000000000003,8,5,2,24,18,19,23,6,5,19,37,62,1.9999999999999998,0,2,13,15,39,5.2,0.2,44.0,53.0
MSV Duisburg,SC Freiburg,1-0,https://www.besoccer.com/match/msv-duisburg/sc-freiburg/19914079,1991,32,2_liga,20,38,0,1,0,3,57,16,9,6,60,32,3.6000000000000005,12,3,0,39,11,6,48,13,9,9,47,37,6.0,5,4,6,24,25,7.800000000000001,5.8,58.0,55.0
VfL Osnabrück,RW Essen,1-1,https://www.besoccer.com/match/vfl-osnabruck/rot-weiss-essen/19914080,1991,32,2_liga,20,38,1,1,1,15,35,9,8,14,39,48,4.0,5,4,6,19,25,17,34,9,7,15,39,46,4.4,1,3,11,13,29,4.2,1.0,53.0,54.0
Blau-Weiß 1890 Berlin,Saarbrücken,1-1,https://www.besoccer.com/match/blau-weiss-1890-berlin/saarbrucken/19914081,1991,32,2_liga,20,38,1,1,1,7,46,10,16,5,44,36,3.2,7,9,0,26,14,5,48,12,12,7,36,24,4.4,4,5,6,11,14,4.6000000000000005,2.2,56.0,59.0
FC 08 Homburg,Meppen,0-0,https://www.besoccer.com/match/homburg/meppen/19914082,1991,32,2_liga,20,38,1,0,0,9,44,11,11,9,33,35,4.2,10,4,1,26,11,16,34,8,10,13,30,38,3.4,1,4,11,9,28,6.2,1.2000000000000002,59.0,54.0
Schweinfurt,Mainz 05,0-0,https://www.besoccer.com/match/schweinfurt/mainz-amat/19914083,1991,32,2_liga,20,38,1,0,0,20,9,1,6,24,20,81,0.4,1,5,9,12,33,8,45,12,9,10,37,44,4.4,3,4,8,11,25,2.0,3.0,39.0,44.0
Havelse,Fortuna Köln,0-2,https://www.besoccer.com/match/havelse/fortuna-koln/19914084,1991,32,2_liga,20,38,2,0,2,19,23,6,5,20,38,64,1.2000000000000002,6,3,6,22,23,11,39,8,15,8,43,43,3.4,4,6,5,17,20,3.2,3.0,53.0,55.0
Waldhof Mannheim,Hannover 96,1-1,https://www.besoccer.com/match/waldhof-mannheim/hannover-96/19914085,1991,32,2_liga,20,38,1,1,1,4,52,14,10,7,53,36,4.800000000000001,12,2,1,38,13,10,43,11,10,10,45,43,8.2,3,6,6,17,22,7.800000000000001,4.6,65.0,60.0
Braunschweig,Darmstadt 98,1-0,https://www.besoccer.com/match/eintracht-brau-hellip/darmstadt-98/19914086,1991,32,2_liga,20,38,0,1,0,13,39,10,9,12,46,42,4.6,7,6,3,25,12,14,39,10,9,12,38,42,2.4000000000000004,3,3,9,17,26,5.6000000000000005,1.8000000000000003,59.0,54.0
Stuttgarter Kickers,Preußen Münster,0-2,https://www.besoccer.com/match/stuttgarter-kickers/preuben-munster/19914087,1991,32,2_liga,20,38,2,0,2,2,61,18,7,6,55,27,3.6000000000000005,12,3,0,33,6,18,33,7,12,12,29,47,2.8,0,6,10,9,36,7.4,1.4000000000000001,62.0,57.0
Schalke 04,VfB Oldenburg,4-1,https://www.besoccer.com/match/schalke-04/vfb-oldenburg/19914088,1991,32,2_liga,20,38,0,4,1,1,65,19,8,4,52,24,7.200000000000001,13,1,1,32,9,12,39,9,12,10,50,45,5.4,2,7,6,19,26,7.200000000000001,1.2000000000000002,64.0,45.0
Fortuna Köln,Schweinfurt,2-0,https://www.besoccer.com/match/fortuna-koln/schweinfurt/19914089,1991,33,2_liga,20,38,0,2,0,12,42,9,15,8,45,43,5.2,4,9,3,26,23,20,10,1,7,24,20,81,1.2,0,1,15,8,48,5.4,0.0,56.0,39.0
RW Essen,Havelse,3-0,https://www.besoccer.com/match/rot-weiss-essen/havelse/19914090,1991,33,2_liga,20,38,0,3,0,18,35,9,8,15,40,47,4.4,8,4,4,26,17,19,23,6,5,21,38,66,0.6000000000000001,0,2,14,16,41,5.0,0.0,54.0,53.0
Saarbrücken,Braunschweig,4-1,https://www.besoccer.com/match/saarbrucken/eintracht-brau-hellip/19914091,1991,33,2_liga,20,38,0,4,1,5,49,12,13,7,37,25,4.2,8,7,1,25,10,11,42,11,9,12,47,42,6.2,3,3,9,21,30,5.2,2.8000000000000003,59.0,59.0
Mainz 05,MSV Duisburg,1-1,https://www.besoccer.com/match/mainz-amat/msv-duisburg/19914092,1991,33,2_liga,20,38,1,1,1,8,46,12,10,10,37,44,4.0,9,5,2,26,19,3,60,17,9,6,61,32,5.4,4,6,6,21,21,6.2,0.2,44.0,58.0
SC Freiburg,Waldhof Mannheim,0-2,https://www.besoccer.com/match/sc-freiburg/waldhof-mannheim/19914093,1991,33,2_liga,20,38,2,0,2,6,48,13,9,10,47,38,4.4,8,5,3,23,12,4,53,14,11,7,54,37,3.8,2,8,6,15,23,4.2,2.5999999999999996,55.0,65.0
VfB Oldenburg,Stuttgarter Kickers,1-1,https://www.besoccer.com/match/vfb-oldenburg/stuttgarter-kickers/19914094,1991,33,2_liga,20,38,1,1,1,13,39,9,12,11,51,49,3.6000000000000005,7,5,4,31,19,2,61,18,7,7,55,29,2.1999999999999997,6,4,6,22,21,7.800000000000001,3.2,45.0,62.0
Darmstadt 98,VfL Osnabrück,1-1,https://www.besoccer.com/match/darmstadt-98/vfl-osnabruck/19914095,1991,33,2_liga,20,38,1,1,1,14,39,10,9,13,38,43,1.4000000000000001,7,6,3,21,16,15,36,9,9,14,40,49,3.8,4,4,8,20,23,4.800000000000001,4.6000000000000005,54.0,53.0
Hannover 96,Schalke 04,1-1,https://www.besoccer.com/match/hannover-96/schalke-04/19914096,1991,33,2_liga,20,38,1,1,1,10,44,11,11,10,46,44,6.6000000000000005,8,4,4,28,21,1,68,20,8,4,56,25,8.2,6,7,3,20,15,8.2,6.2,60.0,64.0
Preußen Münster,FC 08 Homburg,0-0,https://www.besoccer.com/match/preuben-munster/homburg/19914097,1991,33,2_liga,20,38,1,0,0,16,36,8,12,12,31,47,4.4,7,6,2,20,11,9,45,11,12,9,33,35,3.8000000000000003,1,7,8,7,24,5.2,0.8,57.0,59.0
Meppen,Blau-Weiß 1890 Berlin,0-0,https://www.besoccer.com/match/meppen/blau-weiss-1890-berlin/19914098,1991,33,2_liga,20,38,1,0,0,17,35,8,11,13,30,38,3.0,7,6,2,21,10,7,47,10,17,5,45,37,3.0,3,7,5,18,22,5.800000000000001,2.8000000000000003,54.0,56.0
VfL Osnabrück,Saarbrücken,0-2,https://www.besoccer.com/match/vfl-osnabruck/saarbrucken/19914099,1991,34,2_liga,20,38,2,0,2,16,37,9,10,14,41,50,3.4000000000000004,5,5,6,20,26,5,52,13,13,7,41,26,5.8,4,6,6,12,15,3.6000000000000005,2.6,53.0,59.0
MSV Duisburg,Fortuna Köln,3-0,https://www.besoccer.com/match/msv-duisburg/fortuna-koln/19914100,1991,34,2_liga,20,38,0,3,0,3,61,17,10,6,62,33,4.6000000000000005,13,3,0,40,11,10,45,10,15,8,47,43,6.6000000000000005,5,6,5,19,20,8.2,5.0,58.0,56.0
Braunschweig,Blau-Weiß 1890 Berlin,2-2,https://www.besoccer.com/match/eintracht-brau-hellip/blau-weiss-1890-berlin/19914101,1991,34,2_liga,20,38,1,2,2,12,42,11,9,13,48,46,4.200000000000001,8,6,3,26,12,7,48,10,18,5,45,37,2.8,3,8,5,18,22,7.0,2.8,59.0,56.0
Schalke 04,SC Freiburg,3-1,https://www.besoccer.com/match/schalke-04/sc-freiburg/19914102,1991,34,2_liga,20,38,0,3,1,1,69,20,9,4,57,26,6.6000000000000005,14,1,1,36,10,6,48,13,9,11,47,40,3.0,5,4,7,24,26,7.800000000000001,4.200000000000001,64.0,54.0
Waldhof Mannheim,Mainz 05,1-2,https://www.besoccer.com/match/waldhof-mannheim/mainz-amat/19914103,1991,34,2_liga,20,38,2,1,2,4,56,15,11,7,56,37,5.2,12,3,1,39,14,8,47,12,11,10,38,45,4.0,3,5,8,11,25,6.2,3.0,65.0,44.0
Stuttgarter Kickers,Hannover 96,1-0,https://www.besoccer.com/match/stuttgarter-kickers/hannover-96/19914104,1991,34,2_liga,20,38,0,1,0,2,62,18,8,7,56,30,2.4000000000000004,12,3,1,33,8,11,45,11,12,10,47,45,5.4,3,7,6,18,23,4.800000000000001,4.4,62.0,60.0
Schweinfurt,RW Essen,0-2,https://www.besoccer.com/match/schweinfurt/rot-weiss-essen/19914105,1991,34,2_liga,20,38,2,0,2,20,10,1,7,25,20,83,0.8,1,6,9,12,33,15,38,10,8,15,43,47,6.2,1,4,11,14,30,2.2,1.8,38.0,54.0
Preußen Münster,Meppen,0-1,https://www.besoccer.com/match/preuben-munster/meppen/19914106,1991,34,2_liga,20,38,2,0,1,17,37,8,13,12,31,47,4.0,7,7,2,20,11,18,36,8,12,13,30,38,3.0,1,5,11,9,28,4.2,1.4,57.0,54.0
Havelse,Darmstadt 98,3-3,https://www.besoccer.com/match/havelse/darmstadt-98/19914107,1991,34,2_liga,20,38,1,3,3,19,23,6,5,22,38,69,0.0,6,3,7,22,25,14,40,10,10,13,39,44,1.6,3,3,10,17,27,2.1999999999999997,1.0,53.0,54.0
FC 08 Homburg,VfB Oldenburg,1-0,https://www.besoccer.com/match/homburg/vfb-oldenburg/19914108,1991,34,2_liga,20,38,0,1,0,9,46,11,13,9,33,35,3.8,10,5,1,26,11,13,40,9,13,11,52,50,3.4,2,7,7,20,30,5.200000000000001,0.4,59.0,45.0
Blau-Weiß 1890 Berlin,VfL Osnabrück,0-0,https://www.besoccer.com/match/blau-weiss-1890-berlin/vfl-osnabruck/19914109,1991,35,2_liga,20,38,1,0,0,7,49,10,19,5,47,39,3.0,7,10,0,27,15,17,37,9,10,15,41,52,2.0,4,5,8,21,24,4.2,4.2,56.0,53.0
Fortuna Köln,Waldhof Mannheim,1-0,https://www.besoccer.com/match/fortuna-koln/waldhof-mannheim/19914110,1991,35,2_liga,20,38,0,1,0,11,45,10,15,9,47,46,4.6,5,9,3,28,23,4,56,15,11,8,57,39,3.6000000000000005,3,8,6,17,23,6.6,4.800000000000001,56.0,65.0
Mainz 05,Schalke 04,1-1,https://www.besoccer.com/match/mainz-amat/schalke-04/19914111,1991,35,2_liga,20,38,1,1,1,6,50,13,11,10,40,46,5.8,9,6,2,27,20,1,72,21,9,4,60,27,7.4,6,8,3,21,16,5.200000000000001,5.0,44.0,64.0
Meppen,Braunschweig,1-0,https://www.besoccer.com/match/meppen/eintracht-brau-hellip/19914112,1991,35,2_liga,20,38,0,1,0,16,39,9,12,13,31,38,4.8,7,7,2,21,10,12,43,11,10,13,50,48,3.4,3,3,10,22,34,5.0,1.9999999999999998,54.0,59.0
Darmstadt 98,Schweinfurt,3-3,https://www.besoccer.com/match/darmstadt-98/schweinfurt/19914113,1991,35,2_liga,20,38,1,3,3,13,41,10,11,13,42,47,2.2,7,7,3,22,17,20,10,1,7,26,20,85,0.6,0,1,16,8,50,4.2,0.0,54.0,38.0
Saarbrücken,Havelse,0-0,https://www.besoccer.com/match/saarbrucken/havelse/19914114,1991,35,2_liga,20,38,1,0,0,5,55,14,13,7,43,26,7.0,9,7,1,29,11,19,24,6,6,22,41,72,1.0,0,2,15,16,44,6.6000000000000005,0.0,59.0,53.0
Hannover 96,FC 08 Homburg,0-2,https://www.besoccer.com/match/hannover-96/homburg/19914115,1991,35,2_liga,20,38,2,0,2,10,45,11,12,11,47,46,3.2,8,5,4,29,22,8,49,12,13,9,34,35,5.6000000000000005,1,8,8,7,24,6.6000000000000005,1.4,60.0,59.0
RW Essen,MSV Duisburg,1-1,https://www.besoccer.com/match/rot-weiss-essen/msv-duisburg/19914116,1991,35,2_liga,20,38,1,1,1,14,41,11,8,15,45,47,7.4,9,4,4,29,17,3,64,18,10,6,65,33,6.2,4,7,6,22,22,6.6000000000000005,1.0,54.0,58.0
VfB Oldenburg,Preußen Münster,4-0,https://www.besoccer.com/match/vfb-oldenburg/preuben-munster/19914117,1991,35,2_liga,20,38,0,4,0,15,40,9,13,12,52,51,2.0,7,6,4,32,20,18,37,8,13,13,31,48,2.5999999999999996,1,6,10,11,36,6.4,3.8,45.0,57.0
SC Freiburg,Stuttgarter Kickers,1-0,https://www.besoccer.com/match/sc-freiburg/stuttgarter-kickers/19914118,1991,35,2_liga,20,38,0,1,0,9,48,13,9,12,48,43,1.8000000000000003,8,5,4,23,14,2,65,19,8,7,57,30,4.4,6,5,6,23,22,2.8000000000000003,2.8000000000000003,54.0,62.0
FC 08 Homburg,SC Freiburg,1-0,https://www.besoccer.com/match/homburg/sc-freiburg/19914119,1991,36,2_liga,20,38,0,1,0,6,52,13,13,9,36,35,7.0,11,5,1,27,11,8,51,14,9,12,49,43,3.6,5,4,8,25,29,6.6,2.8,60.0,54.0
Schweinfurt,Saarbrücken,2-1,https://www.besoccer.com/match/schweinfurt/saarbrucken/19914120,1991,36,2_liga,20,38,0,2,1,20,11,1,8,26,23,88,1.4,1,6,10,12,35,5,56,14,14,7,43,26,5.800000000000001,5,6,6,14,15,1.2000000000000002,4.8,38.0,59.0
MSV Duisburg,Darmstadt 98,2-0,https://www.besoccer.com/match/msv-duisburg/darmstadt-98/19914121,1991,36,2_liga,20,38,0,2,0,3,65,18,11,6,66,34,5.200000000000001,14,3,0,43,11,14,42,10,12,13,45,50,2.6,3,4,10,20,30,8.600000000000001,1.2,58.0,54.0
Stuttgarter Kickers,Mainz 05,1-1,https://www.besoccer.com/match/stuttgarter-kickers/mainz-amat/19914122,1991,36,2_liga,20,38,1,1,1,2,65,19,8,8,57,31,3.0000000000000004,13,3,1,34,8,7,51,13,12,10,41,47,5.0,4,5,8,13,26,5.8,5.0,61.0,44.0
VfL Osnabrück,Braunschweig,2-0,https://www.besoccer.com/match/vfl-osnabruck/eintracht-brau-hellip/19914123,1991,36,2_liga,20,38,0,2,0,17,38,9,11,15,41,52,2.2,5,5,7,20,28,12,43,11,10,14,50,49,2.0,3,3,11,22,35,2.4000000000000004,1.2000000000000002,53.0,58.0
Schalke 04,Fortuna Köln,2-1,https://www.besoccer.com/match/schalke-04/fortuna-koln/19914124,1991,36,2_liga,20,38,0,2,1,1,73,21,10,4,61,28,5.800000000000001,15,1,1,39,11,10,48,11,15,9,48,46,6.2,5,6,6,19,23,8.4,3.4000000000000004,64.0,56.0
Waldhof Mannheim,RW Essen,1-3,https://www.besoccer.com/match/waldhof-mannheim/rot-weiss-essen/19914125,1991,36,2_liga,20,38,2,1,3,4,56,15,11,9,57,40,2.1999999999999997,12,3,2,40,16,15,42,11,9,15,46,48,6.2,2,4,11,16,30,4.0,4.4,65.0,55.0
Havelse,Blau-Weiß 1890 Berlin,1-2,https://www.besoccer.com/match/havelse/blau-weiss-1890-berlin/19914126,1991,36,2_liga,20,38,2,1,2,19,25,6,7,22,41,72,1.8,6,4,7,25,28,9,50,10,20,5,47,39,3.0,3,9,5,20,24,2.4000000000000004,2.6,53.0,56.0
Preußen Münster,Hannover 96,0-1,https://www.besoccer.com/match/preuben-munster/hannover-96/19914127,1991,36,2_liga,20,38,2,0,1,18,37,8,13,14,31,52,1.8000000000000003,7,7,3,20,12,11,45,11,12,12,47,48,1.6,3,7,7,18,24,2.6000000000000005,3.2,57.0,60.0
Meppen,VfB Oldenburg,0-0,https://www.besoccer.com/match/meppen/vfb-oldenburg/19914128,1991,36,2_liga,20,38,1,0,0,16,42,10,12,13,32,38,6.6000000000000005,8,7,2,22,10,13,43,10,13,12,56,51,4.2,2,7,8,20,31,6.2,0.2,54.0,46.0
Fortuna Köln,Stuttgarter Kickers,0-2,https://www.besoccer.com/match/fortuna-koln/stuttgarter-kickers/19914129,1991,37,2_liga,20,38,2,0,2,11,48,11,15,10,49,48,4.200000000000001,6,9,3,29,23,3,66,19,9,8,58,32,3.1999999999999997,6,5,7,23,23,7.4,1.4000000000000001,56.0,61.0
Blau-Weiß 1890 Berlin,Schweinfurt,6-1,https://www.besoccer.com/match/blau-weiss-1890-berlin/schweinfurt/19914130,1991,37,2_liga,20,38,0,6,1,7,53,11,20,5,49,40,5.0,7,11,0,27,15,20,14,2,8,26,25,89,4.0,0,2,16,11,53,3.8,1.0,56.0,39.0
Saarbrücken,MSV Duisburg,0-1,https://www.besoccer.com/match/saarbrucken/msv-duisburg/19914131,1991,37,2_liga,20,38,2,0,1,5,56,14,14,8,44,28,4.0,9,8,1,29,11,2,68,19,11,6,68,34,6.6,4,8,6,23,23,5.6,1.8,59.0,59.0
Braunschweig,Havelse,3-1,https://www.besoccer.com/match/eintracht-brau-hellip/havelse/19914132,1991,37,2_liga,20,38,0,3,1,14,43,11,10,15,50,51,1.2000000000000002,8,7,3,28,14,19,25,6,7,23,42,74,1.4,0,3,15,16,44,5.800000000000001,1.0,58.0,52.0
RW Essen,Schalke 04,0-0,https://www.besoccer.com/match/rot-weiss-essen/schalke-04/19914133,1991,37,2_liga,20,38,1,0,0,12,45,12,9,15,49,49,7.0,9,5,4,30,18,1,76,22,10,4,63,29,6.6,6,9,3,22,17,5.6,4.2,55.0,64.0
Mainz 05,FC 08 Homburg,0-2,https://www.besoccer.com/match/mainz-amat/homburg/19914134,1991,37,2_liga,20,38,2,0,2,8,52,13,13,10,42,48,4.2,9,7,2,28,21,6,55,14,13,9,37,35,7.800000000000001,2,8,8,9,24,4.2,4.0,44.0,60.0
SC Freiburg,Preußen Münster,3-2,https://www.besoccer.com/match/sc-freiburg/preuben-munster/19914135,1991,37,2_liga,20,38,0,3,2,9,51,14,9,13,49,44,2.4000000000000004,9,5,4,24,14,18,37,8,13,15,31,53,1.0,1,6,11,11,40,5.0,2.8000000000000003,54.0,57.0
Hannover 96,VfB Oldenburg,0-0,https://www.besoccer.com/match/hannover-96/vfb-oldenburg/19914136,1991,37,2_liga,20,38,1,0,0,10,48,12,12,12,48,48,3.6,8,5,5,29,24,13,44,10,14,12,56,51,3.8000000000000003,2,8,8,20,31,4.4,1.0,60.0,46.0
VfL Osnabrück,Meppen,3-2,https://www.besoccer.com/match/vfl-osnabruck/meppen/19914137,1991,37,2_liga,20,38,0,3,2,17,41,10,11,15,43,52,4.4,6,5,7,22,28,15,43,10,13,13,32,38,5.800000000000001,2,5,11,10,28,4.2,4.0,53.0,54.0
Darmstadt 98,Waldhof Mannheim,1-1,https://www.besoccer.com/match/darmstadt-98/waldhof-mannheim/19914138,1991,37,2_liga,20,38,1,1,1,16,42,10,12,14,45,52,1.8,7,8,3,25,20,4,56,15,11,10,58,43,1.4000000000000001,3,8,7,17,24,3.6000000000000005,3.4000000000000004,54.0,65.0
Stuttgarter Kickers,RW Essen,3-0,https://www.besoccer.com/match/stuttgarter-kickers/rot-weiss-essen/19914139,1991,38,2_liga,20,38,0,3,0,3,69,20,9,8,60,32,5.2,13,4,1,35,9,12,46,12,10,15,49,49,5.800000000000001,3,4,11,19,31,4.800000000000001,6.4,62.0,55.0
VfB Oldenburg,SC Freiburg,2-2,https://www.besoccer.com/match/vfb-oldenburg/sc-freiburg/19914140,1991,38,2_liga,20,38,1,2,2,14,45,10,15,12,56,51,3.8,8,6,4,36,20,8,54,15,9,13,52,46,4.8,5,4,9,25,30,7.4,1.4000000000000001,46.0,54.0
Schweinfurt,Braunschweig,0-0,https://www.besoccer.com/match/schweinfurt/eintracht-brau-hellip/19914141,1991,38,2_liga,20,38,1,0,0,20,14,2,8,27,26,95,3.0000000000000004,2,6,10,14,36,13,46,12,10,15,53,52,3.4,3,3,12,22,37,3.8,0.6000000000000001,38.0,58.0
Preußen Münster,Mainz 05,2-3,https://www.besoccer.com/match/preuben-munster/mainz-amat/19914142,1991,38,2_liga,20,38,2,2,3,18,37,8,13,16,33,56,0.2,7,7,4,20,13,9,52,13,13,11,42,50,2.8,4,6,8,14,27,1.2000000000000002,4.4,56.0,44.0
FC 08 Homburg,Fortuna Köln,3-2,https://www.besoccer.com/match/homburg/fortuna-koln/19914143,1991,38,2_liga,20,38,0,3,2,4,58,15,13,9,39,35,8.600000000000001,12,5,1,28,11,11,48,11,15,11,49,50,2.4,5,6,7,20,25,7.4,1.9999999999999998,60.0,55.0
Waldhof Mannheim,Saarbrücken,1-3,https://www.besoccer.com/match/waldhof-mannheim/saarbrucken/19914144,1991,38,2_liga,20,38,2,1,3,5,57,15,12,10,59,44,1.6,12,3,3,41,19,6,56,14,14,9,44,29,2.4000000000000004,5,6,7,15,17,2.4000000000000004,3.6000000000000005,65.0,59.0
MSV Duisburg,Blau-Weiß 1890 Berlin,1-0,https://www.besoccer.com/match/msv-duisburg/blau-weiss-1890-berlin/19914145,1991,38,2_liga,20,38,0,1,0,2,71,20,11,6,69,34,7.4,15,3,0,45,11,7,56,12,20,5,55,41,6.6000000000000005,4,9,5,22,25,9.0,4.8,59.0,56.0
Meppen,Hannover 96,1-1,https://www.besoccer.com/match/meppen/hannover-96/19914146,1991,38,2_liga,20,38,1,1,1,16,43,10,13,14,34,41,4.0,8,8,2,22,10,10,49,12,13,12,48,48,3.6000000000000005,4,7,7,19,24,5.0,5.0,54.0,60.0
Havelse,VfL Osnabrück,1-5,https://www.besoccer.com/match/havelse/vfl-osnabruck/19914147,1991,38,2_liga,20,38,2,1,5,19,25,6,7,24,43,77,1.0,6,4,8,26,30,15,44,11,11,15,46,54,6.2,4,6,8,21,24,1.4000000000000001,3.6000000000000005,52.0,53.0
Schalke 04,Darmstadt 98,1-0,https://www.besoccer.com/match/schalke-04/darmstadt-98/19914148,1991,38,2_liga,20,38,0,1,0,1,77,22,11,4,63,29,5.4,16,1,1,41,12,17,43,10,13,14,46,53,2.2,3,4,11,20,32,9.0,0.8,64.0,54.0
